2026-03-18 23:16:20.587 +05:30 [INF] Executed DbCommand (279ms) [Parameters=[], CommandType='"Text"', CommandTimeout='60']
CREATE DATABASE [PrisonerPortalDB];
2026-03-18 23:16:20.788 +05:30 [INF] Executed DbCommand (128ms) [Parameters=[], CommandType='"Text"', CommandTimeout='60']
IF SERVERPROPERTY('EngineEdition') <> 5
BEGIN
    ALTER DATABASE [PrisonerPortalDB] SET READ_COMMITTED_SNAPSHOT ON;
END;
2026-03-18 23:16:20.832 +05:30 [INF] Executed DbCommand (16ms) [Parameters=[], CommandType='"Text"', CommandTimeout='30']
SELECT 1
2026-03-18 23:16:20.838 +05:30 [INF] Acquiring an exclusive lock for migration application. See https://aka.ms/efcore-docs-migrations-lock for more information if this takes too long.
2026-03-18 23:16:20.899 +05:30 [INF] Executed DbCommand (54ms) [Parameters=[], CommandType='"Text"', CommandTimeout='30']
DECLARE @result int;
EXEC @result = sp_getapplock @Resource = '__EFMigrationsLock', @LockOwner = 'Session', @LockMode = 'Exclusive';
SELECT @result
2026-03-18 23:16:21.067 +05:30 [INF] Executed DbCommand (18ms) [Parameters=[], CommandType='"Text"', CommandTimeout='30']
IF OBJECT_ID(N'[__EFMigrationsHistory]') IS NULL
BEGIN
    CREATE TABLE [__EFMigrationsHistory] (
        [MigrationId] nvarchar(150) NOT NULL,
        [ProductVersion] nvarchar(32) NOT NULL,
        CONSTRAINT [PK___EFMigrationsHistory] PRIMARY KEY ([MigrationId])
    );
END;
2026-03-18 23:16:21.099 +05:30 [INF] Executed DbCommand (1ms) [Parameters=[], CommandType='"Text"', CommandTimeout='30']
SELECT 1
2026-03-18 23:16:21.102 +05:30 [INF] Executed DbCommand (1ms) [Parameters=[], CommandType='"Text"', CommandTimeout='30']
SELECT OBJECT_ID(N'[__EFMigrationsHistory]');
2026-03-18 23:16:21.126 +05:30 [INF] Executed DbCommand (20ms) [Parameters=[], CommandType='"Text"', CommandTimeout='30']
SELECT [MigrationId], [ProductVersion]
FROM [__EFMigrationsHistory]
ORDER BY [MigrationId];
2026-03-18 23:16:21.147 +05:30 [INF] Applying migration '20260318174539_InitialCreate'.
2026-03-18 23:16:21.320 +05:30 [INF] Executed DbCommand (3ms) [Parameters=[], CommandType='"Text"', CommandTimeout='30']
CREATE TABLE [AspNetRoles] (
    [Id] nvarchar(450) NOT NULL,
    [Name] nvarchar(256) NULL,
    [NormalizedName] nvarchar(256) NULL,
    [ConcurrencyStamp] nvarchar(max) NULL,
    CONSTRAINT [PK_AspNetRoles] PRIMARY KEY ([Id])
);
2026-03-18 23:16:21.326 +05:30 [INF] Executed DbCommand (6ms) [Parameters=[], CommandType='"Text"', CommandTimeout='30']
CREATE TABLE [AspNetUsers] (
    [Id] nvarchar(450) NOT NULL,
    [FullName] nvarchar(150) NOT NULL,
    [Address] nvarchar(500) NULL,
    [CreatedAt] datetime2 NOT NULL,
    [IsActive] bit NOT NULL DEFAULT CAST(1 AS bit),
    [Role] nvarchar(max) NOT NULL,
    [UserName] nvarchar(256) NULL,
    [NormalizedUserName] nvarchar(256) NULL,
    [Email] nvarchar(256) NULL,
    [NormalizedEmail] nvarchar(256) NULL,
    [EmailConfirmed] bit NOT NULL,
    [PasswordHash] nvarchar(max) NULL,
    [SecurityStamp] nvarchar(max) NULL,
    [ConcurrencyStamp] nvarchar(max) NULL,
    [PhoneNumber] nvarchar(max) NULL,
    [PhoneNumberConfirmed] bit NOT NULL,
    [TwoFactorEnabled] bit NOT NULL,
    [LockoutEnd] datetimeoffset NULL,
    [LockoutEnabled] bit NOT NULL,
    [AccessFailedCount] int NOT NULL,
    CONSTRAINT [PK_AspNetUsers] PRIMARY KEY ([Id])
);
2026-03-18 23:16:21.332 +05:30 [INF] Executed DbCommand (5ms) [Parameters=[], CommandType='"Text"', CommandTimeout='30']
CREATE TABLE [Prisoners] (
    [PrisonerId] int NOT NULL IDENTITY,
    [PrisonerCode] nvarchar(20) NOT NULL,
    [FullName] nvarchar(150) NOT NULL,
    [DateOfBirth] datetime2 NOT NULL,
    [Gender] nvarchar(max) NOT NULL,
    [CaseNumber] nvarchar(450) NOT NULL,
    [CrimeCategory] nvarchar(max) NOT NULL,
    [SentenceStartDate] datetime2 NOT NULL,
    [SentenceEndDate] datetime2 NOT NULL,
    [CellBlock] nvarchar(max) NOT NULL,
    [CellNumber] nvarchar(max) NOT NULL,
    [Status] nvarchar(max) NOT NULL DEFAULT N'Active',
    [CreatedAt] datetime2 NOT NULL,
    [UpdatedAt] datetime2 NOT NULL,
    CONSTRAINT [PK_Prisoners] PRIMARY KEY ([PrisonerId])
);
2026-03-18 23:16:21.352 +05:30 [INF] Executed DbCommand (20ms) [Parameters=[], CommandType='"Text"', CommandTimeout='30']
CREATE TABLE [AspNetRoleClaims] (
    [Id] int NOT NULL IDENTITY,
    [RoleId] nvarchar(450) NOT NULL,
    [ClaimType] nvarchar(max) NULL,
    [ClaimValue] nvarchar(max) NULL,
    CONSTRAINT [PK_AspNetRoleClaims] PRIMARY KEY ([Id]),
    CONSTRAINT [FK_AspNetRoleClaims_AspNetRoles_RoleId] FOREIGN KEY ([RoleId]) REFERENCES [AspNetRoles] ([Id]) ON DELETE CASCADE
);
2026-03-18 23:16:21.357 +05:30 [INF] Executed DbCommand (4ms) [Parameters=[], CommandType='"Text"', CommandTimeout='30']
CREATE TABLE [AspNetUserClaims] (
    [Id] int NOT NULL IDENTITY,
    [UserId] nvarchar(450) NOT NULL,
    [ClaimType] nvarchar(max) NULL,
    [ClaimValue] nvarchar(max) NULL,
    CONSTRAINT [PK_AspNetUserClaims] PRIMARY KEY ([Id]),
    CONSTRAINT [FK_AspNetUserClaims_AspNetUsers_UserId] FOREIGN KEY ([UserId]) REFERENCES [AspNetUsers] ([Id]) ON DELETE CASCADE
);
2026-03-18 23:16:21.363 +05:30 [INF] Executed DbCommand (6ms) [Parameters=[], CommandType='"Text"', CommandTimeout='30']
CREATE TABLE [AspNetUserLogins] (
    [LoginProvider] nvarchar(450) NOT NULL,
    [ProviderKey] nvarchar(450) NOT NULL,
    [ProviderDisplayName] nvarchar(max) NULL,
    [UserId] nvarchar(450) NOT NULL,
    CONSTRAINT [PK_AspNetUserLogins] PRIMARY KEY ([LoginProvider], [ProviderKey]),
    CONSTRAINT [FK_AspNetUserLogins_AspNetUsers_UserId] FOREIGN KEY ([UserId]) REFERENCES [AspNetUsers] ([Id]) ON DELETE CASCADE
);
2026-03-18 23:16:21.369 +05:30 [INF] Executed DbCommand (6ms) [Parameters=[], CommandType='"Text"', CommandTimeout='30']
CREATE TABLE [AspNetUserRoles] (
    [UserId] nvarchar(450) NOT NULL,
    [RoleId] nvarchar(450) NOT NULL,
    CONSTRAINT [PK_AspNetUserRoles] PRIMARY KEY ([UserId], [RoleId]),
    CONSTRAINT [FK_AspNetUserRoles_AspNetRoles_RoleId] FOREIGN KEY ([RoleId]) REFERENCES [AspNetRoles] ([Id]) ON DELETE CASCADE,
    CONSTRAINT [FK_AspNetUserRoles_AspNetUsers_UserId] FOREIGN KEY ([UserId]) REFERENCES [AspNetUsers] ([Id]) ON DELETE CASCADE
);
2026-03-18 23:16:21.374 +05:30 [INF] Executed DbCommand (4ms) [Parameters=[], CommandType='"Text"', CommandTimeout='30']
CREATE TABLE [AspNetUserTokens] (
    [UserId] nvarchar(450) NOT NULL,
    [LoginProvider] nvarchar(450) NOT NULL,
    [Name] nvarchar(450) NOT NULL,
    [Value] nvarchar(max) NULL,
    CONSTRAINT [PK_AspNetUserTokens] PRIMARY KEY ([UserId], [LoginProvider], [Name]),
    CONSTRAINT [FK_AspNetUserTokens_AspNetUsers_UserId] FOREIGN KEY ([UserId]) REFERENCES [AspNetUsers] ([Id]) ON DELETE CASCADE
);
2026-03-18 23:16:21.378 +05:30 [INF] Executed DbCommand (4ms) [Parameters=[], CommandType='"Text"', CommandTimeout='30']
CREATE TABLE [AuditLogs] (
    [LogId] int NOT NULL IDENTITY,
    [UserId] nvarchar(450) NULL,
    [Action] nvarchar(max) NOT NULL,
    [EntityType] nvarchar(max) NOT NULL,
    [EntityId] nvarchar(max) NOT NULL,
    [OldValues] nvarchar(max) NULL,
    [NewValues] nvarchar(max) NULL,
    [IPAddress] nvarchar(max) NULL,
    [Timestamp] datetime2 NOT NULL,
    CONSTRAINT [PK_AuditLogs] PRIMARY KEY ([LogId]),
    CONSTRAINT [FK_AuditLogs_AspNetUsers_UserId] FOREIGN KEY ([UserId]) REFERENCES [AspNetUsers] ([Id])
);
2026-03-18 23:16:21.384 +05:30 [INF] Executed DbCommand (5ms) [Parameters=[], CommandType='"Text"', CommandTimeout='30']
CREATE TABLE [Notifications] (
    [NotificationId] int NOT NULL IDENTITY,
    [UserId] nvarchar(450) NOT NULL,
    [Title] nvarchar(max) NOT NULL,
    [Message] nvarchar(max) NOT NULL,
    [Type] nvarchar(max) NOT NULL,
    [IsRead] bit NOT NULL,
    [RelatedEntityId] int NULL,
    [RelatedEntityType] nvarchar(max) NULL,
    [CreatedAt] datetime2 NOT NULL,
    CONSTRAINT [PK_Notifications] PRIMARY KEY ([NotificationId]),
    CONSTRAINT [FK_Notifications_AspNetUsers_UserId] FOREIGN KEY ([UserId]) REFERENCES [AspNetUsers] ([Id]) ON DELETE NO ACTION
);
2026-03-18 23:16:21.391 +05:30 [INF] Executed DbCommand (6ms) [Parameters=[], CommandType='"Text"', CommandTimeout='30']
CREATE TABLE [VisitSlots] (
    [SlotId] int NOT NULL IDENTITY,
    [SlotDate] datetime2 NOT NULL,
    [StartTime] time NOT NULL,
    [EndTime] time NOT NULL,
    [MaxCapacity] int NOT NULL DEFAULT 10,
    [CurrentBookings] int NOT NULL DEFAULT 0,
    [IsActive] bit NOT NULL DEFAULT CAST(1 AS bit),
    [CreatedByAdminId] nvarchar(450) NOT NULL,
    [CreatedAt] datetime2 NOT NULL,
    CONSTRAINT [PK_VisitSlots] PRIMARY KEY ([SlotId]),
    CONSTRAINT [FK_VisitSlots_AspNetUsers_CreatedByAdminId] FOREIGN KEY ([CreatedByAdminId]) REFERENCES [AspNetUsers] ([Id]) ON DELETE CASCADE
);
2026-03-18 23:16:21.397 +05:30 [INF] Executed DbCommand (6ms) [Parameters=[], CommandType='"Text"', CommandTimeout='30']
CREATE TABLE [FamilyPrisonerLinks] (
    [LinkId] int NOT NULL IDENTITY,
    [UserId] nvarchar(450) NOT NULL,
    [PrisonerId] int NOT NULL,
    [Relationship] nvarchar(max) NOT NULL,
    [IsVerified] bit NOT NULL,
    [VerifiedByAdminId] nvarchar(450) NULL,
    [LinkedAt] datetime2 NOT NULL,
    CONSTRAINT [PK_FamilyPrisonerLinks] PRIMARY KEY ([LinkId]),
    CONSTRAINT [FK_FamilyPrisonerLinks_AspNetUsers_UserId] FOREIGN KEY ([UserId]) REFERENCES [AspNetUsers] ([Id]) ON DELETE NO ACTION,
    CONSTRAINT [FK_FamilyPrisonerLinks_AspNetUsers_VerifiedByAdminId] FOREIGN KEY ([VerifiedByAdminId]) REFERENCES [AspNetUsers] ([Id]),
    CONSTRAINT [FK_FamilyPrisonerLinks_Prisoners_PrisonerId] FOREIGN KEY ([PrisonerId]) REFERENCES [Prisoners] ([PrisonerId]) ON DELETE NO ACTION
);
2026-03-18 23:16:21.408 +05:30 [INF] Executed DbCommand (11ms) [Parameters=[], CommandType='"Text"', CommandTimeout='30']
CREATE TABLE [SupportRequests] (
    [RequestId] int NOT NULL IDENTITY,
    [RequestCode] nvarchar(450) NOT NULL,
    [UserId] nvarchar(450) NOT NULL,
    [PrisonerId] int NULL,
    [Category] nvarchar(max) NOT NULL,
    [Subject] nvarchar(max) NOT NULL,
    [Description] nvarchar(max) NOT NULL,
    [Priority] nvarchar(max) NOT NULL,
    [Status] nvarchar(max) NOT NULL,
    [AdminResponse] nvarchar(max) NULL,
    [AssignedAdminId] nvarchar(450) NULL,
    [CreatedAt] datetime2 NOT NULL,
    [UpdatedAt] datetime2 NOT NULL,
    [ResolvedAt] datetime2 NULL,
    CONSTRAINT [PK_SupportRequests] PRIMARY KEY ([RequestId]),
    CONSTRAINT [FK_SupportRequests_AspNetUsers_AssignedAdminId] FOREIGN KEY ([AssignedAdminId]) REFERENCES [AspNetUsers] ([Id]),
    CONSTRAINT [FK_SupportRequests_AspNetUsers_UserId] FOREIGN KEY ([UserId]) REFERENCES [AspNetUsers] ([Id]) ON DELETE NO ACTION,
    CONSTRAINT [FK_SupportRequests_Prisoners_PrisonerId] FOREIGN KEY ([PrisonerId]) REFERENCES [Prisoners] ([PrisonerId]) ON DELETE NO ACTION
);
2026-03-18 23:16:21.420 +05:30 [INF] Executed DbCommand (10ms) [Parameters=[], CommandType='"Text"', CommandTimeout='30']
CREATE TABLE [Appointments] (
    [AppointmentId] int NOT NULL IDENTITY,
    [AppointmentCode] nvarchar(450) NOT NULL,
    [UserId] nvarchar(450) NOT NULL,
    [PrisonerId] int NOT NULL,
    [SlotId] int NOT NULL,
    [Status] nvarchar(max) NOT NULL,
    [Purpose] nvarchar(max) NOT NULL,
    [NumVisitors] int NOT NULL,
    [VisitorNames] nvarchar(max) NOT NULL,
    [AdminNotes] nvarchar(max) NULL,
    [RejectionReason] nvarchar(max) NULL,
    [BookedAt] datetime2 NOT NULL,
    [UpdatedAt] datetime2 NOT NULL,
    CONSTRAINT [PK_Appointments] PRIMARY KEY ([AppointmentId]),
    CONSTRAINT [FK_Appointments_AspNetUsers_UserId] FOREIGN KEY ([UserId]) REFERENCES [AspNetUsers] ([Id]) ON DELETE NO ACTION,
    CONSTRAINT [FK_Appointments_Prisoners_PrisonerId] FOREIGN KEY ([PrisonerId]) REFERENCES [Prisoners] ([PrisonerId]) ON DELETE NO ACTION,
    CONSTRAINT [FK_Appointments_VisitSlots_SlotId] FOREIGN KEY ([SlotId]) REFERENCES [VisitSlots] ([SlotId]) ON DELETE NO ACTION
);
2026-03-18 23:16:21.425 +05:30 [INF] Executed DbCommand (4ms) [Parameters=[], CommandType='"Text"', CommandTimeout='30']
CREATE UNIQUE INDEX [IX_Appointments_AppointmentCode] ON [Appointments] ([AppointmentCode]);
2026-03-18 23:16:21.428 +05:30 [INF] Executed DbCommand (3ms) [Parameters=[], CommandType='"Text"', CommandTimeout='30']
CREATE INDEX [IX_Appointments_PrisonerId] ON [Appointments] ([PrisonerId]);
2026-03-18 23:16:21.431 +05:30 [INF] Executed DbCommand (2ms) [Parameters=[], CommandType='"Text"', CommandTimeout='30']
CREATE INDEX [IX_Appointments_SlotId] ON [Appointments] ([SlotId]);
2026-03-18 23:16:21.434 +05:30 [INF] Executed DbCommand (2ms) [Parameters=[], CommandType='"Text"', CommandTimeout='30']
CREATE INDEX [IX_Appointments_UserId] ON [Appointments] ([UserId]);
2026-03-18 23:16:21.437 +05:30 [INF] Executed DbCommand (3ms) [Parameters=[], CommandType='"Text"', CommandTimeout='30']
CREATE INDEX [IX_AspNetRoleClaims_RoleId] ON [AspNetRoleClaims] ([RoleId]);
2026-03-18 23:16:21.441 +05:30 [INF] Executed DbCommand (3ms) [Parameters=[], CommandType='"Text"', CommandTimeout='30']
CREATE UNIQUE INDEX [RoleNameIndex] ON [AspNetRoles] ([NormalizedName]) WHERE [NormalizedName] IS NOT NULL;
2026-03-18 23:16:21.444 +05:30 [INF] Executed DbCommand (2ms) [Parameters=[], CommandType='"Text"', CommandTimeout='30']
CREATE INDEX [IX_AspNetUserClaims_UserId] ON [AspNetUserClaims] ([UserId]);
2026-03-18 23:16:21.447 +05:30 [INF] Executed DbCommand (2ms) [Parameters=[], CommandType='"Text"', CommandTimeout='30']
CREATE INDEX [IX_AspNetUserLogins_UserId] ON [AspNetUserLogins] ([UserId]);
2026-03-18 23:16:21.450 +05:30 [INF] Executed DbCommand (3ms) [Parameters=[], CommandType='"Text"', CommandTimeout='30']
CREATE INDEX [IX_AspNetUserRoles_RoleId] ON [AspNetUserRoles] ([RoleId]);
2026-03-18 23:16:21.453 +05:30 [INF] Executed DbCommand (2ms) [Parameters=[], CommandType='"Text"', CommandTimeout='30']
CREATE INDEX [EmailIndex] ON [AspNetUsers] ([NormalizedEmail]);
2026-03-18 23:16:21.456 +05:30 [INF] Executed DbCommand (2ms) [Parameters=[], CommandType='"Text"', CommandTimeout='30']
CREATE UNIQUE INDEX [UserNameIndex] ON [AspNetUsers] ([NormalizedUserName]) WHERE [NormalizedUserName] IS NOT NULL;
2026-03-18 23:16:21.459 +05:30 [INF] Executed DbCommand (2ms) [Parameters=[], CommandType='"Text"', CommandTimeout='30']
CREATE INDEX [IX_AuditLogs_UserId] ON [AuditLogs] ([UserId]);
2026-03-18 23:16:21.461 +05:30 [INF] Executed DbCommand (2ms) [Parameters=[], CommandType='"Text"', CommandTimeout='30']
CREATE INDEX [IX_FamilyPrisonerLinks_PrisonerId] ON [FamilyPrisonerLinks] ([PrisonerId]);
2026-03-18 23:16:21.465 +05:30 [INF] Executed DbCommand (3ms) [Parameters=[], CommandType='"Text"', CommandTimeout='30']
CREATE UNIQUE INDEX [IX_FamilyPrisonerLinks_UserId_PrisonerId] ON [FamilyPrisonerLinks] ([UserId], [PrisonerId]);
2026-03-18 23:16:21.468 +05:30 [INF] Executed DbCommand (2ms) [Parameters=[], CommandType='"Text"', CommandTimeout='30']
CREATE INDEX [IX_FamilyPrisonerLinks_VerifiedByAdminId] ON [FamilyPrisonerLinks] ([VerifiedByAdminId]);
2026-03-18 23:16:21.471 +05:30 [INF] Executed DbCommand (3ms) [Parameters=[], CommandType='"Text"', CommandTimeout='30']
CREATE INDEX [IX_Notifications_UserId] ON [Notifications] ([UserId]);
2026-03-18 23:16:21.473 +05:30 [INF] Executed DbCommand (2ms) [Parameters=[], CommandType='"Text"', CommandTimeout='30']
CREATE UNIQUE INDEX [IX_Prisoners_CaseNumber] ON [Prisoners] ([CaseNumber]);
2026-03-18 23:16:21.476 +05:30 [INF] Executed DbCommand (2ms) [Parameters=[], CommandType='"Text"', CommandTimeout='30']
CREATE UNIQUE INDEX [IX_Prisoners_PrisonerCode] ON [Prisoners] ([PrisonerCode]);
2026-03-18 23:16:21.479 +05:30 [INF] Executed DbCommand (3ms) [Parameters=[], CommandType='"Text"', CommandTimeout='30']
CREATE INDEX [IX_SupportRequests_AssignedAdminId] ON [SupportRequests] ([AssignedAdminId]);
2026-03-18 23:16:21.482 +05:30 [INF] Executed DbCommand (2ms) [Parameters=[], CommandType='"Text"', CommandTimeout='30']
CREATE INDEX [IX_SupportRequests_PrisonerId] ON [SupportRequests] ([PrisonerId]);
2026-03-18 23:16:21.485 +05:30 [INF] Executed DbCommand (3ms) [Parameters=[], CommandType='"Text"', CommandTimeout='30']
CREATE UNIQUE INDEX [IX_SupportRequests_RequestCode] ON [SupportRequests] ([RequestCode]);
2026-03-18 23:16:21.488 +05:30 [INF] Executed DbCommand (2ms) [Parameters=[], CommandType='"Text"', CommandTimeout='30']
CREATE INDEX [IX_SupportRequests_UserId] ON [SupportRequests] ([UserId]);
2026-03-18 23:16:21.492 +05:30 [INF] Executed DbCommand (4ms) [Parameters=[], CommandType='"Text"', CommandTimeout='30']
CREATE INDEX [IX_VisitSlots_CreatedByAdminId] ON [VisitSlots] ([CreatedByAdminId]);
2026-03-18 23:16:21.500 +05:30 [INF] Executed DbCommand (8ms) [Parameters=[], CommandType='"Text"', CommandTimeout='30']
INSERT INTO [__EFMigrationsHistory] ([MigrationId], [ProductVersion])
VALUES (N'20260318174539_InitialCreate', N'10.0.5');
2026-03-18 23:16:21.508 +05:30 [INF] Executed DbCommand (4ms) [Parameters=[], CommandType='"Text"', CommandTimeout='30']
DECLARE @result int;
EXEC @result = sp_releaseapplock @Resource = '__EFMigrationsLock', @LockOwner = 'Session';
SELECT @result
2026-03-18 23:17:05.662 +05:30 [INF] Executed DbCommand (41ms) [Parameters=[], CommandType='"Text"', CommandTimeout='30']
SELECT 1
2026-03-18 23:17:05.818 +05:30 [INF] Executed DbCommand (51ms) [Parameters=[], CommandType='"Text"', CommandTimeout='30']
SELECT OBJECT_ID(N'[__EFMigrationsHistory]');
2026-03-18 23:17:05.856 +05:30 [INF] Executed DbCommand (20ms) [Parameters=[], CommandType='"Text"', CommandTimeout='30']
SELECT [MigrationId], [ProductVersion]
FROM [__EFMigrationsHistory]
ORDER BY [MigrationId];
2026-03-18 23:17:05.948 +05:30 [INF] User profile is available. Using 'C:\Users\HP\AppData\Local\ASP.NET\DataProtection-Keys' as key repository and Windows DPAPI to encrypt keys at rest.
2026-03-18 23:17:06.823 +05:30 [INF] Executed DbCommand (115ms) [Parameters=[@normalizedName='?' (Size = 256)], CommandType='"Text"', CommandTimeout='30']
SELECT TOP(1) [a].[Id], [a].[ConcurrencyStamp], [a].[Name], [a].[NormalizedName]
FROM [AspNetRoles] AS [a]
WHERE [a].[NormalizedName] = @normalizedName
2026-03-18 23:17:06.873 +05:30 [INF] Executed DbCommand (2ms) [Parameters=[@normalizedName='?' (Size = 256)], CommandType='"Text"', CommandTimeout='30']
SELECT TOP(1) [a].[Id], [a].[ConcurrencyStamp], [a].[Name], [a].[NormalizedName]
FROM [AspNetRoles] AS [a]
WHERE [a].[NormalizedName] = @normalizedName
2026-03-18 23:17:07.237 +05:30 [INF] Executed DbCommand (27ms) [Parameters=[@p0='?' (Size = 450), @p1='?' (Size = 4000), @p2='?' (Size = 256), @p3='?' (Size = 256)], CommandType='"Text"', CommandTimeout='30']
SET IMPLICIT_TRANSACTIONS OFF;
SET NOCOUNT ON;
INSERT INTO [AspNetRoles] ([Id], [ConcurrencyStamp], [Name], [NormalizedName])
VALUES (@p0, @p1, @p2, @p3);
2026-03-18 23:17:07.288 +05:30 [INF] Executed DbCommand (25ms) [Parameters=[@normalizedName='?' (Size = 256)], CommandType='"Text"', CommandTimeout='30']
SELECT TOP(1) [a].[Id], [a].[ConcurrencyStamp], [a].[Name], [a].[NormalizedName]
FROM [AspNetRoles] AS [a]
WHERE [a].[NormalizedName] = @normalizedName
2026-03-18 23:17:07.291 +05:30 [INF] Executed DbCommand (1ms) [Parameters=[@normalizedName='?' (Size = 256)], CommandType='"Text"', CommandTimeout='30']
SELECT TOP(1) [a].[Id], [a].[ConcurrencyStamp], [a].[Name], [a].[NormalizedName]
FROM [AspNetRoles] AS [a]
WHERE [a].[NormalizedName] = @normalizedName
2026-03-18 23:17:07.305 +05:30 [INF] Executed DbCommand (4ms) [Parameters=[@p0='?' (Size = 450), @p1='?' (Size = 4000), @p2='?' (Size = 256), @p3='?' (Size = 256)], CommandType='"Text"', CommandTimeout='30']
SET IMPLICIT_TRANSACTIONS OFF;
SET NOCOUNT ON;
INSERT INTO [AspNetRoles] ([Id], [ConcurrencyStamp], [Name], [NormalizedName])
VALUES (@p0, @p1, @p2, @p3);
2026-03-18 23:17:07.407 +05:30 [INF] Executed DbCommand (9ms) [Parameters=[@normalizedEmail='?' (Size = 256)], CommandType='"Text"', CommandTimeout='30']
SELECT TOP(2) [a].[Id], [a].[AccessFailedCount], [a].[Address], [a].[ConcurrencyStamp], [a].[CreatedAt], [a].[Email], [a].[EmailConfirmed], [a].[FullName], [a].[IsActive], [a].[LockoutEnabled], [a].[LockoutEnd], [a].[NormalizedEmail], [a].[NormalizedUserName], [a].[PasswordHash], [a].[PhoneNumber], [a].[PhoneNumberConfirmed], [a].[Role], [a].[SecurityStamp], [a].[TwoFactorEnabled], [a].[UserName]
FROM [AspNetUsers] AS [a]
WHERE [a].[NormalizedEmail] = @normalizedEmail
2026-03-18 23:17:07.714 +05:30 [INF] Executed DbCommand (6ms) [Parameters=[@normalizedUserName='?' (Size = 256)], CommandType='"Text"', CommandTimeout='30']
SELECT TOP(1) [a].[Id], [a].[AccessFailedCount], [a].[Address], [a].[ConcurrencyStamp], [a].[CreatedAt], [a].[Email], [a].[EmailConfirmed], [a].[FullName], [a].[IsActive], [a].[LockoutEnabled], [a].[LockoutEnd], [a].[NormalizedEmail], [a].[NormalizedUserName], [a].[PasswordHash], [a].[PhoneNumber], [a].[PhoneNumberConfirmed], [a].[Role], [a].[SecurityStamp], [a].[TwoFactorEnabled], [a].[UserName]
FROM [AspNetUsers] AS [a]
WHERE [a].[NormalizedUserName] = @normalizedUserName
2026-03-18 23:17:07.726 +05:30 [INF] Executed DbCommand (1ms) [Parameters=[@normalizedEmail='?' (Size = 256)], CommandType='"Text"', CommandTimeout='30']
SELECT TOP(2) [a].[Id], [a].[AccessFailedCount], [a].[Address], [a].[ConcurrencyStamp], [a].[CreatedAt], [a].[Email], [a].[EmailConfirmed], [a].[FullName], [a].[IsActive], [a].[LockoutEnabled], [a].[LockoutEnd], [a].[NormalizedEmail], [a].[NormalizedUserName], [a].[PasswordHash], [a].[PhoneNumber], [a].[PhoneNumberConfirmed], [a].[Role], [a].[SecurityStamp], [a].[TwoFactorEnabled], [a].[UserName]
FROM [AspNetUsers] AS [a]
WHERE [a].[NormalizedEmail] = @normalizedEmail
2026-03-18 23:17:07.965 +05:30 [INF] Executed DbCommand (25ms) [Parameters=[@p0='?' (Size = 450), @p1='?' (DbType = Int32), @p2='?' (Size = 500), @p3='?' (Size = 4000), @p4='?' (DbType = DateTime2), @p5='?' (Size = 256), @p6='?' (DbType = Boolean), @p7='?' (Size = 150), @p8='?' (DbType = Boolean), @p9='?' (DbType = DateTimeOffset), @p10='?' (Size = 256), @p11='?' (Size = 256), @p12='?' (Size = 4000), @p13='?' (Size = 4000), @p14='?' (DbType = Boolean), @p15='?' (Size = 4000), @p16='?' (Size = 4000), @p17='?' (DbType = Boolean), @p18='?' (Size = 256)], CommandType='"Text"', CommandTimeout='30']
SET IMPLICIT_TRANSACTIONS OFF;
SET NOCOUNT ON;
INSERT INTO [AspNetUsers] ([Id], [AccessFailedCount], [Address], [ConcurrencyStamp], [CreatedAt], [Email], [EmailConfirmed], [FullName], [LockoutEnabled], [LockoutEnd], [NormalizedEmail], [NormalizedUserName], [PasswordHash], [PhoneNumber], [PhoneNumberConfirmed], [Role], [SecurityStamp], [TwoFactorEnabled], [UserName])
OUTPUT INSERTED.[IsActive]
VALUES (@p0, @p1, @p2, @p3, @p4, @p5, @p6, @p7, @p8, @p9, @p10, @p11, @p12, @p13, @p14, @p15, @p16, @p17, @p18);
2026-03-18 23:17:08.050 +05:30 [INF] Executed DbCommand (6ms) [Parameters=[@normalizedRoleName='?' (Size = 256)], CommandType='"Text"', CommandTimeout='30']
SELECT TOP(2) [a].[Id], [a].[ConcurrencyStamp], [a].[Name], [a].[NormalizedName]
FROM [AspNetRoles] AS [a]
WHERE [a].[NormalizedName] = @normalizedRoleName
2026-03-18 23:17:08.238 +05:30 [INF] Executed DbCommand (22ms) [Parameters=[@p='?' (Size = 450), @p1='?' (Size = 450)], CommandType='"Text"', CommandTimeout='30']
SELECT TOP(1) [a].[UserId], [a].[RoleId]
FROM [AspNetUserRoles] AS [a]
WHERE [a].[UserId] = @p AND [a].[RoleId] = @p1
2026-03-18 23:17:08.247 +05:30 [INF] Executed DbCommand (2ms) [Parameters=[@normalizedRoleName='?' (Size = 256)], CommandType='"Text"', CommandTimeout='30']
SELECT TOP(2) [a].[Id], [a].[ConcurrencyStamp], [a].[Name], [a].[NormalizedName]
FROM [AspNetRoles] AS [a]
WHERE [a].[NormalizedName] = @normalizedRoleName
2026-03-18 23:17:08.305 +05:30 [INF] Executed DbCommand (23ms) [Parameters=[@normalizedUserName='?' (Size = 256)], CommandType='"Text"', CommandTimeout='30']
SELECT TOP(1) [a].[Id], [a].[AccessFailedCount], [a].[Address], [a].[ConcurrencyStamp], [a].[CreatedAt], [a].[Email], [a].[EmailConfirmed], [a].[FullName], [a].[IsActive], [a].[LockoutEnabled], [a].[LockoutEnd], [a].[NormalizedEmail], [a].[NormalizedUserName], [a].[PasswordHash], [a].[PhoneNumber], [a].[PhoneNumberConfirmed], [a].[Role], [a].[SecurityStamp], [a].[TwoFactorEnabled], [a].[UserName]
FROM [AspNetUsers] AS [a]
WHERE [a].[NormalizedUserName] = @normalizedUserName
2026-03-18 23:17:08.331 +05:30 [INF] Executed DbCommand (10ms) [Parameters=[@normalizedEmail='?' (Size = 256)], CommandType='"Text"', CommandTimeout='30']
SELECT TOP(2) [a].[Id], [a].[AccessFailedCount], [a].[Address], [a].[ConcurrencyStamp], [a].[CreatedAt], [a].[Email], [a].[EmailConfirmed], [a].[FullName], [a].[IsActive], [a].[LockoutEnabled], [a].[LockoutEnd], [a].[NormalizedEmail], [a].[NormalizedUserName], [a].[PasswordHash], [a].[PhoneNumber], [a].[PhoneNumberConfirmed], [a].[Role], [a].[SecurityStamp], [a].[TwoFactorEnabled], [a].[UserName]
FROM [AspNetUsers] AS [a]
WHERE [a].[NormalizedEmail] = @normalizedEmail
2026-03-18 23:17:08.457 +05:30 [INF] Executed DbCommand (44ms) [Parameters=[@p0='?' (Size = 450), @p1='?' (Size = 450), @p21='?' (Size = 450), @p2='?' (DbType = Int32), @p3='?' (Size = 500), @p4='?' (Size = 4000), @p22='?' (Size = 4000), @p5='?' (DbType = DateTime2), @p6='?' (Size = 256), @p7='?' (DbType = Boolean), @p8='?' (Size = 150), @p9='?' (DbType = Boolean), @p10='?' (DbType = Boolean), @p11='?' (DbType = DateTimeOffset), @p12='?' (Size = 256), @p13='?' (Size = 256), @p14='?' (Size = 4000), @p15='?' (Size = 4000), @p16='?' (DbType = Boolean), @p17='?' (Size = 4000), @p18='?' (Size = 4000), @p19='?' (DbType = Boolean), @p20='?' (Size = 256)], CommandType='"Text"', CommandTimeout='30']
SET NOCOUNT ON;
INSERT INTO [AspNetUserRoles] ([RoleId], [UserId])
VALUES (@p0, @p1);
UPDATE [AspNetUsers] SET [AccessFailedCount] = @p2, [Address] = @p3, [ConcurrencyStamp] = @p4, [CreatedAt] = @p5, [Email] = @p6, [EmailConfirmed] = @p7, [FullName] = @p8, [IsActive] = @p9, [LockoutEnabled] = @p10, [LockoutEnd] = @p11, [NormalizedEmail] = @p12, [NormalizedUserName] = @p13, [PasswordHash] = @p14, [PhoneNumber] = @p15, [PhoneNumberConfirmed] = @p16, [Role] = @p17, [SecurityStamp] = @p18, [TwoFactorEnabled] = @p19, [UserName] = @p20
OUTPUT 1
WHERE [Id] = @p21 AND [ConcurrencyStamp] = @p22;
2026-03-18 23:17:08.501 +05:30 [INF] Executed DbCommand (2ms) [Parameters=[@normalizedEmail='?' (Size = 256)], CommandType='"Text"', CommandTimeout='30']
SELECT TOP(2) [a].[Id], [a].[AccessFailedCount], [a].[Address], [a].[ConcurrencyStamp], [a].[CreatedAt], [a].[Email], [a].[EmailConfirmed], [a].[FullName], [a].[IsActive], [a].[LockoutEnabled], [a].[LockoutEnd], [a].[NormalizedEmail], [a].[NormalizedUserName], [a].[PasswordHash], [a].[PhoneNumber], [a].[PhoneNumberConfirmed], [a].[Role], [a].[SecurityStamp], [a].[TwoFactorEnabled], [a].[UserName]
FROM [AspNetUsers] AS [a]
WHERE [a].[NormalizedEmail] = @normalizedEmail
2026-03-18 23:17:08.831 +05:30 [INF] Executed DbCommand (2ms) [Parameters=[@normalizedUserName='?' (Size = 256)], CommandType='"Text"', CommandTimeout='30']
SELECT TOP(1) [a].[Id], [a].[AccessFailedCount], [a].[Address], [a].[ConcurrencyStamp], [a].[CreatedAt], [a].[Email], [a].[EmailConfirmed], [a].[FullName], [a].[IsActive], [a].[LockoutEnabled], [a].[LockoutEnd], [a].[NormalizedEmail], [a].[NormalizedUserName], [a].[PasswordHash], [a].[PhoneNumber], [a].[PhoneNumberConfirmed], [a].[Role], [a].[SecurityStamp], [a].[TwoFactorEnabled], [a].[UserName]
FROM [AspNetUsers] AS [a]
WHERE [a].[NormalizedUserName] = @normalizedUserName
2026-03-18 23:17:08.836 +05:30 [INF] Executed DbCommand (2ms) [Parameters=[@normalizedEmail='?' (Size = 256)], CommandType='"Text"', CommandTimeout='30']
SELECT TOP(2) [a].[Id], [a].[AccessFailedCount], [a].[Address], [a].[ConcurrencyStamp], [a].[CreatedAt], [a].[Email], [a].[EmailConfirmed], [a].[FullName], [a].[IsActive], [a].[LockoutEnabled], [a].[LockoutEnd], [a].[NormalizedEmail], [a].[NormalizedUserName], [a].[PasswordHash], [a].[PhoneNumber], [a].[PhoneNumberConfirmed], [a].[Role], [a].[SecurityStamp], [a].[TwoFactorEnabled], [a].[UserName]
FROM [AspNetUsers] AS [a]
WHERE [a].[NormalizedEmail] = @normalizedEmail
2026-03-18 23:17:08.846 +05:30 [INF] Executed DbCommand (2ms) [Parameters=[@p0='?' (Size = 450), @p1='?' (DbType = Int32), @p2='?' (Size = 500), @p3='?' (Size = 4000), @p4='?' (DbType = DateTime2), @p5='?' (Size = 256), @p6='?' (DbType = Boolean), @p7='?' (Size = 150), @p8='?' (DbType = Boolean), @p9='?' (DbType = DateTimeOffset), @p10='?' (Size = 256), @p11='?' (Size = 256), @p12='?' (Size = 4000), @p13='?' (Size = 4000), @p14='?' (DbType = Boolean), @p15='?' (Size = 4000), @p16='?' (Size = 4000), @p17='?' (DbType = Boolean), @p18='?' (Size = 256)], CommandType='"Text"', CommandTimeout='30']
SET IMPLICIT_TRANSACTIONS OFF;
SET NOCOUNT ON;
INSERT INTO [AspNetUsers] ([Id], [AccessFailedCount], [Address], [ConcurrencyStamp], [CreatedAt], [Email], [EmailConfirmed], [FullName], [LockoutEnabled], [LockoutEnd], [NormalizedEmail], [NormalizedUserName], [PasswordHash], [PhoneNumber], [PhoneNumberConfirmed], [Role], [SecurityStamp], [TwoFactorEnabled], [UserName])
OUTPUT INSERTED.[IsActive]
VALUES (@p0, @p1, @p2, @p3, @p4, @p5, @p6, @p7, @p8, @p9, @p10, @p11, @p12, @p13, @p14, @p15, @p16, @p17, @p18);
2026-03-18 23:17:08.851 +05:30 [INF] Executed DbCommand (2ms) [Parameters=[@normalizedRoleName='?' (Size = 256)], CommandType='"Text"', CommandTimeout='30']
SELECT TOP(2) [a].[Id], [a].[ConcurrencyStamp], [a].[Name], [a].[NormalizedName]
FROM [AspNetRoles] AS [a]
WHERE [a].[NormalizedName] = @normalizedRoleName
2026-03-18 23:17:08.859 +05:30 [INF] Executed DbCommand (1ms) [Parameters=[@p='?' (Size = 450), @p1='?' (Size = 450)], CommandType='"Text"', CommandTimeout='30']
SELECT TOP(1) [a].[UserId], [a].[RoleId]
FROM [AspNetUserRoles] AS [a]
WHERE [a].[UserId] = @p AND [a].[RoleId] = @p1
2026-03-18 23:17:08.863 +05:30 [INF] Executed DbCommand (1ms) [Parameters=[@normalizedRoleName='?' (Size = 256)], CommandType='"Text"', CommandTimeout='30']
SELECT TOP(2) [a].[Id], [a].[ConcurrencyStamp], [a].[Name], [a].[NormalizedName]
FROM [AspNetRoles] AS [a]
WHERE [a].[NormalizedName] = @normalizedRoleName
2026-03-18 23:17:08.867 +05:30 [INF] Executed DbCommand (2ms) [Parameters=[@normalizedUserName='?' (Size = 256)], CommandType='"Text"', CommandTimeout='30']
SELECT TOP(1) [a].[Id], [a].[AccessFailedCount], [a].[Address], [a].[ConcurrencyStamp], [a].[CreatedAt], [a].[Email], [a].[EmailConfirmed], [a].[FullName], [a].[IsActive], [a].[LockoutEnabled], [a].[LockoutEnd], [a].[NormalizedEmail], [a].[NormalizedUserName], [a].[PasswordHash], [a].[PhoneNumber], [a].[PhoneNumberConfirmed], [a].[Role], [a].[SecurityStamp], [a].[TwoFactorEnabled], [a].[UserName]
FROM [AspNetUsers] AS [a]
WHERE [a].[NormalizedUserName] = @normalizedUserName
2026-03-18 23:17:08.872 +05:30 [INF] Executed DbCommand (2ms) [Parameters=[@normalizedEmail='?' (Size = 256)], CommandType='"Text"', CommandTimeout='30']
SELECT TOP(2) [a].[Id], [a].[AccessFailedCount], [a].[Address], [a].[ConcurrencyStamp], [a].[CreatedAt], [a].[Email], [a].[EmailConfirmed], [a].[FullName], [a].[IsActive], [a].[LockoutEnabled], [a].[LockoutEnd], [a].[NormalizedEmail], [a].[NormalizedUserName], [a].[PasswordHash], [a].[PhoneNumber], [a].[PhoneNumberConfirmed], [a].[Role], [a].[SecurityStamp], [a].[TwoFactorEnabled], [a].[UserName]
FROM [AspNetUsers] AS [a]
WHERE [a].[NormalizedEmail] = @normalizedEmail
2026-03-18 23:17:08.878 +05:30 [INF] Executed DbCommand (2ms) [Parameters=[@p0='?' (Size = 450), @p1='?' (Size = 450), @p21='?' (Size = 450), @p2='?' (DbType = Int32), @p3='?' (Size = 500), @p4='?' (Size = 4000), @p22='?' (Size = 4000), @p5='?' (DbType = DateTime2), @p6='?' (Size = 256), @p7='?' (DbType = Boolean), @p8='?' (Size = 150), @p9='?' (DbType = Boolean), @p10='?' (DbType = Boolean), @p11='?' (DbType = DateTimeOffset), @p12='?' (Size = 256), @p13='?' (Size = 256), @p14='?' (Size = 4000), @p15='?' (Size = 4000), @p16='?' (DbType = Boolean), @p17='?' (Size = 4000), @p18='?' (Size = 4000), @p19='?' (DbType = Boolean), @p20='?' (Size = 256)], CommandType='"Text"', CommandTimeout='30']
SET NOCOUNT ON;
INSERT INTO [AspNetUserRoles] ([RoleId], [UserId])
VALUES (@p0, @p1);
UPDATE [AspNetUsers] SET [AccessFailedCount] = @p2, [Address] = @p3, [ConcurrencyStamp] = @p4, [CreatedAt] = @p5, [Email] = @p6, [EmailConfirmed] = @p7, [FullName] = @p8, [IsActive] = @p9, [LockoutEnabled] = @p10, [LockoutEnd] = @p11, [NormalizedEmail] = @p12, [NormalizedUserName] = @p13, [PasswordHash] = @p14, [PhoneNumber] = @p15, [PhoneNumberConfirmed] = @p16, [Role] = @p17, [SecurityStamp] = @p18, [TwoFactorEnabled] = @p19, [UserName] = @p20
OUTPUT 1
WHERE [Id] = @p21 AND [ConcurrencyStamp] = @p22;
2026-03-18 23:17:08.979 +05:30 [INF] Executed DbCommand (7ms) [Parameters=[], CommandType='"Text"', CommandTimeout='30']
SELECT CASE
    WHEN EXISTS (
        SELECT 1
        FROM [Prisoners] AS [p]) THEN CAST(1 AS bit)
    ELSE CAST(0 AS bit)
END
2026-03-18 23:17:09.121 +05:30 [INF] Executed DbCommand (3ms) [Parameters=[@normalizedEmail='?' (Size = 256)], CommandType='"Text"', CommandTimeout='30']
SELECT TOP(2) [a].[Id], [a].[AccessFailedCount], [a].[Address], [a].[ConcurrencyStamp], [a].[CreatedAt], [a].[Email], [a].[EmailConfirmed], [a].[FullName], [a].[IsActive], [a].[LockoutEnabled], [a].[LockoutEnd], [a].[NormalizedEmail], [a].[NormalizedUserName], [a].[PasswordHash], [a].[PhoneNumber], [a].[PhoneNumberConfirmed], [a].[Role], [a].[SecurityStamp], [a].[TwoFactorEnabled], [a].[UserName]
FROM [AspNetUsers] AS [a]
WHERE [a].[NormalizedEmail] = @normalizedEmail
2026-03-18 23:17:09.163 +05:30 [INF] Executed DbCommand (7ms) [Parameters=[], CommandType='"Text"', CommandTimeout='30']
SELECT CASE
    WHEN EXISTS (
        SELECT 1
        FROM [VisitSlots] AS [v]) THEN CAST(1 AS bit)
    ELSE CAST(0 AS bit)
END
2026-03-18 23:17:09.437 +05:30 [INF] Executed DbCommand (101ms) [Parameters=[@p0='?' (Size = 450), @p1='?' (Size = 4000), @p2='?' (Size = 4000), @p3='?' (DbType = DateTime2), @p4='?' (Size = 4000), @p5='?' (DbType = DateTime2), @p6='?' (Size = 150), @p7='?' (Size = 4000), @p8='?' (Size = 20), @p9='?' (DbType = DateTime2), @p10='?' (DbType = DateTime2), @p11='?' (Size = 4000), @p12='?' (DbType = DateTime2), @p13='?' (Size = 450), @p14='?' (Size = 4000), @p15='?' (Size = 4000), @p16='?' (DbType = DateTime2), @p17='?' (Size = 4000), @p18='?' (DbType = DateTime2), @p19='?' (Size = 150), @p20='?' (Size = 4000), @p21='?' (Size = 20), @p22='?' (DbType = DateTime2), @p23='?' (DbType = DateTime2), @p24='?' (Size = 4000), @p25='?' (DbType = DateTime2), @p26='?' (Size = 450), @p27='?' (Size = 4000), @p28='?' (Size = 4000), @p29='?' (DbType = DateTime2), @p30='?' (Size = 4000), @p31='?' (DbType = DateTime2), @p32='?' (Size = 150), @p33='?' (Size = 4000), @p34='?' (Size = 20), @p35='?' (DbType = DateTime2), @p36='?' (DbType = DateTime2), @p37='?' (Size = 4000), @p38='?' (DbType = DateTime2), @p39='?' (DbType = DateTime2), @p40='?' (Size = 450), @p41='?' (DbType = Time), @p42='?' (DbType = Int32), @p43='?' (DbType = DateTime2), @p44='?' (DbType = Time), @p45='?' (DbType = DateTime2), @p46='?' (Size = 450), @p47='?' (DbType = Time), @p48='?' (DbType = Int32), @p49='?' (DbType = DateTime2), @p50='?' (DbType = Time), @p51='?' (DbType = DateTime2), @p52='?' (Size = 450), @p53='?' (DbType = Time), @p54='?' (DbType = Int32), @p55='?' (DbType = DateTime2), @p56='?' (DbType = Time), @p57='?' (DbType = DateTime2), @p58='?' (Size = 450), @p59='?' (DbType = Time), @p60='?' (DbType = Int32), @p61='?' (DbType = DateTime2), @p62='?' (DbType = Time), @p63='?' (DbType = DateTime2), @p64='?' (Size = 450), @p65='?' (DbType = Time), @p66='?' (DbType = Int32), @p67='?' (DbType = DateTime2), @p68='?' (DbType = Time), @p69='?' (DbType = DateTime2), @p70='?' (Size = 450), @p71='?' (DbType = Time), @p72='?' (DbType = Int32), @p73='?' (DbType = DateTime2), @p74='?' (DbType = Time), @p75='?' (DbType = DateTime2), @p76='?' (Size = 450), @p77='?' (DbType = Time), @p78='?' (DbType = Int32), @p79='?' (DbType = DateTime2), @p80='?' (DbType = Time), @p81='?' (DbType = DateTime2), @p82='?' (Size = 450), @p83='?' (DbType = Time), @p84='?' (DbType = Int32), @p85='?' (DbType = DateTime2), @p86='?' (DbType = Time), @p87='?' (DbType = DateTime2), @p88='?' (Size = 450), @p89='?' (DbType = Time), @p90='?' (DbType = Int32), @p91='?' (DbType = DateTime2), @p92='?' (DbType = Time), @p93='?' (DbType = DateTime2), @p94='?' (Size = 450), @p95='?' (DbType = Time), @p96='?' (DbType = Int32), @p97='?' (DbType = DateTime2), @p98='?' (DbType = Time), @p99='?' (DbType = DateTime2), @p100='?' (Size = 450), @p101='?' (DbType = Time), @p102='?' (DbType = Int32), @p103='?' (DbType = DateTime2), @p104='?' (DbType = Time), @p105='?' (DbType = DateTime2), @p106='?' (Size = 450), @p107='?' (DbType = Time), @p108='?' (DbType = Int32), @p109='?' (DbType = DateTime2), @p110='?' (DbType = Time), @p111='?' (DbType = DateTime2), @p112='?' (Size = 450), @p113='?' (DbType = Time), @p114='?' (DbType = Int32), @p115='?' (DbType = DateTime2), @p116='?' (DbType = Time), @p117='?' (DbType = DateTime2), @p118='?' (Size = 450), @p119='?' (DbType = Time), @p120='?' (DbType = Int32), @p121='?' (DbType = DateTime2), @p122='?' (DbType = Time), @p123='?' (DbType = DateTime2), @p124='?' (Size = 450), @p125='?' (DbType = Time), @p126='?' (DbType = Int32), @p127='?' (DbType = DateTime2), @p128='?' (DbType = Time), @p129='?' (DbType = DateTime2), @p130='?' (Size = 450), @p131='?' (DbType = Time), @p132='?' (DbType = Int32), @p133='?' (DbType = DateTime2), @p134='?' (DbType = Time), @p135='?' (DbType = DateTime2), @p136='?' (Size = 450), @p137='?' (DbType = Time), @p138='?' (DbType = Int32), @p139='?' (DbType = DateTime2), @p140='?' (DbType = Time), @p141='?' (DbType = DateTime2), @p142='?' (Size = 450), @p143='?' (DbType = Time), @p144='?' (DbType = Int32), @p145='?' (DbType = DateTime2), @p146='?' (DbType = Time), @p147='?' (DbType = DateTime2), @p148='?' (Size = 450), @p149='?' (DbType = Time), @p150='?' (DbType = Int32), @p151='?' (DbType = DateTime2), @p152='?' (DbType = Time), @p153='?' (DbType = DateTime2), @p154='?' (Size = 450), @p155='?' (DbType = Time), @p156='?' (DbType = Int32), @p157='?' (DbType = DateTime2), @p158='?' (DbType = Time), @p159='?' (DbType = DateTime2), @p160='?' (Size = 450), @p161='?' (DbType = Time), @p162='?' (DbType = Int32), @p163='?' (DbType = DateTime2), @p164='?' (DbType = Time), @p165='?' (DbType = DateTime2), @p166='?' (Size = 450), @p167='?' (DbType = Time), @p168='?' (DbType = Int32), @p169='?' (DbType = DateTime2), @p170='?' (DbType = Time), @p171='?' (DbType = DateTime2), @p172='?' (Size = 450), @p173='?' (DbType = Time), @p174='?' (DbType = Int32), @p175='?' (DbType = DateTime2), @p176='?' (DbType = Time), @p177='?' (DbType = DateTime2), @p178='?' (Size = 450), @p179='?' (DbType = Time), @p180='?' (DbType = Int32), @p181='?' (DbType = DateTime2), @p182='?' (DbType = Time), @p183='?' (DbType = DateTime2), @p184='?' (Size = 450), @p185='?' (DbType = Time), @p186='?' (DbType = Int32), @p187='?' (DbType = DateTime2), @p188='?' (DbType = Time), @p189='?' (DbType = DateTime2), @p190='?' (Size = 450), @p191='?' (DbType = Time), @p192='?' (DbType = Int32), @p193='?' (DbType = DateTime2), @p194='?' (DbType = Time), @p195='?' (DbType = DateTime2), @p196='?' (Size = 450), @p197='?' (DbType = Time), @p198='?' (DbType = Int32), @p199='?' (DbType = DateTime2), @p200='?' (DbType = Time), @p201='?' (DbType = DateTime2), @p202='?' (Size = 450), @p203='?' (DbType = Time), @p204='?' (DbType = Int32), @p205='?' (DbType = DateTime2), @p206='?' (DbType = Time), @p207='?' (DbType = DateTime2), @p208='?' (Size = 450), @p209='?' (DbType = Time), @p210='?' (DbType = Int32), @p211='?' (DbType = DateTime2), @p212='?' (DbType = Time), @p213='?' (DbType = DateTime2), @p214='?' (Size = 450), @p215='?' (DbType = Time), @p216='?' (DbType = Int32), @p217='?' (DbType = DateTime2), @p218='?' (DbType = Time), @p219='?' (DbType = DateTime2), @p220='?' (Size = 450), @p221='?' (DbType = Time), @p222='?' (DbType = Int32), @p223='?' (DbType = DateTime2), @p224='?' (DbType = Time), @p225='?' (DbType = DateTime2), @p226='?' (Size = 450), @p227='?' (DbType = Time), @p228='?' (DbType = Int32), @p229='?' (DbType = DateTime2), @p230='?' (DbType = Time), @p231='?' (DbType = DateTime2), @p232='?' (Size = 450), @p233='?' (DbType = Time), @p234='?' (DbType = Int32), @p235='?' (DbType = DateTime2), @p236='?' (DbType = Time), @p237='?' (DbType = DateTime2), @p238='?' (Size = 450), @p239='?' (DbType = Time), @p240='?' (DbType = Int32), @p241='?' (DbType = DateTime2), @p242='?' (DbType = Time), @p243='?' (DbType = DateTime2), @p244='?' (Size = 450), @p245='?' (DbType = Time), @p246='?' (DbType = Int32), @p247='?' (DbType = DateTime2), @p248='?' (DbType = Time), @p249='?' (DbType = DateTime2), @p250='?' (Size = 450), @p251='?' (DbType = Time), @p252='?' (DbType = Int32), @p253='?' (DbType = DateTime2), @p254='?' (DbType = Time), @p255='?' (DbType = DateTime2), @p256='?' (Size = 450), @p257='?' (DbType = Time), @p258='?' (DbType = Int32), @p259='?' (DbType = DateTime2), @p260='?' (DbType = Time), @p261='?' (DbType = DateTime2), @p262='?' (Size = 450), @p263='?' (DbType = Time), @p264='?' (DbType = Int32), @p265='?' (DbType = DateTime2), @p266='?' (DbType = Time), @p267='?' (DbType = DateTime2), @p268='?' (Size = 450), @p269='?' (DbType = Time), @p270='?' (DbType = Int32), @p271='?' (DbType = DateTime2), @p272='?' (DbType = Time)], CommandType='"Text"', CommandTimeout='30']
SET NOCOUNT ON;
MERGE [Prisoners] USING (
VALUES (@p0, @p1, @p2, @p3, @p4, @p5, @p6, @p7, @p8, @p9, @p10, @p11, @p12, 0),
(@p13, @p14, @p15, @p16, @p17, @p18, @p19, @p20, @p21, @p22, @p23, @p24, @p25, 1),
(@p26, @p27, @p28, @p29, @p30, @p31, @p32, @p33, @p34, @p35, @p36, @p37, @p38, 2)) AS i ([CaseNumber], [CellBlock], [CellNumber], [CreatedAt], [CrimeCategory], [DateOfBirth], [FullName], [Gender], [PrisonerCode], [SentenceEndDate], [SentenceStartDate], [Status], [UpdatedAt], _Position) ON 1=0
WHEN NOT MATCHED THEN
INSERT ([CaseNumber], [CellBlock], [CellNumber], [CreatedAt], [CrimeCategory], [DateOfBirth], [FullName], [Gender], [PrisonerCode], [SentenceEndDate], [SentenceStartDate], [Status], [UpdatedAt])
VALUES (i.[CaseNumber], i.[CellBlock], i.[CellNumber], i.[CreatedAt], i.[CrimeCategory], i.[DateOfBirth], i.[FullName], i.[Gender], i.[PrisonerCode], i.[SentenceEndDate], i.[SentenceStartDate], i.[Status], i.[UpdatedAt])
OUTPUT INSERTED.[PrisonerId], i._Position;
MERGE [VisitSlots] USING (
VALUES (@p39, @p40, @p41, @p42, @p43, @p44, 0),
(@p45, @p46, @p47, @p48, @p49, @p50, 1),
(@p51, @p52, @p53, @p54, @p55, @p56, 2),
(@p57, @p58, @p59, @p60, @p61, @p62, 3),
(@p63, @p64, @p65, @p66, @p67, @p68, 4),
(@p69, @p70, @p71, @p72, @p73, @p74, 5),
(@p75, @p76, @p77, @p78, @p79, @p80, 6),
(@p81, @p82, @p83, @p84, @p85, @p86, 7),
(@p87, @p88, @p89, @p90, @p91, @p92, 8),
(@p93, @p94, @p95, @p96, @p97, @p98, 9),
(@p99, @p100, @p101, @p102, @p103, @p104, 10),
(@p105, @p106, @p107, @p108, @p109, @p110, 11),
(@p111, @p112, @p113, @p114, @p115, @p116, 12),
(@p117, @p118, @p119, @p120, @p121, @p122, 13),
(@p123, @p124, @p125, @p126, @p127, @p128, 14),
(@p129, @p130, @p131, @p132, @p133, @p134, 15),
(@p135, @p136, @p137, @p138, @p139, @p140, 16),
(@p141, @p142, @p143, @p144, @p145, @p146, 17),
(@p147, @p148, @p149, @p150, @p151, @p152, 18),
(@p153, @p154, @p155, @p156, @p157, @p158, 19),
(@p159, @p160, @p161, @p162, @p163, @p164, 20),
(@p165, @p166, @p167, @p168, @p169, @p170, 21),
(@p171, @p172, @p173, @p174, @p175, @p176, 22),
(@p177, @p178, @p179, @p180, @p181, @p182, 23),
(@p183, @p184, @p185, @p186, @p187, @p188, 24),
(@p189, @p190, @p191, @p192, @p193, @p194, 25),
(@p195, @p196, @p197, @p198, @p199, @p200, 26),
(@p201, @p202, @p203, @p204, @p205, @p206, 27),
(@p207, @p208, @p209, @p210, @p211, @p212, 28),
(@p213, @p214, @p215, @p216, @p217, @p218, 29),
(@p219, @p220, @p221, @p222, @p223, @p224, 30),
(@p225, @p226, @p227, @p228, @p229, @p230, 31),
(@p231, @p232, @p233, @p234, @p235, @p236, 32),
(@p237, @p238, @p239, @p240, @p241, @p242, 33),
(@p243, @p244, @p245, @p246, @p247, @p248, 34),
(@p249, @p250, @p251, @p252, @p253, @p254, 35),
(@p255, @p256, @p257, @p258, @p259, @p260, 36),
(@p261, @p262, @p263, @p264, @p265, @p266, 37),
(@p267, @p268, @p269, @p270, @p271, @p272, 38)) AS i ([CreatedAt], [CreatedByAdminId], [EndTime], [MaxCapacity], [SlotDate], [StartTime], _Position) ON 1=0
WHEN NOT MATCHED THEN
INSERT ([CreatedAt], [CreatedByAdminId], [EndTime], [MaxCapacity], [SlotDate], [StartTime])
VALUES (i.[CreatedAt], i.[CreatedByAdminId], i.[EndTime], i.[MaxCapacity], i.[SlotDate], i.[StartTime])
OUTPUT INSERTED.[SlotId], INSERTED.[CurrentBookings], INSERTED.[IsActive], i._Position;
2026-03-18 23:17:09.511 +05:30 [INF] Executed DbCommand (45ms) [Parameters=[@p0='?' (DbType = DateTime2), @p1='?' (Size = 450), @p2='?' (DbType = Time), @p3='?' (DbType = Int32), @p4='?' (DbType = DateTime2), @p5='?' (DbType = Time), @p6='?' (DbType = DateTime2), @p7='?' (Size = 450), @p8='?' (DbType = Time), @p9='?' (DbType = Int32), @p10='?' (DbType = DateTime2), @p11='?' (DbType = Time), @p12='?' (DbType = DateTime2), @p13='?' (Size = 450), @p14='?' (DbType = Time), @p15='?' (DbType = Int32), @p16='?' (DbType = DateTime2), @p17='?' (DbType = Time), @p18='?' (DbType = DateTime2), @p19='?' (Size = 450), @p20='?' (DbType = Time), @p21='?' (DbType = Int32), @p22='?' (DbType = DateTime2), @p23='?' (DbType = Time), @p24='?' (DbType = DateTime2), @p25='?' (Size = 450), @p26='?' (DbType = Time), @p27='?' (DbType = Int32), @p28='?' (DbType = DateTime2), @p29='?' (DbType = Time), @p30='?' (DbType = DateTime2), @p31='?' (Size = 450), @p32='?' (DbType = Time), @p33='?' (DbType = Int32), @p34='?' (DbType = DateTime2), @p35='?' (DbType = Time), @p36='?' (DbType = DateTime2), @p37='?' (Size = 450), @p38='?' (DbType = Time), @p39='?' (DbType = Int32), @p40='?' (DbType = DateTime2), @p41='?' (DbType = Time), @p42='?' (DbType = DateTime2), @p43='?' (Size = 450), @p44='?' (DbType = Time), @p45='?' (DbType = Int32), @p46='?' (DbType = DateTime2), @p47='?' (DbType = Time), @p48='?' (DbType = DateTime2), @p49='?' (Size = 450), @p50='?' (DbType = Time), @p51='?' (DbType = Int32), @p52='?' (DbType = DateTime2), @p53='?' (DbType = Time), @p54='?' (DbType = DateTime2), @p55='?' (Size = 450), @p56='?' (DbType = Time), @p57='?' (DbType = Int32), @p58='?' (DbType = DateTime2), @p59='?' (DbType = Time), @p60='?' (DbType = DateTime2), @p61='?' (Size = 450), @p62='?' (DbType = Time), @p63='?' (DbType = Int32), @p64='?' (DbType = DateTime2), @p65='?' (DbType = Time), @p66='?' (DbType = DateTime2), @p67='?' (Size = 450), @p68='?' (DbType = Time), @p69='?' (DbType = Int32), @p70='?' (DbType = DateTime2), @p71='?' (DbType = Time), @p72='?' (DbType = DateTime2), @p73='?' (Size = 450), @p74='?' (DbType = Time), @p75='?' (DbType = Int32), @p76='?' (DbType = DateTime2), @p77='?' (DbType = Time), @p78='?' (DbType = DateTime2), @p79='?' (Size = 450), @p80='?' (DbType = Time), @p81='?' (DbType = Int32), @p82='?' (DbType = DateTime2), @p83='?' (DbType = Time), @p84='?' (DbType = DateTime2), @p85='?' (Size = 450), @p86='?' (DbType = Time), @p87='?' (DbType = Int32), @p88='?' (DbType = DateTime2), @p89='?' (DbType = Time), @p90='?' (DbType = DateTime2), @p91='?' (Size = 450), @p92='?' (DbType = Time), @p93='?' (DbType = Int32), @p94='?' (DbType = DateTime2), @p95='?' (DbType = Time), @p96='?' (DbType = DateTime2), @p97='?' (Size = 450), @p98='?' (DbType = Time), @p99='?' (DbType = Int32), @p100='?' (DbType = DateTime2), @p101='?' (DbType = Time), @p102='?' (DbType = DateTime2), @p103='?' (Size = 450), @p104='?' (DbType = Time), @p105='?' (DbType = Int32), @p106='?' (DbType = DateTime2), @p107='?' (DbType = Time), @p108='?' (DbType = DateTime2), @p109='?' (Size = 450), @p110='?' (DbType = Time), @p111='?' (DbType = Int32), @p112='?' (DbType = DateTime2), @p113='?' (DbType = Time), @p114='?' (DbType = DateTime2), @p115='?' (Size = 450), @p116='?' (DbType = Time), @p117='?' (DbType = Int32), @p118='?' (DbType = DateTime2), @p119='?' (DbType = Time), @p120='?' (DbType = DateTime2), @p121='?' (Size = 450), @p122='?' (DbType = Time), @p123='?' (DbType = Int32), @p124='?' (DbType = DateTime2), @p125='?' (DbType = Time)], CommandType='"Text"', CommandTimeout='30']
SET IMPLICIT_TRANSACTIONS OFF;
SET NOCOUNT ON;
MERGE [VisitSlots] USING (
VALUES (@p0, @p1, @p2, @p3, @p4, @p5, 0),
(@p6, @p7, @p8, @p9, @p10, @p11, 1),
(@p12, @p13, @p14, @p15, @p16, @p17, 2),
(@p18, @p19, @p20, @p21, @p22, @p23, 3),
(@p24, @p25, @p26, @p27, @p28, @p29, 4),
(@p30, @p31, @p32, @p33, @p34, @p35, 5),
(@p36, @p37, @p38, @p39, @p40, @p41, 6),
(@p42, @p43, @p44, @p45, @p46, @p47, 7),
(@p48, @p49, @p50, @p51, @p52, @p53, 8),
(@p54, @p55, @p56, @p57, @p58, @p59, 9),
(@p60, @p61, @p62, @p63, @p64, @p65, 10),
(@p66, @p67, @p68, @p69, @p70, @p71, 11),
(@p72, @p73, @p74, @p75, @p76, @p77, 12),
(@p78, @p79, @p80, @p81, @p82, @p83, 13),
(@p84, @p85, @p86, @p87, @p88, @p89, 14),
(@p90, @p91, @p92, @p93, @p94, @p95, 15),
(@p96, @p97, @p98, @p99, @p100, @p101, 16),
(@p102, @p103, @p104, @p105, @p106, @p107, 17),
(@p108, @p109, @p110, @p111, @p112, @p113, 18),
(@p114, @p115, @p116, @p117, @p118, @p119, 19),
(@p120, @p121, @p122, @p123, @p124, @p125, 20)) AS i ([CreatedAt], [CreatedByAdminId], [EndTime], [MaxCapacity], [SlotDate], [StartTime], _Position) ON 1=0
WHEN NOT MATCHED THEN
INSERT ([CreatedAt], [CreatedByAdminId], [EndTime], [MaxCapacity], [SlotDate], [StartTime])
VALUES (i.[CreatedAt], i.[CreatedByAdminId], i.[EndTime], i.[MaxCapacity], i.[SlotDate], i.[StartTime])
OUTPUT INSERTED.[SlotId], INSERTED.[CurrentBookings], INSERTED.[IsActive], i._Position;
2026-03-18 23:17:09.550 +05:30 [INF] Executed DbCommand (2ms) [Parameters=[@normalizedEmail='?' (Size = 256)], CommandType='"Text"', CommandTimeout='30']
SELECT TOP(2) [a].[Id], [a].[AccessFailedCount], [a].[Address], [a].[ConcurrencyStamp], [a].[CreatedAt], [a].[Email], [a].[EmailConfirmed], [a].[FullName], [a].[IsActive], [a].[LockoutEnabled], [a].[LockoutEnd], [a].[NormalizedEmail], [a].[NormalizedUserName], [a].[PasswordHash], [a].[PhoneNumber], [a].[PhoneNumberConfirmed], [a].[Role], [a].[SecurityStamp], [a].[TwoFactorEnabled], [a].[UserName]
FROM [AspNetUsers] AS [a]
WHERE [a].[NormalizedEmail] = @normalizedEmail
2026-03-18 23:17:09.561 +05:30 [WRN] The query uses the 'First'/'FirstOrDefault' operator without 'OrderBy' and filter operators. This may lead to unpredictable results.
2026-03-18 23:17:09.615 +05:30 [INF] Executed DbCommand (7ms) [Parameters=[], CommandType='"Text"', CommandTimeout='30']
SELECT TOP(1) [p].[PrisonerId], [p].[CaseNumber], [p].[CellBlock], [p].[CellNumber], [p].[CreatedAt], [p].[CrimeCategory], [p].[DateOfBirth], [p].[FullName], [p].[Gender], [p].[PrisonerCode], [p].[SentenceEndDate], [p].[SentenceStartDate], [p].[Status], [p].[UpdatedAt]
FROM [Prisoners] AS [p]
2026-03-18 23:17:09.682 +05:30 [INF] Executed DbCommand (25ms) [Parameters=[@familyUser_Id='?' (Size = 450), @samplePrisoner_PrisonerId='?' (DbType = Int32)], CommandType='"Text"', CommandTimeout='30']
SELECT CASE
    WHEN EXISTS (
        SELECT 1
        FROM [FamilyPrisonerLinks] AS [f]
        WHERE [f].[UserId] = @familyUser_Id AND [f].[PrisonerId] = @samplePrisoner_PrisonerId) THEN CAST(1 AS bit)
    ELSE CAST(0 AS bit)
END
2026-03-18 23:17:09.780 +05:30 [INF] Executed DbCommand (14ms) [Parameters=[@p0='?' (DbType = Boolean), @p1='?' (DbType = DateTime2), @p2='?' (DbType = Int32), @p3='?' (Size = 4000), @p4='?' (Size = 450), @p5='?' (Size = 450)], CommandType='"Text"', CommandTimeout='30']
SET IMPLICIT_TRANSACTIONS OFF;
SET NOCOUNT ON;
INSERT INTO [FamilyPrisonerLinks] ([IsVerified], [LinkedAt], [PrisonerId], [Relationship], [UserId], [VerifiedByAdminId])
OUTPUT INSERTED.[LinkId]
VALUES (@p0, @p1, @p2, @p3, @p4, @p5);
2026-03-18 23:17:09.822 +05:30 [INF] Executed DbCommand (9ms) [Parameters=[@familyUser_Id='?' (Size = 450)], CommandType='"Text"', CommandTimeout='30']
SELECT CASE
    WHEN EXISTS (
        SELECT 1
        FROM [Appointments] AS [a]
        WHERE [a].[UserId] = @familyUser_Id) THEN CAST(1 AS bit)
    ELSE CAST(0 AS bit)
END
2026-03-18 23:17:09.825 +05:30 [WRN] The query uses the 'First'/'FirstOrDefault' operator without 'OrderBy' and filter operators. This may lead to unpredictable results.
2026-03-18 23:17:09.852 +05:30 [INF] Executed DbCommand (4ms) [Parameters=[], CommandType='"Text"', CommandTimeout='30']
SELECT TOP(1) [v].[SlotId], [v].[CreatedAt], [v].[CreatedByAdminId], [v].[CurrentBookings], [v].[EndTime], [v].[IsActive], [v].[MaxCapacity], [v].[SlotDate], [v].[StartTime]
FROM [VisitSlots] AS [v]
2026-03-18 23:17:09.981 +05:30 [INF] Executed DbCommand (32ms) [Parameters=[@p0='?' (Size = 4000), @p1='?' (Size = 450), @p2='?' (DbType = DateTime2), @p3='?' (DbType = Int32), @p4='?' (DbType = Int32), @p5='?' (Size = 4000), @p6='?' (Size = 4000), @p7='?' (DbType = Int32), @p8='?' (Size = 4000), @p9='?' (DbType = DateTime2), @p10='?' (Size = 450), @p11='?' (Size = 4000)], CommandType='"Text"', CommandTimeout='30']
SET IMPLICIT_TRANSACTIONS OFF;
SET NOCOUNT ON;
INSERT INTO [Appointments] ([AdminNotes], [AppointmentCode], [BookedAt], [NumVisitors], [PrisonerId], [Purpose], [RejectionReason], [SlotId], [Status], [UpdatedAt], [UserId], [VisitorNames])
OUTPUT INSERTED.[AppointmentId]
VALUES (@p0, @p1, @p2, @p3, @p4, @p5, @p6, @p7, @p8, @p9, @p10, @p11);
2026-03-18 23:17:09.997 +05:30 [INF] ✅ Database ready and seeded.
2026-03-18 23:17:10.024 +05:30 [INF] ✅ App running at http://localhost:5050
2026-03-18 23:17:10.024 +05:30 [INF] ✅ Login: admin@prisonerportal.gov / Admin@123!
2026-03-18 23:17:10.480 +05:30 [WRN] Overriding address(es) 'http://localhost:5050'. Binding to endpoints defined via IConfiguration and/or UseKestrel() instead.
2026-03-18 23:17:10.508 +05:30 [INF] Now listening on: http://localhost:5050
2026-03-18 23:17:10.510 +05:30 [INF] Application started. Press Ctrl+C to shut down.
2026-03-18 23:17:10.510 +05:30 [INF] Hosting environment: Development
2026-03-18 23:17:10.510 +05:30 [INF] Content root path: C:\Users\HP\Desktop\Adarsh Yadav Project\PrisonerPortal
2026-03-18 23:17:10.953 +05:30 [INF] Request starting HTTP/1.1 GET http://localhost:5050/Account/Login - null null
2026-03-18 23:17:11.191 +05:30 [INF] Executing endpoint 'PrisonerPortal.Controllers.AccountController.Login (PrisonerPortal)'
2026-03-18 23:17:11.304 +05:30 [INF] Route matched with {action = "Login", controller = "Account"}. Executing controller action with signature Microsoft.AspNetCore.Mvc.IActionResult Login(System.String) on controller PrisonerPortal.Controllers.AccountController (PrisonerPortal).
2026-03-18 23:17:11.426 +05:30 [INF] Executing ViewResult, running view Login.
2026-03-18 23:17:12.226 +05:30 [INF] Executed ViewResult - view Login executed in 832.7898ms.
2026-03-18 23:17:12.229 +05:30 [INF] Executed action PrisonerPortal.Controllers.AccountController.Login (PrisonerPortal) in 923.0209ms
2026-03-18 23:17:12.229 +05:30 [INF] Executed endpoint 'PrisonerPortal.Controllers.AccountController.Login (PrisonerPortal)'
2026-03-18 23:17:12.246 +05:30 [INF] Request finished HTTP/1.1 GET http://localhost:5050/Account/Login - 200 null text/html; charset=utf-8 1304.9837ms
2026-03-18 23:17:12.263 +05:30 [INF] Request starting HTTP/1.1 GET http://localhost:5050/css/site.css?v=JpFZafcUyRvCtAIsaWITbNWqhwGAfs7utDlB9kzheC4 - null null
2026-03-18 23:17:12.273 +05:30 [INF] Request starting HTTP/1.1 GET http://localhost:5050/css/components.css?v=elf4DFhCVIE8d9eGP2egurRhUBwkdM7IqUaeO1X2ZPo - null null
2026-03-18 23:17:12.275 +05:30 [INF] Request starting HTTP/1.1 GET http://localhost:5050/js/site.js?v=zIkpxiSb20xI1GzbX49ogguRCWNfYaxVh_KTD9brSds - null null
2026-03-18 23:17:12.279 +05:30 [INF] Request starting HTTP/1.1 GET http://localhost:5050/lib/jquery-validation/dist/jquery.validate.min.js - null null
2026-03-18 23:17:12.279 +05:30 [INF] Request starting HTTP/1.1 GET http://localhost:5050/js/auth.js?v=vFieu_vdInS-_NST3h1ILrWgllVMY1VPgyTgpG3Dmrc - null null
2026-03-18 23:17:12.287 +05:30 [INF] The file /lib/jquery-validation/dist/jquery.validate.min.js was not modified
2026-03-18 23:17:12.287 +05:30 [INF] The file /js/auth.js was not modified
2026-03-18 23:17:12.288 +05:30 [INF] The file /js/site.js was not modified
2026-03-18 23:17:12.287 +05:30 [INF] The file /css/components.css was not modified
2026-03-18 23:17:12.289 +05:30 [INF] Request finished HTTP/1.1 GET http://localhost:5050/js/site.js?v=zIkpxiSb20xI1GzbX49ogguRCWNfYaxVh_KTD9brSds - 304 null text/javascript 13.7995ms
2026-03-18 23:17:12.289 +05:30 [INF] Request finished HTTP/1.1 GET http://localhost:5050/js/auth.js?v=vFieu_vdInS-_NST3h1ILrWgllVMY1VPgyTgpG3Dmrc - 304 null text/javascript 9.6546ms
2026-03-18 23:17:12.289 +05:30 [INF] Request finished HTTP/1.1 GET http://localhost:5050/lib/jquery-validation/dist/jquery.validate.min.js - 304 null text/javascript 10.4415ms
2026-03-18 23:17:12.289 +05:30 [INF] Request finished HTTP/1.1 GET http://localhost:5050/css/components.css?v=elf4DFhCVIE8d9eGP2egurRhUBwkdM7IqUaeO1X2ZPo - 304 null text/css 16.537ms
2026-03-18 23:17:12.292 +05:30 [INF] Request starting HTTP/1.1 GET http://localhost:5050/lib/jquery-validation-unobtrusive/dist/jquery.validate.unobtrusive.min.js - null null
2026-03-18 23:17:12.293 +05:30 [INF] The file /lib/jquery-validation-unobtrusive/dist/jquery.validate.unobtrusive.min.js was not modified
2026-03-18 23:17:12.293 +05:30 [INF] Request finished HTTP/1.1 GET http://localhost:5050/lib/jquery-validation-unobtrusive/dist/jquery.validate.unobtrusive.min.js - 304 null text/javascript 1.1157ms
2026-03-18 23:17:12.339 +05:30 [INF] Sending file. Request path: '/css/site.css'. Physical path: 'C:\Users\HP\Desktop\Adarsh Yadav Project\PrisonerPortal\wwwroot\css\site.css'
2026-03-18 23:17:12.339 +05:30 [INF] Request finished HTTP/1.1 GET http://localhost:5050/css/site.css?v=JpFZafcUyRvCtAIsaWITbNWqhwGAfs7utDlB9kzheC4 - 200 10735 text/css 76.2819ms
2026-03-18 23:17:17.382 +05:30 [INF] Request starting HTTP/1.1 POST http://localhost:5050/ - application/x-www-form-urlencoded 248
2026-03-18 23:17:17.421 +05:30 [INF] Executing endpoint 'PrisonerPortal.Controllers.AccountController.Login (PrisonerPortal)'
2026-03-18 23:17:17.471 +05:30 [INF] Route matched with {action = "Login", controller = "Account"}. Executing controller action with signature System.Threading.Tasks.Task`1[Microsoft.AspNetCore.Mvc.IActionResult] Login(PrisonerPortal.Models.ViewModels.LoginViewModel, System.String) on controller PrisonerPortal.Controllers.AccountController (PrisonerPortal).
2026-03-18 23:17:17.693 +05:30 [INF] Executed DbCommand (10ms) [Parameters=[@normalizedEmail='?' (Size = 256)], CommandType='"Text"', CommandTimeout='30']
SELECT TOP(2) [a].[Id], [a].[AccessFailedCount], [a].[Address], [a].[ConcurrencyStamp], [a].[CreatedAt], [a].[Email], [a].[EmailConfirmed], [a].[FullName], [a].[IsActive], [a].[LockoutEnabled], [a].[LockoutEnd], [a].[NormalizedEmail], [a].[NormalizedUserName], [a].[PasswordHash], [a].[PhoneNumber], [a].[PhoneNumberConfirmed], [a].[Role], [a].[SecurityStamp], [a].[TwoFactorEnabled], [a].[UserName]
FROM [AspNetUsers] AS [a]
WHERE [a].[NormalizedEmail] = @normalizedEmail
2026-03-18 23:17:17.712 +05:30 [INF] Executed DbCommand (6ms) [Parameters=[@normalizedUserName='?' (Size = 256)], CommandType='"Text"', CommandTimeout='30']
SELECT TOP(1) [a].[Id], [a].[AccessFailedCount], [a].[Address], [a].[ConcurrencyStamp], [a].[CreatedAt], [a].[Email], [a].[EmailConfirmed], [a].[FullName], [a].[IsActive], [a].[LockoutEnabled], [a].[LockoutEnd], [a].[NormalizedEmail], [a].[NormalizedUserName], [a].[PasswordHash], [a].[PhoneNumber], [a].[PhoneNumberConfirmed], [a].[Role], [a].[SecurityStamp], [a].[TwoFactorEnabled], [a].[UserName]
FROM [AspNetUsers] AS [a]
WHERE [a].[NormalizedUserName] = @normalizedUserName
2026-03-18 23:17:18.324 +05:30 [INF] Executed DbCommand (9ms) [Parameters=[@user_Id='?' (Size = 450)], CommandType='"Text"', CommandTimeout='30']
SELECT [a].[Id], [a].[ClaimType], [a].[ClaimValue], [a].[UserId]
FROM [AspNetUserClaims] AS [a]
WHERE [a].[UserId] = @user_Id
2026-03-18 23:17:18.460 +05:30 [INF] Executed DbCommand (37ms) [Parameters=[@userId='?' (Size = 450)], CommandType='"Text"', CommandTimeout='30']
SELECT [a0].[Name]
FROM [AspNetUserRoles] AS [a]
INNER JOIN [AspNetRoles] AS [a0] ON [a].[RoleId] = [a0].[Id]
WHERE [a].[UserId] = @userId
2026-03-18 23:17:18.473 +05:30 [INF] Executed DbCommand (5ms) [Parameters=[@normalizedName='?' (Size = 256)], CommandType='"Text"', CommandTimeout='30']
SELECT TOP(1) [a].[Id], [a].[ConcurrencyStamp], [a].[Name], [a].[NormalizedName]
FROM [AspNetRoles] AS [a]
WHERE [a].[NormalizedName] = @normalizedName
2026-03-18 23:17:18.535 +05:30 [INF] Executed DbCommand (7ms) [Parameters=[@role_Id='?' (Size = 450)], CommandType='"Text"', CommandTimeout='30']
SELECT [a].[ClaimType], [a].[ClaimValue]
FROM [AspNetRoleClaims] AS [a]
WHERE [a].[RoleId] = @role_Id
2026-03-18 23:17:18.553 +05:30 [INF] AuthenticationScheme: Identity.Application signed in.
2026-03-18 23:17:18.691 +05:30 [INF] Executed DbCommand (28ms) [Parameters=[@p0='?' (Size = 4000), @p1='?' (Size = 4000), @p2='?' (Size = 4000), @p3='?' (Size = 4000), @p4='?' (Size = 4000), @p5='?' (Size = 4000), @p6='?' (DbType = DateTime2), @p7='?' (Size = 450)], CommandType='"Text"', CommandTimeout='30']
SET IMPLICIT_TRANSACTIONS OFF;
SET NOCOUNT ON;
INSERT INTO [AuditLogs] ([Action], [EntityId], [EntityType], [IPAddress], [NewValues], [OldValues], [Timestamp], [UserId])
OUTPUT INSERTED.[LogId]
VALUES (@p0, @p1, @p2, @p3, @p4, @p5, @p6, @p7);
2026-03-18 23:17:18.704 +05:30 [INF] Executed DbCommand (1ms) [Parameters=[@userId='?' (Size = 450)], CommandType='"Text"', CommandTimeout='30']
SELECT [a0].[Name]
FROM [AspNetUserRoles] AS [a]
INNER JOIN [AspNetRoles] AS [a0] ON [a].[RoleId] = [a0].[Id]
WHERE [a].[UserId] = @userId
2026-03-18 23:17:18.721 +05:30 [INF] Executing RedirectResult, redirecting to /Family/Dashboard.
2026-03-18 23:17:18.726 +05:30 [INF] Executed action PrisonerPortal.Controllers.AccountController.Login (PrisonerPortal) in 1254.7557ms
2026-03-18 23:17:18.727 +05:30 [INF] Executed endpoint 'PrisonerPortal.Controllers.AccountController.Login (PrisonerPortal)'
2026-03-18 23:17:18.748 +05:30 [INF] Request finished HTTP/1.1 POST http://localhost:5050/ - 302 0 null 1366.6334ms
2026-03-18 23:17:18.749 +05:30 [INF] Request starting HTTP/1.1 GET http://localhost:5050/Family/Dashboard - null null
2026-03-18 23:17:18.790 +05:30 [INF] Executing endpoint 'PrisonerPortal.Controllers.FamilyController.Dashboard (PrisonerPortal)'
2026-03-18 23:17:18.813 +05:30 [INF] Route matched with {action = "Dashboard", controller = "Family"}. Executing controller action with signature System.Threading.Tasks.Task`1[Microsoft.AspNetCore.Mvc.IActionResult] Dashboard() on controller PrisonerPortal.Controllers.FamilyController (PrisonerPortal).
2026-03-18 23:17:19.463 +05:30 [INF] Executed DbCommand (6ms) [Parameters=[@p='?' (Size = 450)], CommandType='"Text"', CommandTimeout='30']
SELECT TOP(1) [a].[Id], [a].[AccessFailedCount], [a].[Address], [a].[ConcurrencyStamp], [a].[CreatedAt], [a].[Email], [a].[EmailConfirmed], [a].[FullName], [a].[IsActive], [a].[LockoutEnabled], [a].[LockoutEnd], [a].[NormalizedEmail], [a].[NormalizedUserName], [a].[PasswordHash], [a].[PhoneNumber], [a].[PhoneNumberConfirmed], [a].[Role], [a].[SecurityStamp], [a].[TwoFactorEnabled], [a].[UserName]
FROM [AspNetUsers] AS [a]
WHERE [a].[Id] = @p
2026-03-18 23:17:19.644 +05:30 [INF] Executed DbCommand (48ms) [Parameters=[@userId='?' (Size = 450)], CommandType='"Text"', CommandTimeout='30']
SELECT [f].[LinkId], [f].[IsVerified], [f].[LinkedAt], [f].[PrisonerId], [f].[Relationship], [f].[UserId], [f].[VerifiedByAdminId], [p].[PrisonerId], [p].[CaseNumber], [p].[CellBlock], [p].[CellNumber], [p].[CreatedAt], [p].[CrimeCategory], [p].[DateOfBirth], [p].[FullName], [p].[Gender], [p].[PrisonerCode], [p].[SentenceEndDate], [p].[SentenceStartDate], [p].[Status], [p].[UpdatedAt]
FROM [FamilyPrisonerLinks] AS [f]
INNER JOIN [Prisoners] AS [p] ON [f].[PrisonerId] = [p].[PrisonerId]
WHERE [f].[UserId] = @userId AND [f].[IsVerified] = CAST(1 AS bit)
2026-03-18 23:17:19.865 +05:30 [INF] Executed DbCommand (52ms) [Parameters=[@userId='?' (Size = 450)], CommandType='"Text"', CommandTimeout='30']
SELECT [a].[AppointmentId], [a].[AdminNotes], [a].[AppointmentCode], [a].[BookedAt], [a].[NumVisitors], [a].[PrisonerId], [a].[Purpose], [a].[RejectionReason], [a].[SlotId], [a].[Status], [a].[UpdatedAt], [a].[UserId], [a].[VisitorNames], [p].[PrisonerId], [p].[CaseNumber], [p].[CellBlock], [p].[CellNumber], [p].[CreatedAt], [p].[CrimeCategory], [p].[DateOfBirth], [p].[FullName], [p].[Gender], [p].[PrisonerCode], [p].[SentenceEndDate], [p].[SentenceStartDate], [p].[Status], [p].[UpdatedAt], [v].[SlotId], [v].[CreatedAt], [v].[CreatedByAdminId], [v].[CurrentBookings], [v].[EndTime], [v].[IsActive], [v].[MaxCapacity], [v].[SlotDate], [v].[StartTime]
FROM [Appointments] AS [a]
INNER JOIN [Prisoners] AS [p] ON [a].[PrisonerId] = [p].[PrisonerId]
INNER JOIN [VisitSlots] AS [v] ON [a].[SlotId] = [v].[SlotId]
WHERE [a].[UserId] = @userId
ORDER BY [a].[BookedAt] DESC
2026-03-18 23:17:20.009 +05:30 [INF] Executed DbCommand (27ms) [Parameters=[@userId='?' (Size = 450)], CommandType='"Text"', CommandTimeout='30']
SELECT [s].[RequestId], [s].[AdminResponse], [s].[AssignedAdminId], [s].[Category], [s].[CreatedAt], [s].[Description], [s].[Priority], [s].[PrisonerId], [s].[RequestCode], [s].[ResolvedAt], [s].[Status], [s].[Subject], [s].[UpdatedAt], [s].[UserId], [p].[PrisonerId], [p].[CaseNumber], [p].[CellBlock], [p].[CellNumber], [p].[CreatedAt], [p].[CrimeCategory], [p].[DateOfBirth], [p].[FullName], [p].[Gender], [p].[PrisonerCode], [p].[SentenceEndDate], [p].[SentenceStartDate], [p].[Status], [p].[UpdatedAt]
FROM [SupportRequests] AS [s]
LEFT JOIN [Prisoners] AS [p] ON [s].[PrisonerId] = [p].[PrisonerId]
WHERE [s].[UserId] = @userId
ORDER BY [s].[CreatedAt] DESC
2026-03-18 23:17:20.258 +05:30 [INF] Executing ViewResult, running view Dashboard.
2026-03-18 23:17:20.566 +05:30 [INF] Executed ViewResult - view Dashboard executed in 313.8814ms.
2026-03-18 23:17:20.568 +05:30 [INF] Executed action PrisonerPortal.Controllers.FamilyController.Dashboard (PrisonerPortal) in 1754.1703ms
2026-03-18 23:17:20.568 +05:30 [INF] Executed endpoint 'PrisonerPortal.Controllers.FamilyController.Dashboard (PrisonerPortal)'
2026-03-18 23:17:20.569 +05:30 [INF] Request finished HTTP/1.1 GET http://localhost:5050/Family/Dashboard - 200 null text/html; charset=utf-8 1819.8783ms
2026-03-18 23:17:20.754 +05:30 [INF] Request starting HTTP/1.1 GET http://localhost:5050/Notifications/GetUnreadCount - null null
2026-03-18 23:17:20.771 +05:30 [INF] Executing endpoint 'PrisonerPortal.Controllers.NotificationsController.GetUnreadCount (PrisonerPortal)'
2026-03-18 23:17:20.776 +05:30 [INF] Route matched with {action = "GetUnreadCount", controller = "Notifications"}. Executing controller action with signature Microsoft.AspNetCore.Mvc.IActionResult GetUnreadCount() on controller PrisonerPortal.Controllers.NotificationsController (PrisonerPortal).
2026-03-18 23:17:20.994 +05:30 [INF] Executed DbCommand (12ms) [Parameters=[@userId='?' (Size = 450)], CommandType='"Text"', CommandTimeout='30']
SELECT COUNT(*)
FROM [Notifications] AS [n]
WHERE [n].[UserId] = @userId AND [n].[IsRead] = CAST(0 AS bit)
2026-03-18 23:17:21.021 +05:30 [INF] Executing JsonResult, writing value of type '<>f__AnonymousType2`1[[System.Int32, System.Private.CoreLib, Version=10.0.0.0, Culture=neutral, PublicKeyToken=7cec85d7bea7798e]]'.
2026-03-18 23:17:21.257 +05:30 [INF] Executed action PrisonerPortal.Controllers.NotificationsController.GetUnreadCount (PrisonerPortal) in 480.3616ms
2026-03-18 23:17:21.257 +05:30 [INF] Executed endpoint 'PrisonerPortal.Controllers.NotificationsController.GetUnreadCount (PrisonerPortal)'
2026-03-18 23:17:21.258 +05:30 [INF] Request finished HTTP/1.1 GET http://localhost:5050/Notifications/GetUnreadCount - 200 null application/json; charset=utf-8 502.8471ms
2026-03-18 23:17:30.789 +05:30 [INF] Request starting HTTP/1.1 GET http://localhost:5050/Family/SubmitRequest - null null
2026-03-18 23:17:30.845 +05:30 [INF] Executing endpoint 'PrisonerPortal.Controllers.FamilyController.SubmitRequest (PrisonerPortal)'
2026-03-18 23:17:30.874 +05:30 [INF] Route matched with {action = "SubmitRequest", controller = "Family"}. Executing controller action with signature System.Threading.Tasks.Task`1[Microsoft.AspNetCore.Mvc.IActionResult] SubmitRequest(System.Nullable`1[System.Int32]) on controller PrisonerPortal.Controllers.FamilyController (PrisonerPortal).
2026-03-18 23:17:30.888 +05:30 [INF] Executed DbCommand (1ms) [Parameters=[@p='?' (Size = 450)], CommandType='"Text"', CommandTimeout='30']
SELECT TOP(1) [a].[Id], [a].[AccessFailedCount], [a].[Address], [a].[ConcurrencyStamp], [a].[CreatedAt], [a].[Email], [a].[EmailConfirmed], [a].[FullName], [a].[IsActive], [a].[LockoutEnabled], [a].[LockoutEnd], [a].[NormalizedEmail], [a].[NormalizedUserName], [a].[PasswordHash], [a].[PhoneNumber], [a].[PhoneNumberConfirmed], [a].[Role], [a].[SecurityStamp], [a].[TwoFactorEnabled], [a].[UserName]
FROM [AspNetUsers] AS [a]
WHERE [a].[Id] = @p
2026-03-18 23:17:30.892 +05:30 [INF] Executed DbCommand (1ms) [Parameters=[@userId='?' (Size = 450)], CommandType='"Text"', CommandTimeout='30']
SELECT [f].[LinkId], [f].[IsVerified], [f].[LinkedAt], [f].[PrisonerId], [f].[Relationship], [f].[UserId], [f].[VerifiedByAdminId], [p].[PrisonerId], [p].[CaseNumber], [p].[CellBlock], [p].[CellNumber], [p].[CreatedAt], [p].[CrimeCategory], [p].[DateOfBirth], [p].[FullName], [p].[Gender], [p].[PrisonerCode], [p].[SentenceEndDate], [p].[SentenceStartDate], [p].[Status], [p].[UpdatedAt]
FROM [FamilyPrisonerLinks] AS [f]
INNER JOIN [Prisoners] AS [p] ON [f].[PrisonerId] = [p].[PrisonerId]
WHERE [f].[UserId] = @userId AND [f].[IsVerified] = CAST(1 AS bit)
2026-03-18 23:17:30.903 +05:30 [INF] Executing ViewResult, running view SubmitRequest.
2026-03-18 23:17:31.054 +05:30 [INF] Executed ViewResult - view SubmitRequest executed in 157.0515ms.
2026-03-18 23:17:31.054 +05:30 [INF] Executed action PrisonerPortal.Controllers.FamilyController.SubmitRequest (PrisonerPortal) in 178.7291ms
2026-03-18 23:17:31.054 +05:30 [INF] Executed endpoint 'PrisonerPortal.Controllers.FamilyController.SubmitRequest (PrisonerPortal)'
2026-03-18 23:17:31.054 +05:30 [INF] Request finished HTTP/1.1 GET http://localhost:5050/Family/SubmitRequest - 200 null text/html; charset=utf-8 265.3829ms
2026-03-18 23:17:31.164 +05:30 [INF] Request starting HTTP/1.1 GET http://localhost:5050/Notifications/GetUnreadCount - null null
2026-03-18 23:17:31.172 +05:30 [INF] Executing endpoint 'PrisonerPortal.Controllers.NotificationsController.GetUnreadCount (PrisonerPortal)'
2026-03-18 23:17:31.172 +05:30 [INF] Route matched with {action = "GetUnreadCount", controller = "Notifications"}. Executing controller action with signature Microsoft.AspNetCore.Mvc.IActionResult GetUnreadCount() on controller PrisonerPortal.Controllers.NotificationsController (PrisonerPortal).
2026-03-18 23:17:31.177 +05:30 [INF] Executed DbCommand (2ms) [Parameters=[@userId='?' (Size = 450)], CommandType='"Text"', CommandTimeout='30']
SELECT COUNT(*)
FROM [Notifications] AS [n]
WHERE [n].[UserId] = @userId AND [n].[IsRead] = CAST(0 AS bit)
2026-03-18 23:17:31.179 +05:30 [INF] Executing JsonResult, writing value of type '<>f__AnonymousType2`1[[System.Int32, System.Private.CoreLib, Version=10.0.0.0, Culture=neutral, PublicKeyToken=7cec85d7bea7798e]]'.
2026-03-18 23:17:31.181 +05:30 [INF] Executed action PrisonerPortal.Controllers.NotificationsController.GetUnreadCount (PrisonerPortal) in 8.9525ms
2026-03-18 23:17:31.181 +05:30 [INF] Executed endpoint 'PrisonerPortal.Controllers.NotificationsController.GetUnreadCount (PrisonerPortal)'
2026-03-18 23:17:31.182 +05:30 [INF] Request finished HTTP/1.1 GET http://localhost:5050/Notifications/GetUnreadCount - 200 null application/json; charset=utf-8 17.4562ms
2026-03-18 23:17:34.594 +05:30 [INF] Request starting HTTP/1.1 GET http://localhost:5050/Family/MyAppointments - null null
2026-03-18 23:17:34.599 +05:30 [INF] Executing endpoint 'PrisonerPortal.Controllers.FamilyController.MyAppointments (PrisonerPortal)'
2026-03-18 23:17:34.618 +05:30 [INF] Route matched with {action = "MyAppointments", controller = "Family"}. Executing controller action with signature System.Threading.Tasks.Task`1[Microsoft.AspNetCore.Mvc.IActionResult] MyAppointments() on controller PrisonerPortal.Controllers.FamilyController (PrisonerPortal).
2026-03-18 23:17:34.637 +05:30 [INF] Executed DbCommand (1ms) [Parameters=[@p='?' (Size = 450)], CommandType='"Text"', CommandTimeout='30']
SELECT TOP(1) [a].[Id], [a].[AccessFailedCount], [a].[Address], [a].[ConcurrencyStamp], [a].[CreatedAt], [a].[Email], [a].[EmailConfirmed], [a].[FullName], [a].[IsActive], [a].[LockoutEnabled], [a].[LockoutEnd], [a].[NormalizedEmail], [a].[NormalizedUserName], [a].[PasswordHash], [a].[PhoneNumber], [a].[PhoneNumberConfirmed], [a].[Role], [a].[SecurityStamp], [a].[TwoFactorEnabled], [a].[UserName]
FROM [AspNetUsers] AS [a]
WHERE [a].[Id] = @p
2026-03-18 23:17:34.645 +05:30 [INF] Executed DbCommand (3ms) [Parameters=[@userId='?' (Size = 450)], CommandType='"Text"', CommandTimeout='30']
SELECT [a].[AppointmentId], [a].[AdminNotes], [a].[AppointmentCode], [a].[BookedAt], [a].[NumVisitors], [a].[PrisonerId], [a].[Purpose], [a].[RejectionReason], [a].[SlotId], [a].[Status], [a].[UpdatedAt], [a].[UserId], [a].[VisitorNames], [p].[PrisonerId], [p].[CaseNumber], [p].[CellBlock], [p].[CellNumber], [p].[CreatedAt], [p].[CrimeCategory], [p].[DateOfBirth], [p].[FullName], [p].[Gender], [p].[PrisonerCode], [p].[SentenceEndDate], [p].[SentenceStartDate], [p].[Status], [p].[UpdatedAt], [v].[SlotId], [v].[CreatedAt], [v].[CreatedByAdminId], [v].[CurrentBookings], [v].[EndTime], [v].[IsActive], [v].[MaxCapacity], [v].[SlotDate], [v].[StartTime]
FROM [Appointments] AS [a]
INNER JOIN [Prisoners] AS [p] ON [a].[PrisonerId] = [p].[PrisonerId]
INNER JOIN [VisitSlots] AS [v] ON [a].[SlotId] = [v].[SlotId]
WHERE [a].[UserId] = @userId
ORDER BY [a].[BookedAt] DESC
2026-03-18 23:17:34.653 +05:30 [INF] Executing ViewResult, running view MyAppointments.
2026-03-18 23:17:34.689 +05:30 [INF] Executed ViewResult - view MyAppointments executed in 40.0141ms.
2026-03-18 23:17:34.690 +05:30 [INF] Executed action PrisonerPortal.Controllers.FamilyController.MyAppointments (PrisonerPortal) in 71.4857ms
2026-03-18 23:17:34.690 +05:30 [INF] Executed endpoint 'PrisonerPortal.Controllers.FamilyController.MyAppointments (PrisonerPortal)'
2026-03-18 23:17:34.691 +05:30 [INF] Request finished HTTP/1.1 GET http://localhost:5050/Family/MyAppointments - 200 null text/html; charset=utf-8 96.9232ms
2026-03-18 23:17:34.750 +05:30 [INF] Request starting HTTP/1.1 GET http://localhost:5050/Notifications/GetUnreadCount - null null
2026-03-18 23:17:34.752 +05:30 [INF] Executing endpoint 'PrisonerPortal.Controllers.NotificationsController.GetUnreadCount (PrisonerPortal)'
2026-03-18 23:17:34.752 +05:30 [INF] Route matched with {action = "GetUnreadCount", controller = "Notifications"}. Executing controller action with signature Microsoft.AspNetCore.Mvc.IActionResult GetUnreadCount() on controller PrisonerPortal.Controllers.NotificationsController (PrisonerPortal).
2026-03-18 23:17:34.755 +05:30 [INF] Executed DbCommand (1ms) [Parameters=[@userId='?' (Size = 450)], CommandType='"Text"', CommandTimeout='30']
SELECT COUNT(*)
FROM [Notifications] AS [n]
WHERE [n].[UserId] = @userId AND [n].[IsRead] = CAST(0 AS bit)
2026-03-18 23:17:34.755 +05:30 [INF] Executing JsonResult, writing value of type '<>f__AnonymousType2`1[[System.Int32, System.Private.CoreLib, Version=10.0.0.0, Culture=neutral, PublicKeyToken=7cec85d7bea7798e]]'.
2026-03-18 23:17:34.756 +05:30 [INF] Executed action PrisonerPortal.Controllers.NotificationsController.GetUnreadCount (PrisonerPortal) in 3.7785ms
2026-03-18 23:17:34.756 +05:30 [INF] Executed endpoint 'PrisonerPortal.Controllers.NotificationsController.GetUnreadCount (PrisonerPortal)'
2026-03-18 23:17:34.757 +05:30 [INF] Request finished HTTP/1.1 GET http://localhost:5050/Notifications/GetUnreadCount - 200 null application/json; charset=utf-8 6.66ms
2026-03-18 23:17:44.765 +05:30 [INF] Request starting HTTP/1.1 GET http://localhost:5050/Family/MyRequests - null null
2026-03-18 23:17:44.768 +05:30 [INF] Executing endpoint 'PrisonerPortal.Controllers.FamilyController.MyRequests (PrisonerPortal)'
2026-03-18 23:17:44.808 +05:30 [INF] Route matched with {action = "MyRequests", controller = "Family"}. Executing controller action with signature System.Threading.Tasks.Task`1[Microsoft.AspNetCore.Mvc.IActionResult] MyRequests() on controller PrisonerPortal.Controllers.FamilyController (PrisonerPortal).
2026-03-18 23:17:44.815 +05:30 [INF] Executed DbCommand (2ms) [Parameters=[@p='?' (Size = 450)], CommandType='"Text"', CommandTimeout='30']
SELECT TOP(1) [a].[Id], [a].[AccessFailedCount], [a].[Address], [a].[ConcurrencyStamp], [a].[CreatedAt], [a].[Email], [a].[EmailConfirmed], [a].[FullName], [a].[IsActive], [a].[LockoutEnabled], [a].[LockoutEnd], [a].[NormalizedEmail], [a].[NormalizedUserName], [a].[PasswordHash], [a].[PhoneNumber], [a].[PhoneNumberConfirmed], [a].[Role], [a].[SecurityStamp], [a].[TwoFactorEnabled], [a].[UserName]
FROM [AspNetUsers] AS [a]
WHERE [a].[Id] = @p
2026-03-18 23:17:44.817 +05:30 [INF] Executed DbCommand (1ms) [Parameters=[@userId='?' (Size = 450)], CommandType='"Text"', CommandTimeout='30']
SELECT [s].[RequestId], [s].[AdminResponse], [s].[AssignedAdminId], [s].[Category], [s].[CreatedAt], [s].[Description], [s].[Priority], [s].[PrisonerId], [s].[RequestCode], [s].[ResolvedAt], [s].[Status], [s].[Subject], [s].[UpdatedAt], [s].[UserId], [p].[PrisonerId], [p].[CaseNumber], [p].[CellBlock], [p].[CellNumber], [p].[CreatedAt], [p].[CrimeCategory], [p].[DateOfBirth], [p].[FullName], [p].[Gender], [p].[PrisonerCode], [p].[SentenceEndDate], [p].[SentenceStartDate], [p].[Status], [p].[UpdatedAt]
FROM [SupportRequests] AS [s]
LEFT JOIN [Prisoners] AS [p] ON [s].[PrisonerId] = [p].[PrisonerId]
WHERE [s].[UserId] = @userId
ORDER BY [s].[CreatedAt] DESC
2026-03-18 23:17:44.821 +05:30 [INF] Executing ViewResult, running view MyRequests.
2026-03-18 23:17:44.845 +05:30 [INF] Executed ViewResult - view MyRequests executed in 27.3742ms.
2026-03-18 23:17:44.846 +05:30 [INF] Executed action PrisonerPortal.Controllers.FamilyController.MyRequests (PrisonerPortal) in 37.3688ms
2026-03-18 23:17:44.846 +05:30 [INF] Executed endpoint 'PrisonerPortal.Controllers.FamilyController.MyRequests (PrisonerPortal)'
2026-03-18 23:17:44.846 +05:30 [INF] Request finished HTTP/1.1 GET http://localhost:5050/Family/MyRequests - 200 null text/html; charset=utf-8 80.5241ms
2026-03-18 23:17:44.915 +05:30 [INF] Request starting HTTP/1.1 GET http://localhost:5050/Notifications/GetUnreadCount - null null
2026-03-18 23:17:44.917 +05:30 [INF] Executing endpoint 'PrisonerPortal.Controllers.NotificationsController.GetUnreadCount (PrisonerPortal)'
2026-03-18 23:17:44.917 +05:30 [INF] Route matched with {action = "GetUnreadCount", controller = "Notifications"}. Executing controller action with signature Microsoft.AspNetCore.Mvc.IActionResult GetUnreadCount() on controller PrisonerPortal.Controllers.NotificationsController (PrisonerPortal).
2026-03-18 23:17:44.921 +05:30 [INF] Executed DbCommand (1ms) [Parameters=[@userId='?' (Size = 450)], CommandType='"Text"', CommandTimeout='30']
SELECT COUNT(*)
FROM [Notifications] AS [n]
WHERE [n].[UserId] = @userId AND [n].[IsRead] = CAST(0 AS bit)
2026-03-18 23:17:44.921 +05:30 [INF] Executing JsonResult, writing value of type '<>f__AnonymousType2`1[[System.Int32, System.Private.CoreLib, Version=10.0.0.0, Culture=neutral, PublicKeyToken=7cec85d7bea7798e]]'.
2026-03-18 23:17:44.921 +05:30 [INF] Executed action PrisonerPortal.Controllers.NotificationsController.GetUnreadCount (PrisonerPortal) in 4.069ms
2026-03-18 23:17:44.921 +05:30 [INF] Executed endpoint 'PrisonerPortal.Controllers.NotificationsController.GetUnreadCount (PrisonerPortal)'
2026-03-18 23:17:44.922 +05:30 [INF] Request finished HTTP/1.1 GET http://localhost:5050/Notifications/GetUnreadCount - 200 null application/json; charset=utf-8 6.6114ms
2026-03-18 23:17:46.554 +05:30 [INF] Request starting HTTP/1.1 GET http://localhost:5050/Family/BookVisit - null null
2026-03-18 23:17:46.556 +05:30 [INF] Executing endpoint 'PrisonerPortal.Controllers.FamilyController.BookVisit (PrisonerPortal)'
2026-03-18 23:17:46.582 +05:30 [INF] Route matched with {action = "BookVisit", controller = "Family"}. Executing controller action with signature System.Threading.Tasks.Task`1[Microsoft.AspNetCore.Mvc.IActionResult] BookVisit(System.Nullable`1[System.Int32]) on controller PrisonerPortal.Controllers.FamilyController (PrisonerPortal).
2026-03-18 23:17:46.592 +05:30 [INF] Executed DbCommand (3ms) [Parameters=[@p='?' (Size = 450)], CommandType='"Text"', CommandTimeout='30']
SELECT TOP(1) [a].[Id], [a].[AccessFailedCount], [a].[Address], [a].[ConcurrencyStamp], [a].[CreatedAt], [a].[Email], [a].[EmailConfirmed], [a].[FullName], [a].[IsActive], [a].[LockoutEnabled], [a].[LockoutEnd], [a].[NormalizedEmail], [a].[NormalizedUserName], [a].[PasswordHash], [a].[PhoneNumber], [a].[PhoneNumberConfirmed], [a].[Role], [a].[SecurityStamp], [a].[TwoFactorEnabled], [a].[UserName]
FROM [AspNetUsers] AS [a]
WHERE [a].[Id] = @p
2026-03-18 23:17:46.596 +05:30 [INF] Executed DbCommand (2ms) [Parameters=[@userId='?' (Size = 450)], CommandType='"Text"', CommandTimeout='30']
SELECT [f].[LinkId], [f].[IsVerified], [f].[LinkedAt], [f].[PrisonerId], [f].[Relationship], [f].[UserId], [f].[VerifiedByAdminId], [p].[PrisonerId], [p].[CaseNumber], [p].[CellBlock], [p].[CellNumber], [p].[CreatedAt], [p].[CrimeCategory], [p].[DateOfBirth], [p].[FullName], [p].[Gender], [p].[PrisonerCode], [p].[SentenceEndDate], [p].[SentenceStartDate], [p].[Status], [p].[UpdatedAt]
FROM [FamilyPrisonerLinks] AS [f]
INNER JOIN [Prisoners] AS [p] ON [f].[PrisonerId] = [p].[PrisonerId]
WHERE [f].[UserId] = @userId AND [f].[IsVerified] = CAST(1 AS bit)
2026-03-18 23:17:46.676 +05:30 [INF] Executed DbCommand (15ms) [Parameters=[], CommandType='"Text"', CommandTimeout='30']
SELECT [v].[SlotId], [v].[CreatedAt], [v].[CreatedByAdminId], [v].[CurrentBookings], [v].[EndTime], [v].[IsActive], [v].[MaxCapacity], [v].[SlotDate], [v].[StartTime]
FROM [VisitSlots] AS [v]
WHERE [v].[IsActive] = CAST(1 AS bit) AND [v].[SlotDate] >= CONVERT(date, GETDATE()) AND [v].[CurrentBookings] < [v].[MaxCapacity]
ORDER BY [v].[SlotDate], [v].[StartTime]
2026-03-18 23:17:46.686 +05:30 [INF] Executing ViewResult, running view BookVisit.
2026-03-18 23:17:46.799 +05:30 [INF] Executed ViewResult - view BookVisit executed in 115.8143ms.
2026-03-18 23:17:46.799 +05:30 [INF] Executed action PrisonerPortal.Controllers.FamilyController.BookVisit (PrisonerPortal) in 216.6406ms
2026-03-18 23:17:46.799 +05:30 [INF] Executed endpoint 'PrisonerPortal.Controllers.FamilyController.BookVisit (PrisonerPortal)'
2026-03-18 23:17:46.799 +05:30 [INF] Request finished HTTP/1.1 GET http://localhost:5050/Family/BookVisit - 200 null text/html; charset=utf-8 245.9158ms
2026-03-18 23:17:46.870 +05:30 [INF] Request starting HTTP/1.1 GET http://localhost:5050/Notifications/GetUnreadCount - null null
2026-03-18 23:17:46.872 +05:30 [INF] Executing endpoint 'PrisonerPortal.Controllers.NotificationsController.GetUnreadCount (PrisonerPortal)'
2026-03-18 23:17:46.872 +05:30 [INF] Route matched with {action = "GetUnreadCount", controller = "Notifications"}. Executing controller action with signature Microsoft.AspNetCore.Mvc.IActionResult GetUnreadCount() on controller PrisonerPortal.Controllers.NotificationsController (PrisonerPortal).
2026-03-18 23:17:46.875 +05:30 [INF] Executed DbCommand (1ms) [Parameters=[@userId='?' (Size = 450)], CommandType='"Text"', CommandTimeout='30']
SELECT COUNT(*)
FROM [Notifications] AS [n]
WHERE [n].[UserId] = @userId AND [n].[IsRead] = CAST(0 AS bit)
2026-03-18 23:17:46.876 +05:30 [INF] Executing JsonResult, writing value of type '<>f__AnonymousType2`1[[System.Int32, System.Private.CoreLib, Version=10.0.0.0, Culture=neutral, PublicKeyToken=7cec85d7bea7798e]]'.
2026-03-18 23:17:46.876 +05:30 [INF] Executed action PrisonerPortal.Controllers.NotificationsController.GetUnreadCount (PrisonerPortal) in 3.7736ms
2026-03-18 23:17:46.876 +05:30 [INF] Executed endpoint 'PrisonerPortal.Controllers.NotificationsController.GetUnreadCount (PrisonerPortal)'
2026-03-18 23:17:46.877 +05:30 [INF] Request finished HTTP/1.1 GET http://localhost:5050/Notifications/GetUnreadCount - 200 null application/json; charset=utf-8 6.3611ms
2026-03-18 23:17:47.915 +05:30 [INF] Request starting HTTP/1.1 GET http://localhost:5050/Family/SubmitRequest - null null
2026-03-18 23:17:47.917 +05:30 [INF] Executing endpoint 'PrisonerPortal.Controllers.FamilyController.SubmitRequest (PrisonerPortal)'
2026-03-18 23:17:47.917 +05:30 [INF] Route matched with {action = "SubmitRequest", controller = "Family"}. Executing controller action with signature System.Threading.Tasks.Task`1[Microsoft.AspNetCore.Mvc.IActionResult] SubmitRequest(System.Nullable`1[System.Int32]) on controller PrisonerPortal.Controllers.FamilyController (PrisonerPortal).
2026-03-18 23:17:47.921 +05:30 [INF] Executed DbCommand (1ms) [Parameters=[@p='?' (Size = 450)], CommandType='"Text"', CommandTimeout='30']
SELECT TOP(1) [a].[Id], [a].[AccessFailedCount], [a].[Address], [a].[ConcurrencyStamp], [a].[CreatedAt], [a].[Email], [a].[EmailConfirmed], [a].[FullName], [a].[IsActive], [a].[LockoutEnabled], [a].[LockoutEnd], [a].[NormalizedEmail], [a].[NormalizedUserName], [a].[PasswordHash], [a].[PhoneNumber], [a].[PhoneNumberConfirmed], [a].[Role], [a].[SecurityStamp], [a].[TwoFactorEnabled], [a].[UserName]
FROM [AspNetUsers] AS [a]
WHERE [a].[Id] = @p
2026-03-18 23:17:47.924 +05:30 [INF] Executed DbCommand (2ms) [Parameters=[@userId='?' (Size = 450)], CommandType='"Text"', CommandTimeout='30']
SELECT [f].[LinkId], [f].[IsVerified], [f].[LinkedAt], [f].[PrisonerId], [f].[Relationship], [f].[UserId], [f].[VerifiedByAdminId], [p].[PrisonerId], [p].[CaseNumber], [p].[CellBlock], [p].[CellNumber], [p].[CreatedAt], [p].[CrimeCategory], [p].[DateOfBirth], [p].[FullName], [p].[Gender], [p].[PrisonerCode], [p].[SentenceEndDate], [p].[SentenceStartDate], [p].[Status], [p].[UpdatedAt]
FROM [FamilyPrisonerLinks] AS [f]
INNER JOIN [Prisoners] AS [p] ON [f].[PrisonerId] = [p].[PrisonerId]
WHERE [f].[UserId] = @userId AND [f].[IsVerified] = CAST(1 AS bit)
2026-03-18 23:17:47.926 +05:30 [INF] Executing ViewResult, running view SubmitRequest.
2026-03-18 23:17:47.938 +05:30 [INF] Executed ViewResult - view SubmitRequest executed in 11.1757ms.
2026-03-18 23:17:47.938 +05:30 [INF] Executed action PrisonerPortal.Controllers.FamilyController.SubmitRequest (PrisonerPortal) in 20.6983ms
2026-03-18 23:17:47.938 +05:30 [INF] Executed endpoint 'PrisonerPortal.Controllers.FamilyController.SubmitRequest (PrisonerPortal)'
2026-03-18 23:17:47.940 +05:30 [INF] Request finished HTTP/1.1 GET http://localhost:5050/Family/SubmitRequest - 200 null text/html; charset=utf-8 24.2963ms
2026-03-18 23:17:48.001 +05:30 [INF] Request starting HTTP/1.1 GET http://localhost:5050/Notifications/GetUnreadCount - null null
2026-03-18 23:17:48.003 +05:30 [INF] Executing endpoint 'PrisonerPortal.Controllers.NotificationsController.GetUnreadCount (PrisonerPortal)'
2026-03-18 23:17:48.004 +05:30 [INF] Route matched with {action = "GetUnreadCount", controller = "Notifications"}. Executing controller action with signature Microsoft.AspNetCore.Mvc.IActionResult GetUnreadCount() on controller PrisonerPortal.Controllers.NotificationsController (PrisonerPortal).
2026-03-18 23:17:48.009 +05:30 [INF] Executed DbCommand (2ms) [Parameters=[@userId='?' (Size = 450)], CommandType='"Text"', CommandTimeout='30']
SELECT COUNT(*)
FROM [Notifications] AS [n]
WHERE [n].[UserId] = @userId AND [n].[IsRead] = CAST(0 AS bit)
2026-03-18 23:17:48.010 +05:30 [INF] Executing JsonResult, writing value of type '<>f__AnonymousType2`1[[System.Int32, System.Private.CoreLib, Version=10.0.0.0, Culture=neutral, PublicKeyToken=7cec85d7bea7798e]]'.
2026-03-18 23:17:48.010 +05:30 [INF] Executed action PrisonerPortal.Controllers.NotificationsController.GetUnreadCount (PrisonerPortal) in 6.3276ms
2026-03-18 23:17:48.010 +05:30 [INF] Executed endpoint 'PrisonerPortal.Controllers.NotificationsController.GetUnreadCount (PrisonerPortal)'
2026-03-18 23:17:48.011 +05:30 [INF] Request finished HTTP/1.1 GET http://localhost:5050/Notifications/GetUnreadCount - 200 null application/json; charset=utf-8 9.7147ms
2026-03-18 23:18:18.006 +05:30 [INF] Request starting HTTP/1.1 GET http://localhost:5050/Notifications/GetUnreadCount - null null
2026-03-18 23:18:18.008 +05:30 [INF] Executing endpoint 'PrisonerPortal.Controllers.NotificationsController.GetUnreadCount (PrisonerPortal)'
2026-03-18 23:18:18.008 +05:30 [INF] Route matched with {action = "GetUnreadCount", controller = "Notifications"}. Executing controller action with signature Microsoft.AspNetCore.Mvc.IActionResult GetUnreadCount() on controller PrisonerPortal.Controllers.NotificationsController (PrisonerPortal).
2026-03-18 23:18:18.013 +05:30 [INF] Executed DbCommand (2ms) [Parameters=[@userId='?' (Size = 450)], CommandType='"Text"', CommandTimeout='30']
SELECT COUNT(*)
FROM [Notifications] AS [n]
WHERE [n].[UserId] = @userId AND [n].[IsRead] = CAST(0 AS bit)
2026-03-18 23:18:18.014 +05:30 [INF] Executing JsonResult, writing value of type '<>f__AnonymousType2`1[[System.Int32, System.Private.CoreLib, Version=10.0.0.0, Culture=neutral, PublicKeyToken=7cec85d7bea7798e]]'.
2026-03-18 23:18:18.015 +05:30 [INF] Executed action PrisonerPortal.Controllers.NotificationsController.GetUnreadCount (PrisonerPortal) in 6.536ms
2026-03-18 23:18:18.015 +05:30 [INF] Executed endpoint 'PrisonerPortal.Controllers.NotificationsController.GetUnreadCount (PrisonerPortal)'
2026-03-18 23:18:18.015 +05:30 [INF] Request finished HTTP/1.1 GET http://localhost:5050/Notifications/GetUnreadCount - 200 null application/json; charset=utf-8 8.6989ms
2026-03-18 23:18:47.476 +05:30 [INF] Request starting HTTP/1.1 POST http://localhost:5050/Family/SubmitRequest - application/x-www-form-urlencoded 458
2026-03-18 23:18:47.478 +05:30 [INF] Executing endpoint 'PrisonerPortal.Controllers.FamilyController.SubmitRequest (PrisonerPortal)'
2026-03-18 23:18:47.563 +05:30 [INF] Route matched with {action = "SubmitRequest", controller = "Family"}. Executing controller action with signature System.Threading.Tasks.Task`1[Microsoft.AspNetCore.Mvc.IActionResult] SubmitRequest(PrisonerPortal.Models.ViewModels.SubmitRequestViewModel) on controller PrisonerPortal.Controllers.FamilyController (PrisonerPortal).
2026-03-18 23:18:47.595 +05:30 [INF] Executed DbCommand (9ms) [Parameters=[@p='?' (Size = 450)], CommandType='"Text"', CommandTimeout='30']
SELECT TOP(1) [a].[Id], [a].[AccessFailedCount], [a].[Address], [a].[ConcurrencyStamp], [a].[CreatedAt], [a].[Email], [a].[EmailConfirmed], [a].[FullName], [a].[IsActive], [a].[LockoutEnabled], [a].[LockoutEnd], [a].[NormalizedEmail], [a].[NormalizedUserName], [a].[PasswordHash], [a].[PhoneNumber], [a].[PhoneNumberConfirmed], [a].[Role], [a].[SecurityStamp], [a].[TwoFactorEnabled], [a].[UserName]
FROM [AspNetUsers] AS [a]
WHERE [a].[Id] = @p
2026-03-18 23:18:47.639 +05:30 [INF] Executed DbCommand (8ms) [Parameters=[@user_Id='?' (Size = 450), @8__locals1_model_PrisonerId='?' (DbType = Int32)], CommandType='"Text"', CommandTimeout='30']
SELECT CASE
    WHEN EXISTS (
        SELECT 1
        FROM [FamilyPrisonerLinks] AS [f]
        WHERE [f].[UserId] = @user_Id AND [f].[PrisonerId] = @8__locals1_model_PrisonerId AND [f].[IsVerified] = CAST(1 AS bit)) THEN CAST(1 AS bit)
    ELSE CAST(0 AS bit)
END
2026-03-18 23:18:47.650 +05:30 [INF] Executed DbCommand (9ms) [Parameters=[@userId='?' (Size = 450)], CommandType='"Text"', CommandTimeout='30']
SELECT [f].[LinkId], [f].[IsVerified], [f].[LinkedAt], [f].[PrisonerId], [f].[Relationship], [f].[UserId], [f].[VerifiedByAdminId], [p].[PrisonerId], [p].[CaseNumber], [p].[CellBlock], [p].[CellNumber], [p].[CreatedAt], [p].[CrimeCategory], [p].[DateOfBirth], [p].[FullName], [p].[Gender], [p].[PrisonerCode], [p].[SentenceEndDate], [p].[SentenceStartDate], [p].[Status], [p].[UpdatedAt]
FROM [FamilyPrisonerLinks] AS [f]
INNER JOIN [Prisoners] AS [p] ON [f].[PrisonerId] = [p].[PrisonerId]
WHERE [f].[UserId] = @userId AND [f].[IsVerified] = CAST(1 AS bit)
2026-03-18 23:18:47.651 +05:30 [INF] Executing ViewResult, running view SubmitRequest.
2026-03-18 23:18:47.660 +05:30 [INF] Executed ViewResult - view SubmitRequest executed in 9.3344ms.
2026-03-18 23:18:47.661 +05:30 [INF] Executed action PrisonerPortal.Controllers.FamilyController.SubmitRequest (PrisonerPortal) in 97.4971ms
2026-03-18 23:18:47.661 +05:30 [INF] Executed endpoint 'PrisonerPortal.Controllers.FamilyController.SubmitRequest (PrisonerPortal)'
2026-03-18 23:18:47.661 +05:30 [INF] Request finished HTTP/1.1 POST http://localhost:5050/Family/SubmitRequest - 200 null text/html; charset=utf-8 185.2587ms
2026-03-18 23:18:47.715 +05:30 [INF] Request starting HTTP/1.1 GET http://localhost:5050/Notifications/GetUnreadCount - null null
2026-03-18 23:18:47.717 +05:30 [INF] Executing endpoint 'PrisonerPortal.Controllers.NotificationsController.GetUnreadCount (PrisonerPortal)'
2026-03-18 23:18:47.718 +05:30 [INF] Route matched with {action = "GetUnreadCount", controller = "Notifications"}. Executing controller action with signature Microsoft.AspNetCore.Mvc.IActionResult GetUnreadCount() on controller PrisonerPortal.Controllers.NotificationsController (PrisonerPortal).
2026-03-18 23:18:47.729 +05:30 [INF] Executed DbCommand (8ms) [Parameters=[@userId='?' (Size = 450)], CommandType='"Text"', CommandTimeout='30']
SELECT COUNT(*)
FROM [Notifications] AS [n]
WHERE [n].[UserId] = @userId AND [n].[IsRead] = CAST(0 AS bit)
2026-03-18 23:18:47.730 +05:30 [INF] Executing JsonResult, writing value of type '<>f__AnonymousType2`1[[System.Int32, System.Private.CoreLib, Version=10.0.0.0, Culture=neutral, PublicKeyToken=7cec85d7bea7798e]]'.
2026-03-18 23:18:47.730 +05:30 [INF] Executed action PrisonerPortal.Controllers.NotificationsController.GetUnreadCount (PrisonerPortal) in 12.3228ms
2026-03-18 23:18:47.730 +05:30 [INF] Executed endpoint 'PrisonerPortal.Controllers.NotificationsController.GetUnreadCount (PrisonerPortal)'
2026-03-18 23:18:47.731 +05:30 [INF] Request finished HTTP/1.1 GET http://localhost:5050/Notifications/GetUnreadCount - 200 null application/json; charset=utf-8 15.7191ms
2026-03-18 23:18:59.361 +05:30 [INF] Request starting HTTP/1.1 POST http://localhost:5050/Family/SubmitRequest - application/x-www-form-urlencoded 458
2026-03-18 23:18:59.364 +05:30 [INF] Executing endpoint 'PrisonerPortal.Controllers.FamilyController.SubmitRequest (PrisonerPortal)'
2026-03-18 23:18:59.364 +05:30 [INF] Route matched with {action = "SubmitRequest", controller = "Family"}. Executing controller action with signature System.Threading.Tasks.Task`1[Microsoft.AspNetCore.Mvc.IActionResult] SubmitRequest(PrisonerPortal.Models.ViewModels.SubmitRequestViewModel) on controller PrisonerPortal.Controllers.FamilyController (PrisonerPortal).
2026-03-18 23:18:59.372 +05:30 [INF] Executed DbCommand (2ms) [Parameters=[@p='?' (Size = 450)], CommandType='"Text"', CommandTimeout='30']
SELECT TOP(1) [a].[Id], [a].[AccessFailedCount], [a].[Address], [a].[ConcurrencyStamp], [a].[CreatedAt], [a].[Email], [a].[EmailConfirmed], [a].[FullName], [a].[IsActive], [a].[LockoutEnabled], [a].[LockoutEnd], [a].[NormalizedEmail], [a].[NormalizedUserName], [a].[PasswordHash], [a].[PhoneNumber], [a].[PhoneNumberConfirmed], [a].[Role], [a].[SecurityStamp], [a].[TwoFactorEnabled], [a].[UserName]
FROM [AspNetUsers] AS [a]
WHERE [a].[Id] = @p
2026-03-18 23:18:59.377 +05:30 [INF] Executed DbCommand (1ms) [Parameters=[@user_Id='?' (Size = 450), @8__locals1_model_PrisonerId='?' (DbType = Int32)], CommandType='"Text"', CommandTimeout='30']
SELECT CASE
    WHEN EXISTS (
        SELECT 1
        FROM [FamilyPrisonerLinks] AS [f]
        WHERE [f].[UserId] = @user_Id AND [f].[PrisonerId] = @8__locals1_model_PrisonerId AND [f].[IsVerified] = CAST(1 AS bit)) THEN CAST(1 AS bit)
    ELSE CAST(0 AS bit)
END
2026-03-18 23:18:59.530 +05:30 [INF] Executed DbCommand (9ms) [Parameters=[@p0='?' (Size = 4000), @p1='?' (Size = 450), @p2='?' (Size = 4000), @p3='?' (DbType = DateTime2), @p4='?' (Size = 4000), @p5='?' (Size = 4000), @p6='?' (DbType = Int32), @p7='?' (Size = 450), @p8='?' (DbType = DateTime2), @p9='?' (Size = 4000), @p10='?' (Size = 4000), @p11='?' (DbType = DateTime2), @p12='?' (Size = 450)], CommandType='"Text"', CommandTimeout='30']
SET IMPLICIT_TRANSACTIONS OFF;
SET NOCOUNT ON;
INSERT INTO [SupportRequests] ([AdminResponse], [AssignedAdminId], [Category], [CreatedAt], [Description], [Priority], [PrisonerId], [RequestCode], [ResolvedAt], [Status], [Subject], [UpdatedAt], [UserId])
OUTPUT INSERTED.[RequestId]
VALUES (@p0, @p1, @p2, @p3, @p4, @p5, @p6, @p7, @p8, @p9, @p10, @p11, @p12);
2026-03-18 23:18:59.537 +05:30 [INF] Executing RedirectResult, redirecting to /Family/MyRequests.
2026-03-18 23:18:59.611 +05:30 [INF] Executed action PrisonerPortal.Controllers.FamilyController.SubmitRequest (PrisonerPortal) in 246.5848ms
2026-03-18 23:18:59.611 +05:30 [INF] Executed endpoint 'PrisonerPortal.Controllers.FamilyController.SubmitRequest (PrisonerPortal)'
2026-03-18 23:18:59.612 +05:30 [INF] Request finished HTTP/1.1 POST http://localhost:5050/Family/SubmitRequest - 302 0 null 250.3815ms
2026-03-18 23:18:59.620 +05:30 [INF] Request starting HTTP/1.1 GET http://localhost:5050/Family/MyRequests - null null
2026-03-18 23:18:59.621 +05:30 [INF] Executing endpoint 'PrisonerPortal.Controllers.FamilyController.MyRequests (PrisonerPortal)'
2026-03-18 23:18:59.621 +05:30 [INF] Route matched with {action = "MyRequests", controller = "Family"}. Executing controller action with signature System.Threading.Tasks.Task`1[Microsoft.AspNetCore.Mvc.IActionResult] MyRequests() on controller PrisonerPortal.Controllers.FamilyController (PrisonerPortal).
2026-03-18 23:18:59.627 +05:30 [INF] Executed DbCommand (2ms) [Parameters=[@p='?' (Size = 450)], CommandType='"Text"', CommandTimeout='30']
SELECT TOP(1) [a].[Id], [a].[AccessFailedCount], [a].[Address], [a].[ConcurrencyStamp], [a].[CreatedAt], [a].[Email], [a].[EmailConfirmed], [a].[FullName], [a].[IsActive], [a].[LockoutEnabled], [a].[LockoutEnd], [a].[NormalizedEmail], [a].[NormalizedUserName], [a].[PasswordHash], [a].[PhoneNumber], [a].[PhoneNumberConfirmed], [a].[Role], [a].[SecurityStamp], [a].[TwoFactorEnabled], [a].[UserName]
FROM [AspNetUsers] AS [a]
WHERE [a].[Id] = @p
2026-03-18 23:18:59.654 +05:30 [INF] Executed DbCommand (25ms) [Parameters=[@userId='?' (Size = 450)], CommandType='"Text"', CommandTimeout='30']
SELECT [s].[RequestId], [s].[AdminResponse], [s].[AssignedAdminId], [s].[Category], [s].[CreatedAt], [s].[Description], [s].[Priority], [s].[PrisonerId], [s].[RequestCode], [s].[ResolvedAt], [s].[Status], [s].[Subject], [s].[UpdatedAt], [s].[UserId], [p].[PrisonerId], [p].[CaseNumber], [p].[CellBlock], [p].[CellNumber], [p].[CreatedAt], [p].[CrimeCategory], [p].[DateOfBirth], [p].[FullName], [p].[Gender], [p].[PrisonerCode], [p].[SentenceEndDate], [p].[SentenceStartDate], [p].[Status], [p].[UpdatedAt]
FROM [SupportRequests] AS [s]
LEFT JOIN [Prisoners] AS [p] ON [s].[PrisonerId] = [p].[PrisonerId]
WHERE [s].[UserId] = @userId
ORDER BY [s].[CreatedAt] DESC
2026-03-18 23:18:59.659 +05:30 [INF] Executing ViewResult, running view MyRequests.
2026-03-18 23:18:59.727 +05:30 [INF] Executed ViewResult - view MyRequests executed in 67.9587ms.
2026-03-18 23:18:59.727 +05:30 [INF] Executed action PrisonerPortal.Controllers.FamilyController.MyRequests (PrisonerPortal) in 106.0167ms
2026-03-18 23:18:59.728 +05:30 [INF] Executed endpoint 'PrisonerPortal.Controllers.FamilyController.MyRequests (PrisonerPortal)'
2026-03-18 23:18:59.728 +05:30 [INF] Request finished HTTP/1.1 GET http://localhost:5050/Family/MyRequests - 200 null text/html; charset=utf-8 108.032ms
2026-03-18 23:18:59.811 +05:30 [INF] Request starting HTTP/1.1 GET http://localhost:5050/Notifications/GetUnreadCount - null null
2026-03-18 23:18:59.812 +05:30 [INF] Executing endpoint 'PrisonerPortal.Controllers.NotificationsController.GetUnreadCount (PrisonerPortal)'
2026-03-18 23:18:59.812 +05:30 [INF] Route matched with {action = "GetUnreadCount", controller = "Notifications"}. Executing controller action with signature Microsoft.AspNetCore.Mvc.IActionResult GetUnreadCount() on controller PrisonerPortal.Controllers.NotificationsController (PrisonerPortal).
2026-03-18 23:18:59.815 +05:30 [INF] Executed DbCommand (1ms) [Parameters=[@userId='?' (Size = 450)], CommandType='"Text"', CommandTimeout='30']
SELECT COUNT(*)
FROM [Notifications] AS [n]
WHERE [n].[UserId] = @userId AND [n].[IsRead] = CAST(0 AS bit)
2026-03-18 23:18:59.815 +05:30 [INF] Executing JsonResult, writing value of type '<>f__AnonymousType2`1[[System.Int32, System.Private.CoreLib, Version=10.0.0.0, Culture=neutral, PublicKeyToken=7cec85d7bea7798e]]'.
2026-03-18 23:18:59.816 +05:30 [INF] Executed action PrisonerPortal.Controllers.NotificationsController.GetUnreadCount (PrisonerPortal) in 3.4793ms
2026-03-18 23:18:59.816 +05:30 [INF] Executed endpoint 'PrisonerPortal.Controllers.NotificationsController.GetUnreadCount (PrisonerPortal)'
2026-03-18 23:18:59.816 +05:30 [INF] Request finished HTTP/1.1 GET http://localhost:5050/Notifications/GetUnreadCount - 200 null application/json; charset=utf-8 5.6677ms
2026-03-18 23:19:02.278 +05:30 [INF] Request starting HTTP/1.1 GET http://localhost:5050/Family/SubmitRequest - null null
2026-03-18 23:19:02.280 +05:30 [INF] Executing endpoint 'PrisonerPortal.Controllers.FamilyController.SubmitRequest (PrisonerPortal)'
2026-03-18 23:19:02.281 +05:30 [INF] Route matched with {action = "SubmitRequest", controller = "Family"}. Executing controller action with signature System.Threading.Tasks.Task`1[Microsoft.AspNetCore.Mvc.IActionResult] SubmitRequest(System.Nullable`1[System.Int32]) on controller PrisonerPortal.Controllers.FamilyController (PrisonerPortal).
2026-03-18 23:19:02.287 +05:30 [INF] Executed DbCommand (3ms) [Parameters=[@p='?' (Size = 450)], CommandType='"Text"', CommandTimeout='30']
SELECT TOP(1) [a].[Id], [a].[AccessFailedCount], [a].[Address], [a].[ConcurrencyStamp], [a].[CreatedAt], [a].[Email], [a].[EmailConfirmed], [a].[FullName], [a].[IsActive], [a].[LockoutEnabled], [a].[LockoutEnd], [a].[NormalizedEmail], [a].[NormalizedUserName], [a].[PasswordHash], [a].[PhoneNumber], [a].[PhoneNumberConfirmed], [a].[Role], [a].[SecurityStamp], [a].[TwoFactorEnabled], [a].[UserName]
FROM [AspNetUsers] AS [a]
WHERE [a].[Id] = @p
2026-03-18 23:19:02.292 +05:30 [INF] Executed DbCommand (3ms) [Parameters=[@userId='?' (Size = 450)], CommandType='"Text"', CommandTimeout='30']
SELECT [f].[LinkId], [f].[IsVerified], [f].[LinkedAt], [f].[PrisonerId], [f].[Relationship], [f].[UserId], [f].[VerifiedByAdminId], [p].[PrisonerId], [p].[CaseNumber], [p].[CellBlock], [p].[CellNumber], [p].[CreatedAt], [p].[CrimeCategory], [p].[DateOfBirth], [p].[FullName], [p].[Gender], [p].[PrisonerCode], [p].[SentenceEndDate], [p].[SentenceStartDate], [p].[Status], [p].[UpdatedAt]
FROM [FamilyPrisonerLinks] AS [f]
INNER JOIN [Prisoners] AS [p] ON [f].[PrisonerId] = [p].[PrisonerId]
WHERE [f].[UserId] = @userId AND [f].[IsVerified] = CAST(1 AS bit)
2026-03-18 23:19:02.294 +05:30 [INF] Executing ViewResult, running view SubmitRequest.
2026-03-18 23:19:02.299 +05:30 [INF] Executed ViewResult - view SubmitRequest executed in 5.3375ms.
2026-03-18 23:19:02.299 +05:30 [INF] Executed action PrisonerPortal.Controllers.FamilyController.SubmitRequest (PrisonerPortal) in 18.2088ms
2026-03-18 23:19:02.300 +05:30 [INF] Executed endpoint 'PrisonerPortal.Controllers.FamilyController.SubmitRequest (PrisonerPortal)'
2026-03-18 23:19:02.300 +05:30 [INF] Request finished HTTP/1.1 GET http://localhost:5050/Family/SubmitRequest - 200 null text/html; charset=utf-8 21.8826ms
2026-03-18 23:19:02.377 +05:30 [INF] Request starting HTTP/1.1 GET http://localhost:5050/Notifications/GetUnreadCount - null null
2026-03-18 23:19:02.378 +05:30 [INF] Executing endpoint 'PrisonerPortal.Controllers.NotificationsController.GetUnreadCount (PrisonerPortal)'
2026-03-18 23:19:02.379 +05:30 [INF] Route matched with {action = "GetUnreadCount", controller = "Notifications"}. Executing controller action with signature Microsoft.AspNetCore.Mvc.IActionResult GetUnreadCount() on controller PrisonerPortal.Controllers.NotificationsController (PrisonerPortal).
2026-03-18 23:19:02.382 +05:30 [INF] Executed DbCommand (1ms) [Parameters=[@userId='?' (Size = 450)], CommandType='"Text"', CommandTimeout='30']
SELECT COUNT(*)
FROM [Notifications] AS [n]
WHERE [n].[UserId] = @userId AND [n].[IsRead] = CAST(0 AS bit)
2026-03-18 23:19:02.382 +05:30 [INF] Executing JsonResult, writing value of type '<>f__AnonymousType2`1[[System.Int32, System.Private.CoreLib, Version=10.0.0.0, Culture=neutral, PublicKeyToken=7cec85d7bea7798e]]'.
2026-03-18 23:19:02.383 +05:30 [INF] Executed action PrisonerPortal.Controllers.NotificationsController.GetUnreadCount (PrisonerPortal) in 4.245ms
2026-03-18 23:19:02.383 +05:30 [INF] Executed endpoint 'PrisonerPortal.Controllers.NotificationsController.GetUnreadCount (PrisonerPortal)'
2026-03-18 23:19:02.383 +05:30 [INF] Request finished HTTP/1.1 GET http://localhost:5050/Notifications/GetUnreadCount - 200 null application/json; charset=utf-8 6.4466ms
2026-03-18 23:19:04.474 +05:30 [INF] Request starting HTTP/1.1 GET http://localhost:5050/Family/MyRequests - null null
2026-03-18 23:19:04.475 +05:30 [INF] Executing endpoint 'PrisonerPortal.Controllers.FamilyController.MyRequests (PrisonerPortal)'
2026-03-18 23:19:04.476 +05:30 [INF] Route matched with {action = "MyRequests", controller = "Family"}. Executing controller action with signature System.Threading.Tasks.Task`1[Microsoft.AspNetCore.Mvc.IActionResult] MyRequests() on controller PrisonerPortal.Controllers.FamilyController (PrisonerPortal).
2026-03-18 23:19:04.482 +05:30 [INF] Executed DbCommand (1ms) [Parameters=[@p='?' (Size = 450)], CommandType='"Text"', CommandTimeout='30']
SELECT TOP(1) [a].[Id], [a].[AccessFailedCount], [a].[Address], [a].[ConcurrencyStamp], [a].[CreatedAt], [a].[Email], [a].[EmailConfirmed], [a].[FullName], [a].[IsActive], [a].[LockoutEnabled], [a].[LockoutEnd], [a].[NormalizedEmail], [a].[NormalizedUserName], [a].[PasswordHash], [a].[PhoneNumber], [a].[PhoneNumberConfirmed], [a].[Role], [a].[SecurityStamp], [a].[TwoFactorEnabled], [a].[UserName]
FROM [AspNetUsers] AS [a]
WHERE [a].[Id] = @p
2026-03-18 23:19:04.485 +05:30 [INF] Executed DbCommand (2ms) [Parameters=[@userId='?' (Size = 450)], CommandType='"Text"', CommandTimeout='30']
SELECT [s].[RequestId], [s].[AdminResponse], [s].[AssignedAdminId], [s].[Category], [s].[CreatedAt], [s].[Description], [s].[Priority], [s].[PrisonerId], [s].[RequestCode], [s].[ResolvedAt], [s].[Status], [s].[Subject], [s].[UpdatedAt], [s].[UserId], [p].[PrisonerId], [p].[CaseNumber], [p].[CellBlock], [p].[CellNumber], [p].[CreatedAt], [p].[CrimeCategory], [p].[DateOfBirth], [p].[FullName], [p].[Gender], [p].[PrisonerCode], [p].[SentenceEndDate], [p].[SentenceStartDate], [p].[Status], [p].[UpdatedAt]
FROM [SupportRequests] AS [s]
LEFT JOIN [Prisoners] AS [p] ON [s].[PrisonerId] = [p].[PrisonerId]
WHERE [s].[UserId] = @userId
ORDER BY [s].[CreatedAt] DESC
2026-03-18 23:19:04.487 +05:30 [INF] Executing ViewResult, running view MyRequests.
2026-03-18 23:19:04.498 +05:30 [INF] Executed ViewResult - view MyRequests executed in 11.3321ms.
2026-03-18 23:19:04.499 +05:30 [INF] Executed action PrisonerPortal.Controllers.FamilyController.MyRequests (PrisonerPortal) in 22.8156ms
2026-03-18 23:19:04.499 +05:30 [INF] Executed endpoint 'PrisonerPortal.Controllers.FamilyController.MyRequests (PrisonerPortal)'
2026-03-18 23:19:04.499 +05:30 [INF] Request finished HTTP/1.1 GET http://localhost:5050/Family/MyRequests - 200 null text/html; charset=utf-8 25.2874ms
2026-03-18 23:19:04.561 +05:30 [INF] Request starting HTTP/1.1 GET http://localhost:5050/Notifications/GetUnreadCount - null null
2026-03-18 23:19:04.563 +05:30 [INF] Executing endpoint 'PrisonerPortal.Controllers.NotificationsController.GetUnreadCount (PrisonerPortal)'
2026-03-18 23:19:04.563 +05:30 [INF] Route matched with {action = "GetUnreadCount", controller = "Notifications"}. Executing controller action with signature Microsoft.AspNetCore.Mvc.IActionResult GetUnreadCount() on controller PrisonerPortal.Controllers.NotificationsController (PrisonerPortal).
2026-03-18 23:19:04.568 +05:30 [INF] Executed DbCommand (1ms) [Parameters=[@userId='?' (Size = 450)], CommandType='"Text"', CommandTimeout='30']
SELECT COUNT(*)
FROM [Notifications] AS [n]
WHERE [n].[UserId] = @userId AND [n].[IsRead] = CAST(0 AS bit)
2026-03-18 23:19:04.568 +05:30 [INF] Executing JsonResult, writing value of type '<>f__AnonymousType2`1[[System.Int32, System.Private.CoreLib, Version=10.0.0.0, Culture=neutral, PublicKeyToken=7cec85d7bea7798e]]'.
2026-03-18 23:19:04.569 +05:30 [INF] Executed action PrisonerPortal.Controllers.NotificationsController.GetUnreadCount (PrisonerPortal) in 5.3766ms
2026-03-18 23:19:04.569 +05:30 [INF] Executed endpoint 'PrisonerPortal.Controllers.NotificationsController.GetUnreadCount (PrisonerPortal)'
2026-03-18 23:19:04.569 +05:30 [INF] Request finished HTTP/1.1 GET http://localhost:5050/Notifications/GetUnreadCount - 200 null application/json; charset=utf-8 8.0084ms
2026-03-18 23:19:07.263 +05:30 [INF] Request starting HTTP/1.1 GET http://localhost:5050/Family/RequestDetail/1 - null null
2026-03-18 23:19:07.265 +05:30 [INF] Executing endpoint 'PrisonerPortal.Controllers.FamilyController.RequestDetail (PrisonerPortal)'
2026-03-18 23:19:07.297 +05:30 [INF] Route matched with {action = "RequestDetail", controller = "Family"}. Executing controller action with signature System.Threading.Tasks.Task`1[Microsoft.AspNetCore.Mvc.IActionResult] RequestDetail(Int32) on controller PrisonerPortal.Controllers.FamilyController (PrisonerPortal).
2026-03-18 23:19:07.304 +05:30 [INF] Executed DbCommand (1ms) [Parameters=[@p='?' (Size = 450)], CommandType='"Text"', CommandTimeout='30']
SELECT TOP(1) [a].[Id], [a].[AccessFailedCount], [a].[Address], [a].[ConcurrencyStamp], [a].[CreatedAt], [a].[Email], [a].[EmailConfirmed], [a].[FullName], [a].[IsActive], [a].[LockoutEnabled], [a].[LockoutEnd], [a].[NormalizedEmail], [a].[NormalizedUserName], [a].[PasswordHash], [a].[PhoneNumber], [a].[PhoneNumberConfirmed], [a].[Role], [a].[SecurityStamp], [a].[TwoFactorEnabled], [a].[UserName]
FROM [AspNetUsers] AS [a]
WHERE [a].[Id] = @p
2026-03-18 23:19:07.516 +05:30 [INF] Executed DbCommand (22ms) [Parameters=[@id='?' (DbType = Int32)], CommandType='"Text"', CommandTimeout='30']
SELECT TOP(1) [s].[RequestId], [s].[AdminResponse], [s].[AssignedAdminId], [s].[Category], [s].[CreatedAt], [s].[Description], [s].[Priority], [s].[PrisonerId], [s].[RequestCode], [s].[ResolvedAt], [s].[Status], [s].[Subject], [s].[UpdatedAt], [s].[UserId], [p].[PrisonerId], [p].[CaseNumber], [p].[CellBlock], [p].[CellNumber], [p].[CreatedAt], [p].[CrimeCategory], [p].[DateOfBirth], [p].[FullName], [p].[Gender], [p].[PrisonerCode], [p].[SentenceEndDate], [p].[SentenceStartDate], [p].[Status], [p].[UpdatedAt], [a].[Id], [a].[AccessFailedCount], [a].[Address], [a].[ConcurrencyStamp], [a].[CreatedAt], [a].[Email], [a].[EmailConfirmed], [a].[FullName], [a].[IsActive], [a].[LockoutEnabled], [a].[LockoutEnd], [a].[NormalizedEmail], [a].[NormalizedUserName], [a].[PasswordHash], [a].[PhoneNumber], [a].[PhoneNumberConfirmed], [a].[Role], [a].[SecurityStamp], [a].[TwoFactorEnabled], [a].[UserName], [a0].[Id], [a0].[AccessFailedCount], [a0].[Address], [a0].[ConcurrencyStamp], [a0].[CreatedAt], [a0].[Email], [a0].[EmailConfirmed], [a0].[FullName], [a0].[IsActive], [a0].[LockoutEnabled], [a0].[LockoutEnd], [a0].[NormalizedEmail], [a0].[NormalizedUserName], [a0].[PasswordHash], [a0].[PhoneNumber], [a0].[PhoneNumberConfirmed], [a0].[Role], [a0].[SecurityStamp], [a0].[TwoFactorEnabled], [a0].[UserName]
FROM [SupportRequests] AS [s]
LEFT JOIN [Prisoners] AS [p] ON [s].[PrisonerId] = [p].[PrisonerId]
INNER JOIN [AspNetUsers] AS [a] ON [s].[UserId] = [a].[Id]
LEFT JOIN [AspNetUsers] AS [a0] ON [s].[AssignedAdminId] = [a0].[Id]
WHERE [s].[RequestId] = @id
2026-03-18 23:19:07.608 +05:30 [INF] Executing ViewResult, running view RequestDetail.
2026-03-18 23:19:07.638 +05:30 [INF] Executed ViewResult - view RequestDetail executed in 116.6341ms.
2026-03-18 23:19:07.638 +05:30 [INF] Executed action PrisonerPortal.Controllers.FamilyController.RequestDetail (PrisonerPortal) in 341.2447ms
2026-03-18 23:19:07.639 +05:30 [INF] Executed endpoint 'PrisonerPortal.Controllers.FamilyController.RequestDetail (PrisonerPortal)'
2026-03-18 23:19:07.639 +05:30 [INF] Request finished HTTP/1.1 GET http://localhost:5050/Family/RequestDetail/1 - 200 null text/html; charset=utf-8 375.9602ms
2026-03-18 23:19:07.738 +05:30 [INF] Request starting HTTP/1.1 GET http://localhost:5050/Notifications/GetUnreadCount - null null
2026-03-18 23:19:07.740 +05:30 [INF] Executing endpoint 'PrisonerPortal.Controllers.NotificationsController.GetUnreadCount (PrisonerPortal)'
2026-03-18 23:19:07.740 +05:30 [INF] Route matched with {action = "GetUnreadCount", controller = "Notifications"}. Executing controller action with signature Microsoft.AspNetCore.Mvc.IActionResult GetUnreadCount() on controller PrisonerPortal.Controllers.NotificationsController (PrisonerPortal).
2026-03-18 23:19:07.744 +05:30 [INF] Executed DbCommand (1ms) [Parameters=[@userId='?' (Size = 450)], CommandType='"Text"', CommandTimeout='30']
SELECT COUNT(*)
FROM [Notifications] AS [n]
WHERE [n].[UserId] = @userId AND [n].[IsRead] = CAST(0 AS bit)
2026-03-18 23:19:07.744 +05:30 [INF] Executing JsonResult, writing value of type '<>f__AnonymousType2`1[[System.Int32, System.Private.CoreLib, Version=10.0.0.0, Culture=neutral, PublicKeyToken=7cec85d7bea7798e]]'.
2026-03-18 23:19:07.745 +05:30 [INF] Executed action PrisonerPortal.Controllers.NotificationsController.GetUnreadCount (PrisonerPortal) in 4.7381ms
2026-03-18 23:19:07.745 +05:30 [INF] Executed endpoint 'PrisonerPortal.Controllers.NotificationsController.GetUnreadCount (PrisonerPortal)'
2026-03-18 23:19:07.745 +05:30 [INF] Request finished HTTP/1.1 GET http://localhost:5050/Notifications/GetUnreadCount - 200 null application/json; charset=utf-8 7.9239ms
2026-03-18 23:19:14.783 +05:30 [INF] Request starting HTTP/1.1 GET http://localhost:5050/Family/Dashboard - null null
2026-03-18 23:19:14.784 +05:30 [INF] Executing endpoint 'PrisonerPortal.Controllers.FamilyController.Dashboard (PrisonerPortal)'
2026-03-18 23:19:14.784 +05:30 [INF] Route matched with {action = "Dashboard", controller = "Family"}. Executing controller action with signature System.Threading.Tasks.Task`1[Microsoft.AspNetCore.Mvc.IActionResult] Dashboard() on controller PrisonerPortal.Controllers.FamilyController (PrisonerPortal).
2026-03-18 23:19:14.788 +05:30 [INF] Executed DbCommand (1ms) [Parameters=[@p='?' (Size = 450)], CommandType='"Text"', CommandTimeout='30']
SELECT TOP(1) [a].[Id], [a].[AccessFailedCount], [a].[Address], [a].[ConcurrencyStamp], [a].[CreatedAt], [a].[Email], [a].[EmailConfirmed], [a].[FullName], [a].[IsActive], [a].[LockoutEnabled], [a].[LockoutEnd], [a].[NormalizedEmail], [a].[NormalizedUserName], [a].[PasswordHash], [a].[PhoneNumber], [a].[PhoneNumberConfirmed], [a].[Role], [a].[SecurityStamp], [a].[TwoFactorEnabled], [a].[UserName]
FROM [AspNetUsers] AS [a]
WHERE [a].[Id] = @p
2026-03-18 23:19:14.793 +05:30 [INF] Executed DbCommand (2ms) [Parameters=[@userId='?' (Size = 450)], CommandType='"Text"', CommandTimeout='30']
SELECT [f].[LinkId], [f].[IsVerified], [f].[LinkedAt], [f].[PrisonerId], [f].[Relationship], [f].[UserId], [f].[VerifiedByAdminId], [p].[PrisonerId], [p].[CaseNumber], [p].[CellBlock], [p].[CellNumber], [p].[CreatedAt], [p].[CrimeCategory], [p].[DateOfBirth], [p].[FullName], [p].[Gender], [p].[PrisonerCode], [p].[SentenceEndDate], [p].[SentenceStartDate], [p].[Status], [p].[UpdatedAt]
FROM [FamilyPrisonerLinks] AS [f]
INNER JOIN [Prisoners] AS [p] ON [f].[PrisonerId] = [p].[PrisonerId]
WHERE [f].[UserId] = @userId AND [f].[IsVerified] = CAST(1 AS bit)
2026-03-18 23:19:14.816 +05:30 [INF] Executed DbCommand (21ms) [Parameters=[@userId='?' (Size = 450)], CommandType='"Text"', CommandTimeout='30']
SELECT [a].[AppointmentId], [a].[AdminNotes], [a].[AppointmentCode], [a].[BookedAt], [a].[NumVisitors], [a].[PrisonerId], [a].[Purpose], [a].[RejectionReason], [a].[SlotId], [a].[Status], [a].[UpdatedAt], [a].[UserId], [a].[VisitorNames], [p].[PrisonerId], [p].[CaseNumber], [p].[CellBlock], [p].[CellNumber], [p].[CreatedAt], [p].[CrimeCategory], [p].[DateOfBirth], [p].[FullName], [p].[Gender], [p].[PrisonerCode], [p].[SentenceEndDate], [p].[SentenceStartDate], [p].[Status], [p].[UpdatedAt], [v].[SlotId], [v].[CreatedAt], [v].[CreatedByAdminId], [v].[CurrentBookings], [v].[EndTime], [v].[IsActive], [v].[MaxCapacity], [v].[SlotDate], [v].[StartTime]
FROM [Appointments] AS [a]
INNER JOIN [Prisoners] AS [p] ON [a].[PrisonerId] = [p].[PrisonerId]
INNER JOIN [VisitSlots] AS [v] ON [a].[SlotId] = [v].[SlotId]
WHERE [a].[UserId] = @userId
ORDER BY [a].[BookedAt] DESC
2026-03-18 23:19:14.819 +05:30 [INF] Executed DbCommand (1ms) [Parameters=[@userId='?' (Size = 450)], CommandType='"Text"', CommandTimeout='30']
SELECT [s].[RequestId], [s].[AdminResponse], [s].[AssignedAdminId], [s].[Category], [s].[CreatedAt], [s].[Description], [s].[Priority], [s].[PrisonerId], [s].[RequestCode], [s].[ResolvedAt], [s].[Status], [s].[Subject], [s].[UpdatedAt], [s].[UserId], [p].[PrisonerId], [p].[CaseNumber], [p].[CellBlock], [p].[CellNumber], [p].[CreatedAt], [p].[CrimeCategory], [p].[DateOfBirth], [p].[FullName], [p].[Gender], [p].[PrisonerCode], [p].[SentenceEndDate], [p].[SentenceStartDate], [p].[Status], [p].[UpdatedAt]
FROM [SupportRequests] AS [s]
LEFT JOIN [Prisoners] AS [p] ON [s].[PrisonerId] = [p].[PrisonerId]
WHERE [s].[UserId] = @userId
ORDER BY [s].[CreatedAt] DESC
2026-03-18 23:19:14.820 +05:30 [INF] Executing ViewResult, running view Dashboard.
2026-03-18 23:19:14.894 +05:30 [INF] Executed ViewResult - view Dashboard executed in 73.2997ms.
2026-03-18 23:19:14.894 +05:30 [INF] Executed action PrisonerPortal.Controllers.FamilyController.Dashboard (PrisonerPortal) in 109.3522ms
2026-03-18 23:19:14.894 +05:30 [INF] Executed endpoint 'PrisonerPortal.Controllers.FamilyController.Dashboard (PrisonerPortal)'
2026-03-18 23:19:14.894 +05:30 [INF] Request finished HTTP/1.1 GET http://localhost:5050/Family/Dashboard - 200 null text/html; charset=utf-8 111.8424ms
2026-03-18 23:19:14.954 +05:30 [INF] Request starting HTTP/1.1 GET http://localhost:5050/Notifications/GetUnreadCount - null null
2026-03-18 23:19:14.958 +05:30 [INF] Executing endpoint 'PrisonerPortal.Controllers.NotificationsController.GetUnreadCount (PrisonerPortal)'
2026-03-18 23:19:14.958 +05:30 [INF] Route matched with {action = "GetUnreadCount", controller = "Notifications"}. Executing controller action with signature Microsoft.AspNetCore.Mvc.IActionResult GetUnreadCount() on controller PrisonerPortal.Controllers.NotificationsController (PrisonerPortal).
2026-03-18 23:19:14.962 +05:30 [INF] Executed DbCommand (1ms) [Parameters=[@userId='?' (Size = 450)], CommandType='"Text"', CommandTimeout='30']
SELECT COUNT(*)
FROM [Notifications] AS [n]
WHERE [n].[UserId] = @userId AND [n].[IsRead] = CAST(0 AS bit)
2026-03-18 23:19:14.962 +05:30 [INF] Executing JsonResult, writing value of type '<>f__AnonymousType2`1[[System.Int32, System.Private.CoreLib, Version=10.0.0.0, Culture=neutral, PublicKeyToken=7cec85d7bea7798e]]'.
2026-03-18 23:19:14.963 +05:30 [INF] Executed action PrisonerPortal.Controllers.NotificationsController.GetUnreadCount (PrisonerPortal) in 4.1749ms
2026-03-18 23:19:14.963 +05:30 [INF] Executed endpoint 'PrisonerPortal.Controllers.NotificationsController.GetUnreadCount (PrisonerPortal)'
2026-03-18 23:19:14.963 +05:30 [INF] Request finished HTTP/1.1 GET http://localhost:5050/Notifications/GetUnreadCount - 200 null application/json; charset=utf-8 8.6572ms
2026-03-18 23:46:45.115 +05:30 [INF] Request starting HTTP/1.1 GET http://localhost:5050/Account/Login - null null
2026-03-18 23:46:45.120 +05:30 [INF] Executing endpoint 'PrisonerPortal.Controllers.AccountController.Login (PrisonerPortal)'
2026-03-18 23:46:45.121 +05:30 [INF] Route matched with {action = "Login", controller = "Account"}. Executing controller action with signature Microsoft.AspNetCore.Mvc.IActionResult Login(System.String) on controller PrisonerPortal.Controllers.AccountController (PrisonerPortal).
2026-03-18 23:46:45.129 +05:30 [INF] Executing ViewResult, running view Login.
2026-03-18 23:46:45.142 +05:30 [INF] Executed ViewResult - view Login executed in 16.6822ms.
2026-03-18 23:46:45.143 +05:30 [INF] Executed action PrisonerPortal.Controllers.AccountController.Login (PrisonerPortal) in 21.5641ms
2026-03-18 23:46:45.143 +05:30 [INF] Executed endpoint 'PrisonerPortal.Controllers.AccountController.Login (PrisonerPortal)'
2026-03-18 23:46:45.143 +05:30 [INF] Request finished HTTP/1.1 GET http://localhost:5050/Account/Login - 200 null text/html; charset=utf-8 27.8608ms
2026-03-18 23:47:03.469 +05:30 [INF] Request starting HTTP/1.1 POST http://localhost:5050/ - application/x-www-form-urlencoded 264
2026-03-18 23:47:03.471 +05:30 [INF] Executing endpoint 'PrisonerPortal.Controllers.AccountController.Login (PrisonerPortal)'
2026-03-18 23:47:03.471 +05:30 [INF] Route matched with {action = "Login", controller = "Account"}. Executing controller action with signature System.Threading.Tasks.Task`1[Microsoft.AspNetCore.Mvc.IActionResult] Login(PrisonerPortal.Models.ViewModels.LoginViewModel, System.String) on controller PrisonerPortal.Controllers.AccountController (PrisonerPortal).
2026-03-18 23:47:03.485 +05:30 [INF] Executed DbCommand (9ms) [Parameters=[@normalizedEmail='?' (Size = 256)], CommandType='"Text"', CommandTimeout='30']
SELECT TOP(2) [a].[Id], [a].[AccessFailedCount], [a].[Address], [a].[ConcurrencyStamp], [a].[CreatedAt], [a].[Email], [a].[EmailConfirmed], [a].[FullName], [a].[IsActive], [a].[LockoutEnabled], [a].[LockoutEnd], [a].[NormalizedEmail], [a].[NormalizedUserName], [a].[PasswordHash], [a].[PhoneNumber], [a].[PhoneNumberConfirmed], [a].[Role], [a].[SecurityStamp], [a].[TwoFactorEnabled], [a].[UserName]
FROM [AspNetUsers] AS [a]
WHERE [a].[NormalizedEmail] = @normalizedEmail
2026-03-18 23:47:03.496 +05:30 [INF] Executed DbCommand (10ms) [Parameters=[@normalizedUserName='?' (Size = 256)], CommandType='"Text"', CommandTimeout='30']
SELECT TOP(1) [a].[Id], [a].[AccessFailedCount], [a].[Address], [a].[ConcurrencyStamp], [a].[CreatedAt], [a].[Email], [a].[EmailConfirmed], [a].[FullName], [a].[IsActive], [a].[LockoutEnabled], [a].[LockoutEnd], [a].[NormalizedEmail], [a].[NormalizedUserName], [a].[PasswordHash], [a].[PhoneNumber], [a].[PhoneNumberConfirmed], [a].[Role], [a].[SecurityStamp], [a].[TwoFactorEnabled], [a].[UserName]
FROM [AspNetUsers] AS [a]
WHERE [a].[NormalizedUserName] = @normalizedUserName
2026-03-18 23:47:03.745 +05:30 [INF] Executed DbCommand (6ms) [Parameters=[@user_Id='?' (Size = 450)], CommandType='"Text"', CommandTimeout='30']
SELECT [a].[Id], [a].[ClaimType], [a].[ClaimValue], [a].[UserId]
FROM [AspNetUserClaims] AS [a]
WHERE [a].[UserId] = @user_Id
2026-03-18 23:47:03.752 +05:30 [INF] Executed DbCommand (6ms) [Parameters=[@userId='?' (Size = 450)], CommandType='"Text"', CommandTimeout='30']
SELECT [a0].[Name]
FROM [AspNetUserRoles] AS [a]
INNER JOIN [AspNetRoles] AS [a0] ON [a].[RoleId] = [a0].[Id]
WHERE [a].[UserId] = @userId
2026-03-18 23:47:03.758 +05:30 [INF] Executed DbCommand (4ms) [Parameters=[@normalizedName='?' (Size = 256)], CommandType='"Text"', CommandTimeout='30']
SELECT TOP(1) [a].[Id], [a].[ConcurrencyStamp], [a].[Name], [a].[NormalizedName]
FROM [AspNetRoles] AS [a]
WHERE [a].[NormalizedName] = @normalizedName
2026-03-18 23:47:03.767 +05:30 [INF] Executed DbCommand (5ms) [Parameters=[@role_Id='?' (Size = 450)], CommandType='"Text"', CommandTimeout='30']
SELECT [a].[ClaimType], [a].[ClaimValue]
FROM [AspNetRoleClaims] AS [a]
WHERE [a].[RoleId] = @role_Id
2026-03-18 23:47:03.768 +05:30 [INF] AuthenticationScheme: Identity.Application signed in.
2026-03-18 23:47:03.791 +05:30 [INF] Executed DbCommand (22ms) [Parameters=[@p0='?' (Size = 4000), @p1='?' (Size = 4000), @p2='?' (Size = 4000), @p3='?' (Size = 4000), @p4='?' (Size = 4000), @p5='?' (Size = 4000), @p6='?' (DbType = DateTime2), @p7='?' (Size = 450)], CommandType='"Text"', CommandTimeout='30']
SET IMPLICIT_TRANSACTIONS OFF;
SET NOCOUNT ON;
INSERT INTO [AuditLogs] ([Action], [EntityId], [EntityType], [IPAddress], [NewValues], [OldValues], [Timestamp], [UserId])
OUTPUT INSERTED.[LogId]
VALUES (@p0, @p1, @p2, @p3, @p4, @p5, @p6, @p7);
2026-03-18 23:47:03.793 +05:30 [INF] Executed DbCommand (1ms) [Parameters=[@userId='?' (Size = 450)], CommandType='"Text"', CommandTimeout='30']
SELECT [a0].[Name]
FROM [AspNetUserRoles] AS [a]
INNER JOIN [AspNetRoles] AS [a0] ON [a].[RoleId] = [a0].[Id]
WHERE [a].[UserId] = @userId
2026-03-18 23:47:03.794 +05:30 [INF] Executing RedirectResult, redirecting to /Family/Dashboard.
2026-03-18 23:47:03.794 +05:30 [INF] Executed action PrisonerPortal.Controllers.AccountController.Login (PrisonerPortal) in 322.5338ms
2026-03-18 23:47:03.794 +05:30 [INF] Executed endpoint 'PrisonerPortal.Controllers.AccountController.Login (PrisonerPortal)'
2026-03-18 23:47:03.794 +05:30 [INF] Request finished HTTP/1.1 POST http://localhost:5050/ - 302 0 null 324.7101ms
2026-03-18 23:47:03.802 +05:30 [INF] Request starting HTTP/1.1 GET http://localhost:5050/Family/Dashboard - null null
2026-03-18 23:47:03.803 +05:30 [INF] Executing endpoint 'PrisonerPortal.Controllers.FamilyController.Dashboard (PrisonerPortal)'
2026-03-18 23:47:03.803 +05:30 [INF] Route matched with {action = "Dashboard", controller = "Family"}. Executing controller action with signature System.Threading.Tasks.Task`1[Microsoft.AspNetCore.Mvc.IActionResult] Dashboard() on controller PrisonerPortal.Controllers.FamilyController (PrisonerPortal).
2026-03-18 23:47:03.809 +05:30 [INF] Executed DbCommand (4ms) [Parameters=[@p='?' (Size = 450)], CommandType='"Text"', CommandTimeout='30']
SELECT TOP(1) [a].[Id], [a].[AccessFailedCount], [a].[Address], [a].[ConcurrencyStamp], [a].[CreatedAt], [a].[Email], [a].[EmailConfirmed], [a].[FullName], [a].[IsActive], [a].[LockoutEnabled], [a].[LockoutEnd], [a].[NormalizedEmail], [a].[NormalizedUserName], [a].[PasswordHash], [a].[PhoneNumber], [a].[PhoneNumberConfirmed], [a].[Role], [a].[SecurityStamp], [a].[TwoFactorEnabled], [a].[UserName]
FROM [AspNetUsers] AS [a]
WHERE [a].[Id] = @p
2026-03-18 23:47:03.820 +05:30 [INF] Executed DbCommand (9ms) [Parameters=[@userId='?' (Size = 450)], CommandType='"Text"', CommandTimeout='30']
SELECT [f].[LinkId], [f].[IsVerified], [f].[LinkedAt], [f].[PrisonerId], [f].[Relationship], [f].[UserId], [f].[VerifiedByAdminId], [p].[PrisonerId], [p].[CaseNumber], [p].[CellBlock], [p].[CellNumber], [p].[CreatedAt], [p].[CrimeCategory], [p].[DateOfBirth], [p].[FullName], [p].[Gender], [p].[PrisonerCode], [p].[SentenceEndDate], [p].[SentenceStartDate], [p].[Status], [p].[UpdatedAt]
FROM [FamilyPrisonerLinks] AS [f]
INNER JOIN [Prisoners] AS [p] ON [f].[PrisonerId] = [p].[PrisonerId]
WHERE [f].[UserId] = @userId AND [f].[IsVerified] = CAST(1 AS bit)
2026-03-18 23:47:03.835 +05:30 [INF] Executed DbCommand (14ms) [Parameters=[@userId='?' (Size = 450)], CommandType='"Text"', CommandTimeout='30']
SELECT [a].[AppointmentId], [a].[AdminNotes], [a].[AppointmentCode], [a].[BookedAt], [a].[NumVisitors], [a].[PrisonerId], [a].[Purpose], [a].[RejectionReason], [a].[SlotId], [a].[Status], [a].[UpdatedAt], [a].[UserId], [a].[VisitorNames], [p].[PrisonerId], [p].[CaseNumber], [p].[CellBlock], [p].[CellNumber], [p].[CreatedAt], [p].[CrimeCategory], [p].[DateOfBirth], [p].[FullName], [p].[Gender], [p].[PrisonerCode], [p].[SentenceEndDate], [p].[SentenceStartDate], [p].[Status], [p].[UpdatedAt], [v].[SlotId], [v].[CreatedAt], [v].[CreatedByAdminId], [v].[CurrentBookings], [v].[EndTime], [v].[IsActive], [v].[MaxCapacity], [v].[SlotDate], [v].[StartTime]
FROM [Appointments] AS [a]
INNER JOIN [Prisoners] AS [p] ON [a].[PrisonerId] = [p].[PrisonerId]
INNER JOIN [VisitSlots] AS [v] ON [a].[SlotId] = [v].[SlotId]
WHERE [a].[UserId] = @userId
ORDER BY [a].[BookedAt] DESC
2026-03-18 23:47:03.844 +05:30 [INF] Executed DbCommand (8ms) [Parameters=[@userId='?' (Size = 450)], CommandType='"Text"', CommandTimeout='30']
SELECT [s].[RequestId], [s].[AdminResponse], [s].[AssignedAdminId], [s].[Category], [s].[CreatedAt], [s].[Description], [s].[Priority], [s].[PrisonerId], [s].[RequestCode], [s].[ResolvedAt], [s].[Status], [s].[Subject], [s].[UpdatedAt], [s].[UserId], [p].[PrisonerId], [p].[CaseNumber], [p].[CellBlock], [p].[CellNumber], [p].[CreatedAt], [p].[CrimeCategory], [p].[DateOfBirth], [p].[FullName], [p].[Gender], [p].[PrisonerCode], [p].[SentenceEndDate], [p].[SentenceStartDate], [p].[Status], [p].[UpdatedAt]
FROM [SupportRequests] AS [s]
LEFT JOIN [Prisoners] AS [p] ON [s].[PrisonerId] = [p].[PrisonerId]
WHERE [s].[UserId] = @userId
ORDER BY [s].[CreatedAt] DESC
2026-03-18 23:47:03.846 +05:30 [INF] Executing ViewResult, running view Dashboard.
2026-03-18 23:47:03.849 +05:30 [INF] Executed ViewResult - view Dashboard executed in 4.5292ms.
2026-03-18 23:47:03.850 +05:30 [INF] Executed action PrisonerPortal.Controllers.FamilyController.Dashboard (PrisonerPortal) in 46.6889ms
2026-03-18 23:47:03.850 +05:30 [INF] Executed endpoint 'PrisonerPortal.Controllers.FamilyController.Dashboard (PrisonerPortal)'
2026-03-18 23:47:03.850 +05:30 [INF] Request finished HTTP/1.1 GET http://localhost:5050/Family/Dashboard - 200 null text/html; charset=utf-8 48.398ms
2026-03-18 23:47:03.905 +05:30 [INF] Request starting HTTP/1.1 GET http://localhost:5050/Notifications/GetUnreadCount - null null
2026-03-18 23:47:03.907 +05:30 [INF] Executing endpoint 'PrisonerPortal.Controllers.NotificationsController.GetUnreadCount (PrisonerPortal)'
2026-03-18 23:47:03.907 +05:30 [INF] Route matched with {action = "GetUnreadCount", controller = "Notifications"}. Executing controller action with signature Microsoft.AspNetCore.Mvc.IActionResult GetUnreadCount() on controller PrisonerPortal.Controllers.NotificationsController (PrisonerPortal).
2026-03-18 23:47:03.916 +05:30 [INF] Executed DbCommand (7ms) [Parameters=[@userId='?' (Size = 450)], CommandType='"Text"', CommandTimeout='30']
SELECT COUNT(*)
FROM [Notifications] AS [n]
WHERE [n].[UserId] = @userId AND [n].[IsRead] = CAST(0 AS bit)
2026-03-18 23:47:03.917 +05:30 [INF] Executing JsonResult, writing value of type '<>f__AnonymousType2`1[[System.Int32, System.Private.CoreLib, Version=10.0.0.0, Culture=neutral, PublicKeyToken=7cec85d7bea7798e]]'.
2026-03-18 23:47:03.918 +05:30 [INF] Executed action PrisonerPortal.Controllers.NotificationsController.GetUnreadCount (PrisonerPortal) in 10.4469ms
2026-03-18 23:47:03.918 +05:30 [INF] Executed endpoint 'PrisonerPortal.Controllers.NotificationsController.GetUnreadCount (PrisonerPortal)'
2026-03-18 23:47:03.918 +05:30 [INF] Request finished HTTP/1.1 GET http://localhost:5050/Notifications/GetUnreadCount - 200 null application/json; charset=utf-8 13.0456ms
2026-03-18 23:47:10.038 +05:30 [INF] Request starting HTTP/1.1 GET http://localhost:5050/Account/Profile - null null
2026-03-18 23:47:10.042 +05:30 [INF] Executing endpoint 'PrisonerPortal.Controllers.AccountController.Profile (PrisonerPortal)'
2026-03-18 23:47:10.078 +05:30 [INF] Route matched with {action = "Profile", controller = "Account"}. Executing controller action with signature System.Threading.Tasks.Task`1[Microsoft.AspNetCore.Mvc.IActionResult] Profile() on controller PrisonerPortal.Controllers.AccountController (PrisonerPortal).
2026-03-18 23:47:10.083 +05:30 [INF] Executed DbCommand (1ms) [Parameters=[@p='?' (Size = 450)], CommandType='"Text"', CommandTimeout='30']
SELECT TOP(1) [a].[Id], [a].[AccessFailedCount], [a].[Address], [a].[ConcurrencyStamp], [a].[CreatedAt], [a].[Email], [a].[EmailConfirmed], [a].[FullName], [a].[IsActive], [a].[LockoutEnabled], [a].[LockoutEnd], [a].[NormalizedEmail], [a].[NormalizedUserName], [a].[PasswordHash], [a].[PhoneNumber], [a].[PhoneNumberConfirmed], [a].[Role], [a].[SecurityStamp], [a].[TwoFactorEnabled], [a].[UserName]
FROM [AspNetUsers] AS [a]
WHERE [a].[Id] = @p
2026-03-18 23:47:10.089 +05:30 [INF] Executing ViewResult, running view Profile.
2026-03-18 23:47:10.140 +05:30 [INF] Executed ViewResult - view Profile executed in 54.4738ms.
2026-03-18 23:47:10.140 +05:30 [INF] Executed action PrisonerPortal.Controllers.AccountController.Profile (PrisonerPortal) in 62.6523ms
2026-03-18 23:47:10.141 +05:30 [INF] Executed endpoint 'PrisonerPortal.Controllers.AccountController.Profile (PrisonerPortal)'
2026-03-18 23:47:10.141 +05:30 [INF] Request finished HTTP/1.1 GET http://localhost:5050/Account/Profile - 200 null text/html; charset=utf-8 103.204ms
2026-03-18 23:47:10.203 +05:30 [INF] Request starting HTTP/1.1 GET http://localhost:5050/Notifications/GetUnreadCount - null null
2026-03-18 23:47:10.205 +05:30 [INF] Executing endpoint 'PrisonerPortal.Controllers.NotificationsController.GetUnreadCount (PrisonerPortal)'
2026-03-18 23:47:10.205 +05:30 [INF] Route matched with {action = "GetUnreadCount", controller = "Notifications"}. Executing controller action with signature Microsoft.AspNetCore.Mvc.IActionResult GetUnreadCount() on controller PrisonerPortal.Controllers.NotificationsController (PrisonerPortal).
2026-03-18 23:47:10.208 +05:30 [INF] Executed DbCommand (1ms) [Parameters=[@userId='?' (Size = 450)], CommandType='"Text"', CommandTimeout='30']
SELECT COUNT(*)
FROM [Notifications] AS [n]
WHERE [n].[UserId] = @userId AND [n].[IsRead] = CAST(0 AS bit)
2026-03-18 23:47:10.208 +05:30 [INF] Executing JsonResult, writing value of type '<>f__AnonymousType2`1[[System.Int32, System.Private.CoreLib, Version=10.0.0.0, Culture=neutral, PublicKeyToken=7cec85d7bea7798e]]'.
2026-03-18 23:47:10.209 +05:30 [INF] Executed action PrisonerPortal.Controllers.NotificationsController.GetUnreadCount (PrisonerPortal) in 3.2579ms
2026-03-18 23:47:10.209 +05:30 [INF] Executed endpoint 'PrisonerPortal.Controllers.NotificationsController.GetUnreadCount (PrisonerPortal)'
2026-03-18 23:47:10.209 +05:30 [INF] Request finished HTTP/1.1 GET http://localhost:5050/Notifications/GetUnreadCount - 200 null application/json; charset=utf-8 5.8732ms
2026-03-18 23:47:26.149 +05:30 [INF] Request starting HTTP/1.1 POST http://localhost:5050/Account/Logout - application/x-www-form-urlencoded 225
2026-03-18 23:47:26.151 +05:30 [INF] Executing endpoint 'PrisonerPortal.Controllers.AccountController.Logout (PrisonerPortal)'
2026-03-18 23:47:26.181 +05:30 [INF] Route matched with {action = "Logout", controller = "Account"}. Executing controller action with signature System.Threading.Tasks.Task`1[Microsoft.AspNetCore.Mvc.IActionResult] Logout() on controller PrisonerPortal.Controllers.AccountController (PrisonerPortal).
2026-03-18 23:47:26.209 +05:30 [INF] Executed DbCommand (19ms) [Parameters=[@p0='?' (Size = 4000), @p1='?' (Size = 4000), @p2='?' (Size = 4000), @p3='?' (Size = 4000), @p4='?' (Size = 4000), @p5='?' (Size = 4000), @p6='?' (DbType = DateTime2), @p7='?' (Size = 450)], CommandType='"Text"', CommandTimeout='30']
SET IMPLICIT_TRANSACTIONS OFF;
SET NOCOUNT ON;
INSERT INTO [AuditLogs] ([Action], [EntityId], [EntityType], [IPAddress], [NewValues], [OldValues], [Timestamp], [UserId])
OUTPUT INSERTED.[LogId]
VALUES (@p0, @p1, @p2, @p3, @p4, @p5, @p6, @p7);
2026-03-18 23:47:26.216 +05:30 [INF] AuthenticationScheme: Identity.Application signed out.
2026-03-18 23:47:26.217 +05:30 [INF] AuthenticationScheme: Identity.External signed out.
2026-03-18 23:47:26.218 +05:30 [INF] AuthenticationScheme: Identity.TwoFactorUserId signed out.
2026-03-18 23:47:26.218 +05:30 [INF] Executing RedirectResult, redirecting to /.
2026-03-18 23:47:26.218 +05:30 [INF] Executed action PrisonerPortal.Controllers.AccountController.Logout (PrisonerPortal) in 37.4713ms
2026-03-18 23:47:26.218 +05:30 [INF] Executed endpoint 'PrisonerPortal.Controllers.AccountController.Logout (PrisonerPortal)'
2026-03-18 23:47:26.219 +05:30 [INF] Request finished HTTP/1.1 POST http://localhost:5050/Account/Logout - 302 0 null 70.1619ms
2026-03-18 23:47:26.230 +05:30 [INF] Request starting HTTP/1.1 GET http://localhost:5050/ - null null
2026-03-18 23:47:26.231 +05:30 [INF] Executing endpoint 'PrisonerPortal.Controllers.AccountController.Login (PrisonerPortal)'
2026-03-18 23:47:26.231 +05:30 [INF] Route matched with {action = "Login", controller = "Account"}. Executing controller action with signature Microsoft.AspNetCore.Mvc.IActionResult Login(System.String) on controller PrisonerPortal.Controllers.AccountController (PrisonerPortal).
2026-03-18 23:47:26.231 +05:30 [INF] Executing ViewResult, running view Login.
2026-03-18 23:47:26.235 +05:30 [INF] Executed ViewResult - view Login executed in 4.0439ms.
2026-03-18 23:47:26.235 +05:30 [INF] Executed action PrisonerPortal.Controllers.AccountController.Login (PrisonerPortal) in 4.6777ms
2026-03-18 23:47:26.236 +05:30 [INF] Executed endpoint 'PrisonerPortal.Controllers.AccountController.Login (PrisonerPortal)'
2026-03-18 23:47:26.236 +05:30 [INF] Request finished HTTP/1.1 GET http://localhost:5050/ - 200 null text/html; charset=utf-8 5.5553ms
2026-03-18 23:47:44.003 +05:30 [INF] Request starting HTTP/1.1 POST http://localhost:5050/ - application/x-www-form-urlencoded 272
2026-03-18 23:47:44.004 +05:30 [INF] Executing endpoint 'PrisonerPortal.Controllers.AccountController.Login (PrisonerPortal)'
2026-03-18 23:47:44.004 +05:30 [INF] Route matched with {action = "Login", controller = "Account"}. Executing controller action with signature System.Threading.Tasks.Task`1[Microsoft.AspNetCore.Mvc.IActionResult] Login(PrisonerPortal.Models.ViewModels.LoginViewModel, System.String) on controller PrisonerPortal.Controllers.AccountController (PrisonerPortal).
2026-03-18 23:47:44.010 +05:30 [INF] Executed DbCommand (2ms) [Parameters=[@normalizedEmail='?' (Size = 256)], CommandType='"Text"', CommandTimeout='30']
SELECT TOP(2) [a].[Id], [a].[AccessFailedCount], [a].[Address], [a].[ConcurrencyStamp], [a].[CreatedAt], [a].[Email], [a].[EmailConfirmed], [a].[FullName], [a].[IsActive], [a].[LockoutEnabled], [a].[LockoutEnd], [a].[NormalizedEmail], [a].[NormalizedUserName], [a].[PasswordHash], [a].[PhoneNumber], [a].[PhoneNumberConfirmed], [a].[Role], [a].[SecurityStamp], [a].[TwoFactorEnabled], [a].[UserName]
FROM [AspNetUsers] AS [a]
WHERE [a].[NormalizedEmail] = @normalizedEmail
2026-03-18 23:47:44.012 +05:30 [INF] Executed DbCommand (1ms) [Parameters=[@normalizedUserName='?' (Size = 256)], CommandType='"Text"', CommandTimeout='30']
SELECT TOP(1) [a].[Id], [a].[AccessFailedCount], [a].[Address], [a].[ConcurrencyStamp], [a].[CreatedAt], [a].[Email], [a].[EmailConfirmed], [a].[FullName], [a].[IsActive], [a].[LockoutEnabled], [a].[LockoutEnd], [a].[NormalizedEmail], [a].[NormalizedUserName], [a].[PasswordHash], [a].[PhoneNumber], [a].[PhoneNumberConfirmed], [a].[Role], [a].[SecurityStamp], [a].[TwoFactorEnabled], [a].[UserName]
FROM [AspNetUsers] AS [a]
WHERE [a].[NormalizedUserName] = @normalizedUserName
2026-03-18 23:47:44.267 +05:30 [INF] Executed DbCommand (2ms) [Parameters=[@user_Id='?' (Size = 450)], CommandType='"Text"', CommandTimeout='30']
SELECT [a].[Id], [a].[ClaimType], [a].[ClaimValue], [a].[UserId]
FROM [AspNetUserClaims] AS [a]
WHERE [a].[UserId] = @user_Id
2026-03-18 23:47:44.269 +05:30 [INF] Executed DbCommand (1ms) [Parameters=[@userId='?' (Size = 450)], CommandType='"Text"', CommandTimeout='30']
SELECT [a0].[Name]
FROM [AspNetUserRoles] AS [a]
INNER JOIN [AspNetRoles] AS [a0] ON [a].[RoleId] = [a0].[Id]
WHERE [a].[UserId] = @userId
2026-03-18 23:47:44.271 +05:30 [INF] Executed DbCommand (1ms) [Parameters=[@normalizedName='?' (Size = 256)], CommandType='"Text"', CommandTimeout='30']
SELECT TOP(1) [a].[Id], [a].[ConcurrencyStamp], [a].[Name], [a].[NormalizedName]
FROM [AspNetRoles] AS [a]
WHERE [a].[NormalizedName] = @normalizedName
2026-03-18 23:47:44.273 +05:30 [INF] Executed DbCommand (1ms) [Parameters=[@role_Id='?' (Size = 450)], CommandType='"Text"', CommandTimeout='30']
SELECT [a].[ClaimType], [a].[ClaimValue]
FROM [AspNetRoleClaims] AS [a]
WHERE [a].[RoleId] = @role_Id
2026-03-18 23:47:44.273 +05:30 [INF] AuthenticationScheme: Identity.Application signed in.
2026-03-18 23:47:44.277 +05:30 [INF] Executed DbCommand (2ms) [Parameters=[@p0='?' (Size = 4000), @p1='?' (Size = 4000), @p2='?' (Size = 4000), @p3='?' (Size = 4000), @p4='?' (Size = 4000), @p5='?' (Size = 4000), @p6='?' (DbType = DateTime2), @p7='?' (Size = 450)], CommandType='"Text"', CommandTimeout='30']
SET IMPLICIT_TRANSACTIONS OFF;
SET NOCOUNT ON;
INSERT INTO [AuditLogs] ([Action], [EntityId], [EntityType], [IPAddress], [NewValues], [OldValues], [Timestamp], [UserId])
OUTPUT INSERTED.[LogId]
VALUES (@p0, @p1, @p2, @p3, @p4, @p5, @p6, @p7);
2026-03-18 23:47:44.280 +05:30 [INF] Executed DbCommand (1ms) [Parameters=[@userId='?' (Size = 450)], CommandType='"Text"', CommandTimeout='30']
SELECT [a0].[Name]
FROM [AspNetUserRoles] AS [a]
INNER JOIN [AspNetRoles] AS [a0] ON [a].[RoleId] = [a0].[Id]
WHERE [a].[UserId] = @userId
2026-03-18 23:47:44.281 +05:30 [INF] Executing RedirectResult, redirecting to /Admin/Dashboard.
2026-03-18 23:47:44.281 +05:30 [INF] Executed action PrisonerPortal.Controllers.AccountController.Login (PrisonerPortal) in 277.0342ms
2026-03-18 23:47:44.281 +05:30 [INF] Executed endpoint 'PrisonerPortal.Controllers.AccountController.Login (PrisonerPortal)'
2026-03-18 23:47:44.282 +05:30 [INF] Request finished HTTP/1.1 POST http://localhost:5050/ - 302 0 null 279.0706ms
2026-03-18 23:47:44.292 +05:30 [INF] Request starting HTTP/1.1 GET http://localhost:5050/Admin/Dashboard - null null
2026-03-18 23:47:44.294 +05:30 [INF] Executing endpoint 'PrisonerPortal.Controllers.AdminController.Dashboard (PrisonerPortal)'
2026-03-18 23:47:44.312 +05:30 [INF] Route matched with {action = "Dashboard", controller = "Admin"}. Executing controller action with signature System.Threading.Tasks.Task`1[Microsoft.AspNetCore.Mvc.IActionResult] Dashboard() on controller PrisonerPortal.Controllers.AdminController (PrisonerPortal).
2026-03-18 23:47:44.389 +05:30 [INF] Executed DbCommand (19ms) [Parameters=[], CommandType='"Text"', CommandTimeout='30']
SELECT COUNT(*)
FROM [AspNetUsers] AS [a]
WHERE [a].[IsActive] = CAST(1 AS bit) AND [a].[Role] = N'Family'
2026-03-18 23:47:44.429 +05:30 [INF] Executed DbCommand (9ms) [Parameters=[], CommandType='"Text"', CommandTimeout='30']
SELECT COUNT(*)
FROM [Prisoners] AS [p]
WHERE [p].[Status] = N'Active'
2026-03-18 23:47:44.512 +05:30 [INF] Executed DbCommand (21ms) [Parameters=[], CommandType='"Text"', CommandTimeout='30']
SELECT COUNT(*)
FROM [Appointments] AS [a]
INNER JOIN [VisitSlots] AS [v] ON [a].[SlotId] = [v].[SlotId]
WHERE CONVERT(date, [v].[SlotDate]) = CONVERT(date, GETDATE()) AND [a].[Status] IN (N'Approved', N'Pending')
2026-03-18 23:47:44.544 +05:30 [INF] Executed DbCommand (10ms) [Parameters=[], CommandType='"Text"', CommandTimeout='30']
SELECT COUNT(*)
FROM [SupportRequests] AS [s]
WHERE [s].[Status] IN (N'Open', N'InProgress')
2026-03-18 23:47:44.692 +05:30 [INF] Executed DbCommand (19ms) [Parameters=[@p='?' (DbType = Int32)], CommandType='"Text"', CommandTimeout='30']
SELECT [a1].[AppointmentId], [a1].[AdminNotes], [a1].[AppointmentCode], [a1].[BookedAt], [a1].[NumVisitors], [a1].[PrisonerId], [a1].[Purpose], [a1].[RejectionReason], [a1].[SlotId], [a1].[Status], [a1].[UpdatedAt], [a1].[UserId], [a1].[VisitorNames], [a0].[Id], [a0].[AccessFailedCount], [a0].[Address], [a0].[ConcurrencyStamp], [a0].[CreatedAt], [a0].[Email], [a0].[EmailConfirmed], [a0].[FullName], [a0].[IsActive], [a0].[LockoutEnabled], [a0].[LockoutEnd], [a0].[NormalizedEmail], [a0].[NormalizedUserName], [a0].[PasswordHash], [a0].[PhoneNumber], [a0].[PhoneNumberConfirmed], [a0].[Role], [a0].[SecurityStamp], [a0].[TwoFactorEnabled], [a0].[UserName], [p].[PrisonerId], [p].[CaseNumber], [p].[CellBlock], [p].[CellNumber], [p].[CreatedAt], [p].[CrimeCategory], [p].[DateOfBirth], [p].[FullName], [p].[Gender], [p].[PrisonerCode], [p].[SentenceEndDate], [p].[SentenceStartDate], [p].[Status], [p].[UpdatedAt], [v].[SlotId], [v].[CreatedAt], [v].[CreatedByAdminId], [v].[CurrentBookings], [v].[EndTime], [v].[IsActive], [v].[MaxCapacity], [v].[SlotDate], [v].[StartTime]
FROM (
    SELECT TOP(@p) [a].[AppointmentId], [a].[AdminNotes], [a].[AppointmentCode], [a].[BookedAt], [a].[NumVisitors], [a].[PrisonerId], [a].[Purpose], [a].[RejectionReason], [a].[SlotId], [a].[Status], [a].[UpdatedAt], [a].[UserId], [a].[VisitorNames]
    FROM [Appointments] AS [a]
    WHERE [a].[Status] = N'Pending'
    ORDER BY [a].[BookedAt] DESC
) AS [a1]
INNER JOIN [AspNetUsers] AS [a0] ON [a1].[UserId] = [a0].[Id]
INNER JOIN [Prisoners] AS [p] ON [a1].[PrisonerId] = [p].[PrisonerId]
INNER JOIN [VisitSlots] AS [v] ON [a1].[SlotId] = [v].[SlotId]
ORDER BY [a1].[BookedAt] DESC
2026-03-18 23:47:44.817 +05:30 [INF] Executed DbCommand (16ms) [Parameters=[@p='?' (DbType = Int32)], CommandType='"Text"', CommandTimeout='30']
SELECT [s0].[RequestId], [s0].[AdminResponse], [s0].[AssignedAdminId], [s0].[Category], [s0].[CreatedAt], [s0].[Description], [s0].[Priority], [s0].[PrisonerId], [s0].[RequestCode], [s0].[ResolvedAt], [s0].[Status], [s0].[Subject], [s0].[UpdatedAt], [s0].[UserId], [a].[Id], [a].[AccessFailedCount], [a].[Address], [a].[ConcurrencyStamp], [a].[CreatedAt], [a].[Email], [a].[EmailConfirmed], [a].[FullName], [a].[IsActive], [a].[LockoutEnabled], [a].[LockoutEnd], [a].[NormalizedEmail], [a].[NormalizedUserName], [a].[PasswordHash], [a].[PhoneNumber], [a].[PhoneNumberConfirmed], [a].[Role], [a].[SecurityStamp], [a].[TwoFactorEnabled], [a].[UserName], [p].[PrisonerId], [p].[CaseNumber], [p].[CellBlock], [p].[CellNumber], [p].[CreatedAt], [p].[CrimeCategory], [p].[DateOfBirth], [p].[FullName], [p].[Gender], [p].[PrisonerCode], [p].[SentenceEndDate], [p].[SentenceStartDate], [p].[Status], [p].[UpdatedAt]
FROM (
    SELECT TOP(@p) [s].[RequestId], [s].[AdminResponse], [s].[AssignedAdminId], [s].[Category], [s].[CreatedAt], [s].[Description], [s].[Priority], [s].[PrisonerId], [s].[RequestCode], [s].[ResolvedAt], [s].[Status], [s].[Subject], [s].[UpdatedAt], [s].[UserId]
    FROM [SupportRequests] AS [s]
    WHERE [s].[Status] IN (N'Open', N'InProgress')
    ORDER BY [s].[CreatedAt] DESC
) AS [s0]
INNER JOIN [AspNetUsers] AS [a] ON [s0].[UserId] = [a].[Id]
LEFT JOIN [Prisoners] AS [p] ON [s0].[PrisonerId] = [p].[PrisonerId]
ORDER BY [s0].[CreatedAt] DESC
2026-03-18 23:47:44.942 +05:30 [INF] Executed DbCommand (11ms) [Parameters=[@p='?' (DbType = Int32)], CommandType='"Text"', CommandTimeout='30']
SELECT [f0].[LinkId], [f0].[IsVerified], [f0].[LinkedAt], [f0].[PrisonerId], [f0].[Relationship], [f0].[UserId], [f0].[VerifiedByAdminId], [a].[Id], [a].[AccessFailedCount], [a].[Address], [a].[ConcurrencyStamp], [a].[CreatedAt], [a].[Email], [a].[EmailConfirmed], [a].[FullName], [a].[IsActive], [a].[LockoutEnabled], [a].[LockoutEnd], [a].[NormalizedEmail], [a].[NormalizedUserName], [a].[PasswordHash], [a].[PhoneNumber], [a].[PhoneNumberConfirmed], [a].[Role], [a].[SecurityStamp], [a].[TwoFactorEnabled], [a].[UserName], [p].[PrisonerId], [p].[CaseNumber], [p].[CellBlock], [p].[CellNumber], [p].[CreatedAt], [p].[CrimeCategory], [p].[DateOfBirth], [p].[FullName], [p].[Gender], [p].[PrisonerCode], [p].[SentenceEndDate], [p].[SentenceStartDate], [p].[Status], [p].[UpdatedAt]
FROM (
    SELECT TOP(@p) [f].[LinkId], [f].[IsVerified], [f].[LinkedAt], [f].[PrisonerId], [f].[Relationship], [f].[UserId], [f].[VerifiedByAdminId]
    FROM [FamilyPrisonerLinks] AS [f]
    WHERE [f].[IsVerified] = CAST(0 AS bit)
    ORDER BY [f].[LinkedAt] DESC
) AS [f0]
INNER JOIN [AspNetUsers] AS [a] ON [f0].[UserId] = [a].[Id]
INNER JOIN [Prisoners] AS [p] ON [f0].[PrisonerId] = [p].[PrisonerId]
ORDER BY [f0].[LinkedAt] DESC
2026-03-18 23:47:44.993 +05:30 [INF] Executed DbCommand (4ms) [Parameters=[@p='?' (DbType = Int32)], CommandType='"Text"', CommandTimeout='30']
SELECT TOP(@p) [a].[Id], [a].[AccessFailedCount], [a].[Address], [a].[ConcurrencyStamp], [a].[CreatedAt], [a].[Email], [a].[EmailConfirmed], [a].[FullName], [a].[IsActive], [a].[LockoutEnabled], [a].[LockoutEnd], [a].[NormalizedEmail], [a].[NormalizedUserName], [a].[PasswordHash], [a].[PhoneNumber], [a].[PhoneNumberConfirmed], [a].[Role], [a].[SecurityStamp], [a].[TwoFactorEnabled], [a].[UserName]
FROM [AspNetUsers] AS [a]
ORDER BY [a].[CreatedAt] DESC
2026-03-18 23:47:44.999 +05:30 [INF] Executing ViewResult, running view Dashboard.
2026-03-18 23:47:45.115 +05:30 [INF] Executed ViewResult - view Dashboard executed in 119.8461ms.
2026-03-18 23:47:45.115 +05:30 [INF] Executed action PrisonerPortal.Controllers.AdminController.Dashboard (PrisonerPortal) in 802.9133ms
2026-03-18 23:47:45.115 +05:30 [INF] Executed endpoint 'PrisonerPortal.Controllers.AdminController.Dashboard (PrisonerPortal)'
2026-03-18 23:47:45.115 +05:30 [INF] Request finished HTTP/1.1 GET http://localhost:5050/Admin/Dashboard - 200 null text/html; charset=utf-8 823.5266ms
2026-03-18 23:47:45.178 +05:30 [INF] Request starting HTTP/1.1 GET http://localhost:5050/Notifications/GetUnreadCount - null null
2026-03-18 23:47:45.180 +05:30 [INF] Executing endpoint 'PrisonerPortal.Controllers.NotificationsController.GetUnreadCount (PrisonerPortal)'
2026-03-18 23:47:45.180 +05:30 [INF] Route matched with {action = "GetUnreadCount", controller = "Notifications"}. Executing controller action with signature Microsoft.AspNetCore.Mvc.IActionResult GetUnreadCount() on controller PrisonerPortal.Controllers.NotificationsController (PrisonerPortal).
2026-03-18 23:47:45.184 +05:30 [INF] Executed DbCommand (1ms) [Parameters=[@userId='?' (Size = 450)], CommandType='"Text"', CommandTimeout='30']
SELECT COUNT(*)
FROM [Notifications] AS [n]
WHERE [n].[UserId] = @userId AND [n].[IsRead] = CAST(0 AS bit)
2026-03-18 23:47:45.184 +05:30 [INF] Executing JsonResult, writing value of type '<>f__AnonymousType2`1[[System.Int32, System.Private.CoreLib, Version=10.0.0.0, Culture=neutral, PublicKeyToken=7cec85d7bea7798e]]'.
2026-03-18 23:47:45.185 +05:30 [INF] Executed action PrisonerPortal.Controllers.NotificationsController.GetUnreadCount (PrisonerPortal) in 4.1948ms
2026-03-18 23:47:45.185 +05:30 [INF] Executed endpoint 'PrisonerPortal.Controllers.NotificationsController.GetUnreadCount (PrisonerPortal)'
2026-03-18 23:47:45.185 +05:30 [INF] Request finished HTTP/1.1 GET http://localhost:5050/Notifications/GetUnreadCount - 200 null application/json; charset=utf-8 7.1302ms
2026-03-18 23:47:51.063 +05:30 [INF] Request starting HTTP/1.1 GET http://localhost:5050/Admin/Requests - null null
2026-03-18 23:47:51.077 +05:30 [INF] Executing endpoint 'PrisonerPortal.Controllers.AdminController.Requests (PrisonerPortal)'
2026-03-18 23:47:51.100 +05:30 [INF] Route matched with {action = "Requests", controller = "Admin"}. Executing controller action with signature System.Threading.Tasks.Task`1[Microsoft.AspNetCore.Mvc.IActionResult] Requests() on controller PrisonerPortal.Controllers.AdminController (PrisonerPortal).
2026-03-18 23:47:51.232 +05:30 [INF] Executed DbCommand (14ms) [Parameters=[], CommandType='"Text"', CommandTimeout='30']
SELECT [s].[RequestId], [s].[AdminResponse], [s].[AssignedAdminId], [s].[Category], [s].[CreatedAt], [s].[Description], [s].[Priority], [s].[PrisonerId], [s].[RequestCode], [s].[ResolvedAt], [s].[Status], [s].[Subject], [s].[UpdatedAt], [s].[UserId], [p].[PrisonerId], [p].[CaseNumber], [p].[CellBlock], [p].[CellNumber], [p].[CreatedAt], [p].[CrimeCategory], [p].[DateOfBirth], [p].[FullName], [p].[Gender], [p].[PrisonerCode], [p].[SentenceEndDate], [p].[SentenceStartDate], [p].[Status], [p].[UpdatedAt], [a].[Id], [a].[AccessFailedCount], [a].[Address], [a].[ConcurrencyStamp], [a].[CreatedAt], [a].[Email], [a].[EmailConfirmed], [a].[FullName], [a].[IsActive], [a].[LockoutEnabled], [a].[LockoutEnd], [a].[NormalizedEmail], [a].[NormalizedUserName], [a].[PasswordHash], [a].[PhoneNumber], [a].[PhoneNumberConfirmed], [a].[Role], [a].[SecurityStamp], [a].[TwoFactorEnabled], [a].[UserName], [a0].[Id], [a0].[AccessFailedCount], [a0].[Address], [a0].[ConcurrencyStamp], [a0].[CreatedAt], [a0].[Email], [a0].[EmailConfirmed], [a0].[FullName], [a0].[IsActive], [a0].[LockoutEnabled], [a0].[LockoutEnd], [a0].[NormalizedEmail], [a0].[NormalizedUserName], [a0].[PasswordHash], [a0].[PhoneNumber], [a0].[PhoneNumberConfirmed], [a0].[Role], [a0].[SecurityStamp], [a0].[TwoFactorEnabled], [a0].[UserName]
FROM [SupportRequests] AS [s]
LEFT JOIN [Prisoners] AS [p] ON [s].[PrisonerId] = [p].[PrisonerId]
INNER JOIN [AspNetUsers] AS [a] ON [s].[UserId] = [a].[Id]
LEFT JOIN [AspNetUsers] AS [a0] ON [s].[AssignedAdminId] = [a0].[Id]
ORDER BY [s].[CreatedAt] DESC
2026-03-18 23:47:51.238 +05:30 [INF] Executing ViewResult, running view Requests.
2026-03-18 23:47:51.284 +05:30 [INF] Executed ViewResult - view Requests executed in 49.2889ms.
2026-03-18 23:47:51.284 +05:30 [INF] Executed action PrisonerPortal.Controllers.AdminController.Requests (PrisonerPortal) in 184.4096ms
2026-03-18 23:47:51.284 +05:30 [INF] Executed endpoint 'PrisonerPortal.Controllers.AdminController.Requests (PrisonerPortal)'
2026-03-18 23:47:51.285 +05:30 [INF] Request finished HTTP/1.1 GET http://localhost:5050/Admin/Requests - 200 null text/html; charset=utf-8 221.7321ms
2026-03-18 23:47:51.339 +05:30 [INF] Request starting HTTP/1.1 GET http://localhost:5050/Notifications/GetUnreadCount - null null
2026-03-18 23:47:51.340 +05:30 [INF] Executing endpoint 'PrisonerPortal.Controllers.NotificationsController.GetUnreadCount (PrisonerPortal)'
2026-03-18 23:47:51.341 +05:30 [INF] Route matched with {action = "GetUnreadCount", controller = "Notifications"}. Executing controller action with signature Microsoft.AspNetCore.Mvc.IActionResult GetUnreadCount() on controller PrisonerPortal.Controllers.NotificationsController (PrisonerPortal).
2026-03-18 23:47:51.344 +05:30 [INF] Executed DbCommand (1ms) [Parameters=[@userId='?' (Size = 450)], CommandType='"Text"', CommandTimeout='30']
SELECT COUNT(*)
FROM [Notifications] AS [n]
WHERE [n].[UserId] = @userId AND [n].[IsRead] = CAST(0 AS bit)
2026-03-18 23:47:51.345 +05:30 [INF] Executing JsonResult, writing value of type '<>f__AnonymousType2`1[[System.Int32, System.Private.CoreLib, Version=10.0.0.0, Culture=neutral, PublicKeyToken=7cec85d7bea7798e]]'.
2026-03-18 23:47:51.345 +05:30 [INF] Executed action PrisonerPortal.Controllers.NotificationsController.GetUnreadCount (PrisonerPortal) in 3.9403ms
2026-03-18 23:47:51.345 +05:30 [INF] Executed endpoint 'PrisonerPortal.Controllers.NotificationsController.GetUnreadCount (PrisonerPortal)'
2026-03-18 23:47:51.345 +05:30 [INF] Request finished HTTP/1.1 GET http://localhost:5050/Notifications/GetUnreadCount - 200 null application/json; charset=utf-8 6.09ms
2026-03-18 23:47:56.660 +05:30 [INF] Request starting HTTP/1.1 GET http://localhost:5050/Admin/RequestDetail/1 - null null
2026-03-18 23:47:56.661 +05:30 [INF] Executing endpoint 'PrisonerPortal.Controllers.AdminController.RequestDetail (PrisonerPortal)'
2026-03-18 23:47:56.694 +05:30 [INF] Route matched with {action = "RequestDetail", controller = "Admin"}. Executing controller action with signature System.Threading.Tasks.Task`1[Microsoft.AspNetCore.Mvc.IActionResult] RequestDetail(Int32) on controller PrisonerPortal.Controllers.AdminController (PrisonerPortal).
2026-03-18 23:47:56.716 +05:30 [INF] Executed DbCommand (17ms) [Parameters=[@id='?' (DbType = Int32)], CommandType='"Text"', CommandTimeout='30']
SELECT TOP(1) [s].[RequestId], [s].[AdminResponse], [s].[AssignedAdminId], [s].[Category], [s].[CreatedAt], [s].[Description], [s].[Priority], [s].[PrisonerId], [s].[RequestCode], [s].[ResolvedAt], [s].[Status], [s].[Subject], [s].[UpdatedAt], [s].[UserId], [p].[PrisonerId], [p].[CaseNumber], [p].[CellBlock], [p].[CellNumber], [p].[CreatedAt], [p].[CrimeCategory], [p].[DateOfBirth], [p].[FullName], [p].[Gender], [p].[PrisonerCode], [p].[SentenceEndDate], [p].[SentenceStartDate], [p].[Status], [p].[UpdatedAt], [a].[Id], [a].[AccessFailedCount], [a].[Address], [a].[ConcurrencyStamp], [a].[CreatedAt], [a].[Email], [a].[EmailConfirmed], [a].[FullName], [a].[IsActive], [a].[LockoutEnabled], [a].[LockoutEnd], [a].[NormalizedEmail], [a].[NormalizedUserName], [a].[PasswordHash], [a].[PhoneNumber], [a].[PhoneNumberConfirmed], [a].[Role], [a].[SecurityStamp], [a].[TwoFactorEnabled], [a].[UserName], [a0].[Id], [a0].[AccessFailedCount], [a0].[Address], [a0].[ConcurrencyStamp], [a0].[CreatedAt], [a0].[Email], [a0].[EmailConfirmed], [a0].[FullName], [a0].[IsActive], [a0].[LockoutEnabled], [a0].[LockoutEnd], [a0].[NormalizedEmail], [a0].[NormalizedUserName], [a0].[PasswordHash], [a0].[PhoneNumber], [a0].[PhoneNumberConfirmed], [a0].[Role], [a0].[SecurityStamp], [a0].[TwoFactorEnabled], [a0].[UserName]
FROM [SupportRequests] AS [s]
LEFT JOIN [Prisoners] AS [p] ON [s].[PrisonerId] = [p].[PrisonerId]
INNER JOIN [AspNetUsers] AS [a] ON [s].[UserId] = [a].[Id]
LEFT JOIN [AspNetUsers] AS [a0] ON [s].[AssignedAdminId] = [a0].[Id]
WHERE [s].[RequestId] = @id
2026-03-18 23:47:56.722 +05:30 [INF] Executing ViewResult, running view RequestDetail.
2026-03-18 23:47:56.798 +05:30 [INF] Executed ViewResult - view RequestDetail executed in 80.5466ms.
2026-03-18 23:47:56.798 +05:30 [INF] Executed action PrisonerPortal.Controllers.AdminController.RequestDetail (PrisonerPortal) in 103.7281ms
2026-03-18 23:47:56.798 +05:30 [INF] Executed endpoint 'PrisonerPortal.Controllers.AdminController.RequestDetail (PrisonerPortal)'
2026-03-18 23:47:56.798 +05:30 [INF] Request finished HTTP/1.1 GET http://localhost:5050/Admin/RequestDetail/1 - 200 null text/html; charset=utf-8 138.5111ms
2026-03-18 23:47:56.855 +05:30 [INF] Request starting HTTP/1.1 GET http://localhost:5050/Notifications/GetUnreadCount - null null
2026-03-18 23:47:56.856 +05:30 [INF] Executing endpoint 'PrisonerPortal.Controllers.NotificationsController.GetUnreadCount (PrisonerPortal)'
2026-03-18 23:47:56.856 +05:30 [INF] Route matched with {action = "GetUnreadCount", controller = "Notifications"}. Executing controller action with signature Microsoft.AspNetCore.Mvc.IActionResult GetUnreadCount() on controller PrisonerPortal.Controllers.NotificationsController (PrisonerPortal).
2026-03-18 23:47:56.869 +05:30 [INF] Executed DbCommand (10ms) [Parameters=[@userId='?' (Size = 450)], CommandType='"Text"', CommandTimeout='30']
SELECT COUNT(*)
FROM [Notifications] AS [n]
WHERE [n].[UserId] = @userId AND [n].[IsRead] = CAST(0 AS bit)
2026-03-18 23:47:56.869 +05:30 [INF] Executing JsonResult, writing value of type '<>f__AnonymousType2`1[[System.Int32, System.Private.CoreLib, Version=10.0.0.0, Culture=neutral, PublicKeyToken=7cec85d7bea7798e]]'.
2026-03-18 23:47:56.870 +05:30 [INF] Executed action PrisonerPortal.Controllers.NotificationsController.GetUnreadCount (PrisonerPortal) in 13.161ms
2026-03-18 23:47:56.870 +05:30 [INF] Executed endpoint 'PrisonerPortal.Controllers.NotificationsController.GetUnreadCount (PrisonerPortal)'
2026-03-18 23:47:56.870 +05:30 [INF] Request finished HTTP/1.1 GET http://localhost:5050/Notifications/GetUnreadCount - 200 null application/json; charset=utf-8 15.3339ms
2026-03-18 23:48:17.555 +05:30 [INF] Request starting HTTP/1.1 POST http://localhost:5050/Admin/UpdateRequestStatus - application/x-www-form-urlencoded 288
2026-03-18 23:48:17.557 +05:30 [INF] Executing endpoint 'PrisonerPortal.Controllers.AdminController.UpdateRequestStatus (PrisonerPortal)'
2026-03-18 23:48:17.596 +05:30 [INF] Route matched with {action = "UpdateRequestStatus", controller = "Admin"}. Executing controller action with signature System.Threading.Tasks.Task`1[Microsoft.AspNetCore.Mvc.IActionResult] UpdateRequestStatus(PrisonerPortal.Models.ViewModels.AdminResponseViewModel) on controller PrisonerPortal.Controllers.AdminController (PrisonerPortal).
2026-03-18 23:48:17.648 +05:30 [INF] Executed DbCommand (5ms) [Parameters=[@p='?' (DbType = Int32)], CommandType='"Text"', CommandTimeout='30']
SELECT TOP(1) [s].[RequestId], [s].[AdminResponse], [s].[AssignedAdminId], [s].[Category], [s].[CreatedAt], [s].[Description], [s].[Priority], [s].[PrisonerId], [s].[RequestCode], [s].[ResolvedAt], [s].[Status], [s].[Subject], [s].[UpdatedAt], [s].[UserId]
FROM [SupportRequests] AS [s]
WHERE [s].[RequestId] = @p
2026-03-18 23:48:17.677 +05:30 [INF] Executed DbCommand (23ms) [Parameters=[@p2='?' (DbType = Int32), @p0='?' (Size = 4000), @p1='?' (DbType = DateTime2)], CommandType='"Text"', CommandTimeout='30']
SET IMPLICIT_TRANSACTIONS OFF;
SET NOCOUNT ON;
UPDATE [SupportRequests] SET [Status] = @p0, [UpdatedAt] = @p1
OUTPUT 1
WHERE [RequestId] = @p2;
2026-03-18 23:48:17.741 +05:30 [INF] Executed DbCommand (14ms) [Parameters=[@p0='?' (DbType = DateTime2), @p1='?' (DbType = Boolean), @p2='?' (Size = 4000), @p3='?' (DbType = Int32), @p4='?' (Size = 4000), @p5='?' (Size = 4000), @p6='?' (Size = 4000), @p7='?' (Size = 450)], CommandType='"Text"', CommandTimeout='30']
SET IMPLICIT_TRANSACTIONS OFF;
SET NOCOUNT ON;
INSERT INTO [Notifications] ([CreatedAt], [IsRead], [Message], [RelatedEntityId], [RelatedEntityType], [Title], [Type], [UserId])
OUTPUT INSERTED.[NotificationId]
VALUES (@p0, @p1, @p2, @p3, @p4, @p5, @p6, @p7);
2026-03-18 23:48:17.759 +05:30 [INF] Executed DbCommand (7ms) [Parameters=[@p2='?' (DbType = Int32), @p0='?' (Size = 4000), @p1='?' (DbType = DateTime2)], CommandType='"Text"', CommandTimeout='30']
SET IMPLICIT_TRANSACTIONS OFF;
SET NOCOUNT ON;
UPDATE [SupportRequests] SET [AdminResponse] = @p0, [UpdatedAt] = @p1
OUTPUT 1
WHERE [RequestId] = @p2;
2026-03-18 23:48:17.763 +05:30 [INF] Executed DbCommand (2ms) [Parameters=[@p0='?' (DbType = DateTime2), @p1='?' (DbType = Boolean), @p2='?' (Size = 4000), @p3='?' (DbType = Int32), @p4='?' (Size = 4000), @p5='?' (Size = 4000), @p6='?' (Size = 4000), @p7='?' (Size = 450)], CommandType='"Text"', CommandTimeout='30']
SET IMPLICIT_TRANSACTIONS OFF;
SET NOCOUNT ON;
INSERT INTO [Notifications] ([CreatedAt], [IsRead], [Message], [RelatedEntityId], [RelatedEntityType], [Title], [Type], [UserId])
OUTPUT INSERTED.[NotificationId]
VALUES (@p0, @p1, @p2, @p3, @p4, @p5, @p6, @p7);
2026-03-18 23:48:17.775 +05:30 [INF] Executed DbCommand (6ms) [Parameters=[@p2='?' (DbType = Int32), @p0='?' (Size = 450), @p1='?' (DbType = DateTime2)], CommandType='"Text"', CommandTimeout='30']
SET IMPLICIT_TRANSACTIONS OFF;
SET NOCOUNT ON;
UPDATE [SupportRequests] SET [AssignedAdminId] = @p0, [UpdatedAt] = @p1
OUTPUT 1
WHERE [RequestId] = @p2;
2026-03-18 23:48:17.777 +05:30 [INF] Executing RedirectResult, redirecting to /Admin/RequestDetail/1.
2026-03-18 23:48:17.778 +05:30 [INF] Executed action PrisonerPortal.Controllers.AdminController.UpdateRequestStatus (PrisonerPortal) in 181.4141ms
2026-03-18 23:48:17.778 +05:30 [INF] Executed endpoint 'PrisonerPortal.Controllers.AdminController.UpdateRequestStatus (PrisonerPortal)'
2026-03-18 23:48:17.778 +05:30 [INF] Request finished HTTP/1.1 POST http://localhost:5050/Admin/UpdateRequestStatus - 302 0 null 222.9804ms
2026-03-18 23:48:17.786 +05:30 [INF] Request starting HTTP/1.1 GET http://localhost:5050/Admin/RequestDetail/1 - null null
2026-03-18 23:48:17.787 +05:30 [INF] Executing endpoint 'PrisonerPortal.Controllers.AdminController.RequestDetail (PrisonerPortal)'
2026-03-18 23:48:17.787 +05:30 [INF] Route matched with {action = "RequestDetail", controller = "Admin"}. Executing controller action with signature System.Threading.Tasks.Task`1[Microsoft.AspNetCore.Mvc.IActionResult] RequestDetail(Int32) on controller PrisonerPortal.Controllers.AdminController (PrisonerPortal).
2026-03-18 23:48:17.800 +05:30 [INF] Executed DbCommand (12ms) [Parameters=[@id='?' (DbType = Int32)], CommandType='"Text"', CommandTimeout='30']
SELECT TOP(1) [s].[RequestId], [s].[AdminResponse], [s].[AssignedAdminId], [s].[Category], [s].[CreatedAt], [s].[Description], [s].[Priority], [s].[PrisonerId], [s].[RequestCode], [s].[ResolvedAt], [s].[Status], [s].[Subject], [s].[UpdatedAt], [s].[UserId], [p].[PrisonerId], [p].[CaseNumber], [p].[CellBlock], [p].[CellNumber], [p].[CreatedAt], [p].[CrimeCategory], [p].[DateOfBirth], [p].[FullName], [p].[Gender], [p].[PrisonerCode], [p].[SentenceEndDate], [p].[SentenceStartDate], [p].[Status], [p].[UpdatedAt], [a].[Id], [a].[AccessFailedCount], [a].[Address], [a].[ConcurrencyStamp], [a].[CreatedAt], [a].[Email], [a].[EmailConfirmed], [a].[FullName], [a].[IsActive], [a].[LockoutEnabled], [a].[LockoutEnd], [a].[NormalizedEmail], [a].[NormalizedUserName], [a].[PasswordHash], [a].[PhoneNumber], [a].[PhoneNumberConfirmed], [a].[Role], [a].[SecurityStamp], [a].[TwoFactorEnabled], [a].[UserName], [a0].[Id], [a0].[AccessFailedCount], [a0].[Address], [a0].[ConcurrencyStamp], [a0].[CreatedAt], [a0].[Email], [a0].[EmailConfirmed], [a0].[FullName], [a0].[IsActive], [a0].[LockoutEnabled], [a0].[LockoutEnd], [a0].[NormalizedEmail], [a0].[NormalizedUserName], [a0].[PasswordHash], [a0].[PhoneNumber], [a0].[PhoneNumberConfirmed], [a0].[Role], [a0].[SecurityStamp], [a0].[TwoFactorEnabled], [a0].[UserName]
FROM [SupportRequests] AS [s]
LEFT JOIN [Prisoners] AS [p] ON [s].[PrisonerId] = [p].[PrisonerId]
INNER JOIN [AspNetUsers] AS [a] ON [s].[UserId] = [a].[Id]
LEFT JOIN [AspNetUsers] AS [a0] ON [s].[AssignedAdminId] = [a0].[Id]
WHERE [s].[RequestId] = @id
2026-03-18 23:48:17.804 +05:30 [INF] Executing ViewResult, running view RequestDetail.
2026-03-18 23:48:17.809 +05:30 [INF] Executed ViewResult - view RequestDetail executed in 5.3522ms.
2026-03-18 23:48:17.809 +05:30 [INF] Executed action PrisonerPortal.Controllers.AdminController.RequestDetail (PrisonerPortal) in 21.8901ms
2026-03-18 23:48:17.809 +05:30 [INF] Executed endpoint 'PrisonerPortal.Controllers.AdminController.RequestDetail (PrisonerPortal)'
2026-03-18 23:48:17.810 +05:30 [INF] Request finished HTTP/1.1 GET http://localhost:5050/Admin/RequestDetail/1 - 200 null text/html; charset=utf-8 23.3987ms
2026-03-18 23:48:17.902 +05:30 [INF] Request starting HTTP/1.1 GET http://localhost:5050/Notifications/GetUnreadCount - null null
2026-03-18 23:48:17.903 +05:30 [INF] Executing endpoint 'PrisonerPortal.Controllers.NotificationsController.GetUnreadCount (PrisonerPortal)'
2026-03-18 23:48:17.903 +05:30 [INF] Route matched with {action = "GetUnreadCount", controller = "Notifications"}. Executing controller action with signature Microsoft.AspNetCore.Mvc.IActionResult GetUnreadCount() on controller PrisonerPortal.Controllers.NotificationsController (PrisonerPortal).
2026-03-18 23:48:17.950 +05:30 [INF] Executed DbCommand (45ms) [Parameters=[@userId='?' (Size = 450)], CommandType='"Text"', CommandTimeout='30']
SELECT COUNT(*)
FROM [Notifications] AS [n]
WHERE [n].[UserId] = @userId AND [n].[IsRead] = CAST(0 AS bit)
2026-03-18 23:48:17.950 +05:30 [INF] Executing JsonResult, writing value of type '<>f__AnonymousType2`1[[System.Int32, System.Private.CoreLib, Version=10.0.0.0, Culture=neutral, PublicKeyToken=7cec85d7bea7798e]]'.
2026-03-18 23:48:17.951 +05:30 [INF] Executed action PrisonerPortal.Controllers.NotificationsController.GetUnreadCount (PrisonerPortal) in 47.6997ms
2026-03-18 23:48:17.951 +05:30 [INF] Executed endpoint 'PrisonerPortal.Controllers.NotificationsController.GetUnreadCount (PrisonerPortal)'
2026-03-18 23:48:17.951 +05:30 [INF] Request finished HTTP/1.1 GET http://localhost:5050/Notifications/GetUnreadCount - 200 null application/json; charset=utf-8 49.3054ms
2026-03-18 23:48:25.984 +05:30 [INF] Request starting HTTP/1.1 GET http://localhost:5050/Admin/Users - null null
2026-03-18 23:48:25.985 +05:30 [INF] Executing endpoint 'PrisonerPortal.Controllers.AdminController.Users (PrisonerPortal)'
2026-03-18 23:48:26.015 +05:30 [INF] Route matched with {action = "Users", controller = "Admin"}. Executing controller action with signature System.Threading.Tasks.Task`1[Microsoft.AspNetCore.Mvc.IActionResult] Users(System.String, System.String) on controller PrisonerPortal.Controllers.AdminController (PrisonerPortal).
2026-03-18 23:48:26.071 +05:30 [INF] Executed DbCommand (3ms) [Parameters=[], CommandType='"Text"', CommandTimeout='30']
SELECT [a].[Id], [a].[AccessFailedCount], [a].[Address], [a].[ConcurrencyStamp], [a].[CreatedAt], [a].[Email], [a].[EmailConfirmed], [a].[FullName], [a].[IsActive], [a].[LockoutEnabled], [a].[LockoutEnd], [a].[NormalizedEmail], [a].[NormalizedUserName], [a].[PasswordHash], [a].[PhoneNumber], [a].[PhoneNumberConfirmed], [a].[Role], [a].[SecurityStamp], [a].[TwoFactorEnabled], [a].[UserName]
FROM [AspNetUsers] AS [a]
ORDER BY [a].[CreatedAt] DESC
2026-03-18 23:48:26.075 +05:30 [INF] Executing ViewResult, running view Users.
2026-03-18 23:48:26.110 +05:30 [INF] Executed ViewResult - view Users executed in 38.7157ms.
2026-03-18 23:48:26.111 +05:30 [INF] Executed action PrisonerPortal.Controllers.AdminController.Users (PrisonerPortal) in 94.9862ms
2026-03-18 23:48:26.111 +05:30 [INF] Executed endpoint 'PrisonerPortal.Controllers.AdminController.Users (PrisonerPortal)'
2026-03-18 23:48:26.111 +05:30 [INF] Request finished HTTP/1.1 GET http://localhost:5050/Admin/Users - 200 null text/html; charset=utf-8 127.4354ms
2026-03-18 23:48:26.183 +05:30 [INF] Request starting HTTP/1.1 GET http://localhost:5050/Notifications/GetUnreadCount - null null
2026-03-18 23:48:26.184 +05:30 [INF] Executing endpoint 'PrisonerPortal.Controllers.NotificationsController.GetUnreadCount (PrisonerPortal)'
2026-03-18 23:48:26.184 +05:30 [INF] Route matched with {action = "GetUnreadCount", controller = "Notifications"}. Executing controller action with signature Microsoft.AspNetCore.Mvc.IActionResult GetUnreadCount() on controller PrisonerPortal.Controllers.NotificationsController (PrisonerPortal).
2026-03-18 23:48:26.188 +05:30 [INF] Executed DbCommand (1ms) [Parameters=[@userId='?' (Size = 450)], CommandType='"Text"', CommandTimeout='30']
SELECT COUNT(*)
FROM [Notifications] AS [n]
WHERE [n].[UserId] = @userId AND [n].[IsRead] = CAST(0 AS bit)
2026-03-18 23:48:26.188 +05:30 [INF] Executing JsonResult, writing value of type '<>f__AnonymousType2`1[[System.Int32, System.Private.CoreLib, Version=10.0.0.0, Culture=neutral, PublicKeyToken=7cec85d7bea7798e]]'.
2026-03-18 23:48:26.189 +05:30 [INF] Executed action PrisonerPortal.Controllers.NotificationsController.GetUnreadCount (PrisonerPortal) in 4.2141ms
2026-03-18 23:48:26.189 +05:30 [INF] Executed endpoint 'PrisonerPortal.Controllers.NotificationsController.GetUnreadCount (PrisonerPortal)'
2026-03-18 23:48:26.189 +05:30 [INF] Request finished HTTP/1.1 GET http://localhost:5050/Notifications/GetUnreadCount - 200 null application/json; charset=utf-8 5.9614ms
2026-03-18 23:48:37.877 +05:30 [INF] Request starting HTTP/1.1 GET http://localhost:5050/Admin/Dashboard - null null
2026-03-18 23:48:37.880 +05:30 [INF] Executing endpoint 'PrisonerPortal.Controllers.AdminController.Dashboard (PrisonerPortal)'
2026-03-18 23:48:37.880 +05:30 [INF] Route matched with {action = "Dashboard", controller = "Admin"}. Executing controller action with signature System.Threading.Tasks.Task`1[Microsoft.AspNetCore.Mvc.IActionResult] Dashboard() on controller PrisonerPortal.Controllers.AdminController (PrisonerPortal).
2026-03-18 23:48:37.887 +05:30 [INF] Executed DbCommand (4ms) [Parameters=[], CommandType='"Text"', CommandTimeout='30']
SELECT COUNT(*)
FROM [AspNetUsers] AS [a]
WHERE [a].[IsActive] = CAST(1 AS bit) AND [a].[Role] = N'Family'
2026-03-18 23:48:37.893 +05:30 [INF] Executed DbCommand (5ms) [Parameters=[], CommandType='"Text"', CommandTimeout='30']
SELECT COUNT(*)
FROM [Prisoners] AS [p]
WHERE [p].[Status] = N'Active'
2026-03-18 23:48:37.909 +05:30 [INF] Executed DbCommand (15ms) [Parameters=[], CommandType='"Text"', CommandTimeout='30']
SELECT COUNT(*)
FROM [Appointments] AS [a]
INNER JOIN [VisitSlots] AS [v] ON [a].[SlotId] = [v].[SlotId]
WHERE CONVERT(date, [v].[SlotDate]) = CONVERT(date, GETDATE()) AND [a].[Status] IN (N'Approved', N'Pending')
2026-03-18 23:48:37.914 +05:30 [INF] Executed DbCommand (3ms) [Parameters=[], CommandType='"Text"', CommandTimeout='30']
SELECT COUNT(*)
FROM [SupportRequests] AS [s]
WHERE [s].[Status] IN (N'Open', N'InProgress')
2026-03-18 23:48:37.929 +05:30 [INF] Executed DbCommand (14ms) [Parameters=[@p='?' (DbType = Int32)], CommandType='"Text"', CommandTimeout='30']
SELECT [a1].[AppointmentId], [a1].[AdminNotes], [a1].[AppointmentCode], [a1].[BookedAt], [a1].[NumVisitors], [a1].[PrisonerId], [a1].[Purpose], [a1].[RejectionReason], [a1].[SlotId], [a1].[Status], [a1].[UpdatedAt], [a1].[UserId], [a1].[VisitorNames], [a0].[Id], [a0].[AccessFailedCount], [a0].[Address], [a0].[ConcurrencyStamp], [a0].[CreatedAt], [a0].[Email], [a0].[EmailConfirmed], [a0].[FullName], [a0].[IsActive], [a0].[LockoutEnabled], [a0].[LockoutEnd], [a0].[NormalizedEmail], [a0].[NormalizedUserName], [a0].[PasswordHash], [a0].[PhoneNumber], [a0].[PhoneNumberConfirmed], [a0].[Role], [a0].[SecurityStamp], [a0].[TwoFactorEnabled], [a0].[UserName], [p].[PrisonerId], [p].[CaseNumber], [p].[CellBlock], [p].[CellNumber], [p].[CreatedAt], [p].[CrimeCategory], [p].[DateOfBirth], [p].[FullName], [p].[Gender], [p].[PrisonerCode], [p].[SentenceEndDate], [p].[SentenceStartDate], [p].[Status], [p].[UpdatedAt], [v].[SlotId], [v].[CreatedAt], [v].[CreatedByAdminId], [v].[CurrentBookings], [v].[EndTime], [v].[IsActive], [v].[MaxCapacity], [v].[SlotDate], [v].[StartTime]
FROM (
    SELECT TOP(@p) [a].[AppointmentId], [a].[AdminNotes], [a].[AppointmentCode], [a].[BookedAt], [a].[NumVisitors], [a].[PrisonerId], [a].[Purpose], [a].[RejectionReason], [a].[SlotId], [a].[Status], [a].[UpdatedAt], [a].[UserId], [a].[VisitorNames]
    FROM [Appointments] AS [a]
    WHERE [a].[Status] = N'Pending'
    ORDER BY [a].[BookedAt] DESC
) AS [a1]
INNER JOIN [AspNetUsers] AS [a0] ON [a1].[UserId] = [a0].[Id]
INNER JOIN [Prisoners] AS [p] ON [a1].[PrisonerId] = [p].[PrisonerId]
INNER JOIN [VisitSlots] AS [v] ON [a1].[SlotId] = [v].[SlotId]
ORDER BY [a1].[BookedAt] DESC
2026-03-18 23:48:37.944 +05:30 [INF] Executed DbCommand (14ms) [Parameters=[@p='?' (DbType = Int32)], CommandType='"Text"', CommandTimeout='30']
SELECT [s0].[RequestId], [s0].[AdminResponse], [s0].[AssignedAdminId], [s0].[Category], [s0].[CreatedAt], [s0].[Description], [s0].[Priority], [s0].[PrisonerId], [s0].[RequestCode], [s0].[ResolvedAt], [s0].[Status], [s0].[Subject], [s0].[UpdatedAt], [s0].[UserId], [a].[Id], [a].[AccessFailedCount], [a].[Address], [a].[ConcurrencyStamp], [a].[CreatedAt], [a].[Email], [a].[EmailConfirmed], [a].[FullName], [a].[IsActive], [a].[LockoutEnabled], [a].[LockoutEnd], [a].[NormalizedEmail], [a].[NormalizedUserName], [a].[PasswordHash], [a].[PhoneNumber], [a].[PhoneNumberConfirmed], [a].[Role], [a].[SecurityStamp], [a].[TwoFactorEnabled], [a].[UserName], [p].[PrisonerId], [p].[CaseNumber], [p].[CellBlock], [p].[CellNumber], [p].[CreatedAt], [p].[CrimeCategory], [p].[DateOfBirth], [p].[FullName], [p].[Gender], [p].[PrisonerCode], [p].[SentenceEndDate], [p].[SentenceStartDate], [p].[Status], [p].[UpdatedAt]
FROM (
    SELECT TOP(@p) [s].[RequestId], [s].[AdminResponse], [s].[AssignedAdminId], [s].[Category], [s].[CreatedAt], [s].[Description], [s].[Priority], [s].[PrisonerId], [s].[RequestCode], [s].[ResolvedAt], [s].[Status], [s].[Subject], [s].[UpdatedAt], [s].[UserId]
    FROM [SupportRequests] AS [s]
    WHERE [s].[Status] IN (N'Open', N'InProgress')
    ORDER BY [s].[CreatedAt] DESC
) AS [s0]
INNER JOIN [AspNetUsers] AS [a] ON [s0].[UserId] = [a].[Id]
LEFT JOIN [Prisoners] AS [p] ON [s0].[PrisonerId] = [p].[PrisonerId]
ORDER BY [s0].[CreatedAt] DESC
2026-03-18 23:48:37.958 +05:30 [INF] Executed DbCommand (11ms) [Parameters=[@p='?' (DbType = Int32)], CommandType='"Text"', CommandTimeout='30']
SELECT [f0].[LinkId], [f0].[IsVerified], [f0].[LinkedAt], [f0].[PrisonerId], [f0].[Relationship], [f0].[UserId], [f0].[VerifiedByAdminId], [a].[Id], [a].[AccessFailedCount], [a].[Address], [a].[ConcurrencyStamp], [a].[CreatedAt], [a].[Email], [a].[EmailConfirmed], [a].[FullName], [a].[IsActive], [a].[LockoutEnabled], [a].[LockoutEnd], [a].[NormalizedEmail], [a].[NormalizedUserName], [a].[PasswordHash], [a].[PhoneNumber], [a].[PhoneNumberConfirmed], [a].[Role], [a].[SecurityStamp], [a].[TwoFactorEnabled], [a].[UserName], [p].[PrisonerId], [p].[CaseNumber], [p].[CellBlock], [p].[CellNumber], [p].[CreatedAt], [p].[CrimeCategory], [p].[DateOfBirth], [p].[FullName], [p].[Gender], [p].[PrisonerCode], [p].[SentenceEndDate], [p].[SentenceStartDate], [p].[Status], [p].[UpdatedAt]
FROM (
    SELECT TOP(@p) [f].[LinkId], [f].[IsVerified], [f].[LinkedAt], [f].[PrisonerId], [f].[Relationship], [f].[UserId], [f].[VerifiedByAdminId]
    FROM [FamilyPrisonerLinks] AS [f]
    WHERE [f].[IsVerified] = CAST(0 AS bit)
    ORDER BY [f].[LinkedAt] DESC
) AS [f0]
INNER JOIN [AspNetUsers] AS [a] ON [f0].[UserId] = [a].[Id]
INNER JOIN [Prisoners] AS [p] ON [f0].[PrisonerId] = [p].[PrisonerId]
ORDER BY [f0].[LinkedAt] DESC
2026-03-18 23:48:37.962 +05:30 [INF] Executed DbCommand (4ms) [Parameters=[@p='?' (DbType = Int32)], CommandType='"Text"', CommandTimeout='30']
SELECT TOP(@p) [a].[Id], [a].[AccessFailedCount], [a].[Address], [a].[ConcurrencyStamp], [a].[CreatedAt], [a].[Email], [a].[EmailConfirmed], [a].[FullName], [a].[IsActive], [a].[LockoutEnabled], [a].[LockoutEnd], [a].[NormalizedEmail], [a].[NormalizedUserName], [a].[PasswordHash], [a].[PhoneNumber], [a].[PhoneNumberConfirmed], [a].[Role], [a].[SecurityStamp], [a].[TwoFactorEnabled], [a].[UserName]
FROM [AspNetUsers] AS [a]
ORDER BY [a].[CreatedAt] DESC
2026-03-18 23:48:37.963 +05:30 [INF] Executing ViewResult, running view Dashboard.
2026-03-18 23:48:37.965 +05:30 [INF] Executed ViewResult - view Dashboard executed in 2.1786ms.
2026-03-18 23:48:37.966 +05:30 [INF] Executed action PrisonerPortal.Controllers.AdminController.Dashboard (PrisonerPortal) in 85.6005ms
2026-03-18 23:48:37.966 +05:30 [INF] Executed endpoint 'PrisonerPortal.Controllers.AdminController.Dashboard (PrisonerPortal)'
2026-03-18 23:48:37.966 +05:30 [INF] Request finished HTTP/1.1 GET http://localhost:5050/Admin/Dashboard - 200 null text/html; charset=utf-8 88.6314ms
2026-03-18 23:48:38.017 +05:30 [INF] Request starting HTTP/1.1 GET http://localhost:5050/Notifications/GetUnreadCount - null null
2026-03-18 23:48:38.020 +05:30 [INF] Executing endpoint 'PrisonerPortal.Controllers.NotificationsController.GetUnreadCount (PrisonerPortal)'
2026-03-18 23:48:38.020 +05:30 [INF] Route matched with {action = "GetUnreadCount", controller = "Notifications"}. Executing controller action with signature Microsoft.AspNetCore.Mvc.IActionResult GetUnreadCount() on controller PrisonerPortal.Controllers.NotificationsController (PrisonerPortal).
2026-03-18 23:48:38.024 +05:30 [INF] Executed DbCommand (1ms) [Parameters=[@userId='?' (Size = 450)], CommandType='"Text"', CommandTimeout='30']
SELECT COUNT(*)
FROM [Notifications] AS [n]
WHERE [n].[UserId] = @userId AND [n].[IsRead] = CAST(0 AS bit)
2026-03-18 23:48:38.025 +05:30 [INF] Executing JsonResult, writing value of type '<>f__AnonymousType2`1[[System.Int32, System.Private.CoreLib, Version=10.0.0.0, Culture=neutral, PublicKeyToken=7cec85d7bea7798e]]'.
2026-03-18 23:48:38.025 +05:30 [INF] Executed action PrisonerPortal.Controllers.NotificationsController.GetUnreadCount (PrisonerPortal) in 4.7745ms
2026-03-18 23:48:38.025 +05:30 [INF] Executed endpoint 'PrisonerPortal.Controllers.NotificationsController.GetUnreadCount (PrisonerPortal)'
2026-03-18 23:48:38.026 +05:30 [INF] Request finished HTTP/1.1 GET http://localhost:5050/Notifications/GetUnreadCount - 200 null application/json; charset=utf-8 8.1968ms
2026-03-18 23:48:42.261 +05:30 [INF] Request starting HTTP/1.1 GET http://localhost:5050/Admin/Prisoners - null null
2026-03-18 23:48:42.263 +05:30 [INF] Executing endpoint 'PrisonerPortal.Controllers.AdminController.Prisoners (PrisonerPortal)'
2026-03-18 23:48:42.278 +05:30 [INF] Route matched with {action = "Prisoners", controller = "Admin"}. Executing controller action with signature System.Threading.Tasks.Task`1[Microsoft.AspNetCore.Mvc.IActionResult] Prisoners() on controller PrisonerPortal.Controllers.AdminController (PrisonerPortal).
2026-03-18 23:48:42.318 +05:30 [INF] Executed DbCommand (3ms) [Parameters=[], CommandType='"Text"', CommandTimeout='30']
SELECT [p].[PrisonerId], [p].[CaseNumber], [p].[CellBlock], [p].[CellNumber], [p].[CreatedAt], [p].[CrimeCategory], [p].[DateOfBirth], [p].[FullName], [p].[Gender], [p].[PrisonerCode], [p].[SentenceEndDate], [p].[SentenceStartDate], [p].[Status], [p].[UpdatedAt]
FROM [Prisoners] AS [p]
ORDER BY [p].[FullName]
2026-03-18 23:48:42.322 +05:30 [INF] Executing ViewResult, running view Prisoners.
2026-03-18 23:48:42.345 +05:30 [INF] Executed ViewResult - view Prisoners executed in 25.794ms.
2026-03-18 23:48:42.346 +05:30 [INF] Executed action PrisonerPortal.Controllers.AdminController.Prisoners (PrisonerPortal) in 67.2112ms
2026-03-18 23:48:42.346 +05:30 [INF] Executed endpoint 'PrisonerPortal.Controllers.AdminController.Prisoners (PrisonerPortal)'
2026-03-18 23:48:42.346 +05:30 [INF] Request finished HTTP/1.1 GET http://localhost:5050/Admin/Prisoners - 200 null text/html; charset=utf-8 84.9797ms
2026-03-18 23:48:42.416 +05:30 [INF] Request starting HTTP/1.1 GET http://localhost:5050/Notifications/GetUnreadCount - null null
2026-03-18 23:48:42.418 +05:30 [INF] Executing endpoint 'PrisonerPortal.Controllers.NotificationsController.GetUnreadCount (PrisonerPortal)'
2026-03-18 23:48:42.418 +05:30 [INF] Route matched with {action = "GetUnreadCount", controller = "Notifications"}. Executing controller action with signature Microsoft.AspNetCore.Mvc.IActionResult GetUnreadCount() on controller PrisonerPortal.Controllers.NotificationsController (PrisonerPortal).
2026-03-18 23:48:42.422 +05:30 [INF] Executed DbCommand (2ms) [Parameters=[@userId='?' (Size = 450)], CommandType='"Text"', CommandTimeout='30']
SELECT COUNT(*)
FROM [Notifications] AS [n]
WHERE [n].[UserId] = @userId AND [n].[IsRead] = CAST(0 AS bit)
2026-03-18 23:48:42.423 +05:30 [INF] Executing JsonResult, writing value of type '<>f__AnonymousType2`1[[System.Int32, System.Private.CoreLib, Version=10.0.0.0, Culture=neutral, PublicKeyToken=7cec85d7bea7798e]]'.
2026-03-18 23:48:42.423 +05:30 [INF] Executed action PrisonerPortal.Controllers.NotificationsController.GetUnreadCount (PrisonerPortal) in 4.7728ms
2026-03-18 23:48:42.423 +05:30 [INF] Executed endpoint 'PrisonerPortal.Controllers.NotificationsController.GetUnreadCount (PrisonerPortal)'
2026-03-18 23:48:42.424 +05:30 [INF] Request finished HTTP/1.1 GET http://localhost:5050/Notifications/GetUnreadCount - 200 null application/json; charset=utf-8 7.8346ms
2026-03-18 23:48:46.483 +05:30 [INF] Request starting HTTP/1.1 GET http://localhost:5050/Admin/ViewPrisoner/3 - null null
2026-03-18 23:48:46.485 +05:30 [INF] Executing endpoint 'PrisonerPortal.Controllers.AdminController.ViewPrisoner (PrisonerPortal)'
2026-03-18 23:48:46.512 +05:30 [INF] Route matched with {action = "ViewPrisoner", controller = "Admin"}. Executing controller action with signature System.Threading.Tasks.Task`1[Microsoft.AspNetCore.Mvc.IActionResult] ViewPrisoner(Int32) on controller PrisonerPortal.Controllers.AdminController (PrisonerPortal).
2026-03-18 23:48:46.613 +05:30 [WRN] Compiling a query which loads related collections for more than one collection navigation, either via 'Include' or through projection, but no 'QuerySplittingBehavior' has been configured. By default, Entity Framework will use 'QuerySplittingBehavior.SingleQuery', which can potentially result in slow query performance. See https://go.microsoft.com/fwlink/?linkid=2134277 for more information. To identify the query that's triggering this warning call 'ConfigureWarnings(w => w.Throw(RelationalEventId.MultipleCollectionIncludeWarning))'.
2026-03-18 23:48:46.949 +05:30 [INF] Executed DbCommand (63ms) [Parameters=[@id='?' (DbType = Int32)], CommandType='"Text"', CommandTimeout='30']
SELECT [p0].[PrisonerId], [p0].[CaseNumber], [p0].[CellBlock], [p0].[CellNumber], [p0].[CreatedAt], [p0].[CrimeCategory], [p0].[DateOfBirth], [p0].[FullName], [p0].[Gender], [p0].[PrisonerCode], [p0].[SentenceEndDate], [p0].[SentenceStartDate], [p0].[Status], [p0].[UpdatedAt], [s0].[LinkId], [s0].[IsVerified], [s0].[LinkedAt], [s0].[PrisonerId], [s0].[Relationship], [s0].[UserId], [s0].[VerifiedByAdminId], [s0].[Id], [s0].[AccessFailedCount], [s0].[Address], [s0].[ConcurrencyStamp], [s0].[CreatedAt], [s0].[Email], [s0].[EmailConfirmed], [s0].[FullName], [s0].[IsActive], [s0].[LockoutEnabled], [s0].[LockoutEnd], [s0].[NormalizedEmail], [s0].[NormalizedUserName], [s0].[PasswordHash], [s0].[PhoneNumber], [s0].[PhoneNumberConfirmed], [s0].[Role], [s0].[SecurityStamp], [s0].[TwoFactorEnabled], [s0].[UserName], [s1].[AppointmentId], [s1].[AdminNotes], [s1].[AppointmentCode], [s1].[BookedAt], [s1].[NumVisitors], [s1].[PrisonerId], [s1].[Purpose], [s1].[RejectionReason], [s1].[SlotId], [s1].[Status], [s1].[UpdatedAt], [s1].[UserId], [s1].[VisitorNames], [s1].[Id], [s1].[AccessFailedCount], [s1].[Address], [s1].[ConcurrencyStamp], [s1].[CreatedAt], [s1].[Email], [s1].[EmailConfirmed], [s1].[FullName], [s1].[IsActive], [s1].[LockoutEnabled], [s1].[LockoutEnd], [s1].[NormalizedEmail], [s1].[NormalizedUserName], [s1].[PasswordHash], [s1].[PhoneNumber], [s1].[PhoneNumberConfirmed], [s1].[Role], [s1].[SecurityStamp], [s1].[TwoFactorEnabled], [s1].[UserName], [s].[RequestId], [s].[AdminResponse], [s].[AssignedAdminId], [s].[Category], [s].[CreatedAt], [s].[Description], [s].[Priority], [s].[PrisonerId], [s].[RequestCode], [s].[ResolvedAt], [s].[Status], [s].[Subject], [s].[UpdatedAt], [s].[UserId]
FROM (
    SELECT TOP(1) [p].[PrisonerId], [p].[CaseNumber], [p].[CellBlock], [p].[CellNumber], [p].[CreatedAt], [p].[CrimeCategory], [p].[DateOfBirth], [p].[FullName], [p].[Gender], [p].[PrisonerCode], [p].[SentenceEndDate], [p].[SentenceStartDate], [p].[Status], [p].[UpdatedAt]
    FROM [Prisoners] AS [p]
    WHERE [p].[PrisonerId] = @id
) AS [p0]
LEFT JOIN (
    SELECT [f].[LinkId], [f].[IsVerified], [f].[LinkedAt], [f].[PrisonerId], [f].[Relationship], [f].[UserId], [f].[VerifiedByAdminId], [a].[Id], [a].[AccessFailedCount], [a].[Address], [a].[ConcurrencyStamp], [a].[CreatedAt], [a].[Email], [a].[EmailConfirmed], [a].[FullName], [a].[IsActive], [a].[LockoutEnabled], [a].[LockoutEnd], [a].[NormalizedEmail], [a].[NormalizedUserName], [a].[PasswordHash], [a].[PhoneNumber], [a].[PhoneNumberConfirmed], [a].[Role], [a].[SecurityStamp], [a].[TwoFactorEnabled], [a].[UserName]
    FROM [FamilyPrisonerLinks] AS [f]
    INNER JOIN [AspNetUsers] AS [a] ON [f].[UserId] = [a].[Id]
) AS [s0] ON [p0].[PrisonerId] = [s0].[PrisonerId]
LEFT JOIN (
    SELECT [a0].[AppointmentId], [a0].[AdminNotes], [a0].[AppointmentCode], [a0].[BookedAt], [a0].[NumVisitors], [a0].[PrisonerId], [a0].[Purpose], [a0].[RejectionReason], [a0].[SlotId], [a0].[Status], [a0].[UpdatedAt], [a0].[UserId], [a0].[VisitorNames], [a1].[Id], [a1].[AccessFailedCount], [a1].[Address], [a1].[ConcurrencyStamp], [a1].[CreatedAt], [a1].[Email], [a1].[EmailConfirmed], [a1].[FullName], [a1].[IsActive], [a1].[LockoutEnabled], [a1].[LockoutEnd], [a1].[NormalizedEmail], [a1].[NormalizedUserName], [a1].[PasswordHash], [a1].[PhoneNumber], [a1].[PhoneNumberConfirmed], [a1].[Role], [a1].[SecurityStamp], [a1].[TwoFactorEnabled], [a1].[UserName]
    FROM [Appointments] AS [a0]
    INNER JOIN [AspNetUsers] AS [a1] ON [a0].[UserId] = [a1].[Id]
) AS [s1] ON [p0].[PrisonerId] = [s1].[PrisonerId]
LEFT JOIN [SupportRequests] AS [s] ON [p0].[PrisonerId] = [s].[PrisonerId]
ORDER BY [p0].[PrisonerId], [s0].[LinkId], [s0].[Id], [s1].[AppointmentId], [s1].[Id]
2026-03-18 23:48:46.999 +05:30 [INF] Executing ViewResult, running view ViewPrisoner.
2026-03-18 23:48:47.040 +05:30 [INF] Executed ViewResult - view ViewPrisoner executed in 46.6438ms.
2026-03-18 23:48:47.041 +05:30 [INF] Executed action PrisonerPortal.Controllers.AdminController.ViewPrisoner (PrisonerPortal) in 528.1769ms
2026-03-18 23:48:47.041 +05:30 [INF] Executed endpoint 'PrisonerPortal.Controllers.AdminController.ViewPrisoner (PrisonerPortal)'
2026-03-18 23:48:47.041 +05:30 [INF] Request finished HTTP/1.1 GET http://localhost:5050/Admin/ViewPrisoner/3 - 200 null text/html; charset=utf-8 557.9674ms
2026-03-18 23:48:47.126 +05:30 [INF] Request starting HTTP/1.1 GET http://localhost:5050/Notifications/GetUnreadCount - null null
2026-03-18 23:48:47.128 +05:30 [INF] Executing endpoint 'PrisonerPortal.Controllers.NotificationsController.GetUnreadCount (PrisonerPortal)'
2026-03-18 23:48:47.128 +05:30 [INF] Route matched with {action = "GetUnreadCount", controller = "Notifications"}. Executing controller action with signature Microsoft.AspNetCore.Mvc.IActionResult GetUnreadCount() on controller PrisonerPortal.Controllers.NotificationsController (PrisonerPortal).
2026-03-18 23:48:47.131 +05:30 [INF] Executed DbCommand (1ms) [Parameters=[@userId='?' (Size = 450)], CommandType='"Text"', CommandTimeout='30']
SELECT COUNT(*)
FROM [Notifications] AS [n]
WHERE [n].[UserId] = @userId AND [n].[IsRead] = CAST(0 AS bit)
2026-03-18 23:48:47.132 +05:30 [INF] Executing JsonResult, writing value of type '<>f__AnonymousType2`1[[System.Int32, System.Private.CoreLib, Version=10.0.0.0, Culture=neutral, PublicKeyToken=7cec85d7bea7798e]]'.
2026-03-18 23:48:47.132 +05:30 [INF] Executed action PrisonerPortal.Controllers.NotificationsController.GetUnreadCount (PrisonerPortal) in 4.29ms
2026-03-18 23:48:47.132 +05:30 [INF] Executed endpoint 'PrisonerPortal.Controllers.NotificationsController.GetUnreadCount (PrisonerPortal)'
2026-03-18 23:48:47.132 +05:30 [INF] Request finished HTTP/1.1 GET http://localhost:5050/Notifications/GetUnreadCount - 200 null application/json; charset=utf-8 6.0204ms
2026-03-18 23:48:52.699 +05:30 [INF] Request starting HTTP/1.1 GET http://localhost:5050/Admin/Dashboard - null null
2026-03-18 23:48:52.700 +05:30 [INF] Executing endpoint 'PrisonerPortal.Controllers.AdminController.Dashboard (PrisonerPortal)'
2026-03-18 23:48:52.700 +05:30 [INF] Route matched with {action = "Dashboard", controller = "Admin"}. Executing controller action with signature System.Threading.Tasks.Task`1[Microsoft.AspNetCore.Mvc.IActionResult] Dashboard() on controller PrisonerPortal.Controllers.AdminController (PrisonerPortal).
2026-03-18 23:48:52.704 +05:30 [INF] Executed DbCommand (2ms) [Parameters=[], CommandType='"Text"', CommandTimeout='30']
SELECT COUNT(*)
FROM [AspNetUsers] AS [a]
WHERE [a].[IsActive] = CAST(1 AS bit) AND [a].[Role] = N'Family'
2026-03-18 23:48:52.707 +05:30 [INF] Executed DbCommand (2ms) [Parameters=[], CommandType='"Text"', CommandTimeout='30']
SELECT COUNT(*)
FROM [Prisoners] AS [p]
WHERE [p].[Status] = N'Active'
2026-03-18 23:48:52.708 +05:30 [INF] Executed DbCommand (1ms) [Parameters=[], CommandType='"Text"', CommandTimeout='30']
SELECT COUNT(*)
FROM [Appointments] AS [a]
INNER JOIN [VisitSlots] AS [v] ON [a].[SlotId] = [v].[SlotId]
WHERE CONVERT(date, [v].[SlotDate]) = CONVERT(date, GETDATE()) AND [a].[Status] IN (N'Approved', N'Pending')
2026-03-18 23:48:52.709 +05:30 [INF] Executed DbCommand (1ms) [Parameters=[], CommandType='"Text"', CommandTimeout='30']
SELECT COUNT(*)
FROM [SupportRequests] AS [s]
WHERE [s].[Status] IN (N'Open', N'InProgress')
2026-03-18 23:48:52.710 +05:30 [INF] Executed DbCommand (1ms) [Parameters=[@p='?' (DbType = Int32)], CommandType='"Text"', CommandTimeout='30']
SELECT [a1].[AppointmentId], [a1].[AdminNotes], [a1].[AppointmentCode], [a1].[BookedAt], [a1].[NumVisitors], [a1].[PrisonerId], [a1].[Purpose], [a1].[RejectionReason], [a1].[SlotId], [a1].[Status], [a1].[UpdatedAt], [a1].[UserId], [a1].[VisitorNames], [a0].[Id], [a0].[AccessFailedCount], [a0].[Address], [a0].[ConcurrencyStamp], [a0].[CreatedAt], [a0].[Email], [a0].[EmailConfirmed], [a0].[FullName], [a0].[IsActive], [a0].[LockoutEnabled], [a0].[LockoutEnd], [a0].[NormalizedEmail], [a0].[NormalizedUserName], [a0].[PasswordHash], [a0].[PhoneNumber], [a0].[PhoneNumberConfirmed], [a0].[Role], [a0].[SecurityStamp], [a0].[TwoFactorEnabled], [a0].[UserName], [p].[PrisonerId], [p].[CaseNumber], [p].[CellBlock], [p].[CellNumber], [p].[CreatedAt], [p].[CrimeCategory], [p].[DateOfBirth], [p].[FullName], [p].[Gender], [p].[PrisonerCode], [p].[SentenceEndDate], [p].[SentenceStartDate], [p].[Status], [p].[UpdatedAt], [v].[SlotId], [v].[CreatedAt], [v].[CreatedByAdminId], [v].[CurrentBookings], [v].[EndTime], [v].[IsActive], [v].[MaxCapacity], [v].[SlotDate], [v].[StartTime]
FROM (
    SELECT TOP(@p) [a].[AppointmentId], [a].[AdminNotes], [a].[AppointmentCode], [a].[BookedAt], [a].[NumVisitors], [a].[PrisonerId], [a].[Purpose], [a].[RejectionReason], [a].[SlotId], [a].[Status], [a].[UpdatedAt], [a].[UserId], [a].[VisitorNames]
    FROM [Appointments] AS [a]
    WHERE [a].[Status] = N'Pending'
    ORDER BY [a].[BookedAt] DESC
) AS [a1]
INNER JOIN [AspNetUsers] AS [a0] ON [a1].[UserId] = [a0].[Id]
INNER JOIN [Prisoners] AS [p] ON [a1].[PrisonerId] = [p].[PrisonerId]
INNER JOIN [VisitSlots] AS [v] ON [a1].[SlotId] = [v].[SlotId]
ORDER BY [a1].[BookedAt] DESC
2026-03-18 23:48:52.712 +05:30 [INF] Executed DbCommand (1ms) [Parameters=[@p='?' (DbType = Int32)], CommandType='"Text"', CommandTimeout='30']
SELECT [s0].[RequestId], [s0].[AdminResponse], [s0].[AssignedAdminId], [s0].[Category], [s0].[CreatedAt], [s0].[Description], [s0].[Priority], [s0].[PrisonerId], [s0].[RequestCode], [s0].[ResolvedAt], [s0].[Status], [s0].[Subject], [s0].[UpdatedAt], [s0].[UserId], [a].[Id], [a].[AccessFailedCount], [a].[Address], [a].[ConcurrencyStamp], [a].[CreatedAt], [a].[Email], [a].[EmailConfirmed], [a].[FullName], [a].[IsActive], [a].[LockoutEnabled], [a].[LockoutEnd], [a].[NormalizedEmail], [a].[NormalizedUserName], [a].[PasswordHash], [a].[PhoneNumber], [a].[PhoneNumberConfirmed], [a].[Role], [a].[SecurityStamp], [a].[TwoFactorEnabled], [a].[UserName], [p].[PrisonerId], [p].[CaseNumber], [p].[CellBlock], [p].[CellNumber], [p].[CreatedAt], [p].[CrimeCategory], [p].[DateOfBirth], [p].[FullName], [p].[Gender], [p].[PrisonerCode], [p].[SentenceEndDate], [p].[SentenceStartDate], [p].[Status], [p].[UpdatedAt]
FROM (
    SELECT TOP(@p) [s].[RequestId], [s].[AdminResponse], [s].[AssignedAdminId], [s].[Category], [s].[CreatedAt], [s].[Description], [s].[Priority], [s].[PrisonerId], [s].[RequestCode], [s].[ResolvedAt], [s].[Status], [s].[Subject], [s].[UpdatedAt], [s].[UserId]
    FROM [SupportRequests] AS [s]
    WHERE [s].[Status] IN (N'Open', N'InProgress')
    ORDER BY [s].[CreatedAt] DESC
) AS [s0]
INNER JOIN [AspNetUsers] AS [a] ON [s0].[UserId] = [a].[Id]
LEFT JOIN [Prisoners] AS [p] ON [s0].[PrisonerId] = [p].[PrisonerId]
ORDER BY [s0].[CreatedAt] DESC
2026-03-18 23:48:52.715 +05:30 [INF] Executed DbCommand (2ms) [Parameters=[@p='?' (DbType = Int32)], CommandType='"Text"', CommandTimeout='30']
SELECT [f0].[LinkId], [f0].[IsVerified], [f0].[LinkedAt], [f0].[PrisonerId], [f0].[Relationship], [f0].[UserId], [f0].[VerifiedByAdminId], [a].[Id], [a].[AccessFailedCount], [a].[Address], [a].[ConcurrencyStamp], [a].[CreatedAt], [a].[Email], [a].[EmailConfirmed], [a].[FullName], [a].[IsActive], [a].[LockoutEnabled], [a].[LockoutEnd], [a].[NormalizedEmail], [a].[NormalizedUserName], [a].[PasswordHash], [a].[PhoneNumber], [a].[PhoneNumberConfirmed], [a].[Role], [a].[SecurityStamp], [a].[TwoFactorEnabled], [a].[UserName], [p].[PrisonerId], [p].[CaseNumber], [p].[CellBlock], [p].[CellNumber], [p].[CreatedAt], [p].[CrimeCategory], [p].[DateOfBirth], [p].[FullName], [p].[Gender], [p].[PrisonerCode], [p].[SentenceEndDate], [p].[SentenceStartDate], [p].[Status], [p].[UpdatedAt]
FROM (
    SELECT TOP(@p) [f].[LinkId], [f].[IsVerified], [f].[LinkedAt], [f].[PrisonerId], [f].[Relationship], [f].[UserId], [f].[VerifiedByAdminId]
    FROM [FamilyPrisonerLinks] AS [f]
    WHERE [f].[IsVerified] = CAST(0 AS bit)
    ORDER BY [f].[LinkedAt] DESC
) AS [f0]
INNER JOIN [AspNetUsers] AS [a] ON [f0].[UserId] = [a].[Id]
INNER JOIN [Prisoners] AS [p] ON [f0].[PrisonerId] = [p].[PrisonerId]
ORDER BY [f0].[LinkedAt] DESC
2026-03-18 23:48:52.718 +05:30 [INF] Executed DbCommand (2ms) [Parameters=[@p='?' (DbType = Int32)], CommandType='"Text"', CommandTimeout='30']
SELECT TOP(@p) [a].[Id], [a].[AccessFailedCount], [a].[Address], [a].[ConcurrencyStamp], [a].[CreatedAt], [a].[Email], [a].[EmailConfirmed], [a].[FullName], [a].[IsActive], [a].[LockoutEnabled], [a].[LockoutEnd], [a].[NormalizedEmail], [a].[NormalizedUserName], [a].[PasswordHash], [a].[PhoneNumber], [a].[PhoneNumberConfirmed], [a].[Role], [a].[SecurityStamp], [a].[TwoFactorEnabled], [a].[UserName]
FROM [AspNetUsers] AS [a]
ORDER BY [a].[CreatedAt] DESC
2026-03-18 23:48:52.719 +05:30 [INF] Executing ViewResult, running view Dashboard.
2026-03-18 23:48:52.723 +05:30 [INF] Executed ViewResult - view Dashboard executed in 4.1351ms.
2026-03-18 23:48:52.724 +05:30 [INF] Executed action PrisonerPortal.Controllers.AdminController.Dashboard (PrisonerPortal) in 23.3219ms
2026-03-18 23:48:52.724 +05:30 [INF] Executed endpoint 'PrisonerPortal.Controllers.AdminController.Dashboard (PrisonerPortal)'
2026-03-18 23:48:52.724 +05:30 [INF] Request finished HTTP/1.1 GET http://localhost:5050/Admin/Dashboard - 200 null text/html; charset=utf-8 25.0229ms
2026-03-18 23:48:52.790 +05:30 [INF] Request starting HTTP/1.1 GET http://localhost:5050/Notifications/GetUnreadCount - null null
2026-03-18 23:48:52.792 +05:30 [INF] Executing endpoint 'PrisonerPortal.Controllers.NotificationsController.GetUnreadCount (PrisonerPortal)'
2026-03-18 23:48:52.792 +05:30 [INF] Route matched with {action = "GetUnreadCount", controller = "Notifications"}. Executing controller action with signature Microsoft.AspNetCore.Mvc.IActionResult GetUnreadCount() on controller PrisonerPortal.Controllers.NotificationsController (PrisonerPortal).
2026-03-18 23:48:52.794 +05:30 [INF] Executed DbCommand (1ms) [Parameters=[@userId='?' (Size = 450)], CommandType='"Text"', CommandTimeout='30']
SELECT COUNT(*)
FROM [Notifications] AS [n]
WHERE [n].[UserId] = @userId AND [n].[IsRead] = CAST(0 AS bit)
2026-03-18 23:48:52.795 +05:30 [INF] Executing JsonResult, writing value of type '<>f__AnonymousType2`1[[System.Int32, System.Private.CoreLib, Version=10.0.0.0, Culture=neutral, PublicKeyToken=7cec85d7bea7798e]]'.
2026-03-18 23:48:52.795 +05:30 [INF] Executed action PrisonerPortal.Controllers.NotificationsController.GetUnreadCount (PrisonerPortal) in 3.4189ms
2026-03-18 23:48:52.795 +05:30 [INF] Executed endpoint 'PrisonerPortal.Controllers.NotificationsController.GetUnreadCount (PrisonerPortal)'
2026-03-18 23:48:52.796 +05:30 [INF] Request finished HTTP/1.1 GET http://localhost:5050/Notifications/GetUnreadCount - 200 null application/json; charset=utf-8 5.2384ms
2026-03-18 23:49:23.673 +05:30 [INF] Request starting HTTP/1.1 GET http://localhost:5050/Notifications/GetUnreadCount - null null
2026-03-18 23:49:23.674 +05:30 [INF] Executing endpoint 'PrisonerPortal.Controllers.NotificationsController.GetUnreadCount (PrisonerPortal)'
2026-03-18 23:49:23.674 +05:30 [INF] Route matched with {action = "GetUnreadCount", controller = "Notifications"}. Executing controller action with signature Microsoft.AspNetCore.Mvc.IActionResult GetUnreadCount() on controller PrisonerPortal.Controllers.NotificationsController (PrisonerPortal).
2026-03-18 23:49:23.682 +05:30 [INF] Executed DbCommand (6ms) [Parameters=[@userId='?' (Size = 450)], CommandType='"Text"', CommandTimeout='30']
SELECT COUNT(*)
FROM [Notifications] AS [n]
WHERE [n].[UserId] = @userId AND [n].[IsRead] = CAST(0 AS bit)
2026-03-18 23:49:23.682 +05:30 [INF] Executing JsonResult, writing value of type '<>f__AnonymousType2`1[[System.Int32, System.Private.CoreLib, Version=10.0.0.0, Culture=neutral, PublicKeyToken=7cec85d7bea7798e]]'.
2026-03-18 23:49:23.683 +05:30 [INF] Executed action PrisonerPortal.Controllers.NotificationsController.GetUnreadCount (PrisonerPortal) in 8.5695ms
2026-03-18 23:49:23.683 +05:30 [INF] Executed endpoint 'PrisonerPortal.Controllers.NotificationsController.GetUnreadCount (PrisonerPortal)'
2026-03-18 23:49:23.683 +05:30 [INF] Request finished HTTP/1.1 GET http://localhost:5050/Notifications/GetUnreadCount - 200 null application/json; charset=utf-8 10.5348ms
2026-03-18 23:49:53.672 +05:30 [INF] Request starting HTTP/1.1 GET http://localhost:5050/Notifications/GetUnreadCount - null null
2026-03-18 23:49:53.673 +05:30 [INF] Executing endpoint 'PrisonerPortal.Controllers.NotificationsController.GetUnreadCount (PrisonerPortal)'
2026-03-18 23:49:53.673 +05:30 [INF] Route matched with {action = "GetUnreadCount", controller = "Notifications"}. Executing controller action with signature Microsoft.AspNetCore.Mvc.IActionResult GetUnreadCount() on controller PrisonerPortal.Controllers.NotificationsController (PrisonerPortal).
2026-03-18 23:49:53.676 +05:30 [INF] Executed DbCommand (1ms) [Parameters=[@userId='?' (Size = 450)], CommandType='"Text"', CommandTimeout='30']
SELECT COUNT(*)
FROM [Notifications] AS [n]
WHERE [n].[UserId] = @userId AND [n].[IsRead] = CAST(0 AS bit)
2026-03-18 23:49:53.676 +05:30 [INF] Executing JsonResult, writing value of type '<>f__AnonymousType2`1[[System.Int32, System.Private.CoreLib, Version=10.0.0.0, Culture=neutral, PublicKeyToken=7cec85d7bea7798e]]'.
2026-03-18 23:49:53.676 +05:30 [INF] Executed action PrisonerPortal.Controllers.NotificationsController.GetUnreadCount (PrisonerPortal) in 3.2688ms
2026-03-18 23:49:53.676 +05:30 [INF] Executed endpoint 'PrisonerPortal.Controllers.NotificationsController.GetUnreadCount (PrisonerPortal)'
2026-03-18 23:49:53.677 +05:30 [INF] Request finished HTTP/1.1 GET http://localhost:5050/Notifications/GetUnreadCount - 200 null application/json; charset=utf-8 4.9171ms
2026-03-18 23:50:23.672 +05:30 [INF] Request starting HTTP/1.1 GET http://localhost:5050/Notifications/GetUnreadCount - null null
2026-03-18 23:50:23.673 +05:30 [INF] Executing endpoint 'PrisonerPortal.Controllers.NotificationsController.GetUnreadCount (PrisonerPortal)'
2026-03-18 23:50:23.673 +05:30 [INF] Route matched with {action = "GetUnreadCount", controller = "Notifications"}. Executing controller action with signature Microsoft.AspNetCore.Mvc.IActionResult GetUnreadCount() on controller PrisonerPortal.Controllers.NotificationsController (PrisonerPortal).
2026-03-18 23:50:23.680 +05:30 [INF] Executed DbCommand (5ms) [Parameters=[@userId='?' (Size = 450)], CommandType='"Text"', CommandTimeout='30']
SELECT COUNT(*)
FROM [Notifications] AS [n]
WHERE [n].[UserId] = @userId AND [n].[IsRead] = CAST(0 AS bit)
2026-03-18 23:50:23.681 +05:30 [INF] Executing JsonResult, writing value of type '<>f__AnonymousType2`1[[System.Int32, System.Private.CoreLib, Version=10.0.0.0, Culture=neutral, PublicKeyToken=7cec85d7bea7798e]]'.
2026-03-18 23:50:23.681 +05:30 [INF] Executed action PrisonerPortal.Controllers.NotificationsController.GetUnreadCount (PrisonerPortal) in 7.4052ms
2026-03-18 23:50:23.681 +05:30 [INF] Executed endpoint 'PrisonerPortal.Controllers.NotificationsController.GetUnreadCount (PrisonerPortal)'
2026-03-18 23:50:23.681 +05:30 [INF] Request finished HTTP/1.1 GET http://localhost:5050/Notifications/GetUnreadCount - 200 null application/json; charset=utf-8 9.305ms
2026-03-18 23:50:53.670 +05:30 [INF] Request starting HTTP/1.1 GET http://localhost:5050/Notifications/GetUnreadCount - null null
2026-03-18 23:50:53.673 +05:30 [INF] Executing endpoint 'PrisonerPortal.Controllers.NotificationsController.GetUnreadCount (PrisonerPortal)'
2026-03-18 23:50:53.673 +05:30 [INF] Route matched with {action = "GetUnreadCount", controller = "Notifications"}. Executing controller action with signature Microsoft.AspNetCore.Mvc.IActionResult GetUnreadCount() on controller PrisonerPortal.Controllers.NotificationsController (PrisonerPortal).
2026-03-18 23:50:53.676 +05:30 [INF] Executed DbCommand (1ms) [Parameters=[@userId='?' (Size = 450)], CommandType='"Text"', CommandTimeout='30']
SELECT COUNT(*)
FROM [Notifications] AS [n]
WHERE [n].[UserId] = @userId AND [n].[IsRead] = CAST(0 AS bit)
2026-03-18 23:50:53.676 +05:30 [INF] Executing JsonResult, writing value of type '<>f__AnonymousType2`1[[System.Int32, System.Private.CoreLib, Version=10.0.0.0, Culture=neutral, PublicKeyToken=7cec85d7bea7798e]]'.
2026-03-18 23:50:53.677 +05:30 [INF] Executed action PrisonerPortal.Controllers.NotificationsController.GetUnreadCount (PrisonerPortal) in 3.5315ms
2026-03-18 23:50:53.677 +05:30 [INF] Executed endpoint 'PrisonerPortal.Controllers.NotificationsController.GetUnreadCount (PrisonerPortal)'
2026-03-18 23:50:53.677 +05:30 [INF] Request finished HTTP/1.1 GET http://localhost:5050/Notifications/GetUnreadCount - 200 null application/json; charset=utf-8 6.9319ms
2026-03-18 23:51:23.681 +05:30 [INF] Request starting HTTP/1.1 GET http://localhost:5050/Notifications/GetUnreadCount - null null
2026-03-18 23:51:23.682 +05:30 [INF] Executing endpoint 'PrisonerPortal.Controllers.NotificationsController.GetUnreadCount (PrisonerPortal)'
2026-03-18 23:51:23.682 +05:30 [INF] Route matched with {action = "GetUnreadCount", controller = "Notifications"}. Executing controller action with signature Microsoft.AspNetCore.Mvc.IActionResult GetUnreadCount() on controller PrisonerPortal.Controllers.NotificationsController (PrisonerPortal).
2026-03-18 23:51:23.694 +05:30 [INF] Executed DbCommand (10ms) [Parameters=[@userId='?' (Size = 450)], CommandType='"Text"', CommandTimeout='30']
SELECT COUNT(*)
FROM [Notifications] AS [n]
WHERE [n].[UserId] = @userId AND [n].[IsRead] = CAST(0 AS bit)
2026-03-18 23:51:23.694 +05:30 [INF] Executing JsonResult, writing value of type '<>f__AnonymousType2`1[[System.Int32, System.Private.CoreLib, Version=10.0.0.0, Culture=neutral, PublicKeyToken=7cec85d7bea7798e]]'.
2026-03-18 23:51:23.694 +05:30 [INF] Executed action PrisonerPortal.Controllers.NotificationsController.GetUnreadCount (PrisonerPortal) in 12.0436ms
2026-03-18 23:51:23.695 +05:30 [INF] Executed endpoint 'PrisonerPortal.Controllers.NotificationsController.GetUnreadCount (PrisonerPortal)'
2026-03-18 23:51:23.695 +05:30 [INF] Request finished HTTP/1.1 GET http://localhost:5050/Notifications/GetUnreadCount - 200 null application/json; charset=utf-8 13.5576ms
2026-03-18 23:51:53.676 +05:30 [INF] Request starting HTTP/1.1 GET http://localhost:5050/Notifications/GetUnreadCount - null null
2026-03-18 23:51:53.677 +05:30 [INF] Executing endpoint 'PrisonerPortal.Controllers.NotificationsController.GetUnreadCount (PrisonerPortal)'
2026-03-18 23:51:53.677 +05:30 [INF] Route matched with {action = "GetUnreadCount", controller = "Notifications"}. Executing controller action with signature Microsoft.AspNetCore.Mvc.IActionResult GetUnreadCount() on controller PrisonerPortal.Controllers.NotificationsController (PrisonerPortal).
2026-03-18 23:51:53.703 +05:30 [INF] Executed DbCommand (24ms) [Parameters=[@userId='?' (Size = 450)], CommandType='"Text"', CommandTimeout='30']
SELECT COUNT(*)
FROM [Notifications] AS [n]
WHERE [n].[UserId] = @userId AND [n].[IsRead] = CAST(0 AS bit)
2026-03-18 23:51:53.703 +05:30 [INF] Executing JsonResult, writing value of type '<>f__AnonymousType2`1[[System.Int32, System.Private.CoreLib, Version=10.0.0.0, Culture=neutral, PublicKeyToken=7cec85d7bea7798e]]'.
2026-03-18 23:51:53.704 +05:30 [INF] Executed action PrisonerPortal.Controllers.NotificationsController.GetUnreadCount (PrisonerPortal) in 26.0703ms
2026-03-18 23:51:53.704 +05:30 [INF] Executed endpoint 'PrisonerPortal.Controllers.NotificationsController.GetUnreadCount (PrisonerPortal)'
2026-03-18 23:51:53.704 +05:30 [INF] Request finished HTTP/1.1 GET http://localhost:5050/Notifications/GetUnreadCount - 200 null application/json; charset=utf-8 27.3793ms
2026-03-18 23:52:23.669 +05:30 [INF] Request starting HTTP/1.1 GET http://localhost:5050/Notifications/GetUnreadCount - null null
2026-03-18 23:52:23.670 +05:30 [INF] Executing endpoint 'PrisonerPortal.Controllers.NotificationsController.GetUnreadCount (PrisonerPortal)'
2026-03-18 23:52:23.670 +05:30 [INF] Route matched with {action = "GetUnreadCount", controller = "Notifications"}. Executing controller action with signature Microsoft.AspNetCore.Mvc.IActionResult GetUnreadCount() on controller PrisonerPortal.Controllers.NotificationsController (PrisonerPortal).
2026-03-18 23:52:23.677 +05:30 [INF] Executed DbCommand (5ms) [Parameters=[@userId='?' (Size = 450)], CommandType='"Text"', CommandTimeout='30']
SELECT COUNT(*)
FROM [Notifications] AS [n]
WHERE [n].[UserId] = @userId AND [n].[IsRead] = CAST(0 AS bit)
2026-03-18 23:52:23.678 +05:30 [INF] Executing JsonResult, writing value of type '<>f__AnonymousType2`1[[System.Int32, System.Private.CoreLib, Version=10.0.0.0, Culture=neutral, PublicKeyToken=7cec85d7bea7798e]]'.
2026-03-18 23:52:23.678 +05:30 [INF] Executed action PrisonerPortal.Controllers.NotificationsController.GetUnreadCount (PrisonerPortal) in 7.9254ms
2026-03-18 23:52:23.678 +05:30 [INF] Executed endpoint 'PrisonerPortal.Controllers.NotificationsController.GetUnreadCount (PrisonerPortal)'
2026-03-18 23:52:23.678 +05:30 [INF] Request finished HTTP/1.1 GET http://localhost:5050/Notifications/GetUnreadCount - 200 null application/json; charset=utf-8 9.2272ms
2026-03-18 23:53:24.666 +05:30 [INF] Request starting HTTP/1.1 GET http://localhost:5050/Notifications/GetUnreadCount - null null
2026-03-18 23:53:24.667 +05:30 [INF] Executing endpoint 'PrisonerPortal.Controllers.NotificationsController.GetUnreadCount (PrisonerPortal)'
2026-03-18 23:53:24.667 +05:30 [INF] Route matched with {action = "GetUnreadCount", controller = "Notifications"}. Executing controller action with signature Microsoft.AspNetCore.Mvc.IActionResult GetUnreadCount() on controller PrisonerPortal.Controllers.NotificationsController (PrisonerPortal).
2026-03-18 23:53:24.676 +05:30 [INF] Executed DbCommand (8ms) [Parameters=[@userId='?' (Size = 450)], CommandType='"Text"', CommandTimeout='30']
SELECT COUNT(*)
FROM [Notifications] AS [n]
WHERE [n].[UserId] = @userId AND [n].[IsRead] = CAST(0 AS bit)
2026-03-18 23:53:24.676 +05:30 [INF] Executing JsonResult, writing value of type '<>f__AnonymousType2`1[[System.Int32, System.Private.CoreLib, Version=10.0.0.0, Culture=neutral, PublicKeyToken=7cec85d7bea7798e]]'.
2026-03-18 23:53:24.677 +05:30 [INF] Executed action PrisonerPortal.Controllers.NotificationsController.GetUnreadCount (PrisonerPortal) in 9.6965ms
2026-03-18 23:53:24.677 +05:30 [INF] Executed endpoint 'PrisonerPortal.Controllers.NotificationsController.GetUnreadCount (PrisonerPortal)'
2026-03-18 23:53:24.677 +05:30 [INF] Request finished HTTP/1.1 GET http://localhost:5050/Notifications/GetUnreadCount - 200 null application/json; charset=utf-8 10.7753ms
2026-03-18 23:54:25.676 +05:30 [INF] Request starting HTTP/1.1 GET http://localhost:5050/Notifications/GetUnreadCount - null null
2026-03-18 23:54:25.677 +05:30 [INF] Executing endpoint 'PrisonerPortal.Controllers.NotificationsController.GetUnreadCount (PrisonerPortal)'
2026-03-18 23:54:25.677 +05:30 [INF] Route matched with {action = "GetUnreadCount", controller = "Notifications"}. Executing controller action with signature Microsoft.AspNetCore.Mvc.IActionResult GetUnreadCount() on controller PrisonerPortal.Controllers.NotificationsController (PrisonerPortal).
2026-03-18 23:54:25.684 +05:30 [INF] Executed DbCommand (6ms) [Parameters=[@userId='?' (Size = 450)], CommandType='"Text"', CommandTimeout='30']
SELECT COUNT(*)
FROM [Notifications] AS [n]
WHERE [n].[UserId] = @userId AND [n].[IsRead] = CAST(0 AS bit)
2026-03-18 23:54:25.684 +05:30 [INF] Executing JsonResult, writing value of type '<>f__AnonymousType2`1[[System.Int32, System.Private.CoreLib, Version=10.0.0.0, Culture=neutral, PublicKeyToken=7cec85d7bea7798e]]'.
2026-03-18 23:54:25.684 +05:30 [INF] Executed action PrisonerPortal.Controllers.NotificationsController.GetUnreadCount (PrisonerPortal) in 7.3037ms
2026-03-18 23:54:25.684 +05:30 [INF] Executed endpoint 'PrisonerPortal.Controllers.NotificationsController.GetUnreadCount (PrisonerPortal)'
2026-03-18 23:54:25.684 +05:30 [INF] Request finished HTTP/1.1 GET http://localhost:5050/Notifications/GetUnreadCount - 200 null application/json; charset=utf-8 8.5052ms
2026-03-18 23:55:26.679 +05:30 [INF] Request starting HTTP/1.1 GET http://localhost:5050/Notifications/GetUnreadCount - null null
2026-03-18 23:55:26.680 +05:30 [INF] Executing endpoint 'PrisonerPortal.Controllers.NotificationsController.GetUnreadCount (PrisonerPortal)'
2026-03-18 23:55:26.680 +05:30 [INF] Route matched with {action = "GetUnreadCount", controller = "Notifications"}. Executing controller action with signature Microsoft.AspNetCore.Mvc.IActionResult GetUnreadCount() on controller PrisonerPortal.Controllers.NotificationsController (PrisonerPortal).
2026-03-18 23:55:26.687 +05:30 [INF] Executed DbCommand (6ms) [Parameters=[@userId='?' (Size = 450)], CommandType='"Text"', CommandTimeout='30']
SELECT COUNT(*)
FROM [Notifications] AS [n]
WHERE [n].[UserId] = @userId AND [n].[IsRead] = CAST(0 AS bit)
2026-03-18 23:55:26.687 +05:30 [INF] Executing JsonResult, writing value of type '<>f__AnonymousType2`1[[System.Int32, System.Private.CoreLib, Version=10.0.0.0, Culture=neutral, PublicKeyToken=7cec85d7bea7798e]]'.
2026-03-18 23:55:26.688 +05:30 [INF] Executed action PrisonerPortal.Controllers.NotificationsController.GetUnreadCount (PrisonerPortal) in 7.5692ms
2026-03-18 23:55:26.688 +05:30 [INF] Executed endpoint 'PrisonerPortal.Controllers.NotificationsController.GetUnreadCount (PrisonerPortal)'
2026-03-18 23:55:26.688 +05:30 [INF] Request finished HTTP/1.1 GET http://localhost:5050/Notifications/GetUnreadCount - 200 null application/json; charset=utf-8 9.1262ms
2026-03-18 23:56:27.670 +05:30 [INF] Request starting HTTP/1.1 GET http://localhost:5050/Notifications/GetUnreadCount - null null
2026-03-18 23:56:27.671 +05:30 [INF] Executing endpoint 'PrisonerPortal.Controllers.NotificationsController.GetUnreadCount (PrisonerPortal)'
2026-03-18 23:56:27.672 +05:30 [INF] Route matched with {action = "GetUnreadCount", controller = "Notifications"}. Executing controller action with signature Microsoft.AspNetCore.Mvc.IActionResult GetUnreadCount() on controller PrisonerPortal.Controllers.NotificationsController (PrisonerPortal).
2026-03-18 23:56:27.680 +05:30 [INF] Executed DbCommand (6ms) [Parameters=[@userId='?' (Size = 450)], CommandType='"Text"', CommandTimeout='30']
SELECT COUNT(*)
FROM [Notifications] AS [n]
WHERE [n].[UserId] = @userId AND [n].[IsRead] = CAST(0 AS bit)
2026-03-18 23:56:27.680 +05:30 [INF] Executing JsonResult, writing value of type '<>f__AnonymousType2`1[[System.Int32, System.Private.CoreLib, Version=10.0.0.0, Culture=neutral, PublicKeyToken=7cec85d7bea7798e]]'.
2026-03-18 23:56:27.680 +05:30 [INF] Executed action PrisonerPortal.Controllers.NotificationsController.GetUnreadCount (PrisonerPortal) in 8.4633ms
2026-03-18 23:56:27.680 +05:30 [INF] Executed endpoint 'PrisonerPortal.Controllers.NotificationsController.GetUnreadCount (PrisonerPortal)'
2026-03-18 23:56:27.680 +05:30 [INF] Request finished HTTP/1.1 GET http://localhost:5050/Notifications/GetUnreadCount - 200 null application/json; charset=utf-8 10.3799ms
2026-03-18 23:57:28.679 +05:30 [INF] Request starting HTTP/1.1 GET http://localhost:5050/Notifications/GetUnreadCount - null null
2026-03-18 23:57:28.680 +05:30 [INF] Executing endpoint 'PrisonerPortal.Controllers.NotificationsController.GetUnreadCount (PrisonerPortal)'
2026-03-18 23:57:28.680 +05:30 [INF] Route matched with {action = "GetUnreadCount", controller = "Notifications"}. Executing controller action with signature Microsoft.AspNetCore.Mvc.IActionResult GetUnreadCount() on controller PrisonerPortal.Controllers.NotificationsController (PrisonerPortal).
2026-03-18 23:57:28.688 +05:30 [INF] Executed DbCommand (7ms) [Parameters=[@userId='?' (Size = 450)], CommandType='"Text"', CommandTimeout='30']
SELECT COUNT(*)
FROM [Notifications] AS [n]
WHERE [n].[UserId] = @userId AND [n].[IsRead] = CAST(0 AS bit)
2026-03-18 23:57:28.689 +05:30 [INF] Executing JsonResult, writing value of type '<>f__AnonymousType2`1[[System.Int32, System.Private.CoreLib, Version=10.0.0.0, Culture=neutral, PublicKeyToken=7cec85d7bea7798e]]'.
2026-03-18 23:57:28.689 +05:30 [INF] Executed action PrisonerPortal.Controllers.NotificationsController.GetUnreadCount (PrisonerPortal) in 8.9262ms
2026-03-18 23:57:28.689 +05:30 [INF] Executed endpoint 'PrisonerPortal.Controllers.NotificationsController.GetUnreadCount (PrisonerPortal)'
2026-03-18 23:57:28.689 +05:30 [INF] Request finished HTTP/1.1 GET http://localhost:5050/Notifications/GetUnreadCount - 200 null application/json; charset=utf-8 10.4871ms
