2026-03-17 11:25:58.072 +05:30 [INF] User profile is available. Using 'C:\Users\HP\AppData\Local\ASP.NET\DataProtection-Keys' as key repository and Windows DPAPI to encrypt keys at rest.
2026-03-17 11:26:00.445 +05:30 [INF] Executed DbCommand (58ms) [Parameters=[], CommandType='"Text"', CommandTimeout='30']
SELECT 1
2026-03-17 11:26:00.509 +05:30 [INF] Acquiring an exclusive lock for migration application. See https://aka.ms/efcore-docs-migrations-lock for more information if this takes too long.
2026-03-17 11:26:00.602 +05:30 [INF] Executed DbCommand (73ms) [Parameters=[], CommandType='"Text"', CommandTimeout='30']
DECLARE @result int;
EXEC @result = sp_getapplock @Resource = '__EFMigrationsLock', @LockOwner = 'Session', @LockMode = 'Exclusive';
SELECT @result
2026-03-17 11:26:00.774 +05:30 [INF] Executed DbCommand (3ms) [Parameters=[], CommandType='"Text"', CommandTimeout='30']
IF OBJECT_ID(N'[__EFMigrationsHistory]') IS NULL
BEGIN
    CREATE TABLE [__EFMigrationsHistory] (
        [MigrationId] nvarchar(150) NOT NULL,
        [ProductVersion] nvarchar(32) NOT NULL,
        CONSTRAINT [PK___EFMigrationsHistory] PRIMARY KEY ([MigrationId])
    );
END;
2026-03-17 11:26:00.845 +05:30 [INF] Executed DbCommand (1ms) [Parameters=[], CommandType='"Text"', CommandTimeout='30']
SELECT 1
2026-03-17 11:26:00.867 +05:30 [INF] Executed DbCommand (2ms) [Parameters=[], CommandType='"Text"', CommandTimeout='30']
SELECT OBJECT_ID(N'[__EFMigrationsHistory]');
2026-03-17 11:26:00.918 +05:30 [INF] Executed DbCommand (26ms) [Parameters=[], CommandType='"Text"', CommandTimeout='30']
SELECT [MigrationId], [ProductVersion]
FROM [__EFMigrationsHistory]
ORDER BY [MigrationId];
2026-03-17 11:26:00.967 +05:30 [INF] No migrations were applied. The database is already up to date.
2026-03-17 11:26:00.990 +05:30 [INF] Executed DbCommand (9ms) [Parameters=[], CommandType='"Text"', CommandTimeout='30']
DECLARE @result int;
EXEC @result = sp_releaseapplock @Resource = '__EFMigrationsLock', @LockOwner = 'Session';
SELECT @result
2026-03-17 11:26:01.573 +05:30 [INF] Executed DbCommand (32ms) [Parameters=[@normalizedName='?' (Size = 256)], CommandType='"Text"', CommandTimeout='30']
SELECT TOP(1) [a].[Id], [a].[ConcurrencyStamp], [a].[Name], [a].[NormalizedName]
FROM [AspNetRoles] AS [a]
WHERE [a].[NormalizedName] = @normalizedName
2026-03-17 11:26:01.711 +05:30 [INF] Executed DbCommand (2ms) [Parameters=[@normalizedName='?' (Size = 256)], CommandType='"Text"', CommandTimeout='30']
SELECT TOP(1) [a].[Id], [a].[ConcurrencyStamp], [a].[Name], [a].[NormalizedName]
FROM [AspNetRoles] AS [a]
WHERE [a].[NormalizedName] = @normalizedName
2026-03-17 11:26:01.806 +05:30 [INF] Executed DbCommand (25ms) [Parameters=[@normalizedEmail='?' (Size = 256)], CommandType='"Text"', CommandTimeout='30']
SELECT TOP(2) [a].[Id], [a].[AccessFailedCount], [a].[Address], [a].[ConcurrencyStamp], [a].[CreatedAt], [a].[Email], [a].[EmailConfirmed], [a].[FullName], [a].[IsActive], [a].[LockoutEnabled], [a].[LockoutEnd], [a].[NormalizedEmail], [a].[NormalizedUserName], [a].[PasswordHash], [a].[PhoneNumber], [a].[PhoneNumberConfirmed], [a].[Role], [a].[SecurityStamp], [a].[TwoFactorEnabled], [a].[UserName]
FROM [AspNetUsers] AS [a]
WHERE [a].[NormalizedEmail] = @normalizedEmail
2026-03-17 11:26:01.938 +05:30 [INF] Executed DbCommand (2ms) [Parameters=[@normalizedEmail='?' (Size = 256)], CommandType='"Text"', CommandTimeout='30']
SELECT TOP(2) [a].[Id], [a].[AccessFailedCount], [a].[Address], [a].[ConcurrencyStamp], [a].[CreatedAt], [a].[Email], [a].[EmailConfirmed], [a].[FullName], [a].[IsActive], [a].[LockoutEnabled], [a].[LockoutEnd], [a].[NormalizedEmail], [a].[NormalizedUserName], [a].[PasswordHash], [a].[PhoneNumber], [a].[PhoneNumberConfirmed], [a].[Role], [a].[SecurityStamp], [a].[TwoFactorEnabled], [a].[UserName]
FROM [AspNetUsers] AS [a]
WHERE [a].[NormalizedEmail] = @normalizedEmail
2026-03-17 11:26:02.032 +05:30 [INF] Executed DbCommand (6ms) [Parameters=[], CommandType='"Text"', CommandTimeout='30']
SELECT CASE
    WHEN EXISTS (
        SELECT 1
        FROM [Prisoners] AS [p]) THEN CAST(1 AS bit)
    ELSE CAST(0 AS bit)
END
2026-03-17 11:26:02.072 +05:30 [INF] Executed DbCommand (2ms) [Parameters=[@normalizedEmail='?' (Size = 256)], CommandType='"Text"', CommandTimeout='30']
SELECT TOP(2) [a].[Id], [a].[AccessFailedCount], [a].[Address], [a].[ConcurrencyStamp], [a].[CreatedAt], [a].[Email], [a].[EmailConfirmed], [a].[FullName], [a].[IsActive], [a].[LockoutEnabled], [a].[LockoutEnd], [a].[NormalizedEmail], [a].[NormalizedUserName], [a].[PasswordHash], [a].[PhoneNumber], [a].[PhoneNumberConfirmed], [a].[Role], [a].[SecurityStamp], [a].[TwoFactorEnabled], [a].[UserName]
FROM [AspNetUsers] AS [a]
WHERE [a].[NormalizedEmail] = @normalizedEmail
2026-03-17 11:26:02.137 +05:30 [INF] Executed DbCommand (6ms) [Parameters=[], CommandType='"Text"', CommandTimeout='30']
SELECT CASE
    WHEN EXISTS (
        SELECT 1
        FROM [VisitSlots] AS [v]) THEN CAST(1 AS bit)
    ELSE CAST(0 AS bit)
END
2026-03-17 11:26:02.264 +05:30 [INF] ✅ Database ready and seeded.
2026-03-17 11:26:02.288 +05:30 [INF] ✅ App running at http://localhost:5050
2026-03-17 11:26:02.297 +05:30 [INF] ✅ Login: admin@prisonerportal.gov / Admin@123!
2026-03-17 11:26:02.854 +05:30 [ERR] Hosting failed to start
System.IO.IOException: Failed to bind to address http://127.0.0.1:5050: address already in use.
 ---> Microsoft.AspNetCore.Connections.AddressInUseException: Only one usage of each socket address (protocol/network address/port) is normally permitted.
 ---> System.Net.Sockets.SocketException (10048): Only one usage of each socket address (protocol/network address/port) is normally permitted.
   at System.Net.Sockets.Socket.UpdateStatusAfterSocketErrorAndThrowException(SocketError error, Boolean disconnectOnFailure, String callerName)
   at System.Net.Sockets.Socket.DoBind(EndPoint endPointSnapshot, SocketAddress socketAddress)
   at System.Net.Sockets.Socket.Bind(EndPoint localEP)
   at Microsoft.AspNetCore.Server.Kestrel.Transport.Sockets.SocketTransportOptions.CreateDefaultBoundListenSocket(EndPoint endpoint)
   at Microsoft.AspNetCore.Server.Kestrel.Transport.Sockets.SocketConnectionListener.Bind()
   --- End of inner exception stack trace ---
   at Microsoft.AspNetCore.Server.Kestrel.Transport.Sockets.SocketConnectionListener.Bind()
   at Microsoft.AspNetCore.Server.Kestrel.Transport.Sockets.SocketTransportFactory.BindAsync(EndPoint endpoint, CancellationToken cancellationToken)
   at Microsoft.AspNetCore.Server.Kestrel.Core.Internal.Infrastructure.TransportManager.BindAsync(EndPoint endPoint, ConnectionDelegate connectionDelegate, EndpointConfig endpointConfig, CancellationToken cancellationToken)
   at Microsoft.AspNetCore.Server.Kestrel.Core.KestrelServerImpl.<>c__DisplayClass28_0`1.<<StartAsync>g__OnBind|0>d.MoveNext()
--- End of stack trace from previous location ---
   at Microsoft.AspNetCore.Server.Kestrel.Core.Internal.AddressBinder.BindEndpointAsync(ListenOptions endpoint, AddressBindContext context, CancellationToken cancellationToken)
   --- End of inner exception stack trace ---
   at Microsoft.AspNetCore.Server.Kestrel.Core.Internal.AddressBinder.BindEndpointAsync(ListenOptions endpoint, AddressBindContext context, CancellationToken cancellationToken)
   at Microsoft.AspNetCore.Server.Kestrel.Core.LocalhostListenOptions.BindAsync(AddressBindContext context, CancellationToken cancellationToken)
   at Microsoft.AspNetCore.Server.Kestrel.Core.Internal.AddressBinder.EndpointsStrategy.BindAsync(AddressBindContext context, CancellationToken cancellationToken)
   at Microsoft.AspNetCore.Server.Kestrel.Core.KestrelServerImpl.BindAsync(CancellationToken cancellationToken)
   at Microsoft.AspNetCore.Server.Kestrel.Core.KestrelServerImpl.StartAsync[TContext](IHttpApplication`1 application, CancellationToken cancellationToken)
   at Microsoft.AspNetCore.Hosting.GenericWebHostService.StartAsync(CancellationToken cancellationToken)
   at Microsoft.Extensions.Hosting.Internal.Host.<StartAsync>b__14_1(IHostedService service, CancellationToken token)
   at Microsoft.Extensions.Hosting.Internal.Host.ForeachService[T](IEnumerable`1 services, CancellationToken token, Boolean concurrent, Boolean abortOnFirstException, List`1 exceptions, Func`3 operation)
2026-03-17 11:34:41.402 +05:30 [INF] User profile is available. Using 'C:\Users\HP\AppData\Local\ASP.NET\DataProtection-Keys' as key repository and Windows DPAPI to encrypt keys at rest.
2026-03-17 11:34:43.413 +05:30 [INF] Executed DbCommand (47ms) [Parameters=[], CommandType='"Text"', CommandTimeout='30']
SELECT 1
2026-03-17 11:34:43.460 +05:30 [INF] Acquiring an exclusive lock for migration application. See https://aka.ms/efcore-docs-migrations-lock for more information if this takes too long.
2026-03-17 11:34:43.554 +05:30 [INF] Executed DbCommand (79ms) [Parameters=[], CommandType='"Text"', CommandTimeout='30']
DECLARE @result int;
EXEC @result = sp_getapplock @Resource = '__EFMigrationsLock', @LockOwner = 'Session', @LockMode = 'Exclusive';
SELECT @result
2026-03-17 11:34:43.728 +05:30 [INF] Executed DbCommand (20ms) [Parameters=[], CommandType='"Text"', CommandTimeout='30']
IF OBJECT_ID(N'[__EFMigrationsHistory]') IS NULL
BEGIN
    CREATE TABLE [__EFMigrationsHistory] (
        [MigrationId] nvarchar(150) NOT NULL,
        [ProductVersion] nvarchar(32) NOT NULL,
        CONSTRAINT [PK___EFMigrationsHistory] PRIMARY KEY ([MigrationId])
    );
END;
2026-03-17 11:34:43.795 +05:30 [INF] Executed DbCommand (2ms) [Parameters=[], CommandType='"Text"', CommandTimeout='30']
SELECT 1
2026-03-17 11:34:43.813 +05:30 [INF] Executed DbCommand (2ms) [Parameters=[], CommandType='"Text"', CommandTimeout='30']
SELECT OBJECT_ID(N'[__EFMigrationsHistory]');
2026-03-17 11:34:43.880 +05:30 [INF] Executed DbCommand (40ms) [Parameters=[], CommandType='"Text"', CommandTimeout='30']
SELECT [MigrationId], [ProductVersion]
FROM [__EFMigrationsHistory]
ORDER BY [MigrationId];
2026-03-17 11:34:43.928 +05:30 [INF] No migrations were applied. The database is already up to date.
2026-03-17 11:34:43.945 +05:30 [INF] Executed DbCommand (5ms) [Parameters=[], CommandType='"Text"', CommandTimeout='30']
DECLARE @result int;
EXEC @result = sp_releaseapplock @Resource = '__EFMigrationsLock', @LockOwner = 'Session';
SELECT @result
2026-03-17 11:34:44.550 +05:30 [INF] Executed DbCommand (32ms) [Parameters=[@normalizedName='?' (Size = 256)], CommandType='"Text"', CommandTimeout='30']
SELECT TOP(1) [a].[Id], [a].[ConcurrencyStamp], [a].[Name], [a].[NormalizedName]
FROM [AspNetRoles] AS [a]
WHERE [a].[NormalizedName] = @normalizedName
2026-03-17 11:34:44.699 +05:30 [INF] Executed DbCommand (1ms) [Parameters=[@normalizedName='?' (Size = 256)], CommandType='"Text"', CommandTimeout='30']
SELECT TOP(1) [a].[Id], [a].[ConcurrencyStamp], [a].[Name], [a].[NormalizedName]
FROM [AspNetRoles] AS [a]
WHERE [a].[NormalizedName] = @normalizedName
2026-03-17 11:34:44.800 +05:30 [INF] Executed DbCommand (26ms) [Parameters=[@normalizedEmail='?' (Size = 256)], CommandType='"Text"', CommandTimeout='30']
SELECT TOP(2) [a].[Id], [a].[AccessFailedCount], [a].[Address], [a].[ConcurrencyStamp], [a].[CreatedAt], [a].[Email], [a].[EmailConfirmed], [a].[FullName], [a].[IsActive], [a].[LockoutEnabled], [a].[LockoutEnd], [a].[NormalizedEmail], [a].[NormalizedUserName], [a].[PasswordHash], [a].[PhoneNumber], [a].[PhoneNumberConfirmed], [a].[Role], [a].[SecurityStamp], [a].[TwoFactorEnabled], [a].[UserName]
FROM [AspNetUsers] AS [a]
WHERE [a].[NormalizedEmail] = @normalizedEmail
2026-03-17 11:34:44.940 +05:30 [INF] Executed DbCommand (2ms) [Parameters=[@normalizedEmail='?' (Size = 256)], CommandType='"Text"', CommandTimeout='30']
SELECT TOP(2) [a].[Id], [a].[AccessFailedCount], [a].[Address], [a].[ConcurrencyStamp], [a].[CreatedAt], [a].[Email], [a].[EmailConfirmed], [a].[FullName], [a].[IsActive], [a].[LockoutEnabled], [a].[LockoutEnd], [a].[NormalizedEmail], [a].[NormalizedUserName], [a].[PasswordHash], [a].[PhoneNumber], [a].[PhoneNumberConfirmed], [a].[Role], [a].[SecurityStamp], [a].[TwoFactorEnabled], [a].[UserName]
FROM [AspNetUsers] AS [a]
WHERE [a].[NormalizedEmail] = @normalizedEmail
2026-03-17 11:34:45.053 +05:30 [INF] Executed DbCommand (25ms) [Parameters=[], CommandType='"Text"', CommandTimeout='30']
SELECT CASE
    WHEN EXISTS (
        SELECT 1
        FROM [Prisoners] AS [p]) THEN CAST(1 AS bit)
    ELSE CAST(0 AS bit)
END
2026-03-17 11:34:45.097 +05:30 [INF] Executed DbCommand (2ms) [Parameters=[@normalizedEmail='?' (Size = 256)], CommandType='"Text"', CommandTimeout='30']
SELECT TOP(2) [a].[Id], [a].[AccessFailedCount], [a].[Address], [a].[ConcurrencyStamp], [a].[CreatedAt], [a].[Email], [a].[EmailConfirmed], [a].[FullName], [a].[IsActive], [a].[LockoutEnabled], [a].[LockoutEnd], [a].[NormalizedEmail], [a].[NormalizedUserName], [a].[PasswordHash], [a].[PhoneNumber], [a].[PhoneNumberConfirmed], [a].[Role], [a].[SecurityStamp], [a].[TwoFactorEnabled], [a].[UserName]
FROM [AspNetUsers] AS [a]
WHERE [a].[NormalizedEmail] = @normalizedEmail
2026-03-17 11:34:45.194 +05:30 [INF] Executed DbCommand (25ms) [Parameters=[], CommandType='"Text"', CommandTimeout='30']
SELECT CASE
    WHEN EXISTS (
        SELECT 1
        FROM [VisitSlots] AS [v]) THEN CAST(1 AS bit)
    ELSE CAST(0 AS bit)
END
2026-03-17 11:34:45.337 +05:30 [INF] ✅ Database ready and seeded.
2026-03-17 11:34:45.356 +05:30 [INF] ✅ App running at http://localhost:5050
2026-03-17 11:34:45.359 +05:30 [INF] ✅ Login: admin@prisonerportal.gov / Admin@123!
2026-03-17 11:34:45.676 +05:30 [INF] Now listening on: http://localhost:5050
2026-03-17 11:34:45.695 +05:30 [INF] Application started. Press Ctrl+C to shut down.
2026-03-17 11:34:45.706 +05:30 [INF] Hosting environment: Development
2026-03-17 11:34:45.715 +05:30 [INF] Content root path: C:\Users\HP\Desktop\Adarsh Yadav Project\PrisonerPortal
2026-03-17 11:34:45.966 +05:30 [INF] Request starting HTTP/1.1 GET http://localhost:5050/Account/Login - null null
2026-03-17 11:34:46.369 +05:30 [INF] Executing endpoint 'PrisonerPortal.Controllers.AccountController.Login (PrisonerPortal)'
2026-03-17 11:34:46.418 +05:30 [INF] Route matched with {action = "Login", controller = "Account"}. Executing controller action with signature Microsoft.AspNetCore.Mvc.IActionResult Login() on controller PrisonerPortal.Controllers.AccountController (PrisonerPortal).
2026-03-17 11:34:46.499 +05:30 [INF] Executing RedirectResult, redirecting to /Family/Dashboard.
2026-03-17 11:34:46.538 +05:30 [INF] Executed action PrisonerPortal.Controllers.AccountController.Login (PrisonerPortal) in 71.3471ms
2026-03-17 11:34:46.556 +05:30 [INF] Executed endpoint 'PrisonerPortal.Controllers.AccountController.Login (PrisonerPortal)'
2026-03-17 11:34:46.599 +05:30 [INF] Request finished HTTP/1.1 GET http://localhost:5050/Account/Login - 302 0 null 645.1805ms
2026-03-17 11:34:46.631 +05:30 [INF] Request starting HTTP/1.1 GET http://localhost:5050/Family/Dashboard - null null
2026-03-17 11:34:46.714 +05:30 [INF] Executing endpoint 'PrisonerPortal.Controllers.FamilyController.Dashboard (PrisonerPortal)'
2026-03-17 11:34:46.762 +05:30 [INF] Route matched with {action = "Dashboard", controller = "Family"}. Executing controller action with signature System.Threading.Tasks.Task`1[Microsoft.AspNetCore.Mvc.IActionResult] Dashboard() on controller PrisonerPortal.Controllers.FamilyController (PrisonerPortal).
2026-03-17 11:34:47.085 +05:30 [INF] Executed DbCommand (6ms) [Parameters=[@p='?' (Size = 450)], CommandType='"Text"', CommandTimeout='30']
SELECT TOP(1) [a].[Id], [a].[AccessFailedCount], [a].[Address], [a].[ConcurrencyStamp], [a].[CreatedAt], [a].[Email], [a].[EmailConfirmed], [a].[FullName], [a].[IsActive], [a].[LockoutEnabled], [a].[LockoutEnd], [a].[NormalizedEmail], [a].[NormalizedUserName], [a].[PasswordHash], [a].[PhoneNumber], [a].[PhoneNumberConfirmed], [a].[Role], [a].[SecurityStamp], [a].[TwoFactorEnabled], [a].[UserName]
FROM [AspNetUsers] AS [a]
WHERE [a].[Id] = @p
2026-03-17 11:34:47.469 +05:30 [INF] Executed DbCommand (29ms) [Parameters=[@userId='?' (Size = 450)], CommandType='"Text"', CommandTimeout='30']
SELECT [f].[LinkId], [f].[IsVerified], [f].[LinkedAt], [f].[PrisonerId], [f].[Relationship], [f].[UserId], [f].[VerifiedByAdminId], [p].[PrisonerId], [p].[CaseNumber], [p].[CellBlock], [p].[CellNumber], [p].[CreatedAt], [p].[CrimeCategory], [p].[DateOfBirth], [p].[FullName], [p].[Gender], [p].[PrisonerCode], [p].[SentenceEndDate], [p].[SentenceStartDate], [p].[Status], [p].[UpdatedAt]
FROM [FamilyPrisonerLinks] AS [f]
INNER JOIN [Prisoners] AS [p] ON [f].[PrisonerId] = [p].[PrisonerId]
WHERE [f].[UserId] = @userId AND [f].[IsVerified] = CAST(1 AS bit)
2026-03-17 11:34:47.710 +05:30 [INF] Executed DbCommand (36ms) [Parameters=[@userId='?' (Size = 450)], CommandType='"Text"', CommandTimeout='30']
SELECT [a].[AppointmentId], [a].[AdminNotes], [a].[AppointmentCode], [a].[BookedAt], [a].[NumVisitors], [a].[PrisonerId], [a].[Purpose], [a].[RejectionReason], [a].[SlotId], [a].[Status], [a].[UpdatedAt], [a].[UserId], [a].[VisitorNames], [p].[PrisonerId], [p].[CaseNumber], [p].[CellBlock], [p].[CellNumber], [p].[CreatedAt], [p].[CrimeCategory], [p].[DateOfBirth], [p].[FullName], [p].[Gender], [p].[PrisonerCode], [p].[SentenceEndDate], [p].[SentenceStartDate], [p].[Status], [p].[UpdatedAt], [v].[SlotId], [v].[CreatedAt], [v].[CreatedByAdminId], [v].[CurrentBookings], [v].[EndTime], [v].[IsActive], [v].[MaxCapacity], [v].[SlotDate], [v].[StartTime]
FROM [Appointments] AS [a]
INNER JOIN [Prisoners] AS [p] ON [a].[PrisonerId] = [p].[PrisonerId]
INNER JOIN [VisitSlots] AS [v] ON [a].[SlotId] = [v].[SlotId]
WHERE [a].[UserId] = @userId
ORDER BY [a].[BookedAt] DESC
2026-03-17 11:34:47.963 +05:30 [INF] Executed DbCommand (22ms) [Parameters=[@userId='?' (Size = 450)], CommandType='"Text"', CommandTimeout='30']
SELECT [s].[RequestId], [s].[AdminResponse], [s].[AssignedAdminId], [s].[Category], [s].[CreatedAt], [s].[Description], [s].[Priority], [s].[PrisonerId], [s].[RequestCode], [s].[ResolvedAt], [s].[Status], [s].[Subject], [s].[UpdatedAt], [s].[UserId], [p].[PrisonerId], [p].[CaseNumber], [p].[CellBlock], [p].[CellNumber], [p].[CreatedAt], [p].[CrimeCategory], [p].[DateOfBirth], [p].[FullName], [p].[Gender], [p].[PrisonerCode], [p].[SentenceEndDate], [p].[SentenceStartDate], [p].[Status], [p].[UpdatedAt]
FROM [SupportRequests] AS [s]
INNER JOIN [Prisoners] AS [p] ON [s].[PrisonerId] = [p].[PrisonerId]
WHERE [s].[UserId] = @userId
ORDER BY [s].[CreatedAt] DESC
2026-03-17 11:34:48.195 +05:30 [INF] Executing ViewResult, running view Dashboard.
2026-03-17 11:35:00.564 +05:30 [INF] Executed ViewResult - view Dashboard executed in 12421.3281ms.
2026-03-17 11:35:00.584 +05:30 [INF] Executed action PrisonerPortal.Controllers.FamilyController.Dashboard (PrisonerPortal) in 13805.3097ms
2026-03-17 11:35:00.604 +05:30 [INF] Executed endpoint 'PrisonerPortal.Controllers.FamilyController.Dashboard (PrisonerPortal)'
2026-03-17 11:35:00.639 +05:30 [INF] Request starting HTTP/1.1 GET http://localhost:5050/css/site.css?v=seqgy2E8WqM9es2uSck3zZTeEFYFhxuxOBVvoD-ron0 - null null
2026-03-17 11:35:00.695 +05:30 [INF] Request finished HTTP/1.1 GET http://localhost:5050/Family/Dashboard - 200 null text/html; charset=utf-8 14063.3515ms
2026-03-17 11:35:00.708 +05:30 [INF] The file /css/site.css was not modified
2026-03-17 11:35:00.736 +05:30 [INF] Request finished HTTP/1.1 GET http://localhost:5050/css/site.css?v=seqgy2E8WqM9es2uSck3zZTeEFYFhxuxOBVvoD-ron0 - 304 null text/css 97.1038ms
2026-03-17 11:35:00.983 +05:30 [INF] Request starting HTTP/1.1 GET http://localhost:5050/Notifications/GetUnreadCount - null null
2026-03-17 11:35:01.100 +05:30 [INF] Executing endpoint 'PrisonerPortal.Controllers.NotificationsController.GetUnreadCount (PrisonerPortal)'
2026-03-17 11:35:01.115 +05:30 [INF] Route matched with {action = "GetUnreadCount", controller = "Notifications"}. Executing controller action with signature Microsoft.AspNetCore.Mvc.IActionResult GetUnreadCount() on controller PrisonerPortal.Controllers.NotificationsController (PrisonerPortal).
2026-03-17 11:35:01.485 +05:30 [INF] Executed DbCommand (23ms) [Parameters=[@userId='?' (Size = 450)], CommandType='"Text"', CommandTimeout='30']
SELECT COUNT(*)
FROM [Notifications] AS [n]
WHERE [n].[UserId] = @userId AND [n].[IsRead] = CAST(0 AS bit)
2026-03-17 11:35:01.528 +05:30 [INF] Executing JsonResult, writing value of type '<>f__AnonymousType1`1[[System.Int32, System.Private.CoreLib, Version=10.0.0.0, Culture=neutral, PublicKeyToken=7cec85d7bea7798e]]'.
2026-03-17 11:35:01.719 +05:30 [INF] Executed action PrisonerPortal.Controllers.NotificationsController.GetUnreadCount (PrisonerPortal) in 592.8157ms
2026-03-17 11:35:01.732 +05:30 [INF] Executed endpoint 'PrisonerPortal.Controllers.NotificationsController.GetUnreadCount (PrisonerPortal)'
2026-03-17 11:35:01.741 +05:30 [INF] Request finished HTTP/1.1 GET http://localhost:5050/Notifications/GetUnreadCount - 200 null application/json; charset=utf-8 757.7853ms
2026-03-17 11:35:05.778 +05:30 [INF] Request starting HTTP/1.1 GET http://localhost:5050/Family/MyRequests - null null
2026-03-17 11:35:05.835 +05:30 [INF] Executing endpoint 'PrisonerPortal.Controllers.FamilyController.MyRequests (PrisonerPortal)'
2026-03-17 11:35:05.878 +05:30 [INF] Route matched with {action = "MyRequests", controller = "Family"}. Executing controller action with signature System.Threading.Tasks.Task`1[Microsoft.AspNetCore.Mvc.IActionResult] MyRequests() on controller PrisonerPortal.Controllers.FamilyController (PrisonerPortal).
2026-03-17 11:35:06.059 +05:30 [INF] Executed DbCommand (2ms) [Parameters=[@p='?' (Size = 450)], CommandType='"Text"', CommandTimeout='30']
SELECT TOP(1) [a].[Id], [a].[AccessFailedCount], [a].[Address], [a].[ConcurrencyStamp], [a].[CreatedAt], [a].[Email], [a].[EmailConfirmed], [a].[FullName], [a].[IsActive], [a].[LockoutEnabled], [a].[LockoutEnd], [a].[NormalizedEmail], [a].[NormalizedUserName], [a].[PasswordHash], [a].[PhoneNumber], [a].[PhoneNumberConfirmed], [a].[Role], [a].[SecurityStamp], [a].[TwoFactorEnabled], [a].[UserName]
FROM [AspNetUsers] AS [a]
WHERE [a].[Id] = @p
2026-03-17 11:35:06.077 +05:30 [INF] Executed DbCommand (3ms) [Parameters=[@userId='?' (Size = 450)], CommandType='"Text"', CommandTimeout='30']
SELECT [s].[RequestId], [s].[AdminResponse], [s].[AssignedAdminId], [s].[Category], [s].[CreatedAt], [s].[Description], [s].[Priority], [s].[PrisonerId], [s].[RequestCode], [s].[ResolvedAt], [s].[Status], [s].[Subject], [s].[UpdatedAt], [s].[UserId], [p].[PrisonerId], [p].[CaseNumber], [p].[CellBlock], [p].[CellNumber], [p].[CreatedAt], [p].[CrimeCategory], [p].[DateOfBirth], [p].[FullName], [p].[Gender], [p].[PrisonerCode], [p].[SentenceEndDate], [p].[SentenceStartDate], [p].[Status], [p].[UpdatedAt]
FROM [SupportRequests] AS [s]
INNER JOIN [Prisoners] AS [p] ON [s].[PrisonerId] = [p].[PrisonerId]
WHERE [s].[UserId] = @userId
ORDER BY [s].[CreatedAt] DESC
2026-03-17 11:35:06.125 +05:30 [INF] Executing ViewResult, running view MyRequests.
2026-03-17 11:35:06.191 +05:30 [INF] Executed ViewResult - view MyRequests executed in 80.9619ms.
2026-03-17 11:35:06.205 +05:30 [INF] Executed action PrisonerPortal.Controllers.FamilyController.MyRequests (PrisonerPortal) in 300.217ms
2026-03-17 11:35:06.221 +05:30 [INF] Executed endpoint 'PrisonerPortal.Controllers.FamilyController.MyRequests (PrisonerPortal)'
2026-03-17 11:35:06.232 +05:30 [INF] Request finished HTTP/1.1 GET http://localhost:5050/Family/MyRequests - 200 null text/html; charset=utf-8 454.3056ms
2026-03-17 11:35:06.307 +05:30 [INF] Request starting HTTP/1.1 GET http://localhost:5050/Notifications/GetUnreadCount - null null
2026-03-17 11:35:06.352 +05:30 [INF] Executing endpoint 'PrisonerPortal.Controllers.NotificationsController.GetUnreadCount (PrisonerPortal)'
2026-03-17 11:35:06.366 +05:30 [INF] Route matched with {action = "GetUnreadCount", controller = "Notifications"}. Executing controller action with signature Microsoft.AspNetCore.Mvc.IActionResult GetUnreadCount() on controller PrisonerPortal.Controllers.NotificationsController (PrisonerPortal).
2026-03-17 11:35:06.407 +05:30 [INF] Executed DbCommand (2ms) [Parameters=[@userId='?' (Size = 450)], CommandType='"Text"', CommandTimeout='30']
SELECT COUNT(*)
FROM [Notifications] AS [n]
WHERE [n].[UserId] = @userId AND [n].[IsRead] = CAST(0 AS bit)
2026-03-17 11:35:06.437 +05:30 [INF] Executing JsonResult, writing value of type '<>f__AnonymousType1`1[[System.Int32, System.Private.CoreLib, Version=10.0.0.0, Culture=neutral, PublicKeyToken=7cec85d7bea7798e]]'.
2026-03-17 11:35:06.452 +05:30 [INF] Executed action PrisonerPortal.Controllers.NotificationsController.GetUnreadCount (PrisonerPortal) in 65.9738ms
2026-03-17 11:35:06.465 +05:30 [INF] Executed endpoint 'PrisonerPortal.Controllers.NotificationsController.GetUnreadCount (PrisonerPortal)'
2026-03-17 11:35:06.474 +05:30 [INF] Request finished HTTP/1.1 GET http://localhost:5050/Notifications/GetUnreadCount - 200 null application/json; charset=utf-8 166.9881ms
2026-03-17 11:35:10.109 +05:30 [INF] Request starting HTTP/1.1 GET http://localhost:5050/Family/SubmitRequest - null null
2026-03-17 11:35:10.139 +05:30 [INF] Executing endpoint 'PrisonerPortal.Controllers.FamilyController.SubmitRequest (PrisonerPortal)'
2026-03-17 11:35:10.203 +05:30 [INF] Route matched with {action = "SubmitRequest", controller = "Family"}. Executing controller action with signature System.Threading.Tasks.Task`1[Microsoft.AspNetCore.Mvc.IActionResult] SubmitRequest(System.Nullable`1[System.Int32]) on controller PrisonerPortal.Controllers.FamilyController (PrisonerPortal).
2026-03-17 11:35:10.277 +05:30 [INF] Executed DbCommand (2ms) [Parameters=[@p='?' (Size = 450)], CommandType='"Text"', CommandTimeout='30']
SELECT TOP(1) [a].[Id], [a].[AccessFailedCount], [a].[Address], [a].[ConcurrencyStamp], [a].[CreatedAt], [a].[Email], [a].[EmailConfirmed], [a].[FullName], [a].[IsActive], [a].[LockoutEnabled], [a].[LockoutEnd], [a].[NormalizedEmail], [a].[NormalizedUserName], [a].[PasswordHash], [a].[PhoneNumber], [a].[PhoneNumberConfirmed], [a].[Role], [a].[SecurityStamp], [a].[TwoFactorEnabled], [a].[UserName]
FROM [AspNetUsers] AS [a]
WHERE [a].[Id] = @p
2026-03-17 11:35:10.309 +05:30 [INF] Executed DbCommand (3ms) [Parameters=[@userId='?' (Size = 450)], CommandType='"Text"', CommandTimeout='30']
SELECT [f].[LinkId], [f].[IsVerified], [f].[LinkedAt], [f].[PrisonerId], [f].[Relationship], [f].[UserId], [f].[VerifiedByAdminId], [p].[PrisonerId], [p].[CaseNumber], [p].[CellBlock], [p].[CellNumber], [p].[CreatedAt], [p].[CrimeCategory], [p].[DateOfBirth], [p].[FullName], [p].[Gender], [p].[PrisonerCode], [p].[SentenceEndDate], [p].[SentenceStartDate], [p].[Status], [p].[UpdatedAt]
FROM [FamilyPrisonerLinks] AS [f]
INNER JOIN [Prisoners] AS [p] ON [f].[PrisonerId] = [p].[PrisonerId]
WHERE [f].[UserId] = @userId AND [f].[IsVerified] = CAST(1 AS bit)
2026-03-17 11:35:10.349 +05:30 [INF] Executing ViewResult, running view SubmitRequest.
2026-03-17 11:35:10.584 +05:30 [INF] Executed ViewResult - view SubmitRequest executed in 246.684ms.
2026-03-17 11:35:10.593 +05:30 [INF] Executed action PrisonerPortal.Controllers.FamilyController.SubmitRequest (PrisonerPortal) in 368.1312ms
2026-03-17 11:35:10.599 +05:30 [INF] Executed endpoint 'PrisonerPortal.Controllers.FamilyController.SubmitRequest (PrisonerPortal)'
2026-03-17 11:35:10.608 +05:30 [INF] Request finished HTTP/1.1 GET http://localhost:5050/Family/SubmitRequest - 200 null text/html; charset=utf-8 499.5733ms
2026-03-17 11:35:10.688 +05:30 [INF] Request starting HTTP/1.1 GET http://localhost:5050/Notifications/GetUnreadCount - null null
2026-03-17 11:35:10.719 +05:30 [INF] Executing endpoint 'PrisonerPortal.Controllers.NotificationsController.GetUnreadCount (PrisonerPortal)'
2026-03-17 11:35:10.731 +05:30 [INF] Route matched with {action = "GetUnreadCount", controller = "Notifications"}. Executing controller action with signature Microsoft.AspNetCore.Mvc.IActionResult GetUnreadCount() on controller PrisonerPortal.Controllers.NotificationsController (PrisonerPortal).
2026-03-17 11:35:10.755 +05:30 [INF] Executed DbCommand (3ms) [Parameters=[@userId='?' (Size = 450)], CommandType='"Text"', CommandTimeout='30']
SELECT COUNT(*)
FROM [Notifications] AS [n]
WHERE [n].[UserId] = @userId AND [n].[IsRead] = CAST(0 AS bit)
2026-03-17 11:35:10.775 +05:30 [INF] Executing JsonResult, writing value of type '<>f__AnonymousType1`1[[System.Int32, System.Private.CoreLib, Version=10.0.0.0, Culture=neutral, PublicKeyToken=7cec85d7bea7798e]]'.
2026-03-17 11:35:10.788 +05:30 [INF] Executed action PrisonerPortal.Controllers.NotificationsController.GetUnreadCount (PrisonerPortal) in 40.5337ms
2026-03-17 11:35:10.827 +05:30 [INF] Executed endpoint 'PrisonerPortal.Controllers.NotificationsController.GetUnreadCount (PrisonerPortal)'
2026-03-17 11:35:10.838 +05:30 [INF] Request finished HTTP/1.1 GET http://localhost:5050/Notifications/GetUnreadCount - 200 null application/json; charset=utf-8 149.6431ms
2026-03-17 11:35:34.322 +05:30 [INF] Request starting HTTP/1.1 POST http://localhost:5050/Account/Logout - application/x-www-form-urlencoded 225
2026-03-17 11:35:34.345 +05:30 [INF] Executing endpoint 'PrisonerPortal.Controllers.AccountController.Logout (PrisonerPortal)'
2026-03-17 11:35:34.387 +05:30 [INF] Route matched with {action = "Logout", controller = "Account"}. Executing controller action with signature System.Threading.Tasks.Task`1[Microsoft.AspNetCore.Mvc.IActionResult] Logout() on controller PrisonerPortal.Controllers.AccountController (PrisonerPortal).
2026-03-17 11:35:34.875 +05:30 [INF] Executed DbCommand (33ms) [Parameters=[@p0='?' (Size = 4000), @p1='?' (Size = 4000), @p2='?' (Size = 4000), @p3='?' (Size = 4000), @p4='?' (Size = 4000), @p5='?' (Size = 4000), @p6='?' (DbType = DateTime2), @p7='?' (Size = 450)], CommandType='"Text"', CommandTimeout='30']
SET IMPLICIT_TRANSACTIONS OFF;
SET NOCOUNT ON;
INSERT INTO [AuditLogs] ([Action], [EntityId], [EntityType], [IPAddress], [NewValues], [OldValues], [Timestamp], [UserId])
OUTPUT INSERTED.[LogId]
VALUES (@p0, @p1, @p2, @p3, @p4, @p5, @p6, @p7);
2026-03-17 11:35:34.980 +05:30 [INF] AuthenticationScheme: Identity.Application signed out.
2026-03-17 11:35:34.992 +05:30 [INF] AuthenticationScheme: Identity.External signed out.
2026-03-17 11:35:35.004 +05:30 [INF] AuthenticationScheme: Identity.TwoFactorUserId signed out.
2026-03-17 11:35:35.020 +05:30 [INF] Executing RedirectResult, redirecting to /.
2026-03-17 11:35:35.032 +05:30 [INF] Executed action PrisonerPortal.Controllers.AccountController.Logout (PrisonerPortal) in 622.9202ms
2026-03-17 11:35:35.049 +05:30 [INF] Executed endpoint 'PrisonerPortal.Controllers.AccountController.Logout (PrisonerPortal)'
2026-03-17 11:35:35.063 +05:30 [INF] Request finished HTTP/1.1 POST http://localhost:5050/Account/Logout - 302 0 null 740.3106ms
2026-03-17 11:35:35.098 +05:30 [INF] Request starting HTTP/1.1 GET http://localhost:5050/ - null null
2026-03-17 11:35:35.130 +05:30 [INF] Executing endpoint 'PrisonerPortal.Controllers.AccountController.Login (PrisonerPortal)'
2026-03-17 11:35:35.144 +05:30 [INF] Route matched with {action = "Login", controller = "Account"}. Executing controller action with signature Microsoft.AspNetCore.Mvc.IActionResult Login() on controller PrisonerPortal.Controllers.AccountController (PrisonerPortal).
2026-03-17 11:35:38.153 +05:30 [INF] Executing ViewResult, running view Login.
2026-03-17 11:35:38.303 +05:30 [INF] Executed ViewResult - view Login executed in 3134.2764ms.
2026-03-17 11:35:38.318 +05:30 [INF] Executed action PrisonerPortal.Controllers.AccountController.Login (PrisonerPortal) in 3155.6344ms
2026-03-17 11:35:38.329 +05:30 [INF] Executed endpoint 'PrisonerPortal.Controllers.AccountController.Login (PrisonerPortal)'
2026-03-17 11:35:38.340 +05:30 [INF] Request finished HTTP/1.1 GET http://localhost:5050/ - 200 null text/html; charset=utf-8 3240.3627ms
2026-03-17 11:35:38.381 +05:30 [INF] Request starting HTTP/1.1 GET http://localhost:5050/js/auth.js?v=vFieu_vdInS-_NST3h1ILrWgllVMY1VPgyTgpG3Dmrc - null null
2026-03-17 11:35:38.408 +05:30 [INF] The file /js/auth.js was not modified
2026-03-17 11:35:38.418 +05:30 [INF] Request finished HTTP/1.1 GET http://localhost:5050/js/auth.js?v=vFieu_vdInS-_NST3h1ILrWgllVMY1VPgyTgpG3Dmrc - 304 null text/javascript 37.2663ms
2026-03-17 11:35:47.799 +05:30 [INF] Request starting HTTP/1.1 POST http://localhost:5050/ - application/x-www-form-urlencoded 272
2026-03-17 11:35:47.822 +05:30 [INF] Executing endpoint 'PrisonerPortal.Controllers.AccountController.Login (PrisonerPortal)'
2026-03-17 11:35:47.895 +05:30 [INF] Route matched with {action = "Login", controller = "Account"}. Executing controller action with signature System.Threading.Tasks.Task`1[Microsoft.AspNetCore.Mvc.IActionResult] Login(PrisonerPortal.Models.ViewModels.LoginViewModel) on controller PrisonerPortal.Controllers.AccountController (PrisonerPortal).
2026-03-17 11:35:47.972 +05:30 [INF] Executed DbCommand (6ms) [Parameters=[@normalizedEmail='?' (Size = 256)], CommandType='"Text"', CommandTimeout='30']
SELECT TOP(2) [a].[Id], [a].[AccessFailedCount], [a].[Address], [a].[ConcurrencyStamp], [a].[CreatedAt], [a].[Email], [a].[EmailConfirmed], [a].[FullName], [a].[IsActive], [a].[LockoutEnabled], [a].[LockoutEnd], [a].[NormalizedEmail], [a].[NormalizedUserName], [a].[PasswordHash], [a].[PhoneNumber], [a].[PhoneNumberConfirmed], [a].[Role], [a].[SecurityStamp], [a].[TwoFactorEnabled], [a].[UserName]
FROM [AspNetUsers] AS [a]
WHERE [a].[NormalizedEmail] = @normalizedEmail
2026-03-17 11:35:48.068 +05:30 [INF] Executed DbCommand (10ms) [Parameters=[@normalizedUserName='?' (Size = 256)], CommandType='"Text"', CommandTimeout='30']
SELECT TOP(1) [a].[Id], [a].[AccessFailedCount], [a].[Address], [a].[ConcurrencyStamp], [a].[CreatedAt], [a].[Email], [a].[EmailConfirmed], [a].[FullName], [a].[IsActive], [a].[LockoutEnabled], [a].[LockoutEnd], [a].[NormalizedEmail], [a].[NormalizedUserName], [a].[PasswordHash], [a].[PhoneNumber], [a].[PhoneNumberConfirmed], [a].[Role], [a].[SecurityStamp], [a].[TwoFactorEnabled], [a].[UserName]
FROM [AspNetUsers] AS [a]
WHERE [a].[NormalizedUserName] = @normalizedUserName
2026-03-17 11:35:48.497 +05:30 [INF] Executed DbCommand (7ms) [Parameters=[@user_Id='?' (Size = 450)], CommandType='"Text"', CommandTimeout='30']
SELECT [a].[Id], [a].[ClaimType], [a].[ClaimValue], [a].[UserId]
FROM [AspNetUserClaims] AS [a]
WHERE [a].[UserId] = @user_Id
2026-03-17 11:35:48.629 +05:30 [INF] Executed DbCommand (28ms) [Parameters=[@userId='?' (Size = 450)], CommandType='"Text"', CommandTimeout='30']
SELECT [a0].[Name]
FROM [AspNetUserRoles] AS [a]
INNER JOIN [AspNetRoles] AS [a0] ON [a].[RoleId] = [a0].[Id]
WHERE [a].[UserId] = @userId
2026-03-17 11:35:48.653 +05:30 [INF] Executed DbCommand (10ms) [Parameters=[@normalizedName='?' (Size = 256)], CommandType='"Text"', CommandTimeout='30']
SELECT TOP(1) [a].[Id], [a].[ConcurrencyStamp], [a].[Name], [a].[NormalizedName]
FROM [AspNetRoles] AS [a]
WHERE [a].[NormalizedName] = @normalizedName
2026-03-17 11:35:48.741 +05:30 [INF] Executed DbCommand (5ms) [Parameters=[@role_Id='?' (Size = 450)], CommandType='"Text"', CommandTimeout='30']
SELECT [a].[ClaimType], [a].[ClaimValue]
FROM [AspNetRoleClaims] AS [a]
WHERE [a].[RoleId] = @role_Id
2026-03-17 11:35:48.778 +05:30 [INF] AuthenticationScheme: Identity.Application signed in.
2026-03-17 11:35:48.848 +05:30 [INF] Executed DbCommand (18ms) [Parameters=[@p0='?' (Size = 4000), @p1='?' (Size = 4000), @p2='?' (Size = 4000), @p3='?' (Size = 4000), @p4='?' (Size = 4000), @p5='?' (Size = 4000), @p6='?' (DbType = DateTime2), @p7='?' (Size = 450)], CommandType='"Text"', CommandTimeout='30']
SET IMPLICIT_TRANSACTIONS OFF;
SET NOCOUNT ON;
INSERT INTO [AuditLogs] ([Action], [EntityId], [EntityType], [IPAddress], [NewValues], [OldValues], [Timestamp], [UserId])
OUTPUT INSERTED.[LogId]
VALUES (@p0, @p1, @p2, @p3, @p4, @p5, @p6, @p7);
2026-03-17 11:35:48.878 +05:30 [INF] Executing RedirectResult, redirecting to /Admin/Dashboard.
2026-03-17 11:35:48.892 +05:30 [INF] Executed action PrisonerPortal.Controllers.AccountController.Login (PrisonerPortal) in 984.5024ms
2026-03-17 11:35:48.912 +05:30 [INF] Executed endpoint 'PrisonerPortal.Controllers.AccountController.Login (PrisonerPortal)'
2026-03-17 11:35:48.926 +05:30 [INF] Request finished HTTP/1.1 POST http://localhost:5050/ - 302 0 null 1127.2605ms
2026-03-17 11:35:48.971 +05:30 [INF] Request starting HTTP/1.1 GET http://localhost:5050/Admin/Dashboard - null null
2026-03-17 11:35:49.004 +05:30 [INF] Executing endpoint 'PrisonerPortal.Controllers.AdminController.Dashboard (PrisonerPortal)'
2026-03-17 11:35:49.063 +05:30 [INF] Route matched with {action = "Dashboard", controller = "Admin"}. Executing controller action with signature System.Threading.Tasks.Task`1[Microsoft.AspNetCore.Mvc.IActionResult] Dashboard() on controller PrisonerPortal.Controllers.AdminController (PrisonerPortal).
2026-03-17 11:35:49.172 +05:30 [INF] Executed DbCommand (6ms) [Parameters=[@normalizedRoleName='?' (Size = 256)], CommandType='"Text"', CommandTimeout='30']
SELECT TOP(2) [a].[Id], [a].[ConcurrencyStamp], [a].[Name], [a].[NormalizedName]
FROM [AspNetRoles] AS [a]
WHERE [a].[NormalizedName] = @normalizedRoleName
2026-03-17 11:35:49.289 +05:30 [INF] Executed DbCommand (24ms) [Parameters=[@role_Id='?' (Size = 450)], CommandType='"Text"', CommandTimeout='30']
SELECT [a0].[Id], [a0].[AccessFailedCount], [a0].[Address], [a0].[ConcurrencyStamp], [a0].[CreatedAt], [a0].[Email], [a0].[EmailConfirmed], [a0].[FullName], [a0].[IsActive], [a0].[LockoutEnabled], [a0].[LockoutEnd], [a0].[NormalizedEmail], [a0].[NormalizedUserName], [a0].[PasswordHash], [a0].[PhoneNumber], [a0].[PhoneNumberConfirmed], [a0].[Role], [a0].[SecurityStamp], [a0].[TwoFactorEnabled], [a0].[UserName]
FROM [AspNetUserRoles] AS [a]
INNER JOIN [AspNetUsers] AS [a0] ON [a].[UserId] = [a0].[Id]
WHERE [a].[RoleId] = @role_Id
2026-03-17 11:35:49.389 +05:30 [INF] Executed DbCommand (7ms) [Parameters=[], CommandType='"Text"', CommandTimeout='30']
SELECT COUNT(*)
FROM [Prisoners] AS [p]
WHERE [p].[Status] = N'Active'
2026-03-17 11:35:49.524 +05:30 [INF] Executed DbCommand (17ms) [Parameters=[@today='?' (DbType = DateTime2)], CommandType='"Text"', CommandTimeout='30']
SELECT COUNT(*)
FROM [Appointments] AS [a]
INNER JOIN [VisitSlots] AS [v] ON [a].[SlotId] = [v].[SlotId]
WHERE [a].[Status] IN (N'Pending', N'Approved') AND [v].[SlotDate] = @today
2026-03-17 11:35:49.612 +05:30 [INF] Executed DbCommand (8ms) [Parameters=[], CommandType='"Text"', CommandTimeout='30']
SELECT COUNT(*)
FROM [SupportRequests] AS [s]
WHERE [s].[Status] IN (N'Open', N'InProgress')
2026-03-17 11:35:49.870 +05:30 [INF] Executed DbCommand (20ms) [Parameters=[@p='?' (DbType = Int32)], CommandType='"Text"', CommandTimeout='30']
SELECT [a0].[AppointmentId], [a0].[AdminNotes], [a0].[AppointmentCode], [a0].[BookedAt], [a0].[NumVisitors], [a0].[PrisonerId], [a0].[Purpose], [a0].[RejectionReason], [a0].[SlotId], [a0].[Status], [a0].[UpdatedAt], [a0].[UserId], [a0].[VisitorNames], [p].[PrisonerId], [p].[CaseNumber], [p].[CellBlock], [p].[CellNumber], [p].[CreatedAt], [p].[CrimeCategory], [p].[DateOfBirth], [p].[FullName], [p].[Gender], [p].[PrisonerCode], [p].[SentenceEndDate], [p].[SentenceStartDate], [p].[Status], [p].[UpdatedAt], [a1].[Id], [a1].[AccessFailedCount], [a1].[Address], [a1].[ConcurrencyStamp], [a1].[CreatedAt], [a1].[Email], [a1].[EmailConfirmed], [a1].[FullName], [a1].[IsActive], [a1].[LockoutEnabled], [a1].[LockoutEnd], [a1].[NormalizedEmail], [a1].[NormalizedUserName], [a1].[PasswordHash], [a1].[PhoneNumber], [a1].[PhoneNumberConfirmed], [a1].[Role], [a1].[SecurityStamp], [a1].[TwoFactorEnabled], [a1].[UserName], [v].[SlotId], [v].[CreatedAt], [v].[CreatedByAdminId], [v].[CurrentBookings], [v].[EndTime], [v].[IsActive], [v].[MaxCapacity], [v].[SlotDate], [v].[StartTime]
FROM (
    SELECT TOP(@p) [a].[AppointmentId], [a].[AdminNotes], [a].[AppointmentCode], [a].[BookedAt], [a].[NumVisitors], [a].[PrisonerId], [a].[Purpose], [a].[RejectionReason], [a].[SlotId], [a].[Status], [a].[UpdatedAt], [a].[UserId], [a].[VisitorNames]
    FROM [Appointments] AS [a]
    WHERE [a].[Status] = N'Pending'
    ORDER BY [a].[BookedAt]
) AS [a0]
INNER JOIN [Prisoners] AS [p] ON [a0].[PrisonerId] = [p].[PrisonerId]
INNER JOIN [AspNetUsers] AS [a1] ON [a0].[UserId] = [a1].[Id]
INNER JOIN [VisitSlots] AS [v] ON [a0].[SlotId] = [v].[SlotId]
ORDER BY [a0].[BookedAt]
2026-03-17 11:35:50.063 +05:30 [INF] Executed DbCommand (17ms) [Parameters=[@p='?' (DbType = Int32)], CommandType='"Text"', CommandTimeout='30']
SELECT [s0].[RequestId], [s0].[AdminResponse], [s0].[AssignedAdminId], [s0].[Category], [s0].[CreatedAt], [s0].[Description], [s0].[Priority], [s0].[PrisonerId], [s0].[RequestCode], [s0].[ResolvedAt], [s0].[Status], [s0].[Subject], [s0].[UpdatedAt], [s0].[UserId], [a].[Id], [a].[AccessFailedCount], [a].[Address], [a].[ConcurrencyStamp], [a].[CreatedAt], [a].[Email], [a].[EmailConfirmed], [a].[FullName], [a].[IsActive], [a].[LockoutEnabled], [a].[LockoutEnd], [a].[NormalizedEmail], [a].[NormalizedUserName], [a].[PasswordHash], [a].[PhoneNumber], [a].[PhoneNumberConfirmed], [a].[Role], [a].[SecurityStamp], [a].[TwoFactorEnabled], [a].[UserName], [p].[PrisonerId], [p].[CaseNumber], [p].[CellBlock], [p].[CellNumber], [p].[CreatedAt], [p].[CrimeCategory], [p].[DateOfBirth], [p].[FullName], [p].[Gender], [p].[PrisonerCode], [p].[SentenceEndDate], [p].[SentenceStartDate], [p].[Status], [p].[UpdatedAt]
FROM (
    SELECT TOP(@p) [s].[RequestId], [s].[AdminResponse], [s].[AssignedAdminId], [s].[Category], [s].[CreatedAt], [s].[Description], [s].[Priority], [s].[PrisonerId], [s].[RequestCode], [s].[ResolvedAt], [s].[Status], [s].[Subject], [s].[UpdatedAt], [s].[UserId]
    FROM [SupportRequests] AS [s]
    ORDER BY [s].[CreatedAt] DESC
) AS [s0]
INNER JOIN [AspNetUsers] AS [a] ON [s0].[UserId] = [a].[Id]
INNER JOIN [Prisoners] AS [p] ON [s0].[PrisonerId] = [p].[PrisonerId]
ORDER BY [s0].[CreatedAt] DESC
2026-03-17 11:35:50.251 +05:30 [INF] Executed DbCommand (16ms) [Parameters=[], CommandType='"Text"', CommandTimeout='30']
SELECT [f].[LinkId], [f].[IsVerified], [f].[LinkedAt], [f].[PrisonerId], [f].[Relationship], [f].[UserId], [f].[VerifiedByAdminId], [a].[Id], [a].[AccessFailedCount], [a].[Address], [a].[ConcurrencyStamp], [a].[CreatedAt], [a].[Email], [a].[EmailConfirmed], [a].[FullName], [a].[IsActive], [a].[LockoutEnabled], [a].[LockoutEnd], [a].[NormalizedEmail], [a].[NormalizedUserName], [a].[PasswordHash], [a].[PhoneNumber], [a].[PhoneNumberConfirmed], [a].[Role], [a].[SecurityStamp], [a].[TwoFactorEnabled], [a].[UserName], [p].[PrisonerId], [p].[CaseNumber], [p].[CellBlock], [p].[CellNumber], [p].[CreatedAt], [p].[CrimeCategory], [p].[DateOfBirth], [p].[FullName], [p].[Gender], [p].[PrisonerCode], [p].[SentenceEndDate], [p].[SentenceStartDate], [p].[Status], [p].[UpdatedAt]
FROM [FamilyPrisonerLinks] AS [f]
INNER JOIN [AspNetUsers] AS [a] ON [f].[UserId] = [a].[Id]
INNER JOIN [Prisoners] AS [p] ON [f].[PrisonerId] = [p].[PrisonerId]
WHERE [f].[IsVerified] = CAST(0 AS bit)
ORDER BY [f].[LinkedAt]
2026-03-17 11:35:50.438 +05:30 [INF] Executing ViewResult, running view Dashboard.
2026-03-17 11:35:50.713 +05:30 [INF] Executed ViewResult - view Dashboard executed in 285.793ms.
2026-03-17 11:35:50.731 +05:30 [INF] Executed action PrisonerPortal.Controllers.AdminController.Dashboard (PrisonerPortal) in 1647.4551ms
2026-03-17 11:35:50.747 +05:30 [INF] Executed endpoint 'PrisonerPortal.Controllers.AdminController.Dashboard (PrisonerPortal)'
2026-03-17 11:35:50.762 +05:30 [INF] Request finished HTTP/1.1 GET http://localhost:5050/Admin/Dashboard - 200 null text/html; charset=utf-8 1791.9689ms
2026-03-17 11:35:50.865 +05:30 [INF] Request starting HTTP/1.1 GET http://localhost:5050/Notifications/GetUnreadCount - null null
2026-03-17 11:35:50.891 +05:30 [INF] Executing endpoint 'PrisonerPortal.Controllers.NotificationsController.GetUnreadCount (PrisonerPortal)'
2026-03-17 11:35:50.901 +05:30 [INF] Route matched with {action = "GetUnreadCount", controller = "Notifications"}. Executing controller action with signature Microsoft.AspNetCore.Mvc.IActionResult GetUnreadCount() on controller PrisonerPortal.Controllers.NotificationsController (PrisonerPortal).
2026-03-17 11:35:50.941 +05:30 [INF] Executed DbCommand (17ms) [Parameters=[@userId='?' (Size = 450)], CommandType='"Text"', CommandTimeout='30']
SELECT COUNT(*)
FROM [Notifications] AS [n]
WHERE [n].[UserId] = @userId AND [n].[IsRead] = CAST(0 AS bit)
2026-03-17 11:35:50.971 +05:30 [INF] Executing JsonResult, writing value of type '<>f__AnonymousType1`1[[System.Int32, System.Private.CoreLib, Version=10.0.0.0, Culture=neutral, PublicKeyToken=7cec85d7bea7798e]]'.
2026-03-17 11:35:50.985 +05:30 [INF] Executed action PrisonerPortal.Controllers.NotificationsController.GetUnreadCount (PrisonerPortal) in 66.7058ms
2026-03-17 11:35:50.998 +05:30 [INF] Executed endpoint 'PrisonerPortal.Controllers.NotificationsController.GetUnreadCount (PrisonerPortal)'
2026-03-17 11:35:51.008 +05:30 [INF] Request finished HTTP/1.1 GET http://localhost:5050/Notifications/GetUnreadCount - 200 null application/json; charset=utf-8 143.7271ms
2026-03-17 11:35:59.966 +05:30 [INF] Request starting HTTP/1.1 GET http://localhost:5050/Admin/Appointments - null null
2026-03-17 11:36:00.014 +05:30 [INF] Executing endpoint 'PrisonerPortal.Controllers.AdminController.Appointments (PrisonerPortal)'
2026-03-17 11:36:00.061 +05:30 [INF] Route matched with {action = "Appointments", controller = "Admin"}. Executing controller action with signature System.Threading.Tasks.Task`1[Microsoft.AspNetCore.Mvc.IActionResult] Appointments() on controller PrisonerPortal.Controllers.AdminController (PrisonerPortal).
2026-03-17 11:36:00.310 +05:30 [INF] Executed DbCommand (16ms) [Parameters=[], CommandType='"Text"', CommandTimeout='30']
SELECT [a].[AppointmentId], [a].[AdminNotes], [a].[AppointmentCode], [a].[BookedAt], [a].[NumVisitors], [a].[PrisonerId], [a].[Purpose], [a].[RejectionReason], [a].[SlotId], [a].[Status], [a].[UpdatedAt], [a].[UserId], [a].[VisitorNames], [p].[PrisonerId], [p].[CaseNumber], [p].[CellBlock], [p].[CellNumber], [p].[CreatedAt], [p].[CrimeCategory], [p].[DateOfBirth], [p].[FullName], [p].[Gender], [p].[PrisonerCode], [p].[SentenceEndDate], [p].[SentenceStartDate], [p].[Status], [p].[UpdatedAt], [v].[SlotId], [v].[CreatedAt], [v].[CreatedByAdminId], [v].[CurrentBookings], [v].[EndTime], [v].[IsActive], [v].[MaxCapacity], [v].[SlotDate], [v].[StartTime], [a0].[Id], [a0].[AccessFailedCount], [a0].[Address], [a0].[ConcurrencyStamp], [a0].[CreatedAt], [a0].[Email], [a0].[EmailConfirmed], [a0].[FullName], [a0].[IsActive], [a0].[LockoutEnabled], [a0].[LockoutEnd], [a0].[NormalizedEmail], [a0].[NormalizedUserName], [a0].[PasswordHash], [a0].[PhoneNumber], [a0].[PhoneNumberConfirmed], [a0].[Role], [a0].[SecurityStamp], [a0].[TwoFactorEnabled], [a0].[UserName]
FROM [Appointments] AS [a]
INNER JOIN [Prisoners] AS [p] ON [a].[PrisonerId] = [p].[PrisonerId]
INNER JOIN [VisitSlots] AS [v] ON [a].[SlotId] = [v].[SlotId]
INNER JOIN [AspNetUsers] AS [a0] ON [a].[UserId] = [a0].[Id]
ORDER BY [a].[BookedAt] DESC
2026-03-17 11:36:00.345 +05:30 [INF] Executing ViewResult, running view Appointments.
2026-03-17 11:36:00.406 +05:30 [INF] Executed ViewResult - view Appointments executed in 71.9359ms.
2026-03-17 11:36:00.419 +05:30 [INF] Executed action PrisonerPortal.Controllers.AdminController.Appointments (PrisonerPortal) in 341.4786ms
2026-03-17 11:36:00.439 +05:30 [INF] Executed endpoint 'PrisonerPortal.Controllers.AdminController.Appointments (PrisonerPortal)'
2026-03-17 11:36:00.462 +05:30 [INF] Request finished HTTP/1.1 GET http://localhost:5050/Admin/Appointments - 200 null text/html; charset=utf-8 494.7926ms
2026-03-17 11:36:00.536 +05:30 [INF] Request starting HTTP/1.1 GET http://localhost:5050/Notifications/GetUnreadCount - null null
2026-03-17 11:36:00.570 +05:30 [INF] Executing endpoint 'PrisonerPortal.Controllers.NotificationsController.GetUnreadCount (PrisonerPortal)'
2026-03-17 11:36:00.582 +05:30 [INF] Route matched with {action = "GetUnreadCount", controller = "Notifications"}. Executing controller action with signature Microsoft.AspNetCore.Mvc.IActionResult GetUnreadCount() on controller PrisonerPortal.Controllers.NotificationsController (PrisonerPortal).
2026-03-17 11:36:00.604 +05:30 [INF] Executed DbCommand (3ms) [Parameters=[@userId='?' (Size = 450)], CommandType='"Text"', CommandTimeout='30']
SELECT COUNT(*)
FROM [Notifications] AS [n]
WHERE [n].[UserId] = @userId AND [n].[IsRead] = CAST(0 AS bit)
2026-03-17 11:36:00.632 +05:30 [INF] Executing JsonResult, writing value of type '<>f__AnonymousType1`1[[System.Int32, System.Private.CoreLib, Version=10.0.0.0, Culture=neutral, PublicKeyToken=7cec85d7bea7798e]]'.
2026-03-17 11:36:00.650 +05:30 [INF] Executed action PrisonerPortal.Controllers.NotificationsController.GetUnreadCount (PrisonerPortal) in 52.2595ms
2026-03-17 11:36:00.671 +05:30 [INF] Executed endpoint 'PrisonerPortal.Controllers.NotificationsController.GetUnreadCount (PrisonerPortal)'
2026-03-17 11:36:00.685 +05:30 [INF] Request finished HTTP/1.1 GET http://localhost:5050/Notifications/GetUnreadCount - 200 null application/json; charset=utf-8 148.0589ms
2026-03-17 11:36:02.666 +05:30 [INF] Request starting HTTP/1.1 GET http://localhost:5050/Admin/Dashboard - null null
2026-03-17 11:36:02.688 +05:30 [INF] Executing endpoint 'PrisonerPortal.Controllers.AdminController.Dashboard (PrisonerPortal)'
2026-03-17 11:36:02.707 +05:30 [INF] Route matched with {action = "Dashboard", controller = "Admin"}. Executing controller action with signature System.Threading.Tasks.Task`1[Microsoft.AspNetCore.Mvc.IActionResult] Dashboard() on controller PrisonerPortal.Controllers.AdminController (PrisonerPortal).
2026-03-17 11:36:02.737 +05:30 [INF] Executed DbCommand (2ms) [Parameters=[@normalizedRoleName='?' (Size = 256)], CommandType='"Text"', CommandTimeout='30']
SELECT TOP(2) [a].[Id], [a].[ConcurrencyStamp], [a].[Name], [a].[NormalizedName]
FROM [AspNetRoles] AS [a]
WHERE [a].[NormalizedName] = @normalizedRoleName
2026-03-17 11:36:02.773 +05:30 [INF] Executed DbCommand (3ms) [Parameters=[@role_Id='?' (Size = 450)], CommandType='"Text"', CommandTimeout='30']
SELECT [a0].[Id], [a0].[AccessFailedCount], [a0].[Address], [a0].[ConcurrencyStamp], [a0].[CreatedAt], [a0].[Email], [a0].[EmailConfirmed], [a0].[FullName], [a0].[IsActive], [a0].[LockoutEnabled], [a0].[LockoutEnd], [a0].[NormalizedEmail], [a0].[NormalizedUserName], [a0].[PasswordHash], [a0].[PhoneNumber], [a0].[PhoneNumberConfirmed], [a0].[Role], [a0].[SecurityStamp], [a0].[TwoFactorEnabled], [a0].[UserName]
FROM [AspNetUserRoles] AS [a]
INNER JOIN [AspNetUsers] AS [a0] ON [a].[UserId] = [a0].[Id]
WHERE [a].[RoleId] = @role_Id
2026-03-17 11:36:02.798 +05:30 [INF] Executed DbCommand (3ms) [Parameters=[], CommandType='"Text"', CommandTimeout='30']
SELECT COUNT(*)
FROM [Prisoners] AS [p]
WHERE [p].[Status] = N'Active'
2026-03-17 11:36:02.823 +05:30 [INF] Executed DbCommand (2ms) [Parameters=[@today='?' (DbType = DateTime2)], CommandType='"Text"', CommandTimeout='30']
SELECT COUNT(*)
FROM [Appointments] AS [a]
INNER JOIN [VisitSlots] AS [v] ON [a].[SlotId] = [v].[SlotId]
WHERE [a].[Status] IN (N'Pending', N'Approved') AND [v].[SlotDate] = @today
2026-03-17 11:36:02.848 +05:30 [INF] Executed DbCommand (3ms) [Parameters=[], CommandType='"Text"', CommandTimeout='30']
SELECT COUNT(*)
FROM [SupportRequests] AS [s]
WHERE [s].[Status] IN (N'Open', N'InProgress')
2026-03-17 11:36:02.870 +05:30 [INF] Executed DbCommand (3ms) [Parameters=[@p='?' (DbType = Int32)], CommandType='"Text"', CommandTimeout='30']
SELECT [a0].[AppointmentId], [a0].[AdminNotes], [a0].[AppointmentCode], [a0].[BookedAt], [a0].[NumVisitors], [a0].[PrisonerId], [a0].[Purpose], [a0].[RejectionReason], [a0].[SlotId], [a0].[Status], [a0].[UpdatedAt], [a0].[UserId], [a0].[VisitorNames], [p].[PrisonerId], [p].[CaseNumber], [p].[CellBlock], [p].[CellNumber], [p].[CreatedAt], [p].[CrimeCategory], [p].[DateOfBirth], [p].[FullName], [p].[Gender], [p].[PrisonerCode], [p].[SentenceEndDate], [p].[SentenceStartDate], [p].[Status], [p].[UpdatedAt], [a1].[Id], [a1].[AccessFailedCount], [a1].[Address], [a1].[ConcurrencyStamp], [a1].[CreatedAt], [a1].[Email], [a1].[EmailConfirmed], [a1].[FullName], [a1].[IsActive], [a1].[LockoutEnabled], [a1].[LockoutEnd], [a1].[NormalizedEmail], [a1].[NormalizedUserName], [a1].[PasswordHash], [a1].[PhoneNumber], [a1].[PhoneNumberConfirmed], [a1].[Role], [a1].[SecurityStamp], [a1].[TwoFactorEnabled], [a1].[UserName], [v].[SlotId], [v].[CreatedAt], [v].[CreatedByAdminId], [v].[CurrentBookings], [v].[EndTime], [v].[IsActive], [v].[MaxCapacity], [v].[SlotDate], [v].[StartTime]
FROM (
    SELECT TOP(@p) [a].[AppointmentId], [a].[AdminNotes], [a].[AppointmentCode], [a].[BookedAt], [a].[NumVisitors], [a].[PrisonerId], [a].[Purpose], [a].[RejectionReason], [a].[SlotId], [a].[Status], [a].[UpdatedAt], [a].[UserId], [a].[VisitorNames]
    FROM [Appointments] AS [a]
    WHERE [a].[Status] = N'Pending'
    ORDER BY [a].[BookedAt]
) AS [a0]
INNER JOIN [Prisoners] AS [p] ON [a0].[PrisonerId] = [p].[PrisonerId]
INNER JOIN [AspNetUsers] AS [a1] ON [a0].[UserId] = [a1].[Id]
INNER JOIN [VisitSlots] AS [v] ON [a0].[SlotId] = [v].[SlotId]
ORDER BY [a0].[BookedAt]
2026-03-17 11:36:02.897 +05:30 [INF] Executed DbCommand (3ms) [Parameters=[@p='?' (DbType = Int32)], CommandType='"Text"', CommandTimeout='30']
SELECT [s0].[RequestId], [s0].[AdminResponse], [s0].[AssignedAdminId], [s0].[Category], [s0].[CreatedAt], [s0].[Description], [s0].[Priority], [s0].[PrisonerId], [s0].[RequestCode], [s0].[ResolvedAt], [s0].[Status], [s0].[Subject], [s0].[UpdatedAt], [s0].[UserId], [a].[Id], [a].[AccessFailedCount], [a].[Address], [a].[ConcurrencyStamp], [a].[CreatedAt], [a].[Email], [a].[EmailConfirmed], [a].[FullName], [a].[IsActive], [a].[LockoutEnabled], [a].[LockoutEnd], [a].[NormalizedEmail], [a].[NormalizedUserName], [a].[PasswordHash], [a].[PhoneNumber], [a].[PhoneNumberConfirmed], [a].[Role], [a].[SecurityStamp], [a].[TwoFactorEnabled], [a].[UserName], [p].[PrisonerId], [p].[CaseNumber], [p].[CellBlock], [p].[CellNumber], [p].[CreatedAt], [p].[CrimeCategory], [p].[DateOfBirth], [p].[FullName], [p].[Gender], [p].[PrisonerCode], [p].[SentenceEndDate], [p].[SentenceStartDate], [p].[Status], [p].[UpdatedAt]
FROM (
    SELECT TOP(@p) [s].[RequestId], [s].[AdminResponse], [s].[AssignedAdminId], [s].[Category], [s].[CreatedAt], [s].[Description], [s].[Priority], [s].[PrisonerId], [s].[RequestCode], [s].[ResolvedAt], [s].[Status], [s].[Subject], [s].[UpdatedAt], [s].[UserId]
    FROM [SupportRequests] AS [s]
    ORDER BY [s].[CreatedAt] DESC
) AS [s0]
INNER JOIN [AspNetUsers] AS [a] ON [s0].[UserId] = [a].[Id]
INNER JOIN [Prisoners] AS [p] ON [s0].[PrisonerId] = [p].[PrisonerId]
ORDER BY [s0].[CreatedAt] DESC
2026-03-17 11:36:02.921 +05:30 [INF] Executed DbCommand (2ms) [Parameters=[], CommandType='"Text"', CommandTimeout='30']
SELECT [f].[LinkId], [f].[IsVerified], [f].[LinkedAt], [f].[PrisonerId], [f].[Relationship], [f].[UserId], [f].[VerifiedByAdminId], [a].[Id], [a].[AccessFailedCount], [a].[Address], [a].[ConcurrencyStamp], [a].[CreatedAt], [a].[Email], [a].[EmailConfirmed], [a].[FullName], [a].[IsActive], [a].[LockoutEnabled], [a].[LockoutEnd], [a].[NormalizedEmail], [a].[NormalizedUserName], [a].[PasswordHash], [a].[PhoneNumber], [a].[PhoneNumberConfirmed], [a].[Role], [a].[SecurityStamp], [a].[TwoFactorEnabled], [a].[UserName], [p].[PrisonerId], [p].[CaseNumber], [p].[CellBlock], [p].[CellNumber], [p].[CreatedAt], [p].[CrimeCategory], [p].[DateOfBirth], [p].[FullName], [p].[Gender], [p].[PrisonerCode], [p].[SentenceEndDate], [p].[SentenceStartDate], [p].[Status], [p].[UpdatedAt]
FROM [FamilyPrisonerLinks] AS [f]
INNER JOIN [AspNetUsers] AS [a] ON [f].[UserId] = [a].[Id]
INNER JOIN [Prisoners] AS [p] ON [f].[PrisonerId] = [p].[PrisonerId]
WHERE [f].[IsVerified] = CAST(0 AS bit)
ORDER BY [f].[LinkedAt]
2026-03-17 11:36:03.022 +05:30 [INF] Executing ViewResult, running view Dashboard.
2026-03-17 11:36:03.036 +05:30 [INF] Executed ViewResult - view Dashboard executed in 14.2769ms.
2026-03-17 11:36:03.046 +05:30 [INF] Executed action PrisonerPortal.Controllers.AdminController.Dashboard (PrisonerPortal) in 317.2162ms
2026-03-17 11:36:03.058 +05:30 [INF] Executed endpoint 'PrisonerPortal.Controllers.AdminController.Dashboard (PrisonerPortal)'
2026-03-17 11:36:03.076 +05:30 [INF] Request finished HTTP/1.1 GET http://localhost:5050/Admin/Dashboard - 200 null text/html; charset=utf-8 409.3266ms
2026-03-17 11:36:03.151 +05:30 [INF] Request starting HTTP/1.1 GET http://localhost:5050/Notifications/GetUnreadCount - null null
2026-03-17 11:36:03.179 +05:30 [INF] Executing endpoint 'PrisonerPortal.Controllers.NotificationsController.GetUnreadCount (PrisonerPortal)'
2026-03-17 11:36:03.190 +05:30 [INF] Route matched with {action = "GetUnreadCount", controller = "Notifications"}. Executing controller action with signature Microsoft.AspNetCore.Mvc.IActionResult GetUnreadCount() on controller PrisonerPortal.Controllers.NotificationsController (PrisonerPortal).
2026-03-17 11:36:03.215 +05:30 [INF] Executed DbCommand (2ms) [Parameters=[@userId='?' (Size = 450)], CommandType='"Text"', CommandTimeout='30']
SELECT COUNT(*)
FROM [Notifications] AS [n]
WHERE [n].[UserId] = @userId AND [n].[IsRead] = CAST(0 AS bit)
2026-03-17 11:36:03.246 +05:30 [INF] Executing JsonResult, writing value of type '<>f__AnonymousType1`1[[System.Int32, System.Private.CoreLib, Version=10.0.0.0, Culture=neutral, PublicKeyToken=7cec85d7bea7798e]]'.
2026-03-17 11:36:03.262 +05:30 [INF] Executed action PrisonerPortal.Controllers.NotificationsController.GetUnreadCount (PrisonerPortal) in 55.7676ms
2026-03-17 11:36:03.298 +05:30 [INF] Executed endpoint 'PrisonerPortal.Controllers.NotificationsController.GetUnreadCount (PrisonerPortal)'
2026-03-17 11:36:03.305 +05:30 [INF] Request finished HTTP/1.1 GET http://localhost:5050/Notifications/GetUnreadCount - 200 null application/json; charset=utf-8 153.6658ms
2026-03-17 11:36:13.125 +05:30 [INF] Request starting HTTP/1.1 POST http://localhost:5050/Admin/VerifyLink - application/x-www-form-urlencoded 230
2026-03-17 11:36:13.156 +05:30 [INF] Executing endpoint 'PrisonerPortal.Controllers.AdminController.VerifyLink (PrisonerPortal)'
2026-03-17 11:36:13.215 +05:30 [INF] Route matched with {action = "VerifyLink", controller = "Admin"}. Executing controller action with signature System.Threading.Tasks.Task`1[Microsoft.AspNetCore.Mvc.IActionResult] VerifyLink(Int32) on controller PrisonerPortal.Controllers.AdminController (PrisonerPortal).
2026-03-17 11:36:13.336 +05:30 [INF] Executed DbCommand (10ms) [Parameters=[@linkId='?' (DbType = Int32)], CommandType='"Text"', CommandTimeout='30']
SELECT TOP(1) [f].[LinkId], [f].[IsVerified], [f].[LinkedAt], [f].[PrisonerId], [f].[Relationship], [f].[UserId], [f].[VerifiedByAdminId], [p].[PrisonerId], [p].[CaseNumber], [p].[CellBlock], [p].[CellNumber], [p].[CreatedAt], [p].[CrimeCategory], [p].[DateOfBirth], [p].[FullName], [p].[Gender], [p].[PrisonerCode], [p].[SentenceEndDate], [p].[SentenceStartDate], [p].[Status], [p].[UpdatedAt]
FROM [FamilyPrisonerLinks] AS [f]
INNER JOIN [Prisoners] AS [p] ON [f].[PrisonerId] = [p].[PrisonerId]
WHERE [f].[LinkId] = @linkId
2026-03-17 11:36:13.466 +05:30 [INF] Executed DbCommand (17ms) [Parameters=[@p2='?' (DbType = Int32), @p0='?' (DbType = Boolean), @p1='?' (Size = 450)], CommandType='"Text"', CommandTimeout='30']
SET IMPLICIT_TRANSACTIONS OFF;
SET NOCOUNT ON;
UPDATE [FamilyPrisonerLinks] SET [IsVerified] = @p0, [VerifiedByAdminId] = @p1
OUTPUT 1
WHERE [LinkId] = @p2;
2026-03-17 11:36:13.619 +05:30 [INF] Executed DbCommand (10ms) [Parameters=[@p0='?' (DbType = DateTime2), @p1='?' (DbType = Boolean), @p2='?' (Size = 4000), @p3='?' (DbType = Int32), @p4='?' (Size = 4000), @p5='?' (Size = 4000), @p6='?' (Size = 4000), @p7='?' (Size = 450)], CommandType='"Text"', CommandTimeout='30']
SET IMPLICIT_TRANSACTIONS OFF;
SET NOCOUNT ON;
INSERT INTO [Notifications] ([CreatedAt], [IsRead], [Message], [RelatedEntityId], [RelatedEntityType], [Title], [Type], [UserId])
OUTPUT INSERTED.[NotificationId]
VALUES (@p0, @p1, @p2, @p3, @p4, @p5, @p6, @p7);
2026-03-17 11:36:13.651 +05:30 [INF] Executing RedirectResult, redirecting to /Admin/Dashboard.
2026-03-17 11:36:13.660 +05:30 [INF] Executed action PrisonerPortal.Controllers.AdminController.VerifyLink (PrisonerPortal) in 430.4381ms
2026-03-17 11:36:13.674 +05:30 [INF] Executed endpoint 'PrisonerPortal.Controllers.AdminController.VerifyLink (PrisonerPortal)'
2026-03-17 11:36:13.683 +05:30 [INF] Request finished HTTP/1.1 POST http://localhost:5050/Admin/VerifyLink - 302 0 null 557.7475ms
2026-03-17 11:36:13.715 +05:30 [INF] Request starting HTTP/1.1 GET http://localhost:5050/Admin/Dashboard - null null
2026-03-17 11:36:13.748 +05:30 [INF] Executing endpoint 'PrisonerPortal.Controllers.AdminController.Dashboard (PrisonerPortal)'
2026-03-17 11:36:13.758 +05:30 [INF] Route matched with {action = "Dashboard", controller = "Admin"}. Executing controller action with signature System.Threading.Tasks.Task`1[Microsoft.AspNetCore.Mvc.IActionResult] Dashboard() on controller PrisonerPortal.Controllers.AdminController (PrisonerPortal).
2026-03-17 11:36:13.782 +05:30 [INF] Executed DbCommand (2ms) [Parameters=[@normalizedRoleName='?' (Size = 256)], CommandType='"Text"', CommandTimeout='30']
SELECT TOP(2) [a].[Id], [a].[ConcurrencyStamp], [a].[Name], [a].[NormalizedName]
FROM [AspNetRoles] AS [a]
WHERE [a].[NormalizedName] = @normalizedRoleName
2026-03-17 11:36:13.802 +05:30 [INF] Executed DbCommand (2ms) [Parameters=[@role_Id='?' (Size = 450)], CommandType='"Text"', CommandTimeout='30']
SELECT [a0].[Id], [a0].[AccessFailedCount], [a0].[Address], [a0].[ConcurrencyStamp], [a0].[CreatedAt], [a0].[Email], [a0].[EmailConfirmed], [a0].[FullName], [a0].[IsActive], [a0].[LockoutEnabled], [a0].[LockoutEnd], [a0].[NormalizedEmail], [a0].[NormalizedUserName], [a0].[PasswordHash], [a0].[PhoneNumber], [a0].[PhoneNumberConfirmed], [a0].[Role], [a0].[SecurityStamp], [a0].[TwoFactorEnabled], [a0].[UserName]
FROM [AspNetUserRoles] AS [a]
INNER JOIN [AspNetUsers] AS [a0] ON [a].[UserId] = [a0].[Id]
WHERE [a].[RoleId] = @role_Id
2026-03-17 11:36:13.827 +05:30 [INF] Executed DbCommand (3ms) [Parameters=[], CommandType='"Text"', CommandTimeout='30']
SELECT COUNT(*)
FROM [Prisoners] AS [p]
WHERE [p].[Status] = N'Active'
2026-03-17 11:36:13.848 +05:30 [INF] Executed DbCommand (2ms) [Parameters=[@today='?' (DbType = DateTime2)], CommandType='"Text"', CommandTimeout='30']
SELECT COUNT(*)
FROM [Appointments] AS [a]
INNER JOIN [VisitSlots] AS [v] ON [a].[SlotId] = [v].[SlotId]
WHERE [a].[Status] IN (N'Pending', N'Approved') AND [v].[SlotDate] = @today
2026-03-17 11:36:13.867 +05:30 [INF] Executed DbCommand (2ms) [Parameters=[], CommandType='"Text"', CommandTimeout='30']
SELECT COUNT(*)
FROM [SupportRequests] AS [s]
WHERE [s].[Status] IN (N'Open', N'InProgress')
2026-03-17 11:36:13.885 +05:30 [INF] Executed DbCommand (1ms) [Parameters=[@p='?' (DbType = Int32)], CommandType='"Text"', CommandTimeout='30']
SELECT [a0].[AppointmentId], [a0].[AdminNotes], [a0].[AppointmentCode], [a0].[BookedAt], [a0].[NumVisitors], [a0].[PrisonerId], [a0].[Purpose], [a0].[RejectionReason], [a0].[SlotId], [a0].[Status], [a0].[UpdatedAt], [a0].[UserId], [a0].[VisitorNames], [p].[PrisonerId], [p].[CaseNumber], [p].[CellBlock], [p].[CellNumber], [p].[CreatedAt], [p].[CrimeCategory], [p].[DateOfBirth], [p].[FullName], [p].[Gender], [p].[PrisonerCode], [p].[SentenceEndDate], [p].[SentenceStartDate], [p].[Status], [p].[UpdatedAt], [a1].[Id], [a1].[AccessFailedCount], [a1].[Address], [a1].[ConcurrencyStamp], [a1].[CreatedAt], [a1].[Email], [a1].[EmailConfirmed], [a1].[FullName], [a1].[IsActive], [a1].[LockoutEnabled], [a1].[LockoutEnd], [a1].[NormalizedEmail], [a1].[NormalizedUserName], [a1].[PasswordHash], [a1].[PhoneNumber], [a1].[PhoneNumberConfirmed], [a1].[Role], [a1].[SecurityStamp], [a1].[TwoFactorEnabled], [a1].[UserName], [v].[SlotId], [v].[CreatedAt], [v].[CreatedByAdminId], [v].[CurrentBookings], [v].[EndTime], [v].[IsActive], [v].[MaxCapacity], [v].[SlotDate], [v].[StartTime]
FROM (
    SELECT TOP(@p) [a].[AppointmentId], [a].[AdminNotes], [a].[AppointmentCode], [a].[BookedAt], [a].[NumVisitors], [a].[PrisonerId], [a].[Purpose], [a].[RejectionReason], [a].[SlotId], [a].[Status], [a].[UpdatedAt], [a].[UserId], [a].[VisitorNames]
    FROM [Appointments] AS [a]
    WHERE [a].[Status] = N'Pending'
    ORDER BY [a].[BookedAt]
) AS [a0]
INNER JOIN [Prisoners] AS [p] ON [a0].[PrisonerId] = [p].[PrisonerId]
INNER JOIN [AspNetUsers] AS [a1] ON [a0].[UserId] = [a1].[Id]
INNER JOIN [VisitSlots] AS [v] ON [a0].[SlotId] = [v].[SlotId]
ORDER BY [a0].[BookedAt]
2026-03-17 11:36:13.910 +05:30 [INF] Executed DbCommand (3ms) [Parameters=[@p='?' (DbType = Int32)], CommandType='"Text"', CommandTimeout='30']
SELECT [s0].[RequestId], [s0].[AdminResponse], [s0].[AssignedAdminId], [s0].[Category], [s0].[CreatedAt], [s0].[Description], [s0].[Priority], [s0].[PrisonerId], [s0].[RequestCode], [s0].[ResolvedAt], [s0].[Status], [s0].[Subject], [s0].[UpdatedAt], [s0].[UserId], [a].[Id], [a].[AccessFailedCount], [a].[Address], [a].[ConcurrencyStamp], [a].[CreatedAt], [a].[Email], [a].[EmailConfirmed], [a].[FullName], [a].[IsActive], [a].[LockoutEnabled], [a].[LockoutEnd], [a].[NormalizedEmail], [a].[NormalizedUserName], [a].[PasswordHash], [a].[PhoneNumber], [a].[PhoneNumberConfirmed], [a].[Role], [a].[SecurityStamp], [a].[TwoFactorEnabled], [a].[UserName], [p].[PrisonerId], [p].[CaseNumber], [p].[CellBlock], [p].[CellNumber], [p].[CreatedAt], [p].[CrimeCategory], [p].[DateOfBirth], [p].[FullName], [p].[Gender], [p].[PrisonerCode], [p].[SentenceEndDate], [p].[SentenceStartDate], [p].[Status], [p].[UpdatedAt]
FROM (
    SELECT TOP(@p) [s].[RequestId], [s].[AdminResponse], [s].[AssignedAdminId], [s].[Category], [s].[CreatedAt], [s].[Description], [s].[Priority], [s].[PrisonerId], [s].[RequestCode], [s].[ResolvedAt], [s].[Status], [s].[Subject], [s].[UpdatedAt], [s].[UserId]
    FROM [SupportRequests] AS [s]
    ORDER BY [s].[CreatedAt] DESC
) AS [s0]
INNER JOIN [AspNetUsers] AS [a] ON [s0].[UserId] = [a].[Id]
INNER JOIN [Prisoners] AS [p] ON [s0].[PrisonerId] = [p].[PrisonerId]
ORDER BY [s0].[CreatedAt] DESC
2026-03-17 11:36:13.936 +05:30 [INF] Executed DbCommand (3ms) [Parameters=[], CommandType='"Text"', CommandTimeout='30']
SELECT [f].[LinkId], [f].[IsVerified], [f].[LinkedAt], [f].[PrisonerId], [f].[Relationship], [f].[UserId], [f].[VerifiedByAdminId], [a].[Id], [a].[AccessFailedCount], [a].[Address], [a].[ConcurrencyStamp], [a].[CreatedAt], [a].[Email], [a].[EmailConfirmed], [a].[FullName], [a].[IsActive], [a].[LockoutEnabled], [a].[LockoutEnd], [a].[NormalizedEmail], [a].[NormalizedUserName], [a].[PasswordHash], [a].[PhoneNumber], [a].[PhoneNumberConfirmed], [a].[Role], [a].[SecurityStamp], [a].[TwoFactorEnabled], [a].[UserName], [p].[PrisonerId], [p].[CaseNumber], [p].[CellBlock], [p].[CellNumber], [p].[CreatedAt], [p].[CrimeCategory], [p].[DateOfBirth], [p].[FullName], [p].[Gender], [p].[PrisonerCode], [p].[SentenceEndDate], [p].[SentenceStartDate], [p].[Status], [p].[UpdatedAt]
FROM [FamilyPrisonerLinks] AS [f]
INNER JOIN [AspNetUsers] AS [a] ON [f].[UserId] = [a].[Id]
INNER JOIN [Prisoners] AS [p] ON [f].[PrisonerId] = [p].[PrisonerId]
WHERE [f].[IsVerified] = CAST(0 AS bit)
ORDER BY [f].[LinkedAt]
2026-03-17 11:36:13.958 +05:30 [INF] Executing ViewResult, running view Dashboard.
2026-03-17 11:36:13.970 +05:30 [INF] Executed ViewResult - view Dashboard executed in 11.9836ms.
2026-03-17 11:36:13.983 +05:30 [INF] Executed action PrisonerPortal.Controllers.AdminController.Dashboard (PrisonerPortal) in 211.1721ms
2026-03-17 11:36:13.996 +05:30 [INF] Executed endpoint 'PrisonerPortal.Controllers.AdminController.Dashboard (PrisonerPortal)'
2026-03-17 11:36:14.009 +05:30 [INF] Request finished HTTP/1.1 GET http://localhost:5050/Admin/Dashboard - 200 null text/html; charset=utf-8 294.3992ms
2026-03-17 11:36:14.109 +05:30 [INF] Request starting HTTP/1.1 GET http://localhost:5050/Notifications/GetUnreadCount - null null
2026-03-17 11:36:14.134 +05:30 [INF] Executing endpoint 'PrisonerPortal.Controllers.NotificationsController.GetUnreadCount (PrisonerPortal)'
2026-03-17 11:36:14.145 +05:30 [INF] Route matched with {action = "GetUnreadCount", controller = "Notifications"}. Executing controller action with signature Microsoft.AspNetCore.Mvc.IActionResult GetUnreadCount() on controller PrisonerPortal.Controllers.NotificationsController (PrisonerPortal).
2026-03-17 11:36:14.203 +05:30 [INF] Executed DbCommand (40ms) [Parameters=[@userId='?' (Size = 450)], CommandType='"Text"', CommandTimeout='30']
SELECT COUNT(*)
FROM [Notifications] AS [n]
WHERE [n].[UserId] = @userId AND [n].[IsRead] = CAST(0 AS bit)
2026-03-17 11:36:14.222 +05:30 [INF] Executing JsonResult, writing value of type '<>f__AnonymousType1`1[[System.Int32, System.Private.CoreLib, Version=10.0.0.0, Culture=neutral, PublicKeyToken=7cec85d7bea7798e]]'.
2026-03-17 11:36:14.233 +05:30 [INF] Executed action PrisonerPortal.Controllers.NotificationsController.GetUnreadCount (PrisonerPortal) in 72.8656ms
2026-03-17 11:36:14.253 +05:30 [INF] Executed endpoint 'PrisonerPortal.Controllers.NotificationsController.GetUnreadCount (PrisonerPortal)'
2026-03-17 11:36:14.262 +05:30 [INF] Request finished HTTP/1.1 GET http://localhost:5050/Notifications/GetUnreadCount - 200 null application/json; charset=utf-8 153.2465ms
2026-03-17 11:36:18.829 +05:30 [INF] Request starting HTTP/1.1 GET http://localhost:5050/Admin/VisitSlots - null null
2026-03-17 11:36:18.861 +05:30 [INF] Executing endpoint 'PrisonerPortal.Controllers.AdminController.VisitSlots (PrisonerPortal)'
2026-03-17 11:36:18.915 +05:30 [INF] Route matched with {action = "VisitSlots", controller = "Admin"}. Executing controller action with signature System.Threading.Tasks.Task`1[Microsoft.AspNetCore.Mvc.IActionResult] VisitSlots() on controller PrisonerPortal.Controllers.AdminController (PrisonerPortal).
2026-03-17 11:36:19.086 +05:30 [INF] Executed DbCommand (20ms) [Parameters=[], CommandType='"Text"', CommandTimeout='30']
SELECT [v].[SlotId], [v].[CreatedAt], [v].[CreatedByAdminId], [v].[CurrentBookings], [v].[EndTime], [v].[IsActive], [v].[MaxCapacity], [v].[SlotDate], [v].[StartTime], [a].[Id], [a].[AccessFailedCount], [a].[Address], [a].[ConcurrencyStamp], [a].[CreatedAt], [a].[Email], [a].[EmailConfirmed], [a].[FullName], [a].[IsActive], [a].[LockoutEnabled], [a].[LockoutEnd], [a].[NormalizedEmail], [a].[NormalizedUserName], [a].[PasswordHash], [a].[PhoneNumber], [a].[PhoneNumberConfirmed], [a].[Role], [a].[SecurityStamp], [a].[TwoFactorEnabled], [a].[UserName]
FROM [VisitSlots] AS [v]
INNER JOIN [AspNetUsers] AS [a] ON [v].[CreatedByAdminId] = [a].[Id]
WHERE [v].[SlotDate] >= DATEADD(day, CAST(-7.0E0 AS int), CONVERT(date, GETUTCDATE()))
ORDER BY [v].[SlotDate] DESC, [v].[StartTime]
2026-03-17 11:36:19.230 +05:30 [INF] Executing ViewResult, running view VisitSlots.
2026-03-17 11:36:19.333 +05:30 [INF] Executed ViewResult - view VisitSlots executed in 110.933ms.
2026-03-17 11:36:19.344 +05:30 [INF] Executed action PrisonerPortal.Controllers.AdminController.VisitSlots (PrisonerPortal) in 413.7395ms
2026-03-17 11:36:19.350 +05:30 [INF] Executed endpoint 'PrisonerPortal.Controllers.AdminController.VisitSlots (PrisonerPortal)'
2026-03-17 11:36:19.362 +05:30 [INF] Request finished HTTP/1.1 GET http://localhost:5050/Admin/VisitSlots - 200 null text/html; charset=utf-8 533.0935ms
2026-03-17 11:36:19.443 +05:30 [INF] Request starting HTTP/1.1 GET http://localhost:5050/Notifications/GetUnreadCount - null null
2026-03-17 11:36:19.463 +05:30 [INF] Executing endpoint 'PrisonerPortal.Controllers.NotificationsController.GetUnreadCount (PrisonerPortal)'
2026-03-17 11:36:19.473 +05:30 [INF] Route matched with {action = "GetUnreadCount", controller = "Notifications"}. Executing controller action with signature Microsoft.AspNetCore.Mvc.IActionResult GetUnreadCount() on controller PrisonerPortal.Controllers.NotificationsController (PrisonerPortal).
2026-03-17 11:36:19.496 +05:30 [INF] Executed DbCommand (2ms) [Parameters=[@userId='?' (Size = 450)], CommandType='"Text"', CommandTimeout='30']
SELECT COUNT(*)
FROM [Notifications] AS [n]
WHERE [n].[UserId] = @userId AND [n].[IsRead] = CAST(0 AS bit)
2026-03-17 11:36:19.514 +05:30 [INF] Executing JsonResult, writing value of type '<>f__AnonymousType1`1[[System.Int32, System.Private.CoreLib, Version=10.0.0.0, Culture=neutral, PublicKeyToken=7cec85d7bea7798e]]'.
2026-03-17 11:36:19.524 +05:30 [INF] Executed action PrisonerPortal.Controllers.NotificationsController.GetUnreadCount (PrisonerPortal) in 33.5688ms
2026-03-17 11:36:19.537 +05:30 [INF] Executed endpoint 'PrisonerPortal.Controllers.NotificationsController.GetUnreadCount (PrisonerPortal)'
2026-03-17 11:36:19.560 +05:30 [INF] Request finished HTTP/1.1 GET http://localhost:5050/Notifications/GetUnreadCount - 200 null application/json; charset=utf-8 116.8523ms
2026-03-17 11:36:24.960 +05:30 [INF] Request starting HTTP/1.1 GET http://localhost:5050/Admin/Appointments - null null
2026-03-17 11:36:24.984 +05:30 [INF] Executing endpoint 'PrisonerPortal.Controllers.AdminController.Appointments (PrisonerPortal)'
2026-03-17 11:36:24.994 +05:30 [INF] Route matched with {action = "Appointments", controller = "Admin"}. Executing controller action with signature System.Threading.Tasks.Task`1[Microsoft.AspNetCore.Mvc.IActionResult] Appointments() on controller PrisonerPortal.Controllers.AdminController (PrisonerPortal).
2026-03-17 11:36:25.029 +05:30 [INF] Executed DbCommand (4ms) [Parameters=[], CommandType='"Text"', CommandTimeout='30']
SELECT [a].[AppointmentId], [a].[AdminNotes], [a].[AppointmentCode], [a].[BookedAt], [a].[NumVisitors], [a].[PrisonerId], [a].[Purpose], [a].[RejectionReason], [a].[SlotId], [a].[Status], [a].[UpdatedAt], [a].[UserId], [a].[VisitorNames], [p].[PrisonerId], [p].[CaseNumber], [p].[CellBlock], [p].[CellNumber], [p].[CreatedAt], [p].[CrimeCategory], [p].[DateOfBirth], [p].[FullName], [p].[Gender], [p].[PrisonerCode], [p].[SentenceEndDate], [p].[SentenceStartDate], [p].[Status], [p].[UpdatedAt], [v].[SlotId], [v].[CreatedAt], [v].[CreatedByAdminId], [v].[CurrentBookings], [v].[EndTime], [v].[IsActive], [v].[MaxCapacity], [v].[SlotDate], [v].[StartTime], [a0].[Id], [a0].[AccessFailedCount], [a0].[Address], [a0].[ConcurrencyStamp], [a0].[CreatedAt], [a0].[Email], [a0].[EmailConfirmed], [a0].[FullName], [a0].[IsActive], [a0].[LockoutEnabled], [a0].[LockoutEnd], [a0].[NormalizedEmail], [a0].[NormalizedUserName], [a0].[PasswordHash], [a0].[PhoneNumber], [a0].[PhoneNumberConfirmed], [a0].[Role], [a0].[SecurityStamp], [a0].[TwoFactorEnabled], [a0].[UserName]
FROM [Appointments] AS [a]
INNER JOIN [Prisoners] AS [p] ON [a].[PrisonerId] = [p].[PrisonerId]
INNER JOIN [VisitSlots] AS [v] ON [a].[SlotId] = [v].[SlotId]
INNER JOIN [AspNetUsers] AS [a0] ON [a].[UserId] = [a0].[Id]
ORDER BY [a].[BookedAt] DESC
2026-03-17 11:36:25.049 +05:30 [INF] Executing ViewResult, running view Appointments.
2026-03-17 11:36:25.067 +05:30 [INF] Executed ViewResult - view Appointments executed in 17.2543ms.
2026-03-17 11:36:25.079 +05:30 [INF] Executed action PrisonerPortal.Controllers.AdminController.Appointments (PrisonerPortal) in 61.5885ms
2026-03-17 11:36:25.095 +05:30 [INF] Executed endpoint 'PrisonerPortal.Controllers.AdminController.Appointments (PrisonerPortal)'
2026-03-17 11:36:25.107 +05:30 [INF] Request finished HTTP/1.1 GET http://localhost:5050/Admin/Appointments - 200 null text/html; charset=utf-8 146.2449ms
2026-03-17 11:36:25.183 +05:30 [INF] Request starting HTTP/1.1 GET http://localhost:5050/Notifications/GetUnreadCount - null null
2026-03-17 11:36:25.209 +05:30 [INF] Executing endpoint 'PrisonerPortal.Controllers.NotificationsController.GetUnreadCount (PrisonerPortal)'
2026-03-17 11:36:25.221 +05:30 [INF] Route matched with {action = "GetUnreadCount", controller = "Notifications"}. Executing controller action with signature Microsoft.AspNetCore.Mvc.IActionResult GetUnreadCount() on controller PrisonerPortal.Controllers.NotificationsController (PrisonerPortal).
2026-03-17 11:36:25.243 +05:30 [INF] Executed DbCommand (2ms) [Parameters=[@userId='?' (Size = 450)], CommandType='"Text"', CommandTimeout='30']
SELECT COUNT(*)
FROM [Notifications] AS [n]
WHERE [n].[UserId] = @userId AND [n].[IsRead] = CAST(0 AS bit)
2026-03-17 11:36:25.272 +05:30 [INF] Executing JsonResult, writing value of type '<>f__AnonymousType1`1[[System.Int32, System.Private.CoreLib, Version=10.0.0.0, Culture=neutral, PublicKeyToken=7cec85d7bea7798e]]'.
2026-03-17 11:36:25.282 +05:30 [INF] Executed action PrisonerPortal.Controllers.NotificationsController.GetUnreadCount (PrisonerPortal) in 44.2476ms
2026-03-17 11:36:25.302 +05:30 [INF] Executed endpoint 'PrisonerPortal.Controllers.NotificationsController.GetUnreadCount (PrisonerPortal)'
2026-03-17 11:36:25.317 +05:30 [INF] Request finished HTTP/1.1 GET http://localhost:5050/Notifications/GetUnreadCount - 200 null application/json; charset=utf-8 133.8418ms
2026-03-17 11:36:27.445 +05:30 [INF] Request starting HTTP/1.1 GET http://localhost:5050/Admin/Users - null null
2026-03-17 11:36:27.472 +05:30 [INF] Executing endpoint 'PrisonerPortal.Controllers.AdminController.Users (PrisonerPortal)'
2026-03-17 11:36:27.529 +05:30 [INF] Route matched with {action = "Users", controller = "Admin"}. Executing controller action with signature System.Threading.Tasks.Task`1[Microsoft.AspNetCore.Mvc.IActionResult] Users(System.String, System.String) on controller PrisonerPortal.Controllers.AdminController (PrisonerPortal).
2026-03-17 11:36:27.626 +05:30 [INF] Executed DbCommand (4ms) [Parameters=[], CommandType='"Text"', CommandTimeout='30']
SELECT [a].[Id], [a].[AccessFailedCount], [a].[Address], [a].[ConcurrencyStamp], [a].[CreatedAt], [a].[Email], [a].[EmailConfirmed], [a].[FullName], [a].[IsActive], [a].[LockoutEnabled], [a].[LockoutEnd], [a].[NormalizedEmail], [a].[NormalizedUserName], [a].[PasswordHash], [a].[PhoneNumber], [a].[PhoneNumberConfirmed], [a].[Role], [a].[SecurityStamp], [a].[TwoFactorEnabled], [a].[UserName]
FROM [AspNetUsers] AS [a]
ORDER BY [a].[CreatedAt] DESC
2026-03-17 11:36:27.644 +05:30 [INF] Executing ViewResult, running view Users.
2026-03-17 11:36:27.724 +05:30 [INF] Executed ViewResult - view Users executed in 82.6394ms.
2026-03-17 11:36:27.737 +05:30 [INF] Executed action PrisonerPortal.Controllers.AdminController.Users (PrisonerPortal) in 191.8866ms
2026-03-17 11:36:27.745 +05:30 [INF] Executed endpoint 'PrisonerPortal.Controllers.AdminController.Users (PrisonerPortal)'
2026-03-17 11:36:27.760 +05:30 [INF] Request finished HTTP/1.1 GET http://localhost:5050/Admin/Users - 200 null text/html; charset=utf-8 313.8772ms
2026-03-17 11:36:27.839 +05:30 [INF] Request starting HTTP/1.1 GET http://localhost:5050/Notifications/GetUnreadCount - null null
2026-03-17 11:36:27.859 +05:30 [INF] Executing endpoint 'PrisonerPortal.Controllers.NotificationsController.GetUnreadCount (PrisonerPortal)'
2026-03-17 11:36:27.869 +05:30 [INF] Route matched with {action = "GetUnreadCount", controller = "Notifications"}. Executing controller action with signature Microsoft.AspNetCore.Mvc.IActionResult GetUnreadCount() on controller PrisonerPortal.Controllers.NotificationsController (PrisonerPortal).
2026-03-17 11:36:27.897 +05:30 [INF] Executed DbCommand (2ms) [Parameters=[@userId='?' (Size = 450)], CommandType='"Text"', CommandTimeout='30']
SELECT COUNT(*)
FROM [Notifications] AS [n]
WHERE [n].[UserId] = @userId AND [n].[IsRead] = CAST(0 AS bit)
2026-03-17 11:36:27.920 +05:30 [INF] Executing JsonResult, writing value of type '<>f__AnonymousType1`1[[System.Int32, System.Private.CoreLib, Version=10.0.0.0, Culture=neutral, PublicKeyToken=7cec85d7bea7798e]]'.
2026-03-17 11:36:27.930 +05:30 [INF] Executed action PrisonerPortal.Controllers.NotificationsController.GetUnreadCount (PrisonerPortal) in 39.2897ms
2026-03-17 11:36:27.951 +05:30 [INF] Executed endpoint 'PrisonerPortal.Controllers.NotificationsController.GetUnreadCount (PrisonerPortal)'
2026-03-17 11:36:27.970 +05:30 [INF] Request finished HTTP/1.1 GET http://localhost:5050/Notifications/GetUnreadCount - 200 null application/json; charset=utf-8 130.9173ms
2026-03-17 11:36:30.253 +05:30 [INF] Request starting HTTP/1.1 GET http://localhost:5050/Admin/Dashboard - null null
2026-03-17 11:36:30.276 +05:30 [INF] Executing endpoint 'PrisonerPortal.Controllers.AdminController.Dashboard (PrisonerPortal)'
2026-03-17 11:36:30.284 +05:30 [INF] Route matched with {action = "Dashboard", controller = "Admin"}. Executing controller action with signature System.Threading.Tasks.Task`1[Microsoft.AspNetCore.Mvc.IActionResult] Dashboard() on controller PrisonerPortal.Controllers.AdminController (PrisonerPortal).
2026-03-17 11:36:30.314 +05:30 [INF] Executed DbCommand (3ms) [Parameters=[@normalizedRoleName='?' (Size = 256)], CommandType='"Text"', CommandTimeout='30']
SELECT TOP(2) [a].[Id], [a].[ConcurrencyStamp], [a].[Name], [a].[NormalizedName]
FROM [AspNetRoles] AS [a]
WHERE [a].[NormalizedName] = @normalizedRoleName
2026-03-17 11:36:30.345 +05:30 [INF] Executed DbCommand (3ms) [Parameters=[@role_Id='?' (Size = 450)], CommandType='"Text"', CommandTimeout='30']
SELECT [a0].[Id], [a0].[AccessFailedCount], [a0].[Address], [a0].[ConcurrencyStamp], [a0].[CreatedAt], [a0].[Email], [a0].[EmailConfirmed], [a0].[FullName], [a0].[IsActive], [a0].[LockoutEnabled], [a0].[LockoutEnd], [a0].[NormalizedEmail], [a0].[NormalizedUserName], [a0].[PasswordHash], [a0].[PhoneNumber], [a0].[PhoneNumberConfirmed], [a0].[Role], [a0].[SecurityStamp], [a0].[TwoFactorEnabled], [a0].[UserName]
FROM [AspNetUserRoles] AS [a]
INNER JOIN [AspNetUsers] AS [a0] ON [a].[UserId] = [a0].[Id]
WHERE [a].[RoleId] = @role_Id
2026-03-17 11:36:30.363 +05:30 [INF] Executed DbCommand (2ms) [Parameters=[], CommandType='"Text"', CommandTimeout='30']
SELECT COUNT(*)
FROM [Prisoners] AS [p]
WHERE [p].[Status] = N'Active'
2026-03-17 11:36:30.386 +05:30 [INF] Executed DbCommand (3ms) [Parameters=[@today='?' (DbType = DateTime2)], CommandType='"Text"', CommandTimeout='30']
SELECT COUNT(*)
FROM [Appointments] AS [a]
INNER JOIN [VisitSlots] AS [v] ON [a].[SlotId] = [v].[SlotId]
WHERE [a].[Status] IN (N'Pending', N'Approved') AND [v].[SlotDate] = @today
2026-03-17 11:36:30.409 +05:30 [INF] Executed DbCommand (1ms) [Parameters=[], CommandType='"Text"', CommandTimeout='30']
SELECT COUNT(*)
FROM [SupportRequests] AS [s]
WHERE [s].[Status] IN (N'Open', N'InProgress')
2026-03-17 11:36:30.427 +05:30 [INF] Executed DbCommand (2ms) [Parameters=[@p='?' (DbType = Int32)], CommandType='"Text"', CommandTimeout='30']
SELECT [a0].[AppointmentId], [a0].[AdminNotes], [a0].[AppointmentCode], [a0].[BookedAt], [a0].[NumVisitors], [a0].[PrisonerId], [a0].[Purpose], [a0].[RejectionReason], [a0].[SlotId], [a0].[Status], [a0].[UpdatedAt], [a0].[UserId], [a0].[VisitorNames], [p].[PrisonerId], [p].[CaseNumber], [p].[CellBlock], [p].[CellNumber], [p].[CreatedAt], [p].[CrimeCategory], [p].[DateOfBirth], [p].[FullName], [p].[Gender], [p].[PrisonerCode], [p].[SentenceEndDate], [p].[SentenceStartDate], [p].[Status], [p].[UpdatedAt], [a1].[Id], [a1].[AccessFailedCount], [a1].[Address], [a1].[ConcurrencyStamp], [a1].[CreatedAt], [a1].[Email], [a1].[EmailConfirmed], [a1].[FullName], [a1].[IsActive], [a1].[LockoutEnabled], [a1].[LockoutEnd], [a1].[NormalizedEmail], [a1].[NormalizedUserName], [a1].[PasswordHash], [a1].[PhoneNumber], [a1].[PhoneNumberConfirmed], [a1].[Role], [a1].[SecurityStamp], [a1].[TwoFactorEnabled], [a1].[UserName], [v].[SlotId], [v].[CreatedAt], [v].[CreatedByAdminId], [v].[CurrentBookings], [v].[EndTime], [v].[IsActive], [v].[MaxCapacity], [v].[SlotDate], [v].[StartTime]
FROM (
    SELECT TOP(@p) [a].[AppointmentId], [a].[AdminNotes], [a].[AppointmentCode], [a].[BookedAt], [a].[NumVisitors], [a].[PrisonerId], [a].[Purpose], [a].[RejectionReason], [a].[SlotId], [a].[Status], [a].[UpdatedAt], [a].[UserId], [a].[VisitorNames]
    FROM [Appointments] AS [a]
    WHERE [a].[Status] = N'Pending'
    ORDER BY [a].[BookedAt]
) AS [a0]
INNER JOIN [Prisoners] AS [p] ON [a0].[PrisonerId] = [p].[PrisonerId]
INNER JOIN [AspNetUsers] AS [a1] ON [a0].[UserId] = [a1].[Id]
INNER JOIN [VisitSlots] AS [v] ON [a0].[SlotId] = [v].[SlotId]
ORDER BY [a0].[BookedAt]
2026-03-17 11:36:30.453 +05:30 [INF] Executed DbCommand (3ms) [Parameters=[@p='?' (DbType = Int32)], CommandType='"Text"', CommandTimeout='30']
SELECT [s0].[RequestId], [s0].[AdminResponse], [s0].[AssignedAdminId], [s0].[Category], [s0].[CreatedAt], [s0].[Description], [s0].[Priority], [s0].[PrisonerId], [s0].[RequestCode], [s0].[ResolvedAt], [s0].[Status], [s0].[Subject], [s0].[UpdatedAt], [s0].[UserId], [a].[Id], [a].[AccessFailedCount], [a].[Address], [a].[ConcurrencyStamp], [a].[CreatedAt], [a].[Email], [a].[EmailConfirmed], [a].[FullName], [a].[IsActive], [a].[LockoutEnabled], [a].[LockoutEnd], [a].[NormalizedEmail], [a].[NormalizedUserName], [a].[PasswordHash], [a].[PhoneNumber], [a].[PhoneNumberConfirmed], [a].[Role], [a].[SecurityStamp], [a].[TwoFactorEnabled], [a].[UserName], [p].[PrisonerId], [p].[CaseNumber], [p].[CellBlock], [p].[CellNumber], [p].[CreatedAt], [p].[CrimeCategory], [p].[DateOfBirth], [p].[FullName], [p].[Gender], [p].[PrisonerCode], [p].[SentenceEndDate], [p].[SentenceStartDate], [p].[Status], [p].[UpdatedAt]
FROM (
    SELECT TOP(@p) [s].[RequestId], [s].[AdminResponse], [s].[AssignedAdminId], [s].[Category], [s].[CreatedAt], [s].[Description], [s].[Priority], [s].[PrisonerId], [s].[RequestCode], [s].[ResolvedAt], [s].[Status], [s].[Subject], [s].[UpdatedAt], [s].[UserId]
    FROM [SupportRequests] AS [s]
    ORDER BY [s].[CreatedAt] DESC
) AS [s0]
INNER JOIN [AspNetUsers] AS [a] ON [s0].[UserId] = [a].[Id]
INNER JOIN [Prisoners] AS [p] ON [s0].[PrisonerId] = [p].[PrisonerId]
ORDER BY [s0].[CreatedAt] DESC
2026-03-17 11:36:30.474 +05:30 [INF] Executed DbCommand (3ms) [Parameters=[], CommandType='"Text"', CommandTimeout='30']
SELECT [f].[LinkId], [f].[IsVerified], [f].[LinkedAt], [f].[PrisonerId], [f].[Relationship], [f].[UserId], [f].[VerifiedByAdminId], [a].[Id], [a].[AccessFailedCount], [a].[Address], [a].[ConcurrencyStamp], [a].[CreatedAt], [a].[Email], [a].[EmailConfirmed], [a].[FullName], [a].[IsActive], [a].[LockoutEnabled], [a].[LockoutEnd], [a].[NormalizedEmail], [a].[NormalizedUserName], [a].[PasswordHash], [a].[PhoneNumber], [a].[PhoneNumberConfirmed], [a].[Role], [a].[SecurityStamp], [a].[TwoFactorEnabled], [a].[UserName], [p].[PrisonerId], [p].[CaseNumber], [p].[CellBlock], [p].[CellNumber], [p].[CreatedAt], [p].[CrimeCategory], [p].[DateOfBirth], [p].[FullName], [p].[Gender], [p].[PrisonerCode], [p].[SentenceEndDate], [p].[SentenceStartDate], [p].[Status], [p].[UpdatedAt]
FROM [FamilyPrisonerLinks] AS [f]
INNER JOIN [AspNetUsers] AS [a] ON [f].[UserId] = [a].[Id]
INNER JOIN [Prisoners] AS [p] ON [f].[PrisonerId] = [p].[PrisonerId]
WHERE [f].[IsVerified] = CAST(0 AS bit)
ORDER BY [f].[LinkedAt]
2026-03-17 11:36:30.490 +05:30 [INF] Executing ViewResult, running view Dashboard.
2026-03-17 11:36:30.499 +05:30 [INF] Executed ViewResult - view Dashboard executed in 8.7133ms.
2026-03-17 11:36:30.512 +05:30 [INF] Executed action PrisonerPortal.Controllers.AdminController.Dashboard (PrisonerPortal) in 206.755ms
2026-03-17 11:36:30.525 +05:30 [INF] Executed endpoint 'PrisonerPortal.Controllers.AdminController.Dashboard (PrisonerPortal)'
2026-03-17 11:36:30.537 +05:30 [INF] Request finished HTTP/1.1 GET http://localhost:5050/Admin/Dashboard - 200 null text/html; charset=utf-8 284.1067ms
2026-03-17 11:36:30.602 +05:30 [INF] Request starting HTTP/1.1 GET http://localhost:5050/Notifications/GetUnreadCount - null null
2026-03-17 11:36:30.625 +05:30 [INF] Executing endpoint 'PrisonerPortal.Controllers.NotificationsController.GetUnreadCount (PrisonerPortal)'
2026-03-17 11:36:30.632 +05:30 [INF] Route matched with {action = "GetUnreadCount", controller = "Notifications"}. Executing controller action with signature Microsoft.AspNetCore.Mvc.IActionResult GetUnreadCount() on controller PrisonerPortal.Controllers.NotificationsController (PrisonerPortal).
2026-03-17 11:36:30.662 +05:30 [INF] Executed DbCommand (1ms) [Parameters=[@userId='?' (Size = 450)], CommandType='"Text"', CommandTimeout='30']
SELECT COUNT(*)
FROM [Notifications] AS [n]
WHERE [n].[UserId] = @userId AND [n].[IsRead] = CAST(0 AS bit)
2026-03-17 11:36:30.678 +05:30 [INF] Executing JsonResult, writing value of type '<>f__AnonymousType1`1[[System.Int32, System.Private.CoreLib, Version=10.0.0.0, Culture=neutral, PublicKeyToken=7cec85d7bea7798e]]'.
2026-03-17 11:36:30.696 +05:30 [INF] Executed action PrisonerPortal.Controllers.NotificationsController.GetUnreadCount (PrisonerPortal) in 40.7081ms
2026-03-17 11:36:30.711 +05:30 [INF] Executed endpoint 'PrisonerPortal.Controllers.NotificationsController.GetUnreadCount (PrisonerPortal)'
2026-03-17 11:36:30.735 +05:30 [INF] Request finished HTTP/1.1 GET http://localhost:5050/Notifications/GetUnreadCount - 200 null application/json; charset=utf-8 133.7565ms
2026-03-17 11:36:39.856 +05:30 [INF] Request starting HTTP/1.1 GET http://localhost:5050/Admin/VisitSlots - null null
2026-03-17 11:36:39.882 +05:30 [INF] Executing endpoint 'PrisonerPortal.Controllers.AdminController.VisitSlots (PrisonerPortal)'
2026-03-17 11:36:39.892 +05:30 [INF] Route matched with {action = "VisitSlots", controller = "Admin"}. Executing controller action with signature System.Threading.Tasks.Task`1[Microsoft.AspNetCore.Mvc.IActionResult] VisitSlots() on controller PrisonerPortal.Controllers.AdminController (PrisonerPortal).
2026-03-17 11:36:39.943 +05:30 [INF] Executed DbCommand (28ms) [Parameters=[], CommandType='"Text"', CommandTimeout='30']
SELECT [v].[SlotId], [v].[CreatedAt], [v].[CreatedByAdminId], [v].[CurrentBookings], [v].[EndTime], [v].[IsActive], [v].[MaxCapacity], [v].[SlotDate], [v].[StartTime], [a].[Id], [a].[AccessFailedCount], [a].[Address], [a].[ConcurrencyStamp], [a].[CreatedAt], [a].[Email], [a].[EmailConfirmed], [a].[FullName], [a].[IsActive], [a].[LockoutEnabled], [a].[LockoutEnd], [a].[NormalizedEmail], [a].[NormalizedUserName], [a].[PasswordHash], [a].[PhoneNumber], [a].[PhoneNumberConfirmed], [a].[Role], [a].[SecurityStamp], [a].[TwoFactorEnabled], [a].[UserName]
FROM [VisitSlots] AS [v]
INNER JOIN [AspNetUsers] AS [a] ON [v].[CreatedByAdminId] = [a].[Id]
WHERE [v].[SlotDate] >= DATEADD(day, CAST(-7.0E0 AS int), CONVERT(date, GETUTCDATE()))
ORDER BY [v].[SlotDate] DESC, [v].[StartTime]
2026-03-17 11:36:39.993 +05:30 [INF] Executing ViewResult, running view VisitSlots.
2026-03-17 11:36:40.026 +05:30 [INF] Executed ViewResult - view VisitSlots executed in 33.514ms.
2026-03-17 11:36:40.039 +05:30 [INF] Executed action PrisonerPortal.Controllers.AdminController.VisitSlots (PrisonerPortal) in 126.7383ms
2026-03-17 11:36:40.054 +05:30 [INF] Executed endpoint 'PrisonerPortal.Controllers.AdminController.VisitSlots (PrisonerPortal)'
2026-03-17 11:36:40.062 +05:30 [INF] Request finished HTTP/1.1 GET http://localhost:5050/Admin/VisitSlots - 200 null text/html; charset=utf-8 205.6438ms
2026-03-17 11:36:40.133 +05:30 [INF] Request starting HTTP/1.1 GET http://localhost:5050/Notifications/GetUnreadCount - null null
2026-03-17 11:36:40.165 +05:30 [INF] Executing endpoint 'PrisonerPortal.Controllers.NotificationsController.GetUnreadCount (PrisonerPortal)'
2026-03-17 11:36:40.172 +05:30 [INF] Route matched with {action = "GetUnreadCount", controller = "Notifications"}. Executing controller action with signature Microsoft.AspNetCore.Mvc.IActionResult GetUnreadCount() on controller PrisonerPortal.Controllers.NotificationsController (PrisonerPortal).
2026-03-17 11:36:40.204 +05:30 [INF] Executed DbCommand (12ms) [Parameters=[@userId='?' (Size = 450)], CommandType='"Text"', CommandTimeout='30']
SELECT COUNT(*)
FROM [Notifications] AS [n]
WHERE [n].[UserId] = @userId AND [n].[IsRead] = CAST(0 AS bit)
2026-03-17 11:36:40.226 +05:30 [INF] Executing JsonResult, writing value of type '<>f__AnonymousType1`1[[System.Int32, System.Private.CoreLib, Version=10.0.0.0, Culture=neutral, PublicKeyToken=7cec85d7bea7798e]]'.
2026-03-17 11:36:40.237 +05:30 [INF] Executed action PrisonerPortal.Controllers.NotificationsController.GetUnreadCount (PrisonerPortal) in 49.5801ms
2026-03-17 11:36:40.255 +05:30 [INF] Executed endpoint 'PrisonerPortal.Controllers.NotificationsController.GetUnreadCount (PrisonerPortal)'
2026-03-17 11:36:40.273 +05:30 [INF] Request finished HTTP/1.1 GET http://localhost:5050/Notifications/GetUnreadCount - 200 null application/json; charset=utf-8 139.8754ms
2026-03-17 11:36:50.070 +05:30 [INF] Request starting HTTP/1.1 GET http://localhost:5050/Admin/Appointments - null null
2026-03-17 11:36:50.090 +05:30 [INF] Executing endpoint 'PrisonerPortal.Controllers.AdminController.Appointments (PrisonerPortal)'
2026-03-17 11:36:50.100 +05:30 [INF] Route matched with {action = "Appointments", controller = "Admin"}. Executing controller action with signature System.Threading.Tasks.Task`1[Microsoft.AspNetCore.Mvc.IActionResult] Appointments() on controller PrisonerPortal.Controllers.AdminController (PrisonerPortal).
2026-03-17 11:36:50.160 +05:30 [INF] Executed DbCommand (33ms) [Parameters=[], CommandType='"Text"', CommandTimeout='30']
SELECT [a].[AppointmentId], [a].[AdminNotes], [a].[AppointmentCode], [a].[BookedAt], [a].[NumVisitors], [a].[PrisonerId], [a].[Purpose], [a].[RejectionReason], [a].[SlotId], [a].[Status], [a].[UpdatedAt], [a].[UserId], [a].[VisitorNames], [p].[PrisonerId], [p].[CaseNumber], [p].[CellBlock], [p].[CellNumber], [p].[CreatedAt], [p].[CrimeCategory], [p].[DateOfBirth], [p].[FullName], [p].[Gender], [p].[PrisonerCode], [p].[SentenceEndDate], [p].[SentenceStartDate], [p].[Status], [p].[UpdatedAt], [v].[SlotId], [v].[CreatedAt], [v].[CreatedByAdminId], [v].[CurrentBookings], [v].[EndTime], [v].[IsActive], [v].[MaxCapacity], [v].[SlotDate], [v].[StartTime], [a0].[Id], [a0].[AccessFailedCount], [a0].[Address], [a0].[ConcurrencyStamp], [a0].[CreatedAt], [a0].[Email], [a0].[EmailConfirmed], [a0].[FullName], [a0].[IsActive], [a0].[LockoutEnabled], [a0].[LockoutEnd], [a0].[NormalizedEmail], [a0].[NormalizedUserName], [a0].[PasswordHash], [a0].[PhoneNumber], [a0].[PhoneNumberConfirmed], [a0].[Role], [a0].[SecurityStamp], [a0].[TwoFactorEnabled], [a0].[UserName]
FROM [Appointments] AS [a]
INNER JOIN [Prisoners] AS [p] ON [a].[PrisonerId] = [p].[PrisonerId]
INNER JOIN [VisitSlots] AS [v] ON [a].[SlotId] = [v].[SlotId]
INNER JOIN [AspNetUsers] AS [a0] ON [a].[UserId] = [a0].[Id]
ORDER BY [a].[BookedAt] DESC
2026-03-17 11:36:50.183 +05:30 [INF] Executing ViewResult, running view Appointments.
2026-03-17 11:36:50.205 +05:30 [INF] Executed ViewResult - view Appointments executed in 21.9113ms.
2026-03-17 11:36:50.219 +05:30 [INF] Executed action PrisonerPortal.Controllers.AdminController.Appointments (PrisonerPortal) in 99.6084ms
2026-03-17 11:36:50.230 +05:30 [INF] Executed endpoint 'PrisonerPortal.Controllers.AdminController.Appointments (PrisonerPortal)'
2026-03-17 11:36:50.243 +05:30 [INF] Request finished HTTP/1.1 GET http://localhost:5050/Admin/Appointments - 200 null text/html; charset=utf-8 172.4617ms
2026-03-17 11:36:50.331 +05:30 [INF] Request starting HTTP/1.1 GET http://localhost:5050/Notifications/GetUnreadCount - null null
2026-03-17 11:36:50.351 +05:30 [INF] Executing endpoint 'PrisonerPortal.Controllers.NotificationsController.GetUnreadCount (PrisonerPortal)'
2026-03-17 11:36:50.362 +05:30 [INF] Route matched with {action = "GetUnreadCount", controller = "Notifications"}. Executing controller action with signature Microsoft.AspNetCore.Mvc.IActionResult GetUnreadCount() on controller PrisonerPortal.Controllers.NotificationsController (PrisonerPortal).
2026-03-17 11:36:50.386 +05:30 [INF] Executed DbCommand (2ms) [Parameters=[@userId='?' (Size = 450)], CommandType='"Text"', CommandTimeout='30']
SELECT COUNT(*)
FROM [Notifications] AS [n]
WHERE [n].[UserId] = @userId AND [n].[IsRead] = CAST(0 AS bit)
2026-03-17 11:36:50.406 +05:30 [INF] Executing JsonResult, writing value of type '<>f__AnonymousType1`1[[System.Int32, System.Private.CoreLib, Version=10.0.0.0, Culture=neutral, PublicKeyToken=7cec85d7bea7798e]]'.
2026-03-17 11:36:50.417 +05:30 [INF] Executed action PrisonerPortal.Controllers.NotificationsController.GetUnreadCount (PrisonerPortal) in 39.2872ms
2026-03-17 11:36:50.430 +05:30 [INF] Executed endpoint 'PrisonerPortal.Controllers.NotificationsController.GetUnreadCount (PrisonerPortal)'
2026-03-17 11:36:50.460 +05:30 [INF] Request finished HTTP/1.1 GET http://localhost:5050/Notifications/GetUnreadCount - 200 null application/json; charset=utf-8 128.7103ms
2026-03-17 11:36:52.274 +05:30 [INF] Request starting HTTP/1.1 GET http://localhost:5050/Admin/Users - null null
2026-03-17 11:36:52.301 +05:30 [INF] Executing endpoint 'PrisonerPortal.Controllers.AdminController.Users (PrisonerPortal)'
2026-03-17 11:36:52.315 +05:30 [INF] Route matched with {action = "Users", controller = "Admin"}. Executing controller action with signature System.Threading.Tasks.Task`1[Microsoft.AspNetCore.Mvc.IActionResult] Users(System.String, System.String) on controller PrisonerPortal.Controllers.AdminController (PrisonerPortal).
2026-03-17 11:36:52.355 +05:30 [INF] Executed DbCommand (11ms) [Parameters=[], CommandType='"Text"', CommandTimeout='30']
SELECT [a].[Id], [a].[AccessFailedCount], [a].[Address], [a].[ConcurrencyStamp], [a].[CreatedAt], [a].[Email], [a].[EmailConfirmed], [a].[FullName], [a].[IsActive], [a].[LockoutEnabled], [a].[LockoutEnd], [a].[NormalizedEmail], [a].[NormalizedUserName], [a].[PasswordHash], [a].[PhoneNumber], [a].[PhoneNumberConfirmed], [a].[Role], [a].[SecurityStamp], [a].[TwoFactorEnabled], [a].[UserName]
FROM [AspNetUsers] AS [a]
ORDER BY [a].[CreatedAt] DESC
2026-03-17 11:36:52.377 +05:30 [INF] Executing ViewResult, running view Users.
2026-03-17 11:36:52.399 +05:30 [INF] Executed ViewResult - view Users executed in 21.3669ms.
2026-03-17 11:36:52.411 +05:30 [INF] Executed action PrisonerPortal.Controllers.AdminController.Users (PrisonerPortal) in 74.1623ms
2026-03-17 11:36:52.422 +05:30 [INF] Executed endpoint 'PrisonerPortal.Controllers.AdminController.Users (PrisonerPortal)'
2026-03-17 11:36:52.436 +05:30 [INF] Request finished HTTP/1.1 GET http://localhost:5050/Admin/Users - 200 null text/html; charset=utf-8 161.5703ms
2026-03-17 11:36:52.516 +05:30 [INF] Request starting HTTP/1.1 GET http://localhost:5050/Notifications/GetUnreadCount - null null
2026-03-17 11:36:52.536 +05:30 [INF] Executing endpoint 'PrisonerPortal.Controllers.NotificationsController.GetUnreadCount (PrisonerPortal)'
2026-03-17 11:36:52.545 +05:30 [INF] Route matched with {action = "GetUnreadCount", controller = "Notifications"}. Executing controller action with signature Microsoft.AspNetCore.Mvc.IActionResult GetUnreadCount() on controller PrisonerPortal.Controllers.NotificationsController (PrisonerPortal).
2026-03-17 11:36:52.567 +05:30 [INF] Executed DbCommand (3ms) [Parameters=[@userId='?' (Size = 450)], CommandType='"Text"', CommandTimeout='30']
SELECT COUNT(*)
FROM [Notifications] AS [n]
WHERE [n].[UserId] = @userId AND [n].[IsRead] = CAST(0 AS bit)
2026-03-17 11:36:52.592 +05:30 [INF] Executing JsonResult, writing value of type '<>f__AnonymousType1`1[[System.Int32, System.Private.CoreLib, Version=10.0.0.0, Culture=neutral, PublicKeyToken=7cec85d7bea7798e]]'.
2026-03-17 11:36:52.608 +05:30 [INF] Executed action PrisonerPortal.Controllers.NotificationsController.GetUnreadCount (PrisonerPortal) in 47.293ms
2026-03-17 11:36:52.621 +05:30 [INF] Executed endpoint 'PrisonerPortal.Controllers.NotificationsController.GetUnreadCount (PrisonerPortal)'
2026-03-17 11:36:52.635 +05:30 [INF] Request finished HTTP/1.1 GET http://localhost:5050/Notifications/GetUnreadCount - 200 null application/json; charset=utf-8 119.4706ms
2026-03-17 11:36:54.001 +05:30 [INF] Request starting HTTP/1.1 GET http://localhost:5050/Admin/Dashboard - null null
2026-03-17 11:36:54.022 +05:30 [INF] Executing endpoint 'PrisonerPortal.Controllers.AdminController.Dashboard (PrisonerPortal)'
2026-03-17 11:36:54.036 +05:30 [INF] Route matched with {action = "Dashboard", controller = "Admin"}. Executing controller action with signature System.Threading.Tasks.Task`1[Microsoft.AspNetCore.Mvc.IActionResult] Dashboard() on controller PrisonerPortal.Controllers.AdminController (PrisonerPortal).
2026-03-17 11:36:54.069 +05:30 [INF] Executed DbCommand (14ms) [Parameters=[@normalizedRoleName='?' (Size = 256)], CommandType='"Text"', CommandTimeout='30']
SELECT TOP(2) [a].[Id], [a].[ConcurrencyStamp], [a].[Name], [a].[NormalizedName]
FROM [AspNetRoles] AS [a]
WHERE [a].[NormalizedName] = @normalizedRoleName
2026-03-17 11:36:54.105 +05:30 [INF] Executed DbCommand (15ms) [Parameters=[@role_Id='?' (Size = 450)], CommandType='"Text"', CommandTimeout='30']
SELECT [a0].[Id], [a0].[AccessFailedCount], [a0].[Address], [a0].[ConcurrencyStamp], [a0].[CreatedAt], [a0].[Email], [a0].[EmailConfirmed], [a0].[FullName], [a0].[IsActive], [a0].[LockoutEnabled], [a0].[LockoutEnd], [a0].[NormalizedEmail], [a0].[NormalizedUserName], [a0].[PasswordHash], [a0].[PhoneNumber], [a0].[PhoneNumberConfirmed], [a0].[Role], [a0].[SecurityStamp], [a0].[TwoFactorEnabled], [a0].[UserName]
FROM [AspNetUserRoles] AS [a]
INNER JOIN [AspNetUsers] AS [a0] ON [a].[UserId] = [a0].[Id]
WHERE [a].[RoleId] = @role_Id
2026-03-17 11:36:54.127 +05:30 [INF] Executed DbCommand (6ms) [Parameters=[], CommandType='"Text"', CommandTimeout='30']
SELECT COUNT(*)
FROM [Prisoners] AS [p]
WHERE [p].[Status] = N'Active'
2026-03-17 11:36:54.158 +05:30 [INF] Executed DbCommand (11ms) [Parameters=[@today='?' (DbType = DateTime2)], CommandType='"Text"', CommandTimeout='30']
SELECT COUNT(*)
FROM [Appointments] AS [a]
INNER JOIN [VisitSlots] AS [v] ON [a].[SlotId] = [v].[SlotId]
WHERE [a].[Status] IN (N'Pending', N'Approved') AND [v].[SlotDate] = @today
2026-03-17 11:36:54.186 +05:30 [INF] Executed DbCommand (9ms) [Parameters=[], CommandType='"Text"', CommandTimeout='30']
SELECT COUNT(*)
FROM [SupportRequests] AS [s]
WHERE [s].[Status] IN (N'Open', N'InProgress')
2026-03-17 11:36:54.233 +05:30 [INF] Executed DbCommand (29ms) [Parameters=[@p='?' (DbType = Int32)], CommandType='"Text"', CommandTimeout='30']
SELECT [a0].[AppointmentId], [a0].[AdminNotes], [a0].[AppointmentCode], [a0].[BookedAt], [a0].[NumVisitors], [a0].[PrisonerId], [a0].[Purpose], [a0].[RejectionReason], [a0].[SlotId], [a0].[Status], [a0].[UpdatedAt], [a0].[UserId], [a0].[VisitorNames], [p].[PrisonerId], [p].[CaseNumber], [p].[CellBlock], [p].[CellNumber], [p].[CreatedAt], [p].[CrimeCategory], [p].[DateOfBirth], [p].[FullName], [p].[Gender], [p].[PrisonerCode], [p].[SentenceEndDate], [p].[SentenceStartDate], [p].[Status], [p].[UpdatedAt], [a1].[Id], [a1].[AccessFailedCount], [a1].[Address], [a1].[ConcurrencyStamp], [a1].[CreatedAt], [a1].[Email], [a1].[EmailConfirmed], [a1].[FullName], [a1].[IsActive], [a1].[LockoutEnabled], [a1].[LockoutEnd], [a1].[NormalizedEmail], [a1].[NormalizedUserName], [a1].[PasswordHash], [a1].[PhoneNumber], [a1].[PhoneNumberConfirmed], [a1].[Role], [a1].[SecurityStamp], [a1].[TwoFactorEnabled], [a1].[UserName], [v].[SlotId], [v].[CreatedAt], [v].[CreatedByAdminId], [v].[CurrentBookings], [v].[EndTime], [v].[IsActive], [v].[MaxCapacity], [v].[SlotDate], [v].[StartTime]
FROM (
    SELECT TOP(@p) [a].[AppointmentId], [a].[AdminNotes], [a].[AppointmentCode], [a].[BookedAt], [a].[NumVisitors], [a].[PrisonerId], [a].[Purpose], [a].[RejectionReason], [a].[SlotId], [a].[Status], [a].[UpdatedAt], [a].[UserId], [a].[VisitorNames]
    FROM [Appointments] AS [a]
    WHERE [a].[Status] = N'Pending'
    ORDER BY [a].[BookedAt]
) AS [a0]
INNER JOIN [Prisoners] AS [p] ON [a0].[PrisonerId] = [p].[PrisonerId]
INNER JOIN [AspNetUsers] AS [a1] ON [a0].[UserId] = [a1].[Id]
INNER JOIN [VisitSlots] AS [v] ON [a0].[SlotId] = [v].[SlotId]
ORDER BY [a0].[BookedAt]
2026-03-17 11:36:54.267 +05:30 [INF] Executed DbCommand (18ms) [Parameters=[@p='?' (DbType = Int32)], CommandType='"Text"', CommandTimeout='30']
SELECT [s0].[RequestId], [s0].[AdminResponse], [s0].[AssignedAdminId], [s0].[Category], [s0].[CreatedAt], [s0].[Description], [s0].[Priority], [s0].[PrisonerId], [s0].[RequestCode], [s0].[ResolvedAt], [s0].[Status], [s0].[Subject], [s0].[UpdatedAt], [s0].[UserId], [a].[Id], [a].[AccessFailedCount], [a].[Address], [a].[ConcurrencyStamp], [a].[CreatedAt], [a].[Email], [a].[EmailConfirmed], [a].[FullName], [a].[IsActive], [a].[LockoutEnabled], [a].[LockoutEnd], [a].[NormalizedEmail], [a].[NormalizedUserName], [a].[PasswordHash], [a].[PhoneNumber], [a].[PhoneNumberConfirmed], [a].[Role], [a].[SecurityStamp], [a].[TwoFactorEnabled], [a].[UserName], [p].[PrisonerId], [p].[CaseNumber], [p].[CellBlock], [p].[CellNumber], [p].[CreatedAt], [p].[CrimeCategory], [p].[DateOfBirth], [p].[FullName], [p].[Gender], [p].[PrisonerCode], [p].[SentenceEndDate], [p].[SentenceStartDate], [p].[Status], [p].[UpdatedAt]
FROM (
    SELECT TOP(@p) [s].[RequestId], [s].[AdminResponse], [s].[AssignedAdminId], [s].[Category], [s].[CreatedAt], [s].[Description], [s].[Priority], [s].[PrisonerId], [s].[RequestCode], [s].[ResolvedAt], [s].[Status], [s].[Subject], [s].[UpdatedAt], [s].[UserId]
    FROM [SupportRequests] AS [s]
    ORDER BY [s].[CreatedAt] DESC
) AS [s0]
INNER JOIN [AspNetUsers] AS [a] ON [s0].[UserId] = [a].[Id]
INNER JOIN [Prisoners] AS [p] ON [s0].[PrisonerId] = [p].[PrisonerId]
ORDER BY [s0].[CreatedAt] DESC
2026-03-17 11:36:54.311 +05:30 [INF] Executed DbCommand (25ms) [Parameters=[], CommandType='"Text"', CommandTimeout='30']
SELECT [f].[LinkId], [f].[IsVerified], [f].[LinkedAt], [f].[PrisonerId], [f].[Relationship], [f].[UserId], [f].[VerifiedByAdminId], [a].[Id], [a].[AccessFailedCount], [a].[Address], [a].[ConcurrencyStamp], [a].[CreatedAt], [a].[Email], [a].[EmailConfirmed], [a].[FullName], [a].[IsActive], [a].[LockoutEnabled], [a].[LockoutEnd], [a].[NormalizedEmail], [a].[NormalizedUserName], [a].[PasswordHash], [a].[PhoneNumber], [a].[PhoneNumberConfirmed], [a].[Role], [a].[SecurityStamp], [a].[TwoFactorEnabled], [a].[UserName], [p].[PrisonerId], [p].[CaseNumber], [p].[CellBlock], [p].[CellNumber], [p].[CreatedAt], [p].[CrimeCategory], [p].[DateOfBirth], [p].[FullName], [p].[Gender], [p].[PrisonerCode], [p].[SentenceEndDate], [p].[SentenceStartDate], [p].[Status], [p].[UpdatedAt]
FROM [FamilyPrisonerLinks] AS [f]
INNER JOIN [AspNetUsers] AS [a] ON [f].[UserId] = [a].[Id]
INNER JOIN [Prisoners] AS [p] ON [f].[PrisonerId] = [p].[PrisonerId]
WHERE [f].[IsVerified] = CAST(0 AS bit)
ORDER BY [f].[LinkedAt]
2026-03-17 11:36:54.335 +05:30 [INF] Executing ViewResult, running view Dashboard.
2026-03-17 11:36:54.352 +05:30 [INF] Executed ViewResult - view Dashboard executed in 16.9326ms.
2026-03-17 11:36:54.363 +05:30 [INF] Executed action PrisonerPortal.Controllers.AdminController.Dashboard (PrisonerPortal) in 309.8405ms
2026-03-17 11:36:54.376 +05:30 [INF] Executed endpoint 'PrisonerPortal.Controllers.AdminController.Dashboard (PrisonerPortal)'
2026-03-17 11:36:54.390 +05:30 [INF] Request finished HTTP/1.1 GET http://localhost:5050/Admin/Dashboard - 200 null text/html; charset=utf-8 389.0888ms
2026-03-17 11:36:54.471 +05:30 [INF] Request starting HTTP/1.1 GET http://localhost:5050/Notifications/GetUnreadCount - null null
2026-03-17 11:36:54.497 +05:30 [INF] Executing endpoint 'PrisonerPortal.Controllers.NotificationsController.GetUnreadCount (PrisonerPortal)'
2026-03-17 11:36:54.506 +05:30 [INF] Route matched with {action = "GetUnreadCount", controller = "Notifications"}. Executing controller action with signature Microsoft.AspNetCore.Mvc.IActionResult GetUnreadCount() on controller PrisonerPortal.Controllers.NotificationsController (PrisonerPortal).
2026-03-17 11:36:54.524 +05:30 [INF] Executed DbCommand (1ms) [Parameters=[@userId='?' (Size = 450)], CommandType='"Text"', CommandTimeout='30']
SELECT COUNT(*)
FROM [Notifications] AS [n]
WHERE [n].[UserId] = @userId AND [n].[IsRead] = CAST(0 AS bit)
2026-03-17 11:36:54.550 +05:30 [INF] Executing JsonResult, writing value of type '<>f__AnonymousType1`1[[System.Int32, System.Private.CoreLib, Version=10.0.0.0, Culture=neutral, PublicKeyToken=7cec85d7bea7798e]]'.
2026-03-17 11:36:54.569 +05:30 [INF] Executed action PrisonerPortal.Controllers.NotificationsController.GetUnreadCount (PrisonerPortal) in 49.788ms
2026-03-17 11:36:54.593 +05:30 [INF] Executed endpoint 'PrisonerPortal.Controllers.NotificationsController.GetUnreadCount (PrisonerPortal)'
2026-03-17 11:36:54.603 +05:30 [INF] Request finished HTTP/1.1 GET http://localhost:5050/Notifications/GetUnreadCount - 200 null application/json; charset=utf-8 131.8228ms
2026-03-17 11:37:02.896 +05:30 [INF] Request starting HTTP/1.1 GET http://localhost:5050/Admin/Requests - null null
2026-03-17 11:37:02.917 +05:30 [INF] Executing endpoint 'PrisonerPortal.Controllers.AdminController.Requests (PrisonerPortal)'
2026-03-17 11:37:02.965 +05:30 [INF] Route matched with {action = "Requests", controller = "Admin"}. Executing controller action with signature System.Threading.Tasks.Task`1[Microsoft.AspNetCore.Mvc.IActionResult] Requests() on controller PrisonerPortal.Controllers.AdminController (PrisonerPortal).
2026-03-17 11:37:03.188 +05:30 [INF] Executed DbCommand (20ms) [Parameters=[], CommandType='"Text"', CommandTimeout='30']
SELECT [s].[RequestId], [s].[AdminResponse], [s].[AssignedAdminId], [s].[Category], [s].[CreatedAt], [s].[Description], [s].[Priority], [s].[PrisonerId], [s].[RequestCode], [s].[ResolvedAt], [s].[Status], [s].[Subject], [s].[UpdatedAt], [s].[UserId], [p].[PrisonerId], [p].[CaseNumber], [p].[CellBlock], [p].[CellNumber], [p].[CreatedAt], [p].[CrimeCategory], [p].[DateOfBirth], [p].[FullName], [p].[Gender], [p].[PrisonerCode], [p].[SentenceEndDate], [p].[SentenceStartDate], [p].[Status], [p].[UpdatedAt], [a].[Id], [a].[AccessFailedCount], [a].[Address], [a].[ConcurrencyStamp], [a].[CreatedAt], [a].[Email], [a].[EmailConfirmed], [a].[FullName], [a].[IsActive], [a].[LockoutEnabled], [a].[LockoutEnd], [a].[NormalizedEmail], [a].[NormalizedUserName], [a].[PasswordHash], [a].[PhoneNumber], [a].[PhoneNumberConfirmed], [a].[Role], [a].[SecurityStamp], [a].[TwoFactorEnabled], [a].[UserName], [a0].[Id], [a0].[AccessFailedCount], [a0].[Address], [a0].[ConcurrencyStamp], [a0].[CreatedAt], [a0].[Email], [a0].[EmailConfirmed], [a0].[FullName], [a0].[IsActive], [a0].[LockoutEnabled], [a0].[LockoutEnd], [a0].[NormalizedEmail], [a0].[NormalizedUserName], [a0].[PasswordHash], [a0].[PhoneNumber], [a0].[PhoneNumberConfirmed], [a0].[Role], [a0].[SecurityStamp], [a0].[TwoFactorEnabled], [a0].[UserName]
FROM [SupportRequests] AS [s]
INNER JOIN [Prisoners] AS [p] ON [s].[PrisonerId] = [p].[PrisonerId]
INNER JOIN [AspNetUsers] AS [a] ON [s].[UserId] = [a].[Id]
LEFT JOIN [AspNetUsers] AS [a0] ON [s].[AssignedAdminId] = [a0].[Id]
ORDER BY [s].[CreatedAt] DESC
2026-03-17 11:37:03.216 +05:30 [INF] Executing ViewResult, running view Requests.
2026-03-17 11:37:03.275 +05:30 [INF] Executed ViewResult - view Requests executed in 63.1667ms.
2026-03-17 11:37:03.286 +05:30 [INF] Executed action PrisonerPortal.Controllers.AdminController.Requests (PrisonerPortal) in 305.7274ms
2026-03-17 11:37:03.300 +05:30 [INF] Executed endpoint 'PrisonerPortal.Controllers.AdminController.Requests (PrisonerPortal)'
2026-03-17 11:37:03.314 +05:30 [INF] Request finished HTTP/1.1 GET http://localhost:5050/Admin/Requests - 200 null text/html; charset=utf-8 417.2587ms
2026-03-17 11:37:03.320 +05:30 [INF] Request starting HTTP/1.1 GET http://localhost:5050/js/site.js?v=zIkpxiSb20xI1GzbX49ogguRCWNfYaxVh_KTD9brSds - null null
2026-03-17 11:37:03.347 +05:30 [INF] Request starting HTTP/1.1 GET http://localhost:5050/css/components.css?v=elf4DFhCVIE8d9eGP2egurRhUBwkdM7IqUaeO1X2ZPo - null null
2026-03-17 11:37:03.368 +05:30 [INF] The file /js/site.js was not modified
2026-03-17 11:37:03.386 +05:30 [INF] The file /css/components.css was not modified
2026-03-17 11:37:03.395 +05:30 [INF] Request finished HTTP/1.1 GET http://localhost:5050/js/site.js?v=zIkpxiSb20xI1GzbX49ogguRCWNfYaxVh_KTD9brSds - 304 null text/javascript 75.0126ms
2026-03-17 11:37:03.406 +05:30 [INF] Request finished HTTP/1.1 GET http://localhost:5050/css/components.css?v=elf4DFhCVIE8d9eGP2egurRhUBwkdM7IqUaeO1X2ZPo - 304 null text/css 58.342ms
2026-03-17 11:37:03.508 +05:30 [INF] Request starting HTTP/1.1 GET http://localhost:5050/Notifications/GetUnreadCount - null null
2026-03-17 11:37:03.552 +05:30 [INF] Executing endpoint 'PrisonerPortal.Controllers.NotificationsController.GetUnreadCount (PrisonerPortal)'
2026-03-17 11:37:03.564 +05:30 [INF] Route matched with {action = "GetUnreadCount", controller = "Notifications"}. Executing controller action with signature Microsoft.AspNetCore.Mvc.IActionResult GetUnreadCount() on controller PrisonerPortal.Controllers.NotificationsController (PrisonerPortal).
2026-03-17 11:37:03.585 +05:30 [INF] Executed DbCommand (3ms) [Parameters=[@userId='?' (Size = 450)], CommandType='"Text"', CommandTimeout='30']
SELECT COUNT(*)
FROM [Notifications] AS [n]
WHERE [n].[UserId] = @userId AND [n].[IsRead] = CAST(0 AS bit)
2026-03-17 11:37:03.605 +05:30 [INF] Executing JsonResult, writing value of type '<>f__AnonymousType1`1[[System.Int32, System.Private.CoreLib, Version=10.0.0.0, Culture=neutral, PublicKeyToken=7cec85d7bea7798e]]'.
2026-03-17 11:37:03.616 +05:30 [INF] Executed action PrisonerPortal.Controllers.NotificationsController.GetUnreadCount (PrisonerPortal) in 38.9208ms
2026-03-17 11:37:03.627 +05:30 [INF] Executed endpoint 'PrisonerPortal.Controllers.NotificationsController.GetUnreadCount (PrisonerPortal)'
2026-03-17 11:37:03.634 +05:30 [INF] Request finished HTTP/1.1 GET http://localhost:5050/Notifications/GetUnreadCount - 200 null application/json; charset=utf-8 126.0647ms
2026-03-17 11:37:09.852 +05:30 [INF] Request starting HTTP/1.1 GET http://localhost:5050/Admin/Appointments - null null
2026-03-17 11:37:09.880 +05:30 [INF] Executing endpoint 'PrisonerPortal.Controllers.AdminController.Appointments (PrisonerPortal)'
2026-03-17 11:37:09.890 +05:30 [INF] Route matched with {action = "Appointments", controller = "Admin"}. Executing controller action with signature System.Threading.Tasks.Task`1[Microsoft.AspNetCore.Mvc.IActionResult] Appointments() on controller PrisonerPortal.Controllers.AdminController (PrisonerPortal).
2026-03-17 11:37:09.914 +05:30 [INF] Executed DbCommand (2ms) [Parameters=[], CommandType='"Text"', CommandTimeout='30']
SELECT [a].[AppointmentId], [a].[AdminNotes], [a].[AppointmentCode], [a].[BookedAt], [a].[NumVisitors], [a].[PrisonerId], [a].[Purpose], [a].[RejectionReason], [a].[SlotId], [a].[Status], [a].[UpdatedAt], [a].[UserId], [a].[VisitorNames], [p].[PrisonerId], [p].[CaseNumber], [p].[CellBlock], [p].[CellNumber], [p].[CreatedAt], [p].[CrimeCategory], [p].[DateOfBirth], [p].[FullName], [p].[Gender], [p].[PrisonerCode], [p].[SentenceEndDate], [p].[SentenceStartDate], [p].[Status], [p].[UpdatedAt], [v].[SlotId], [v].[CreatedAt], [v].[CreatedByAdminId], [v].[CurrentBookings], [v].[EndTime], [v].[IsActive], [v].[MaxCapacity], [v].[SlotDate], [v].[StartTime], [a0].[Id], [a0].[AccessFailedCount], [a0].[Address], [a0].[ConcurrencyStamp], [a0].[CreatedAt], [a0].[Email], [a0].[EmailConfirmed], [a0].[FullName], [a0].[IsActive], [a0].[LockoutEnabled], [a0].[LockoutEnd], [a0].[NormalizedEmail], [a0].[NormalizedUserName], [a0].[PasswordHash], [a0].[PhoneNumber], [a0].[PhoneNumberConfirmed], [a0].[Role], [a0].[SecurityStamp], [a0].[TwoFactorEnabled], [a0].[UserName]
FROM [Appointments] AS [a]
INNER JOIN [Prisoners] AS [p] ON [a].[PrisonerId] = [p].[PrisonerId]
INNER JOIN [VisitSlots] AS [v] ON [a].[SlotId] = [v].[SlotId]
INNER JOIN [AspNetUsers] AS [a0] ON [a].[UserId] = [a0].[Id]
ORDER BY [a].[BookedAt] DESC
2026-03-17 11:37:09.938 +05:30 [INF] Executing ViewResult, running view Appointments.
2026-03-17 11:37:09.954 +05:30 [INF] Executed ViewResult - view Appointments executed in 16.3296ms.
2026-03-17 11:37:09.970 +05:30 [INF] Executed action PrisonerPortal.Controllers.AdminController.Appointments (PrisonerPortal) in 59.7342ms
2026-03-17 11:37:09.982 +05:30 [INF] Executed endpoint 'PrisonerPortal.Controllers.AdminController.Appointments (PrisonerPortal)'
2026-03-17 11:37:09.992 +05:30 [INF] Request finished HTTP/1.1 GET http://localhost:5050/Admin/Appointments - 200 null text/html; charset=utf-8 140.3377ms
2026-03-17 11:37:10.070 +05:30 [INF] Request starting HTTP/1.1 GET http://localhost:5050/Notifications/GetUnreadCount - null null
2026-03-17 11:37:10.092 +05:30 [INF] Executing endpoint 'PrisonerPortal.Controllers.NotificationsController.GetUnreadCount (PrisonerPortal)'
2026-03-17 11:37:10.101 +05:30 [INF] Route matched with {action = "GetUnreadCount", controller = "Notifications"}. Executing controller action with signature Microsoft.AspNetCore.Mvc.IActionResult GetUnreadCount() on controller PrisonerPortal.Controllers.NotificationsController (PrisonerPortal).
2026-03-17 11:37:10.120 +05:30 [INF] Executed DbCommand (2ms) [Parameters=[@userId='?' (Size = 450)], CommandType='"Text"', CommandTimeout='30']
SELECT COUNT(*)
FROM [Notifications] AS [n]
WHERE [n].[UserId] = @userId AND [n].[IsRead] = CAST(0 AS bit)
2026-03-17 11:37:10.142 +05:30 [INF] Executing JsonResult, writing value of type '<>f__AnonymousType1`1[[System.Int32, System.Private.CoreLib, Version=10.0.0.0, Culture=neutral, PublicKeyToken=7cec85d7bea7798e]]'.
2026-03-17 11:37:10.151 +05:30 [INF] Executed action PrisonerPortal.Controllers.NotificationsController.GetUnreadCount (PrisonerPortal) in 35.2607ms
2026-03-17 11:37:10.167 +05:30 [INF] Executed endpoint 'PrisonerPortal.Controllers.NotificationsController.GetUnreadCount (PrisonerPortal)'
2026-03-17 11:37:10.194 +05:30 [INF] Request finished HTTP/1.1 GET http://localhost:5050/Notifications/GetUnreadCount - 200 null application/json; charset=utf-8 123.3938ms
2026-03-17 11:37:13.459 +05:30 [INF] Request starting HTTP/1.1 POST http://localhost:5050/Account/Logout - application/x-www-form-urlencoded 225
2026-03-17 11:37:13.481 +05:30 [INF] Executing endpoint 'PrisonerPortal.Controllers.AccountController.Logout (PrisonerPortal)'
2026-03-17 11:37:13.490 +05:30 [INF] Route matched with {action = "Logout", controller = "Account"}. Executing controller action with signature System.Threading.Tasks.Task`1[Microsoft.AspNetCore.Mvc.IActionResult] Logout() on controller PrisonerPortal.Controllers.AccountController (PrisonerPortal).
2026-03-17 11:37:13.533 +05:30 [INF] Executed DbCommand (15ms) [Parameters=[@p0='?' (Size = 4000), @p1='?' (Size = 4000), @p2='?' (Size = 4000), @p3='?' (Size = 4000), @p4='?' (Size = 4000), @p5='?' (Size = 4000), @p6='?' (DbType = DateTime2), @p7='?' (Size = 450)], CommandType='"Text"', CommandTimeout='30']
SET IMPLICIT_TRANSACTIONS OFF;
SET NOCOUNT ON;
INSERT INTO [AuditLogs] ([Action], [EntityId], [EntityType], [IPAddress], [NewValues], [OldValues], [Timestamp], [UserId])
OUTPUT INSERTED.[LogId]
VALUES (@p0, @p1, @p2, @p3, @p4, @p5, @p6, @p7);
2026-03-17 11:37:13.551 +05:30 [INF] AuthenticationScheme: Identity.Application signed out.
2026-03-17 11:37:13.563 +05:30 [INF] AuthenticationScheme: Identity.External signed out.
2026-03-17 11:37:13.571 +05:30 [INF] AuthenticationScheme: Identity.TwoFactorUserId signed out.
2026-03-17 11:37:13.579 +05:30 [INF] Executing RedirectResult, redirecting to /.
2026-03-17 11:37:13.584 +05:30 [INF] Executed action PrisonerPortal.Controllers.AccountController.Logout (PrisonerPortal) in 73.7178ms
2026-03-17 11:37:13.596 +05:30 [INF] Executed endpoint 'PrisonerPortal.Controllers.AccountController.Logout (PrisonerPortal)'
2026-03-17 11:37:13.610 +05:30 [INF] Request finished HTTP/1.1 POST http://localhost:5050/Account/Logout - 302 0 null 151.1371ms
2026-03-17 11:37:13.636 +05:30 [INF] Request starting HTTP/1.1 GET http://localhost:5050/ - null null
2026-03-17 11:37:13.653 +05:30 [INF] Executing endpoint 'PrisonerPortal.Controllers.AccountController.Login (PrisonerPortal)'
2026-03-17 11:37:13.661 +05:30 [INF] Route matched with {action = "Login", controller = "Account"}. Executing controller action with signature Microsoft.AspNetCore.Mvc.IActionResult Login() on controller PrisonerPortal.Controllers.AccountController (PrisonerPortal).
2026-03-17 11:37:13.678 +05:30 [INF] Executing ViewResult, running view Login.
2026-03-17 11:37:13.698 +05:30 [INF] Executed ViewResult - view Login executed in 20.7797ms.
2026-03-17 11:37:13.711 +05:30 [INF] Executed action PrisonerPortal.Controllers.AccountController.Login (PrisonerPortal) in 35.5219ms
2026-03-17 11:37:13.723 +05:30 [INF] Executed endpoint 'PrisonerPortal.Controllers.AccountController.Login (PrisonerPortal)'
2026-03-17 11:37:13.734 +05:30 [INF] Request finished HTTP/1.1 GET http://localhost:5050/ - 200 null text/html; charset=utf-8 97.1272ms
2026-03-17 11:37:20.396 +05:30 [INF] Request starting HTTP/1.1 POST http://localhost:5050/ - application/x-www-form-urlencoded 264
2026-03-17 11:37:20.421 +05:30 [INF] Executing endpoint 'PrisonerPortal.Controllers.AccountController.Login (PrisonerPortal)'
2026-03-17 11:37:20.431 +05:30 [INF] Route matched with {action = "Login", controller = "Account"}. Executing controller action with signature System.Threading.Tasks.Task`1[Microsoft.AspNetCore.Mvc.IActionResult] Login(PrisonerPortal.Models.ViewModels.LoginViewModel) on controller PrisonerPortal.Controllers.AccountController (PrisonerPortal).
2026-03-17 11:37:20.478 +05:30 [INF] Executed DbCommand (9ms) [Parameters=[@normalizedEmail='?' (Size = 256)], CommandType='"Text"', CommandTimeout='30']
SELECT TOP(2) [a].[Id], [a].[AccessFailedCount], [a].[Address], [a].[ConcurrencyStamp], [a].[CreatedAt], [a].[Email], [a].[EmailConfirmed], [a].[FullName], [a].[IsActive], [a].[LockoutEnabled], [a].[LockoutEnd], [a].[NormalizedEmail], [a].[NormalizedUserName], [a].[PasswordHash], [a].[PhoneNumber], [a].[PhoneNumberConfirmed], [a].[Role], [a].[SecurityStamp], [a].[TwoFactorEnabled], [a].[UserName]
FROM [AspNetUsers] AS [a]
WHERE [a].[NormalizedEmail] = @normalizedEmail
2026-03-17 11:37:20.509 +05:30 [INF] Executed DbCommand (9ms) [Parameters=[@normalizedUserName='?' (Size = 256)], CommandType='"Text"', CommandTimeout='30']
SELECT TOP(1) [a].[Id], [a].[AccessFailedCount], [a].[Address], [a].[ConcurrencyStamp], [a].[CreatedAt], [a].[Email], [a].[EmailConfirmed], [a].[FullName], [a].[IsActive], [a].[LockoutEnabled], [a].[LockoutEnd], [a].[NormalizedEmail], [a].[NormalizedUserName], [a].[PasswordHash], [a].[PhoneNumber], [a].[PhoneNumberConfirmed], [a].[Role], [a].[SecurityStamp], [a].[TwoFactorEnabled], [a].[UserName]
FROM [AspNetUsers] AS [a]
WHERE [a].[NormalizedUserName] = @normalizedUserName
2026-03-17 11:37:20.888 +05:30 [INF] Executed DbCommand (6ms) [Parameters=[@user_Id='?' (Size = 450)], CommandType='"Text"', CommandTimeout='30']
SELECT [a].[Id], [a].[ClaimType], [a].[ClaimValue], [a].[UserId]
FROM [AspNetUserClaims] AS [a]
WHERE [a].[UserId] = @user_Id
2026-03-17 11:37:20.912 +05:30 [INF] Executed DbCommand (7ms) [Parameters=[@userId='?' (Size = 450)], CommandType='"Text"', CommandTimeout='30']
SELECT [a0].[Name]
FROM [AspNetUserRoles] AS [a]
INNER JOIN [AspNetRoles] AS [a0] ON [a].[RoleId] = [a0].[Id]
WHERE [a].[UserId] = @userId
2026-03-17 11:37:20.943 +05:30 [INF] Executed DbCommand (12ms) [Parameters=[@normalizedName='?' (Size = 256)], CommandType='"Text"', CommandTimeout='30']
SELECT TOP(1) [a].[Id], [a].[ConcurrencyStamp], [a].[Name], [a].[NormalizedName]
FROM [AspNetRoles] AS [a]
WHERE [a].[NormalizedName] = @normalizedName
2026-03-17 11:37:20.976 +05:30 [INF] Executed DbCommand (8ms) [Parameters=[@role_Id='?' (Size = 450)], CommandType='"Text"', CommandTimeout='30']
SELECT [a].[ClaimType], [a].[ClaimValue]
FROM [AspNetRoleClaims] AS [a]
WHERE [a].[RoleId] = @role_Id
2026-03-17 11:37:20.998 +05:30 [INF] AuthenticationScheme: Identity.Application signed in.
2026-03-17 11:37:21.014 +05:30 [INF] Executed DbCommand (3ms) [Parameters=[@p0='?' (Size = 4000), @p1='?' (Size = 4000), @p2='?' (Size = 4000), @p3='?' (Size = 4000), @p4='?' (Size = 4000), @p5='?' (Size = 4000), @p6='?' (DbType = DateTime2), @p7='?' (Size = 450)], CommandType='"Text"', CommandTimeout='30']
SET IMPLICIT_TRANSACTIONS OFF;
SET NOCOUNT ON;
INSERT INTO [AuditLogs] ([Action], [EntityId], [EntityType], [IPAddress], [NewValues], [OldValues], [Timestamp], [UserId])
OUTPUT INSERTED.[LogId]
VALUES (@p0, @p1, @p2, @p3, @p4, @p5, @p6, @p7);
2026-03-17 11:37:21.036 +05:30 [INF] Executing RedirectResult, redirecting to /Family/Dashboard.
2026-03-17 11:37:21.044 +05:30 [INF] Executed action PrisonerPortal.Controllers.AccountController.Login (PrisonerPortal) in 589.7117ms
2026-03-17 11:37:21.056 +05:30 [INF] Executed endpoint 'PrisonerPortal.Controllers.AccountController.Login (PrisonerPortal)'
2026-03-17 11:37:21.068 +05:30 [INF] Request finished HTTP/1.1 POST http://localhost:5050/ - 302 0 null 671.3443ms
2026-03-17 11:37:21.119 +05:30 [INF] Request starting HTTP/1.1 GET http://localhost:5050/Family/Dashboard - null null
2026-03-17 11:37:21.150 +05:30 [INF] Executing endpoint 'PrisonerPortal.Controllers.FamilyController.Dashboard (PrisonerPortal)'
2026-03-17 11:37:21.164 +05:30 [INF] Route matched with {action = "Dashboard", controller = "Family"}. Executing controller action with signature System.Threading.Tasks.Task`1[Microsoft.AspNetCore.Mvc.IActionResult] Dashboard() on controller PrisonerPortal.Controllers.FamilyController (PrisonerPortal).
2026-03-17 11:37:21.207 +05:30 [INF] Executed DbCommand (16ms) [Parameters=[@p='?' (Size = 450)], CommandType='"Text"', CommandTimeout='30']
SELECT TOP(1) [a].[Id], [a].[AccessFailedCount], [a].[Address], [a].[ConcurrencyStamp], [a].[CreatedAt], [a].[Email], [a].[EmailConfirmed], [a].[FullName], [a].[IsActive], [a].[LockoutEnabled], [a].[LockoutEnd], [a].[NormalizedEmail], [a].[NormalizedUserName], [a].[PasswordHash], [a].[PhoneNumber], [a].[PhoneNumberConfirmed], [a].[Role], [a].[SecurityStamp], [a].[TwoFactorEnabled], [a].[UserName]
FROM [AspNetUsers] AS [a]
WHERE [a].[Id] = @p
2026-03-17 11:37:21.546 +05:30 [INF] Executed DbCommand (311ms) [Parameters=[@userId='?' (Size = 450)], CommandType='"Text"', CommandTimeout='30']
SELECT [f].[LinkId], [f].[IsVerified], [f].[LinkedAt], [f].[PrisonerId], [f].[Relationship], [f].[UserId], [f].[VerifiedByAdminId], [p].[PrisonerId], [p].[CaseNumber], [p].[CellBlock], [p].[CellNumber], [p].[CreatedAt], [p].[CrimeCategory], [p].[DateOfBirth], [p].[FullName], [p].[Gender], [p].[PrisonerCode], [p].[SentenceEndDate], [p].[SentenceStartDate], [p].[Status], [p].[UpdatedAt]
FROM [FamilyPrisonerLinks] AS [f]
INNER JOIN [Prisoners] AS [p] ON [f].[PrisonerId] = [p].[PrisonerId]
WHERE [f].[UserId] = @userId AND [f].[IsVerified] = CAST(1 AS bit)
2026-03-17 11:37:21.593 +05:30 [INF] Executed DbCommand (25ms) [Parameters=[@userId='?' (Size = 450)], CommandType='"Text"', CommandTimeout='30']
SELECT [a].[AppointmentId], [a].[AdminNotes], [a].[AppointmentCode], [a].[BookedAt], [a].[NumVisitors], [a].[PrisonerId], [a].[Purpose], [a].[RejectionReason], [a].[SlotId], [a].[Status], [a].[UpdatedAt], [a].[UserId], [a].[VisitorNames], [p].[PrisonerId], [p].[CaseNumber], [p].[CellBlock], [p].[CellNumber], [p].[CreatedAt], [p].[CrimeCategory], [p].[DateOfBirth], [p].[FullName], [p].[Gender], [p].[PrisonerCode], [p].[SentenceEndDate], [p].[SentenceStartDate], [p].[Status], [p].[UpdatedAt], [v].[SlotId], [v].[CreatedAt], [v].[CreatedByAdminId], [v].[CurrentBookings], [v].[EndTime], [v].[IsActive], [v].[MaxCapacity], [v].[SlotDate], [v].[StartTime]
FROM [Appointments] AS [a]
INNER JOIN [Prisoners] AS [p] ON [a].[PrisonerId] = [p].[PrisonerId]
INNER JOIN [VisitSlots] AS [v] ON [a].[SlotId] = [v].[SlotId]
WHERE [a].[UserId] = @userId
ORDER BY [a].[BookedAt] DESC
2026-03-17 11:37:21.628 +05:30 [INF] Executed DbCommand (17ms) [Parameters=[@userId='?' (Size = 450)], CommandType='"Text"', CommandTimeout='30']
SELECT [s].[RequestId], [s].[AdminResponse], [s].[AssignedAdminId], [s].[Category], [s].[CreatedAt], [s].[Description], [s].[Priority], [s].[PrisonerId], [s].[RequestCode], [s].[ResolvedAt], [s].[Status], [s].[Subject], [s].[UpdatedAt], [s].[UserId], [p].[PrisonerId], [p].[CaseNumber], [p].[CellBlock], [p].[CellNumber], [p].[CreatedAt], [p].[CrimeCategory], [p].[DateOfBirth], [p].[FullName], [p].[Gender], [p].[PrisonerCode], [p].[SentenceEndDate], [p].[SentenceStartDate], [p].[Status], [p].[UpdatedAt]
FROM [SupportRequests] AS [s]
INNER JOIN [Prisoners] AS [p] ON [s].[PrisonerId] = [p].[PrisonerId]
WHERE [s].[UserId] = @userId
ORDER BY [s].[CreatedAt] DESC
2026-03-17 11:37:21.648 +05:30 [INF] Executing ViewResult, running view Dashboard.
2026-03-17 11:37:21.661 +05:30 [INF] Executed ViewResult - view Dashboard executed in 13.6697ms.
2026-03-17 11:37:21.673 +05:30 [INF] Executed action PrisonerPortal.Controllers.FamilyController.Dashboard (PrisonerPortal) in 492.4506ms
2026-03-17 11:37:21.684 +05:30 [INF] Executed endpoint 'PrisonerPortal.Controllers.FamilyController.Dashboard (PrisonerPortal)'
2026-03-17 11:37:21.696 +05:30 [INF] Request finished HTTP/1.1 GET http://localhost:5050/Family/Dashboard - 200 null text/html; charset=utf-8 576.9412ms
2026-03-17 11:37:21.788 +05:30 [INF] Request starting HTTP/1.1 GET http://localhost:5050/Notifications/GetUnreadCount - null null
2026-03-17 11:37:21.810 +05:30 [INF] Executing endpoint 'PrisonerPortal.Controllers.NotificationsController.GetUnreadCount (PrisonerPortal)'
2026-03-17 11:37:21.823 +05:30 [INF] Route matched with {action = "GetUnreadCount", controller = "Notifications"}. Executing controller action with signature Microsoft.AspNetCore.Mvc.IActionResult GetUnreadCount() on controller PrisonerPortal.Controllers.NotificationsController (PrisonerPortal).
2026-03-17 11:37:21.861 +05:30 [INF] Executed DbCommand (1ms) [Parameters=[@userId='?' (Size = 450)], CommandType='"Text"', CommandTimeout='30']
SELECT COUNT(*)
FROM [Notifications] AS [n]
WHERE [n].[UserId] = @userId AND [n].[IsRead] = CAST(0 AS bit)
2026-03-17 11:37:21.928 +05:30 [INF] Executing JsonResult, writing value of type '<>f__AnonymousType1`1[[System.Int32, System.Private.CoreLib, Version=10.0.0.0, Culture=neutral, PublicKeyToken=7cec85d7bea7798e]]'.
2026-03-17 11:37:21.951 +05:30 [INF] Executed action PrisonerPortal.Controllers.NotificationsController.GetUnreadCount (PrisonerPortal) in 95.512ms
2026-03-17 11:37:21.973 +05:30 [INF] Executed endpoint 'PrisonerPortal.Controllers.NotificationsController.GetUnreadCount (PrisonerPortal)'
2026-03-17 11:37:22.003 +05:30 [INF] Request finished HTTP/1.1 GET http://localhost:5050/Notifications/GetUnreadCount - 200 null application/json; charset=utf-8 213.1291ms
2026-03-17 11:37:25.202 +05:30 [INF] Request starting HTTP/1.1 GET http://localhost:5050/Family/SearchPrisoner - null null
2026-03-17 11:37:25.231 +05:30 [INF] Executing endpoint 'PrisonerPortal.Controllers.FamilyController.SearchPrisoner (PrisonerPortal)'
2026-03-17 11:37:25.272 +05:30 [INF] Route matched with {action = "SearchPrisoner", controller = "Family"}. Executing controller action with signature System.Threading.Tasks.Task`1[Microsoft.AspNetCore.Mvc.IActionResult] SearchPrisoner(System.String) on controller PrisonerPortal.Controllers.FamilyController (PrisonerPortal).
2026-03-17 11:37:25.313 +05:30 [INF] Executed DbCommand (1ms) [Parameters=[@p='?' (Size = 450)], CommandType='"Text"', CommandTimeout='30']
SELECT TOP(1) [a].[Id], [a].[AccessFailedCount], [a].[Address], [a].[ConcurrencyStamp], [a].[CreatedAt], [a].[Email], [a].[EmailConfirmed], [a].[FullName], [a].[IsActive], [a].[LockoutEnabled], [a].[LockoutEnd], [a].[NormalizedEmail], [a].[NormalizedUserName], [a].[PasswordHash], [a].[PhoneNumber], [a].[PhoneNumberConfirmed], [a].[Role], [a].[SecurityStamp], [a].[TwoFactorEnabled], [a].[UserName]
FROM [AspNetUsers] AS [a]
WHERE [a].[Id] = @p
2026-03-17 11:37:25.386 +05:30 [INF] Executed DbCommand (5ms) [Parameters=[@user_Id='?' (Size = 450)], CommandType='"Text"', CommandTimeout='30']
SELECT [f].[LinkId], [f].[IsVerified], [f].[LinkedAt], [f].[PrisonerId], [f].[Relationship], [f].[UserId], [f].[VerifiedByAdminId]
FROM [FamilyPrisonerLinks] AS [f]
WHERE [f].[UserId] = @user_Id
2026-03-17 11:37:25.423 +05:30 [INF] Executing ViewResult, running view SearchPrisoner.
2026-03-17 11:37:25.495 +05:30 [INF] Executed ViewResult - view SearchPrisoner executed in 81.6215ms.
2026-03-17 11:37:25.507 +05:30 [INF] Executed action PrisonerPortal.Controllers.FamilyController.SearchPrisoner (PrisonerPortal) in 219.8658ms
2026-03-17 11:37:25.518 +05:30 [INF] Executed endpoint 'PrisonerPortal.Controllers.FamilyController.SearchPrisoner (PrisonerPortal)'
2026-03-17 11:37:25.528 +05:30 [INF] Request finished HTTP/1.1 GET http://localhost:5050/Family/SearchPrisoner - 200 null text/html; charset=utf-8 325.1225ms
2026-03-17 11:37:25.604 +05:30 [INF] Request starting HTTP/1.1 GET http://localhost:5050/Notifications/GetUnreadCount - null null
2026-03-17 11:37:25.625 +05:30 [INF] Executing endpoint 'PrisonerPortal.Controllers.NotificationsController.GetUnreadCount (PrisonerPortal)'
2026-03-17 11:37:25.634 +05:30 [INF] Route matched with {action = "GetUnreadCount", controller = "Notifications"}. Executing controller action with signature Microsoft.AspNetCore.Mvc.IActionResult GetUnreadCount() on controller PrisonerPortal.Controllers.NotificationsController (PrisonerPortal).
2026-03-17 11:37:25.655 +05:30 [INF] Executed DbCommand (3ms) [Parameters=[@userId='?' (Size = 450)], CommandType='"Text"', CommandTimeout='30']
SELECT COUNT(*)
FROM [Notifications] AS [n]
WHERE [n].[UserId] = @userId AND [n].[IsRead] = CAST(0 AS bit)
2026-03-17 11:37:25.670 +05:30 [INF] Executing JsonResult, writing value of type '<>f__AnonymousType1`1[[System.Int32, System.Private.CoreLib, Version=10.0.0.0, Culture=neutral, PublicKeyToken=7cec85d7bea7798e]]'.
2026-03-17 11:37:25.690 +05:30 [INF] Executed action PrisonerPortal.Controllers.NotificationsController.GetUnreadCount (PrisonerPortal) in 42.391ms
2026-03-17 11:37:25.703 +05:30 [INF] Executed endpoint 'PrisonerPortal.Controllers.NotificationsController.GetUnreadCount (PrisonerPortal)'
2026-03-17 11:37:25.715 +05:30 [INF] Request finished HTTP/1.1 GET http://localhost:5050/Notifications/GetUnreadCount - 200 null application/json; charset=utf-8 111.2998ms
2026-03-17 11:37:28.019 +05:30 [INF] Request starting HTTP/1.1 GET http://localhost:5050/Family/MyAppointments - null null
2026-03-17 11:37:28.044 +05:30 [INF] Executing endpoint 'PrisonerPortal.Controllers.FamilyController.MyAppointments (PrisonerPortal)'
2026-03-17 11:37:28.103 +05:30 [INF] Route matched with {action = "MyAppointments", controller = "Family"}. Executing controller action with signature System.Threading.Tasks.Task`1[Microsoft.AspNetCore.Mvc.IActionResult] MyAppointments() on controller PrisonerPortal.Controllers.FamilyController (PrisonerPortal).
2026-03-17 11:37:28.128 +05:30 [INF] Executed DbCommand (2ms) [Parameters=[@p='?' (Size = 450)], CommandType='"Text"', CommandTimeout='30']
SELECT TOP(1) [a].[Id], [a].[AccessFailedCount], [a].[Address], [a].[ConcurrencyStamp], [a].[CreatedAt], [a].[Email], [a].[EmailConfirmed], [a].[FullName], [a].[IsActive], [a].[LockoutEnabled], [a].[LockoutEnd], [a].[NormalizedEmail], [a].[NormalizedUserName], [a].[PasswordHash], [a].[PhoneNumber], [a].[PhoneNumberConfirmed], [a].[Role], [a].[SecurityStamp], [a].[TwoFactorEnabled], [a].[UserName]
FROM [AspNetUsers] AS [a]
WHERE [a].[Id] = @p
2026-03-17 11:37:28.156 +05:30 [INF] Executed DbCommand (3ms) [Parameters=[@userId='?' (Size = 450)], CommandType='"Text"', CommandTimeout='30']
SELECT [a].[AppointmentId], [a].[AdminNotes], [a].[AppointmentCode], [a].[BookedAt], [a].[NumVisitors], [a].[PrisonerId], [a].[Purpose], [a].[RejectionReason], [a].[SlotId], [a].[Status], [a].[UpdatedAt], [a].[UserId], [a].[VisitorNames], [p].[PrisonerId], [p].[CaseNumber], [p].[CellBlock], [p].[CellNumber], [p].[CreatedAt], [p].[CrimeCategory], [p].[DateOfBirth], [p].[FullName], [p].[Gender], [p].[PrisonerCode], [p].[SentenceEndDate], [p].[SentenceStartDate], [p].[Status], [p].[UpdatedAt], [v].[SlotId], [v].[CreatedAt], [v].[CreatedByAdminId], [v].[CurrentBookings], [v].[EndTime], [v].[IsActive], [v].[MaxCapacity], [v].[SlotDate], [v].[StartTime]
FROM [Appointments] AS [a]
INNER JOIN [Prisoners] AS [p] ON [a].[PrisonerId] = [p].[PrisonerId]
INNER JOIN [VisitSlots] AS [v] ON [a].[SlotId] = [v].[SlotId]
WHERE [a].[UserId] = @userId
ORDER BY [a].[BookedAt] DESC
2026-03-17 11:37:28.196 +05:30 [INF] Executing ViewResult, running view MyAppointments.
2026-03-17 11:37:28.261 +05:30 [INF] Request starting HTTP/1.1 GET http://localhost:5050/Family/MyAppointments - null null
2026-03-17 11:37:28.272 +05:30 [INF] Executed ViewResult - view MyAppointments executed in 91.4967ms.
2026-03-17 11:37:28.280 +05:30 [INF] Executing endpoint 'PrisonerPortal.Controllers.FamilyController.MyAppointments (PrisonerPortal)'
2026-03-17 11:37:28.292 +05:30 [INF] Executed action PrisonerPortal.Controllers.FamilyController.MyAppointments (PrisonerPortal) in 171.7771ms
2026-03-17 11:37:28.302 +05:30 [INF] Route matched with {action = "MyAppointments", controller = "Family"}. Executing controller action with signature System.Threading.Tasks.Task`1[Microsoft.AspNetCore.Mvc.IActionResult] MyAppointments() on controller PrisonerPortal.Controllers.FamilyController (PrisonerPortal).
2026-03-17 11:37:28.314 +05:30 [INF] Executed endpoint 'PrisonerPortal.Controllers.FamilyController.MyAppointments (PrisonerPortal)'
2026-03-17 11:37:28.339 +05:30 [INF] Executed DbCommand (2ms) [Parameters=[@p='?' (Size = 450)], CommandType='"Text"', CommandTimeout='30']
SELECT TOP(1) [a].[Id], [a].[AccessFailedCount], [a].[Address], [a].[ConcurrencyStamp], [a].[CreatedAt], [a].[Email], [a].[EmailConfirmed], [a].[FullName], [a].[IsActive], [a].[LockoutEnabled], [a].[LockoutEnd], [a].[NormalizedEmail], [a].[NormalizedUserName], [a].[PasswordHash], [a].[PhoneNumber], [a].[PhoneNumberConfirmed], [a].[Role], [a].[SecurityStamp], [a].[TwoFactorEnabled], [a].[UserName]
FROM [AspNetUsers] AS [a]
WHERE [a].[Id] = @p
2026-03-17 11:37:28.341 +05:30 [INF] Request finished HTTP/1.1 GET http://localhost:5050/Family/MyAppointments - 200 null text/html; charset=utf-8 321.6356ms
2026-03-17 11:37:28.366 +05:30 [INF] Executed DbCommand (3ms) [Parameters=[@userId='?' (Size = 450)], CommandType='"Text"', CommandTimeout='30']
SELECT [a].[AppointmentId], [a].[AdminNotes], [a].[AppointmentCode], [a].[BookedAt], [a].[NumVisitors], [a].[PrisonerId], [a].[Purpose], [a].[RejectionReason], [a].[SlotId], [a].[Status], [a].[UpdatedAt], [a].[UserId], [a].[VisitorNames], [p].[PrisonerId], [p].[CaseNumber], [p].[CellBlock], [p].[CellNumber], [p].[CreatedAt], [p].[CrimeCategory], [p].[DateOfBirth], [p].[FullName], [p].[Gender], [p].[PrisonerCode], [p].[SentenceEndDate], [p].[SentenceStartDate], [p].[Status], [p].[UpdatedAt], [v].[SlotId], [v].[CreatedAt], [v].[CreatedByAdminId], [v].[CurrentBookings], [v].[EndTime], [v].[IsActive], [v].[MaxCapacity], [v].[SlotDate], [v].[StartTime]
FROM [Appointments] AS [a]
INNER JOIN [Prisoners] AS [p] ON [a].[PrisonerId] = [p].[PrisonerId]
INNER JOIN [VisitSlots] AS [v] ON [a].[SlotId] = [v].[SlotId]
WHERE [a].[UserId] = @userId
ORDER BY [a].[BookedAt] DESC
2026-03-17 11:37:28.401 +05:30 [INF] Executing ViewResult, running view MyAppointments.
2026-03-17 11:37:28.410 +05:30 [INF] Executed ViewResult - view MyAppointments executed in 8.5945ms.
2026-03-17 11:37:28.422 +05:30 [INF] Executed action PrisonerPortal.Controllers.FamilyController.MyAppointments (PrisonerPortal) in 90.4858ms
2026-03-17 11:37:28.435 +05:30 [INF] Executed endpoint 'PrisonerPortal.Controllers.FamilyController.MyAppointments (PrisonerPortal)'
2026-03-17 11:37:28.441 +05:30 [INF] Request finished HTTP/1.1 GET http://localhost:5050/Family/MyAppointments - 200 null text/html; charset=utf-8 180.5115ms
2026-03-17 11:37:28.526 +05:30 [INF] Request starting HTTP/1.1 GET http://localhost:5050/Notifications/GetUnreadCount - null null
2026-03-17 11:37:28.545 +05:30 [INF] Executing endpoint 'PrisonerPortal.Controllers.NotificationsController.GetUnreadCount (PrisonerPortal)'
2026-03-17 11:37:28.557 +05:30 [INF] Route matched with {action = "GetUnreadCount", controller = "Notifications"}. Executing controller action with signature Microsoft.AspNetCore.Mvc.IActionResult GetUnreadCount() on controller PrisonerPortal.Controllers.NotificationsController (PrisonerPortal).
2026-03-17 11:37:28.584 +05:30 [INF] Executed DbCommand (3ms) [Parameters=[@userId='?' (Size = 450)], CommandType='"Text"', CommandTimeout='30']
SELECT COUNT(*)
FROM [Notifications] AS [n]
WHERE [n].[UserId] = @userId AND [n].[IsRead] = CAST(0 AS bit)
2026-03-17 11:37:28.604 +05:30 [INF] Executing JsonResult, writing value of type '<>f__AnonymousType1`1[[System.Int32, System.Private.CoreLib, Version=10.0.0.0, Culture=neutral, PublicKeyToken=7cec85d7bea7798e]]'.
2026-03-17 11:37:28.620 +05:30 [INF] Executed action PrisonerPortal.Controllers.NotificationsController.GetUnreadCount (PrisonerPortal) in 45.6878ms
2026-03-17 11:37:28.653 +05:30 [INF] Executed endpoint 'PrisonerPortal.Controllers.NotificationsController.GetUnreadCount (PrisonerPortal)'
2026-03-17 11:37:28.668 +05:30 [INF] Request finished HTTP/1.1 GET http://localhost:5050/Notifications/GetUnreadCount - 200 null application/json; charset=utf-8 142.7057ms
2026-03-17 11:37:30.436 +05:30 [INF] Request starting HTTP/1.1 GET http://localhost:5050/Family/BookVisit - null null
2026-03-17 11:37:30.456 +05:30 [INF] Executing endpoint 'PrisonerPortal.Controllers.FamilyController.BookVisit (PrisonerPortal)'
2026-03-17 11:37:30.510 +05:30 [INF] Route matched with {action = "BookVisit", controller = "Family"}. Executing controller action with signature System.Threading.Tasks.Task`1[Microsoft.AspNetCore.Mvc.IActionResult] BookVisit(System.Nullable`1[System.Int32]) on controller PrisonerPortal.Controllers.FamilyController (PrisonerPortal).
2026-03-17 11:37:30.541 +05:30 [INF] Executed DbCommand (2ms) [Parameters=[@p='?' (Size = 450)], CommandType='"Text"', CommandTimeout='30']
SELECT TOP(1) [a].[Id], [a].[AccessFailedCount], [a].[Address], [a].[ConcurrencyStamp], [a].[CreatedAt], [a].[Email], [a].[EmailConfirmed], [a].[FullName], [a].[IsActive], [a].[LockoutEnabled], [a].[LockoutEnd], [a].[NormalizedEmail], [a].[NormalizedUserName], [a].[PasswordHash], [a].[PhoneNumber], [a].[PhoneNumberConfirmed], [a].[Role], [a].[SecurityStamp], [a].[TwoFactorEnabled], [a].[UserName]
FROM [AspNetUsers] AS [a]
WHERE [a].[Id] = @p
2026-03-17 11:37:30.561 +05:30 [INF] Executed DbCommand (2ms) [Parameters=[@userId='?' (Size = 450)], CommandType='"Text"', CommandTimeout='30']
SELECT [f].[LinkId], [f].[IsVerified], [f].[LinkedAt], [f].[PrisonerId], [f].[Relationship], [f].[UserId], [f].[VerifiedByAdminId], [p].[PrisonerId], [p].[CaseNumber], [p].[CellBlock], [p].[CellNumber], [p].[CreatedAt], [p].[CrimeCategory], [p].[DateOfBirth], [p].[FullName], [p].[Gender], [p].[PrisonerCode], [p].[SentenceEndDate], [p].[SentenceStartDate], [p].[Status], [p].[UpdatedAt]
FROM [FamilyPrisonerLinks] AS [f]
INNER JOIN [Prisoners] AS [p] ON [f].[PrisonerId] = [p].[PrisonerId]
WHERE [f].[UserId] = @userId AND [f].[IsVerified] = CAST(1 AS bit)
2026-03-17 11:37:30.680 +05:30 [INF] Executed DbCommand (36ms) [Parameters=[], CommandType='"Text"', CommandTimeout='30']
SELECT [v].[SlotId], [v].[CreatedAt], [v].[CreatedByAdminId], [v].[CurrentBookings], [v].[EndTime], [v].[IsActive], [v].[MaxCapacity], [v].[SlotDate], [v].[StartTime]
FROM [VisitSlots] AS [v]
WHERE [v].[IsActive] = CAST(1 AS bit) AND [v].[SlotDate] >= CONVERT(date, GETUTCDATE())
ORDER BY [v].[SlotDate], [v].[StartTime]
2026-03-17 11:37:30.721 +05:30 [INF] Executing ViewResult, running view BookVisit.
2026-03-17 11:37:30.911 +05:30 [INF] Executed ViewResult - view BookVisit executed in 200.9454ms.
2026-03-17 11:37:30.924 +05:30 [INF] Executed action PrisonerPortal.Controllers.FamilyController.BookVisit (PrisonerPortal) in 400.7144ms
2026-03-17 11:37:30.939 +05:30 [INF] Executed endpoint 'PrisonerPortal.Controllers.FamilyController.BookVisit (PrisonerPortal)'
2026-03-17 11:37:30.949 +05:30 [INF] Request finished HTTP/1.1 GET http://localhost:5050/Family/BookVisit - 200 null text/html; charset=utf-8 513.3327ms
2026-03-17 11:37:31.049 +05:30 [INF] Request starting HTTP/1.1 GET http://localhost:5050/Notifications/GetUnreadCount - null null
2026-03-17 11:37:31.067 +05:30 [INF] Executing endpoint 'PrisonerPortal.Controllers.NotificationsController.GetUnreadCount (PrisonerPortal)'
2026-03-17 11:37:31.073 +05:30 [INF] Route matched with {action = "GetUnreadCount", controller = "Notifications"}. Executing controller action with signature Microsoft.AspNetCore.Mvc.IActionResult GetUnreadCount() on controller PrisonerPortal.Controllers.NotificationsController (PrisonerPortal).
2026-03-17 11:37:31.093 +05:30 [INF] Executed DbCommand (2ms) [Parameters=[@userId='?' (Size = 450)], CommandType='"Text"', CommandTimeout='30']
SELECT COUNT(*)
FROM [Notifications] AS [n]
WHERE [n].[UserId] = @userId AND [n].[IsRead] = CAST(0 AS bit)
2026-03-17 11:37:31.119 +05:30 [INF] Executing JsonResult, writing value of type '<>f__AnonymousType1`1[[System.Int32, System.Private.CoreLib, Version=10.0.0.0, Culture=neutral, PublicKeyToken=7cec85d7bea7798e]]'.
2026-03-17 11:37:31.128 +05:30 [INF] Executed action PrisonerPortal.Controllers.NotificationsController.GetUnreadCount (PrisonerPortal) in 38.6279ms
2026-03-17 11:37:31.140 +05:30 [INF] Executed endpoint 'PrisonerPortal.Controllers.NotificationsController.GetUnreadCount (PrisonerPortal)'
2026-03-17 11:37:31.149 +05:30 [INF] Request finished HTTP/1.1 GET http://localhost:5050/Notifications/GetUnreadCount - 200 null application/json; charset=utf-8 99.1651ms
2026-03-17 11:37:34.026 +05:30 [INF] Request starting HTTP/1.1 GET http://localhost:5050/Family/Dashboard - null null
2026-03-17 11:37:34.054 +05:30 [INF] Executing endpoint 'PrisonerPortal.Controllers.FamilyController.Dashboard (PrisonerPortal)'
2026-03-17 11:37:34.064 +05:30 [INF] Route matched with {action = "Dashboard", controller = "Family"}. Executing controller action with signature System.Threading.Tasks.Task`1[Microsoft.AspNetCore.Mvc.IActionResult] Dashboard() on controller PrisonerPortal.Controllers.FamilyController (PrisonerPortal).
2026-03-17 11:37:34.096 +05:30 [INF] Executed DbCommand (2ms) [Parameters=[@p='?' (Size = 450)], CommandType='"Text"', CommandTimeout='30']
SELECT TOP(1) [a].[Id], [a].[AccessFailedCount], [a].[Address], [a].[ConcurrencyStamp], [a].[CreatedAt], [a].[Email], [a].[EmailConfirmed], [a].[FullName], [a].[IsActive], [a].[LockoutEnabled], [a].[LockoutEnd], [a].[NormalizedEmail], [a].[NormalizedUserName], [a].[PasswordHash], [a].[PhoneNumber], [a].[PhoneNumberConfirmed], [a].[Role], [a].[SecurityStamp], [a].[TwoFactorEnabled], [a].[UserName]
FROM [AspNetUsers] AS [a]
WHERE [a].[Id] = @p
2026-03-17 11:37:34.126 +05:30 [INF] Executed DbCommand (3ms) [Parameters=[@userId='?' (Size = 450)], CommandType='"Text"', CommandTimeout='30']
SELECT [f].[LinkId], [f].[IsVerified], [f].[LinkedAt], [f].[PrisonerId], [f].[Relationship], [f].[UserId], [f].[VerifiedByAdminId], [p].[PrisonerId], [p].[CaseNumber], [p].[CellBlock], [p].[CellNumber], [p].[CreatedAt], [p].[CrimeCategory], [p].[DateOfBirth], [p].[FullName], [p].[Gender], [p].[PrisonerCode], [p].[SentenceEndDate], [p].[SentenceStartDate], [p].[Status], [p].[UpdatedAt]
FROM [FamilyPrisonerLinks] AS [f]
INNER JOIN [Prisoners] AS [p] ON [f].[PrisonerId] = [p].[PrisonerId]
WHERE [f].[UserId] = @userId AND [f].[IsVerified] = CAST(1 AS bit)
2026-03-17 11:37:34.149 +05:30 [INF] Executed DbCommand (2ms) [Parameters=[@userId='?' (Size = 450)], CommandType='"Text"', CommandTimeout='30']
SELECT [a].[AppointmentId], [a].[AdminNotes], [a].[AppointmentCode], [a].[BookedAt], [a].[NumVisitors], [a].[PrisonerId], [a].[Purpose], [a].[RejectionReason], [a].[SlotId], [a].[Status], [a].[UpdatedAt], [a].[UserId], [a].[VisitorNames], [p].[PrisonerId], [p].[CaseNumber], [p].[CellBlock], [p].[CellNumber], [p].[CreatedAt], [p].[CrimeCategory], [p].[DateOfBirth], [p].[FullName], [p].[Gender], [p].[PrisonerCode], [p].[SentenceEndDate], [p].[SentenceStartDate], [p].[Status], [p].[UpdatedAt], [v].[SlotId], [v].[CreatedAt], [v].[CreatedByAdminId], [v].[CurrentBookings], [v].[EndTime], [v].[IsActive], [v].[MaxCapacity], [v].[SlotDate], [v].[StartTime]
FROM [Appointments] AS [a]
INNER JOIN [Prisoners] AS [p] ON [a].[PrisonerId] = [p].[PrisonerId]
INNER JOIN [VisitSlots] AS [v] ON [a].[SlotId] = [v].[SlotId]
WHERE [a].[UserId] = @userId
ORDER BY [a].[BookedAt] DESC
2026-03-17 11:37:34.171 +05:30 [INF] Executed DbCommand (2ms) [Parameters=[@userId='?' (Size = 450)], CommandType='"Text"', CommandTimeout='30']
SELECT [s].[RequestId], [s].[AdminResponse], [s].[AssignedAdminId], [s].[Category], [s].[CreatedAt], [s].[Description], [s].[Priority], [s].[PrisonerId], [s].[RequestCode], [s].[ResolvedAt], [s].[Status], [s].[Subject], [s].[UpdatedAt], [s].[UserId], [p].[PrisonerId], [p].[CaseNumber], [p].[CellBlock], [p].[CellNumber], [p].[CreatedAt], [p].[CrimeCategory], [p].[DateOfBirth], [p].[FullName], [p].[Gender], [p].[PrisonerCode], [p].[SentenceEndDate], [p].[SentenceStartDate], [p].[Status], [p].[UpdatedAt]
FROM [SupportRequests] AS [s]
INNER JOIN [Prisoners] AS [p] ON [s].[PrisonerId] = [p].[PrisonerId]
WHERE [s].[UserId] = @userId
ORDER BY [s].[CreatedAt] DESC
2026-03-17 11:37:34.186 +05:30 [INF] Executing ViewResult, running view Dashboard.
2026-03-17 11:37:34.200 +05:30 [INF] Executed ViewResult - view Dashboard executed in 14.0222ms.
2026-03-17 11:37:34.209 +05:30 [INF] Executed action PrisonerPortal.Controllers.FamilyController.Dashboard (PrisonerPortal) in 120.1929ms
2026-03-17 11:37:34.221 +05:30 [INF] Executed endpoint 'PrisonerPortal.Controllers.FamilyController.Dashboard (PrisonerPortal)'
2026-03-17 11:37:34.236 +05:30 [INF] Request finished HTTP/1.1 GET http://localhost:5050/Family/Dashboard - 200 null text/html; charset=utf-8 209.3312ms
2026-03-17 11:37:34.369 +05:30 [INF] Request starting HTTP/1.1 GET http://localhost:5050/Notifications/GetUnreadCount - null null
2026-03-17 11:37:34.389 +05:30 [INF] Executing endpoint 'PrisonerPortal.Controllers.NotificationsController.GetUnreadCount (PrisonerPortal)'
2026-03-17 11:37:34.396 +05:30 [INF] Route matched with {action = "GetUnreadCount", controller = "Notifications"}. Executing controller action with signature Microsoft.AspNetCore.Mvc.IActionResult GetUnreadCount() on controller PrisonerPortal.Controllers.NotificationsController (PrisonerPortal).
2026-03-17 11:37:34.437 +05:30 [INF] Executed DbCommand (2ms) [Parameters=[@userId='?' (Size = 450)], CommandType='"Text"', CommandTimeout='30']
SELECT COUNT(*)
FROM [Notifications] AS [n]
WHERE [n].[UserId] = @userId AND [n].[IsRead] = CAST(0 AS bit)
2026-03-17 11:37:34.455 +05:30 [INF] Executing JsonResult, writing value of type '<>f__AnonymousType1`1[[System.Int32, System.Private.CoreLib, Version=10.0.0.0, Culture=neutral, PublicKeyToken=7cec85d7bea7798e]]'.
2026-03-17 11:37:34.466 +05:30 [INF] Executed action PrisonerPortal.Controllers.NotificationsController.GetUnreadCount (PrisonerPortal) in 38.8787ms
2026-03-17 11:37:34.474 +05:30 [INF] Executed endpoint 'PrisonerPortal.Controllers.NotificationsController.GetUnreadCount (PrisonerPortal)'
2026-03-17 11:37:34.483 +05:30 [INF] Request finished HTTP/1.1 GET http://localhost:5050/Notifications/GetUnreadCount - 200 null application/json; charset=utf-8 113.7374ms
2026-03-17 11:37:38.747 +05:30 [INF] Request starting HTTP/1.1 GET http://localhost:5050/Family/BookVisit - null null
2026-03-17 11:37:38.771 +05:30 [INF] Executing endpoint 'PrisonerPortal.Controllers.FamilyController.BookVisit (PrisonerPortal)'
2026-03-17 11:37:38.788 +05:30 [INF] Route matched with {action = "BookVisit", controller = "Family"}. Executing controller action with signature System.Threading.Tasks.Task`1[Microsoft.AspNetCore.Mvc.IActionResult] BookVisit(System.Nullable`1[System.Int32]) on controller PrisonerPortal.Controllers.FamilyController (PrisonerPortal).
2026-03-17 11:37:38.830 +05:30 [INF] Executed DbCommand (16ms) [Parameters=[@p='?' (Size = 450)], CommandType='"Text"', CommandTimeout='30']
SELECT TOP(1) [a].[Id], [a].[AccessFailedCount], [a].[Address], [a].[ConcurrencyStamp], [a].[CreatedAt], [a].[Email], [a].[EmailConfirmed], [a].[FullName], [a].[IsActive], [a].[LockoutEnabled], [a].[LockoutEnd], [a].[NormalizedEmail], [a].[NormalizedUserName], [a].[PasswordHash], [a].[PhoneNumber], [a].[PhoneNumberConfirmed], [a].[Role], [a].[SecurityStamp], [a].[TwoFactorEnabled], [a].[UserName]
FROM [AspNetUsers] AS [a]
WHERE [a].[Id] = @p
2026-03-17 11:37:38.875 +05:30 [INF] Executed DbCommand (23ms) [Parameters=[@userId='?' (Size = 450)], CommandType='"Text"', CommandTimeout='30']
SELECT [f].[LinkId], [f].[IsVerified], [f].[LinkedAt], [f].[PrisonerId], [f].[Relationship], [f].[UserId], [f].[VerifiedByAdminId], [p].[PrisonerId], [p].[CaseNumber], [p].[CellBlock], [p].[CellNumber], [p].[CreatedAt], [p].[CrimeCategory], [p].[DateOfBirth], [p].[FullName], [p].[Gender], [p].[PrisonerCode], [p].[SentenceEndDate], [p].[SentenceStartDate], [p].[Status], [p].[UpdatedAt]
FROM [FamilyPrisonerLinks] AS [f]
INNER JOIN [Prisoners] AS [p] ON [f].[PrisonerId] = [p].[PrisonerId]
WHERE [f].[UserId] = @userId AND [f].[IsVerified] = CAST(1 AS bit)
2026-03-17 11:37:38.917 +05:30 [INF] Executed DbCommand (20ms) [Parameters=[], CommandType='"Text"', CommandTimeout='30']
SELECT [v].[SlotId], [v].[CreatedAt], [v].[CreatedByAdminId], [v].[CurrentBookings], [v].[EndTime], [v].[IsActive], [v].[MaxCapacity], [v].[SlotDate], [v].[StartTime]
FROM [VisitSlots] AS [v]
WHERE [v].[IsActive] = CAST(1 AS bit) AND [v].[SlotDate] >= CONVERT(date, GETUTCDATE())
ORDER BY [v].[SlotDate], [v].[StartTime]
2026-03-17 11:37:38.937 +05:30 [INF] Executing ViewResult, running view BookVisit.
2026-03-17 11:37:38.965 +05:30 [INF] Executed ViewResult - view BookVisit executed in 28.2275ms.
2026-03-17 11:37:38.980 +05:30 [INF] Executed action PrisonerPortal.Controllers.FamilyController.BookVisit (PrisonerPortal) in 168.8597ms
2026-03-17 11:37:38.990 +05:30 [INF] Executed endpoint 'PrisonerPortal.Controllers.FamilyController.BookVisit (PrisonerPortal)'
2026-03-17 11:37:39.005 +05:30 [INF] Request finished HTTP/1.1 GET http://localhost:5050/Family/BookVisit - 200 null text/html; charset=utf-8 258.4416ms
2026-03-17 11:37:39.137 +05:30 [INF] Request starting HTTP/1.1 GET http://localhost:5050/Notifications/GetUnreadCount - null null
2026-03-17 11:37:39.179 +05:30 [INF] Executing endpoint 'PrisonerPortal.Controllers.NotificationsController.GetUnreadCount (PrisonerPortal)'
2026-03-17 11:37:39.197 +05:30 [INF] Route matched with {action = "GetUnreadCount", controller = "Notifications"}. Executing controller action with signature Microsoft.AspNetCore.Mvc.IActionResult GetUnreadCount() on controller PrisonerPortal.Controllers.NotificationsController (PrisonerPortal).
2026-03-17 11:37:39.242 +05:30 [INF] Executed DbCommand (21ms) [Parameters=[@userId='?' (Size = 450)], CommandType='"Text"', CommandTimeout='30']
SELECT COUNT(*)
FROM [Notifications] AS [n]
WHERE [n].[UserId] = @userId AND [n].[IsRead] = CAST(0 AS bit)
2026-03-17 11:37:39.254 +05:30 [INF] Executing JsonResult, writing value of type '<>f__AnonymousType1`1[[System.Int32, System.Private.CoreLib, Version=10.0.0.0, Culture=neutral, PublicKeyToken=7cec85d7bea7798e]]'.
2026-03-17 11:37:39.264 +05:30 [INF] Executed action PrisonerPortal.Controllers.NotificationsController.GetUnreadCount (PrisonerPortal) in 47.6863ms
2026-03-17 11:37:39.274 +05:30 [INF] Executed endpoint 'PrisonerPortal.Controllers.NotificationsController.GetUnreadCount (PrisonerPortal)'
2026-03-17 11:37:39.285 +05:30 [INF] Request finished HTTP/1.1 GET http://localhost:5050/Notifications/GetUnreadCount - 200 null application/json; charset=utf-8 147.9156ms
2026-03-17 11:37:44.506 +05:30 [INF] Request starting HTTP/1.1 GET http://localhost:5050/Family/MyAppointments - null null
2026-03-17 11:37:44.518 +05:30 [INF] Executing endpoint 'PrisonerPortal.Controllers.FamilyController.MyAppointments (PrisonerPortal)'
2026-03-17 11:37:44.524 +05:30 [INF] Route matched with {action = "MyAppointments", controller = "Family"}. Executing controller action with signature System.Threading.Tasks.Task`1[Microsoft.AspNetCore.Mvc.IActionResult] MyAppointments() on controller PrisonerPortal.Controllers.FamilyController (PrisonerPortal).
2026-03-17 11:37:44.562 +05:30 [INF] Executed DbCommand (18ms) [Parameters=[@p='?' (Size = 450)], CommandType='"Text"', CommandTimeout='30']
SELECT TOP(1) [a].[Id], [a].[AccessFailedCount], [a].[Address], [a].[ConcurrencyStamp], [a].[CreatedAt], [a].[Email], [a].[EmailConfirmed], [a].[FullName], [a].[IsActive], [a].[LockoutEnabled], [a].[LockoutEnd], [a].[NormalizedEmail], [a].[NormalizedUserName], [a].[PasswordHash], [a].[PhoneNumber], [a].[PhoneNumberConfirmed], [a].[Role], [a].[SecurityStamp], [a].[TwoFactorEnabled], [a].[UserName]
FROM [AspNetUsers] AS [a]
WHERE [a].[Id] = @p
2026-03-17 11:37:44.611 +05:30 [INF] Executed DbCommand (26ms) [Parameters=[@userId='?' (Size = 450)], CommandType='"Text"', CommandTimeout='30']
SELECT [a].[AppointmentId], [a].[AdminNotes], [a].[AppointmentCode], [a].[BookedAt], [a].[NumVisitors], [a].[PrisonerId], [a].[Purpose], [a].[RejectionReason], [a].[SlotId], [a].[Status], [a].[UpdatedAt], [a].[UserId], [a].[VisitorNames], [p].[PrisonerId], [p].[CaseNumber], [p].[CellBlock], [p].[CellNumber], [p].[CreatedAt], [p].[CrimeCategory], [p].[DateOfBirth], [p].[FullName], [p].[Gender], [p].[PrisonerCode], [p].[SentenceEndDate], [p].[SentenceStartDate], [p].[Status], [p].[UpdatedAt], [v].[SlotId], [v].[CreatedAt], [v].[CreatedByAdminId], [v].[CurrentBookings], [v].[EndTime], [v].[IsActive], [v].[MaxCapacity], [v].[SlotDate], [v].[StartTime]
FROM [Appointments] AS [a]
INNER JOIN [Prisoners] AS [p] ON [a].[PrisonerId] = [p].[PrisonerId]
INNER JOIN [VisitSlots] AS [v] ON [a].[SlotId] = [v].[SlotId]
WHERE [a].[UserId] = @userId
ORDER BY [a].[BookedAt] DESC
2026-03-17 11:37:44.628 +05:30 [INF] Executing ViewResult, running view MyAppointments.
2026-03-17 11:37:44.637 +05:30 [INF] Executed ViewResult - view MyAppointments executed in 8.9051ms.
2026-03-17 11:37:44.647 +05:30 [INF] Executed action PrisonerPortal.Controllers.FamilyController.MyAppointments (PrisonerPortal) in 107.8557ms
2026-03-17 11:37:44.654 +05:30 [INF] Executed endpoint 'PrisonerPortal.Controllers.FamilyController.MyAppointments (PrisonerPortal)'
2026-03-17 11:37:44.666 +05:30 [INF] Request finished HTTP/1.1 GET http://localhost:5050/Family/MyAppointments - 200 null text/html; charset=utf-8 159.9727ms
2026-03-17 11:37:44.734 +05:30 [INF] Request starting HTTP/1.1 GET http://localhost:5050/Notifications/GetUnreadCount - null null
2026-03-17 11:37:44.749 +05:30 [INF] Executing endpoint 'PrisonerPortal.Controllers.NotificationsController.GetUnreadCount (PrisonerPortal)'
2026-03-17 11:37:44.755 +05:30 [INF] Route matched with {action = "GetUnreadCount", controller = "Notifications"}. Executing controller action with signature Microsoft.AspNetCore.Mvc.IActionResult GetUnreadCount() on controller PrisonerPortal.Controllers.NotificationsController (PrisonerPortal).
2026-03-17 11:37:44.785 +05:30 [INF] Executed DbCommand (15ms) [Parameters=[@userId='?' (Size = 450)], CommandType='"Text"', CommandTimeout='30']
SELECT COUNT(*)
FROM [Notifications] AS [n]
WHERE [n].[UserId] = @userId AND [n].[IsRead] = CAST(0 AS bit)
2026-03-17 11:37:44.811 +05:30 [INF] Executing JsonResult, writing value of type '<>f__AnonymousType1`1[[System.Int32, System.Private.CoreLib, Version=10.0.0.0, Culture=neutral, PublicKeyToken=7cec85d7bea7798e]]'.
2026-03-17 11:37:44.818 +05:30 [INF] Executed action PrisonerPortal.Controllers.NotificationsController.GetUnreadCount (PrisonerPortal) in 51.4827ms
2026-03-17 11:37:44.827 +05:30 [INF] Executed endpoint 'PrisonerPortal.Controllers.NotificationsController.GetUnreadCount (PrisonerPortal)'
2026-03-17 11:37:44.834 +05:30 [INF] Request finished HTTP/1.1 GET http://localhost:5050/Notifications/GetUnreadCount - 200 null application/json; charset=utf-8 99.9825ms
2026-03-17 11:38:02.513 +05:30 [INF] Request starting HTTP/1.1 GET http://localhost:5050/Notifications/Index - null null
2026-03-17 11:38:02.533 +05:30 [INF] Executing endpoint 'PrisonerPortal.Controllers.NotificationsController.Index (PrisonerPortal)'
2026-03-17 11:38:02.581 +05:30 [INF] Route matched with {action = "Index", controller = "Notifications"}. Executing controller action with signature System.Threading.Tasks.Task`1[Microsoft.AspNetCore.Mvc.IActionResult] Index() on controller PrisonerPortal.Controllers.NotificationsController (PrisonerPortal).
2026-03-17 11:38:02.645 +05:30 [INF] Executed DbCommand (5ms) [Parameters=[@userId='?' (Size = 450)], CommandType='"Text"', CommandTimeout='30']
SELECT [n].[NotificationId], [n].[CreatedAt], [n].[IsRead], [n].[Message], [n].[RelatedEntityId], [n].[RelatedEntityType], [n].[Title], [n].[Type], [n].[UserId]
FROM [Notifications] AS [n]
WHERE [n].[UserId] = @userId
ORDER BY [n].[CreatedAt] DESC
2026-03-17 11:38:02.661 +05:30 [INF] Executing ViewResult, running view Index.
2026-03-17 11:38:02.716 +05:30 [INF] Executed ViewResult - view Index executed in 57.851ms.
2026-03-17 11:38:02.724 +05:30 [INF] Executed action PrisonerPortal.Controllers.NotificationsController.Index (PrisonerPortal) in 131.6573ms
2026-03-17 11:38:02.729 +05:30 [INF] Executed endpoint 'PrisonerPortal.Controllers.NotificationsController.Index (PrisonerPortal)'
2026-03-17 11:38:02.737 +05:30 [INF] Request finished HTTP/1.1 GET http://localhost:5050/Notifications/Index - 200 null text/html; charset=utf-8 223.9439ms
2026-03-17 11:38:02.762 +05:30 [INF] Request starting HTTP/1.1 GET http://localhost:5050/css/site.css?v=seqgy2E8WqM9es2uSck3zZTeEFYFhxuxOBVvoD-ron0 - null null
2026-03-17 11:38:02.780 +05:30 [INF] The file /css/site.css was not modified
2026-03-17 11:38:02.786 +05:30 [INF] Request finished HTTP/1.1 GET http://localhost:5050/css/site.css?v=seqgy2E8WqM9es2uSck3zZTeEFYFhxuxOBVvoD-ron0 - 304 null text/css 23.8322ms
2026-03-17 11:38:02.819 +05:30 [INF] Request starting HTTP/1.1 GET http://localhost:5050/Notifications/GetUnreadCount - null null
2026-03-17 11:38:02.837 +05:30 [INF] Executing endpoint 'PrisonerPortal.Controllers.NotificationsController.GetUnreadCount (PrisonerPortal)'
2026-03-17 11:38:02.844 +05:30 [INF] Route matched with {action = "GetUnreadCount", controller = "Notifications"}. Executing controller action with signature Microsoft.AspNetCore.Mvc.IActionResult GetUnreadCount() on controller PrisonerPortal.Controllers.NotificationsController (PrisonerPortal).
2026-03-17 11:38:02.860 +05:30 [INF] Executed DbCommand (1ms) [Parameters=[@userId='?' (Size = 450)], CommandType='"Text"', CommandTimeout='30']
SELECT COUNT(*)
FROM [Notifications] AS [n]
WHERE [n].[UserId] = @userId AND [n].[IsRead] = CAST(0 AS bit)
2026-03-17 11:38:02.871 +05:30 [INF] Executing JsonResult, writing value of type '<>f__AnonymousType1`1[[System.Int32, System.Private.CoreLib, Version=10.0.0.0, Culture=neutral, PublicKeyToken=7cec85d7bea7798e]]'.
2026-03-17 11:38:02.879 +05:30 [INF] Executed action PrisonerPortal.Controllers.NotificationsController.GetUnreadCount (PrisonerPortal) in 23.3604ms
2026-03-17 11:38:02.894 +05:30 [INF] Executed endpoint 'PrisonerPortal.Controllers.NotificationsController.GetUnreadCount (PrisonerPortal)'
2026-03-17 11:38:02.898 +05:30 [INF] Request finished HTTP/1.1 GET http://localhost:5050/Notifications/GetUnreadCount - 200 null application/json; charset=utf-8 79.0474ms
2026-03-17 11:38:06.692 +05:30 [INF] Request starting HTTP/1.1 POST http://localhost:5050/Notifications/MarkAsRead - application/x-www-form-urlencoded 4
2026-03-17 11:38:06.707 +05:30 [INF] Executing endpoint 'PrisonerPortal.Controllers.NotificationsController.MarkAsRead (PrisonerPortal)'
2026-03-17 11:38:06.739 +05:30 [INF] Route matched with {action = "MarkAsRead", controller = "Notifications"}. Executing controller action with signature System.Threading.Tasks.Task`1[Microsoft.AspNetCore.Mvc.IActionResult] MarkAsRead(Int32) on controller PrisonerPortal.Controllers.NotificationsController (PrisonerPortal).
2026-03-17 11:38:06.819 +05:30 [INF] Executed DbCommand (6ms) [Parameters=[@p='?' (DbType = Int32)], CommandType='"Text"', CommandTimeout='30']
SELECT TOP(1) [n].[NotificationId], [n].[CreatedAt], [n].[IsRead], [n].[Message], [n].[RelatedEntityId], [n].[RelatedEntityType], [n].[Title], [n].[Type], [n].[UserId]
FROM [Notifications] AS [n]
WHERE [n].[NotificationId] = @p
2026-03-17 11:38:06.846 +05:30 [INF] Executed DbCommand (10ms) [Parameters=[@p1='?' (DbType = Int32), @p0='?' (DbType = Boolean)], CommandType='"Text"', CommandTimeout='30']
SET IMPLICIT_TRANSACTIONS OFF;
SET NOCOUNT ON;
UPDATE [Notifications] SET [IsRead] = @p0
OUTPUT 1
WHERE [NotificationId] = @p1;
2026-03-17 11:38:06.878 +05:30 [INF] Executing StatusCodeResult, setting HTTP status code 200
2026-03-17 11:38:06.887 +05:30 [INF] Executed action PrisonerPortal.Controllers.NotificationsController.MarkAsRead (PrisonerPortal) in 138.7209ms
2026-03-17 11:38:06.893 +05:30 [INF] Executed endpoint 'PrisonerPortal.Controllers.NotificationsController.MarkAsRead (PrisonerPortal)'
2026-03-17 11:38:06.896 +05:30 [INF] Request finished HTTP/1.1 POST http://localhost:5050/Notifications/MarkAsRead - 200 0 null 203.4015ms
2026-03-17 11:38:14.002 +05:30 [INF] Request starting HTTP/1.1 GET http://localhost:5050/Family/Dashboard - null null
2026-03-17 11:38:14.029 +05:30 [INF] Executing endpoint 'PrisonerPortal.Controllers.FamilyController.Dashboard (PrisonerPortal)'
2026-03-17 11:38:14.041 +05:30 [INF] Route matched with {action = "Dashboard", controller = "Family"}. Executing controller action with signature System.Threading.Tasks.Task`1[Microsoft.AspNetCore.Mvc.IActionResult] Dashboard() on controller PrisonerPortal.Controllers.FamilyController (PrisonerPortal).
2026-03-17 11:38:14.064 +05:30 [INF] Executed DbCommand (1ms) [Parameters=[@p='?' (Size = 450)], CommandType='"Text"', CommandTimeout='30']
SELECT TOP(1) [a].[Id], [a].[AccessFailedCount], [a].[Address], [a].[ConcurrencyStamp], [a].[CreatedAt], [a].[Email], [a].[EmailConfirmed], [a].[FullName], [a].[IsActive], [a].[LockoutEnabled], [a].[LockoutEnd], [a].[NormalizedEmail], [a].[NormalizedUserName], [a].[PasswordHash], [a].[PhoneNumber], [a].[PhoneNumberConfirmed], [a].[Role], [a].[SecurityStamp], [a].[TwoFactorEnabled], [a].[UserName]
FROM [AspNetUsers] AS [a]
WHERE [a].[Id] = @p
2026-03-17 11:38:14.107 +05:30 [INF] Executed DbCommand (24ms) [Parameters=[@userId='?' (Size = 450)], CommandType='"Text"', CommandTimeout='30']
SELECT [f].[LinkId], [f].[IsVerified], [f].[LinkedAt], [f].[PrisonerId], [f].[Relationship], [f].[UserId], [f].[VerifiedByAdminId], [p].[PrisonerId], [p].[CaseNumber], [p].[CellBlock], [p].[CellNumber], [p].[CreatedAt], [p].[CrimeCategory], [p].[DateOfBirth], [p].[FullName], [p].[Gender], [p].[PrisonerCode], [p].[SentenceEndDate], [p].[SentenceStartDate], [p].[Status], [p].[UpdatedAt]
FROM [FamilyPrisonerLinks] AS [f]
INNER JOIN [Prisoners] AS [p] ON [f].[PrisonerId] = [p].[PrisonerId]
WHERE [f].[UserId] = @userId AND [f].[IsVerified] = CAST(1 AS bit)
2026-03-17 11:38:14.125 +05:30 [INF] Executed DbCommand (2ms) [Parameters=[@userId='?' (Size = 450)], CommandType='"Text"', CommandTimeout='30']
SELECT [a].[AppointmentId], [a].[AdminNotes], [a].[AppointmentCode], [a].[BookedAt], [a].[NumVisitors], [a].[PrisonerId], [a].[Purpose], [a].[RejectionReason], [a].[SlotId], [a].[Status], [a].[UpdatedAt], [a].[UserId], [a].[VisitorNames], [p].[PrisonerId], [p].[CaseNumber], [p].[CellBlock], [p].[CellNumber], [p].[CreatedAt], [p].[CrimeCategory], [p].[DateOfBirth], [p].[FullName], [p].[Gender], [p].[PrisonerCode], [p].[SentenceEndDate], [p].[SentenceStartDate], [p].[Status], [p].[UpdatedAt], [v].[SlotId], [v].[CreatedAt], [v].[CreatedByAdminId], [v].[CurrentBookings], [v].[EndTime], [v].[IsActive], [v].[MaxCapacity], [v].[SlotDate], [v].[StartTime]
FROM [Appointments] AS [a]
INNER JOIN [Prisoners] AS [p] ON [a].[PrisonerId] = [p].[PrisonerId]
INNER JOIN [VisitSlots] AS [v] ON [a].[SlotId] = [v].[SlotId]
WHERE [a].[UserId] = @userId
ORDER BY [a].[BookedAt] DESC
2026-03-17 11:38:14.154 +05:30 [INF] Executed DbCommand (14ms) [Parameters=[@userId='?' (Size = 450)], CommandType='"Text"', CommandTimeout='30']
SELECT [s].[RequestId], [s].[AdminResponse], [s].[AssignedAdminId], [s].[Category], [s].[CreatedAt], [s].[Description], [s].[Priority], [s].[PrisonerId], [s].[RequestCode], [s].[ResolvedAt], [s].[Status], [s].[Subject], [s].[UpdatedAt], [s].[UserId], [p].[PrisonerId], [p].[CaseNumber], [p].[CellBlock], [p].[CellNumber], [p].[CreatedAt], [p].[CrimeCategory], [p].[DateOfBirth], [p].[FullName], [p].[Gender], [p].[PrisonerCode], [p].[SentenceEndDate], [p].[SentenceStartDate], [p].[Status], [p].[UpdatedAt]
FROM [SupportRequests] AS [s]
INNER JOIN [Prisoners] AS [p] ON [s].[PrisonerId] = [p].[PrisonerId]
WHERE [s].[UserId] = @userId
ORDER BY [s].[CreatedAt] DESC
2026-03-17 11:38:14.164 +05:30 [INF] Executing ViewResult, running view Dashboard.
2026-03-17 11:38:14.173 +05:30 [INF] Executed ViewResult - view Dashboard executed in 9.7302ms.
2026-03-17 11:38:14.178 +05:30 [INF] Executed action PrisonerPortal.Controllers.FamilyController.Dashboard (PrisonerPortal) in 119.6048ms
2026-03-17 11:38:14.186 +05:30 [INF] Executed endpoint 'PrisonerPortal.Controllers.FamilyController.Dashboard (PrisonerPortal)'
2026-03-17 11:38:14.194 +05:30 [INF] Request finished HTTP/1.1 GET http://localhost:5050/Family/Dashboard - 200 null text/html; charset=utf-8 191.9864ms
2026-03-17 11:38:14.259 +05:30 [INF] Request starting HTTP/1.1 GET http://localhost:5050/Notifications/GetUnreadCount - null null
2026-03-17 11:38:14.275 +05:30 [INF] Executing endpoint 'PrisonerPortal.Controllers.NotificationsController.GetUnreadCount (PrisonerPortal)'
2026-03-17 11:38:14.283 +05:30 [INF] Route matched with {action = "GetUnreadCount", controller = "Notifications"}. Executing controller action with signature Microsoft.AspNetCore.Mvc.IActionResult GetUnreadCount() on controller PrisonerPortal.Controllers.NotificationsController (PrisonerPortal).
2026-03-17 11:38:14.298 +05:30 [INF] Executed DbCommand (2ms) [Parameters=[@userId='?' (Size = 450)], CommandType='"Text"', CommandTimeout='30']
SELECT COUNT(*)
FROM [Notifications] AS [n]
WHERE [n].[UserId] = @userId AND [n].[IsRead] = CAST(0 AS bit)
2026-03-17 11:38:14.315 +05:30 [INF] Executing JsonResult, writing value of type '<>f__AnonymousType1`1[[System.Int32, System.Private.CoreLib, Version=10.0.0.0, Culture=neutral, PublicKeyToken=7cec85d7bea7798e]]'.
2026-03-17 11:38:14.322 +05:30 [INF] Executed action PrisonerPortal.Controllers.NotificationsController.GetUnreadCount (PrisonerPortal) in 28.3076ms
2026-03-17 11:38:14.331 +05:30 [INF] Executed endpoint 'PrisonerPortal.Controllers.NotificationsController.GetUnreadCount (PrisonerPortal)'
2026-03-17 11:38:14.341 +05:30 [INF] Request finished HTTP/1.1 GET http://localhost:5050/Notifications/GetUnreadCount - 200 null application/json; charset=utf-8 82.157ms
2026-03-17 11:38:17.807 +05:30 [INF] Request starting HTTP/1.1 GET http://localhost:5050/Account/Profile - null null
2026-03-17 11:38:17.833 +05:30 [INF] Executing endpoint 'PrisonerPortal.Controllers.AccountController.Profile (PrisonerPortal)'
2026-03-17 11:38:17.872 +05:30 [INF] Route matched with {action = "Profile", controller = "Account"}. Executing controller action with signature System.Threading.Tasks.Task`1[Microsoft.AspNetCore.Mvc.IActionResult] Profile() on controller PrisonerPortal.Controllers.AccountController (PrisonerPortal).
2026-03-17 11:38:17.892 +05:30 [INF] Executed DbCommand (1ms) [Parameters=[@p='?' (Size = 450)], CommandType='"Text"', CommandTimeout='30']
SELECT TOP(1) [a].[Id], [a].[AccessFailedCount], [a].[Address], [a].[ConcurrencyStamp], [a].[CreatedAt], [a].[Email], [a].[EmailConfirmed], [a].[FullName], [a].[IsActive], [a].[LockoutEnabled], [a].[LockoutEnd], [a].[NormalizedEmail], [a].[NormalizedUserName], [a].[PasswordHash], [a].[PhoneNumber], [a].[PhoneNumberConfirmed], [a].[Role], [a].[SecurityStamp], [a].[TwoFactorEnabled], [a].[UserName]
FROM [AspNetUsers] AS [a]
WHERE [a].[Id] = @p
2026-03-17 11:38:17.920 +05:30 [INF] Executing ViewResult, running view Profile.
2026-03-17 11:38:17.987 +05:30 [INF] Executed ViewResult - view Profile executed in 73.2956ms.
2026-03-17 11:38:17.996 +05:30 [INF] Executed action PrisonerPortal.Controllers.AccountController.Profile (PrisonerPortal) in 108.6543ms
2026-03-17 11:38:18.001 +05:30 [INF] Executed endpoint 'PrisonerPortal.Controllers.AccountController.Profile (PrisonerPortal)'
2026-03-17 11:38:18.009 +05:30 [INF] Request finished HTTP/1.1 GET http://localhost:5050/Account/Profile - 200 null text/html; charset=utf-8 201.4808ms
2026-03-17 11:38:18.070 +05:30 [INF] Request starting HTTP/1.1 GET http://localhost:5050/Notifications/GetUnreadCount - null null
2026-03-17 11:38:18.087 +05:30 [INF] Executing endpoint 'PrisonerPortal.Controllers.NotificationsController.GetUnreadCount (PrisonerPortal)'
2026-03-17 11:38:18.094 +05:30 [INF] Route matched with {action = "GetUnreadCount", controller = "Notifications"}. Executing controller action with signature Microsoft.AspNetCore.Mvc.IActionResult GetUnreadCount() on controller PrisonerPortal.Controllers.NotificationsController (PrisonerPortal).
2026-03-17 11:38:18.114 +05:30 [INF] Executed DbCommand (2ms) [Parameters=[@userId='?' (Size = 450)], CommandType='"Text"', CommandTimeout='30']
SELECT COUNT(*)
FROM [Notifications] AS [n]
WHERE [n].[UserId] = @userId AND [n].[IsRead] = CAST(0 AS bit)
2026-03-17 11:38:18.128 +05:30 [INF] Executing JsonResult, writing value of type '<>f__AnonymousType1`1[[System.Int32, System.Private.CoreLib, Version=10.0.0.0, Culture=neutral, PublicKeyToken=7cec85d7bea7798e]]'.
2026-03-17 11:38:18.136 +05:30 [INF] Executed action PrisonerPortal.Controllers.NotificationsController.GetUnreadCount (PrisonerPortal) in 27.9915ms
2026-03-17 11:38:18.145 +05:30 [INF] Executed endpoint 'PrisonerPortal.Controllers.NotificationsController.GetUnreadCount (PrisonerPortal)'
2026-03-17 11:38:18.156 +05:30 [INF] Request finished HTTP/1.1 GET http://localhost:5050/Notifications/GetUnreadCount - 200 null application/json; charset=utf-8 85.5884ms
2026-03-17 11:38:31.099 +05:30 [INF] Request starting HTTP/1.1 POST http://localhost:5050/Account/Profile - application/x-www-form-urlencoded 290
2026-03-17 11:38:31.125 +05:30 [INF] Executing endpoint 'PrisonerPortal.Controllers.AccountController.Profile (PrisonerPortal)'
2026-03-17 11:38:31.168 +05:30 [INF] Route matched with {action = "Profile", controller = "Account"}. Executing controller action with signature System.Threading.Tasks.Task`1[Microsoft.AspNetCore.Mvc.IActionResult] Profile(PrisonerPortal.Models.ViewModels.UserProfileViewModel) on controller PrisonerPortal.Controllers.AccountController (PrisonerPortal).
2026-03-17 11:38:31.198 +05:30 [INF] Executed DbCommand (2ms) [Parameters=[@p='?' (Size = 450)], CommandType='"Text"', CommandTimeout='30']
SELECT TOP(1) [a].[Id], [a].[AccessFailedCount], [a].[Address], [a].[ConcurrencyStamp], [a].[CreatedAt], [a].[Email], [a].[EmailConfirmed], [a].[FullName], [a].[IsActive], [a].[LockoutEnabled], [a].[LockoutEnd], [a].[NormalizedEmail], [a].[NormalizedUserName], [a].[PasswordHash], [a].[PhoneNumber], [a].[PhoneNumberConfirmed], [a].[Role], [a].[SecurityStamp], [a].[TwoFactorEnabled], [a].[UserName]
FROM [AspNetUsers] AS [a]
WHERE [a].[Id] = @p
2026-03-17 11:38:31.238 +05:30 [INF] Executed DbCommand (9ms) [Parameters=[@normalizedUserName='?' (Size = 256)], CommandType='"Text"', CommandTimeout='30']
SELECT TOP(1) [a].[Id], [a].[AccessFailedCount], [a].[Address], [a].[ConcurrencyStamp], [a].[CreatedAt], [a].[Email], [a].[EmailConfirmed], [a].[FullName], [a].[IsActive], [a].[LockoutEnabled], [a].[LockoutEnd], [a].[NormalizedEmail], [a].[NormalizedUserName], [a].[PasswordHash], [a].[PhoneNumber], [a].[PhoneNumberConfirmed], [a].[Role], [a].[SecurityStamp], [a].[TwoFactorEnabled], [a].[UserName]
FROM [AspNetUsers] AS [a]
WHERE [a].[NormalizedUserName] = @normalizedUserName
2026-03-17 11:38:31.270 +05:30 [INF] Executed DbCommand (9ms) [Parameters=[@normalizedEmail='?' (Size = 256)], CommandType='"Text"', CommandTimeout='30']
SELECT TOP(2) [a].[Id], [a].[AccessFailedCount], [a].[Address], [a].[ConcurrencyStamp], [a].[CreatedAt], [a].[Email], [a].[EmailConfirmed], [a].[FullName], [a].[IsActive], [a].[LockoutEnabled], [a].[LockoutEnd], [a].[NormalizedEmail], [a].[NormalizedUserName], [a].[PasswordHash], [a].[PhoneNumber], [a].[PhoneNumberConfirmed], [a].[Role], [a].[SecurityStamp], [a].[TwoFactorEnabled], [a].[UserName]
FROM [AspNetUsers] AS [a]
WHERE [a].[NormalizedEmail] = @normalizedEmail
2026-03-17 11:38:31.348 +05:30 [INF] Executed DbCommand (29ms) [Parameters=[@p19='?' (Size = 450), @p0='?' (DbType = Int32), @p1='?' (Size = 500), @p2='?' (Size = 4000), @p20='?' (Size = 4000), @p3='?' (DbType = DateTime2), @p4='?' (Size = 256), @p5='?' (DbType = Boolean), @p6='?' (Size = 150), @p7='?' (DbType = Boolean), @p8='?' (DbType = Boolean), @p9='?' (DbType = DateTimeOffset), @p10='?' (Size = 256), @p11='?' (Size = 256), @p12='?' (Size = 4000), @p13='?' (Size = 4000), @p14='?' (DbType = Boolean), @p15='?' (Size = 4000), @p16='?' (Size = 4000), @p17='?' (DbType = Boolean), @p18='?' (Size = 256)], CommandType='"Text"', CommandTimeout='30']
SET IMPLICIT_TRANSACTIONS OFF;
SET NOCOUNT ON;
UPDATE [AspNetUsers] SET [AccessFailedCount] = @p0, [Address] = @p1, [ConcurrencyStamp] = @p2, [CreatedAt] = @p3, [Email] = @p4, [EmailConfirmed] = @p5, [FullName] = @p6, [IsActive] = @p7, [LockoutEnabled] = @p8, [LockoutEnd] = @p9, [NormalizedEmail] = @p10, [NormalizedUserName] = @p11, [PasswordHash] = @p12, [PhoneNumber] = @p13, [PhoneNumberConfirmed] = @p14, [Role] = @p15, [SecurityStamp] = @p16, [TwoFactorEnabled] = @p17, [UserName] = @p18
OUTPUT 1
WHERE [Id] = @p19 AND [ConcurrencyStamp] = @p20;
2026-03-17 11:38:31.365 +05:30 [INF] Executing RedirectResult, redirecting to /Account/Profile.
2026-03-17 11:38:31.416 +05:30 [INF] Executed action PrisonerPortal.Controllers.AccountController.Profile (PrisonerPortal) in 231.9ms
2026-03-17 11:38:31.428 +05:30 [INF] Executed endpoint 'PrisonerPortal.Controllers.AccountController.Profile (PrisonerPortal)'
2026-03-17 11:38:31.437 +05:30 [INF] Request finished HTTP/1.1 POST http://localhost:5050/Account/Profile - 302 0 null 337.4775ms
2026-03-17 11:38:31.455 +05:30 [INF] Request starting HTTP/1.1 GET http://localhost:5050/Account/Profile - null null
2026-03-17 11:38:31.482 +05:30 [INF] Executing endpoint 'PrisonerPortal.Controllers.AccountController.Profile (PrisonerPortal)'
2026-03-17 11:38:31.490 +05:30 [INF] Route matched with {action = "Profile", controller = "Account"}. Executing controller action with signature System.Threading.Tasks.Task`1[Microsoft.AspNetCore.Mvc.IActionResult] Profile() on controller PrisonerPortal.Controllers.AccountController (PrisonerPortal).
2026-03-17 11:38:31.510 +05:30 [INF] Executed DbCommand (2ms) [Parameters=[@p='?' (Size = 450)], CommandType='"Text"', CommandTimeout='30']
SELECT TOP(1) [a].[Id], [a].[AccessFailedCount], [a].[Address], [a].[ConcurrencyStamp], [a].[CreatedAt], [a].[Email], [a].[EmailConfirmed], [a].[FullName], [a].[IsActive], [a].[LockoutEnabled], [a].[LockoutEnd], [a].[NormalizedEmail], [a].[NormalizedUserName], [a].[PasswordHash], [a].[PhoneNumber], [a].[PhoneNumberConfirmed], [a].[Role], [a].[SecurityStamp], [a].[TwoFactorEnabled], [a].[UserName]
FROM [AspNetUsers] AS [a]
WHERE [a].[Id] = @p
2026-03-17 11:38:31.530 +05:30 [INF] Executing ViewResult, running view Profile.
2026-03-17 11:38:31.606 +05:30 [INF] Executed ViewResult - view Profile executed in 76.2103ms.
2026-03-17 11:38:31.615 +05:30 [INF] Executed action PrisonerPortal.Controllers.AccountController.Profile (PrisonerPortal) in 109.6996ms
2026-03-17 11:38:31.621 +05:30 [INF] Executed endpoint 'PrisonerPortal.Controllers.AccountController.Profile (PrisonerPortal)'
2026-03-17 11:38:31.631 +05:30 [INF] Request finished HTTP/1.1 GET http://localhost:5050/Account/Profile - 200 null text/html; charset=utf-8 175.978ms
2026-03-17 11:38:31.723 +05:30 [INF] Request starting HTTP/1.1 GET http://localhost:5050/Notifications/GetUnreadCount - null null
2026-03-17 11:38:31.753 +05:30 [INF] Executing endpoint 'PrisonerPortal.Controllers.NotificationsController.GetUnreadCount (PrisonerPortal)'
2026-03-17 11:38:31.761 +05:30 [INF] Route matched with {action = "GetUnreadCount", controller = "Notifications"}. Executing controller action with signature Microsoft.AspNetCore.Mvc.IActionResult GetUnreadCount() on controller PrisonerPortal.Controllers.NotificationsController (PrisonerPortal).
2026-03-17 11:38:31.781 +05:30 [INF] Executed DbCommand (2ms) [Parameters=[@userId='?' (Size = 450)], CommandType='"Text"', CommandTimeout='30']
SELECT COUNT(*)
FROM [Notifications] AS [n]
WHERE [n].[UserId] = @userId AND [n].[IsRead] = CAST(0 AS bit)
2026-03-17 11:38:31.802 +05:30 [INF] Executing JsonResult, writing value of type '<>f__AnonymousType1`1[[System.Int32, System.Private.CoreLib, Version=10.0.0.0, Culture=neutral, PublicKeyToken=7cec85d7bea7798e]]'.
2026-03-17 11:38:31.814 +05:30 [INF] Executed action PrisonerPortal.Controllers.NotificationsController.GetUnreadCount (PrisonerPortal) in 38.9722ms
2026-03-17 11:38:31.820 +05:30 [INF] Executed endpoint 'PrisonerPortal.Controllers.NotificationsController.GetUnreadCount (PrisonerPortal)'
2026-03-17 11:38:31.827 +05:30 [INF] Request finished HTTP/1.1 GET http://localhost:5050/Notifications/GetUnreadCount - 200 null application/json; charset=utf-8 104.047ms
2026-03-17 11:38:34.851 +05:30 [INF] Request starting HTTP/1.1 GET http://localhost:5050/Family/SubmitRequest - null null
2026-03-17 11:38:34.874 +05:30 [INF] Executing endpoint 'PrisonerPortal.Controllers.FamilyController.SubmitRequest (PrisonerPortal)'
2026-03-17 11:38:34.884 +05:30 [INF] Route matched with {action = "SubmitRequest", controller = "Family"}. Executing controller action with signature System.Threading.Tasks.Task`1[Microsoft.AspNetCore.Mvc.IActionResult] SubmitRequest(System.Nullable`1[System.Int32]) on controller PrisonerPortal.Controllers.FamilyController (PrisonerPortal).
2026-03-17 11:38:34.905 +05:30 [INF] Executed DbCommand (1ms) [Parameters=[@p='?' (Size = 450)], CommandType='"Text"', CommandTimeout='30']
SELECT TOP(1) [a].[Id], [a].[AccessFailedCount], [a].[Address], [a].[ConcurrencyStamp], [a].[CreatedAt], [a].[Email], [a].[EmailConfirmed], [a].[FullName], [a].[IsActive], [a].[LockoutEnabled], [a].[LockoutEnd], [a].[NormalizedEmail], [a].[NormalizedUserName], [a].[PasswordHash], [a].[PhoneNumber], [a].[PhoneNumberConfirmed], [a].[Role], [a].[SecurityStamp], [a].[TwoFactorEnabled], [a].[UserName]
FROM [AspNetUsers] AS [a]
WHERE [a].[Id] = @p
2026-03-17 11:38:34.933 +05:30 [INF] Executed DbCommand (3ms) [Parameters=[@userId='?' (Size = 450)], CommandType='"Text"', CommandTimeout='30']
SELECT [f].[LinkId], [f].[IsVerified], [f].[LinkedAt], [f].[PrisonerId], [f].[Relationship], [f].[UserId], [f].[VerifiedByAdminId], [p].[PrisonerId], [p].[CaseNumber], [p].[CellBlock], [p].[CellNumber], [p].[CreatedAt], [p].[CrimeCategory], [p].[DateOfBirth], [p].[FullName], [p].[Gender], [p].[PrisonerCode], [p].[SentenceEndDate], [p].[SentenceStartDate], [p].[Status], [p].[UpdatedAt]
FROM [FamilyPrisonerLinks] AS [f]
INNER JOIN [Prisoners] AS [p] ON [f].[PrisonerId] = [p].[PrisonerId]
WHERE [f].[UserId] = @userId AND [f].[IsVerified] = CAST(1 AS bit)
2026-03-17 11:38:34.952 +05:30 [INF] Executing ViewResult, running view SubmitRequest.
2026-03-17 11:38:34.973 +05:30 [INF] Executed ViewResult - view SubmitRequest executed in 20.5489ms.
2026-03-17 11:38:34.986 +05:30 [INF] Executed action PrisonerPortal.Controllers.FamilyController.SubmitRequest (PrisonerPortal) in 83.181ms
2026-03-17 11:38:34.997 +05:30 [INF] Executed endpoint 'PrisonerPortal.Controllers.FamilyController.SubmitRequest (PrisonerPortal)'
2026-03-17 11:38:35.004 +05:30 [INF] Request finished HTTP/1.1 GET http://localhost:5050/Family/SubmitRequest - 200 null text/html; charset=utf-8 152.4608ms
2026-03-17 11:38:35.081 +05:30 [INF] Request starting HTTP/1.1 GET http://localhost:5050/Notifications/GetUnreadCount - null null
2026-03-17 11:38:35.101 +05:30 [INF] Executing endpoint 'PrisonerPortal.Controllers.NotificationsController.GetUnreadCount (PrisonerPortal)'
2026-03-17 11:38:35.111 +05:30 [INF] Route matched with {action = "GetUnreadCount", controller = "Notifications"}. Executing controller action with signature Microsoft.AspNetCore.Mvc.IActionResult GetUnreadCount() on controller PrisonerPortal.Controllers.NotificationsController (PrisonerPortal).
2026-03-17 11:38:35.123 +05:30 [INF] Executed DbCommand (1ms) [Parameters=[@userId='?' (Size = 450)], CommandType='"Text"', CommandTimeout='30']
SELECT COUNT(*)
FROM [Notifications] AS [n]
WHERE [n].[UserId] = @userId AND [n].[IsRead] = CAST(0 AS bit)
2026-03-17 11:38:35.137 +05:30 [INF] Executing JsonResult, writing value of type '<>f__AnonymousType1`1[[System.Int32, System.Private.CoreLib, Version=10.0.0.0, Culture=neutral, PublicKeyToken=7cec85d7bea7798e]]'.
2026-03-17 11:38:35.147 +05:30 [INF] Executed action PrisonerPortal.Controllers.NotificationsController.GetUnreadCount (PrisonerPortal) in 27.7427ms
2026-03-17 11:38:35.155 +05:30 [INF] Executed endpoint 'PrisonerPortal.Controllers.NotificationsController.GetUnreadCount (PrisonerPortal)'
2026-03-17 11:38:35.166 +05:30 [INF] Request finished HTTP/1.1 GET http://localhost:5050/Notifications/GetUnreadCount - 200 null application/json; charset=utf-8 84.9797ms
2026-03-17 11:38:35.906 +05:30 [INF] Request starting HTTP/1.1 GET http://localhost:5050/Family/SubmitRequest - null null
2026-03-17 11:38:35.923 +05:30 [INF] Executing endpoint 'PrisonerPortal.Controllers.FamilyController.SubmitRequest (PrisonerPortal)'
2026-03-17 11:38:35.933 +05:30 [INF] Route matched with {action = "SubmitRequest", controller = "Family"}. Executing controller action with signature System.Threading.Tasks.Task`1[Microsoft.AspNetCore.Mvc.IActionResult] SubmitRequest(System.Nullable`1[System.Int32]) on controller PrisonerPortal.Controllers.FamilyController (PrisonerPortal).
2026-03-17 11:38:35.956 +05:30 [INF] Executed DbCommand (2ms) [Parameters=[@p='?' (Size = 450)], CommandType='"Text"', CommandTimeout='30']
SELECT TOP(1) [a].[Id], [a].[AccessFailedCount], [a].[Address], [a].[ConcurrencyStamp], [a].[CreatedAt], [a].[Email], [a].[EmailConfirmed], [a].[FullName], [a].[IsActive], [a].[LockoutEnabled], [a].[LockoutEnd], [a].[NormalizedEmail], [a].[NormalizedUserName], [a].[PasswordHash], [a].[PhoneNumber], [a].[PhoneNumberConfirmed], [a].[Role], [a].[SecurityStamp], [a].[TwoFactorEnabled], [a].[UserName]
FROM [AspNetUsers] AS [a]
WHERE [a].[Id] = @p
2026-03-17 11:38:35.984 +05:30 [INF] Executed DbCommand (2ms) [Parameters=[@userId='?' (Size = 450)], CommandType='"Text"', CommandTimeout='30']
SELECT [f].[LinkId], [f].[IsVerified], [f].[LinkedAt], [f].[PrisonerId], [f].[Relationship], [f].[UserId], [f].[VerifiedByAdminId], [p].[PrisonerId], [p].[CaseNumber], [p].[CellBlock], [p].[CellNumber], [p].[CreatedAt], [p].[CrimeCategory], [p].[DateOfBirth], [p].[FullName], [p].[Gender], [p].[PrisonerCode], [p].[SentenceEndDate], [p].[SentenceStartDate], [p].[Status], [p].[UpdatedAt]
FROM [FamilyPrisonerLinks] AS [f]
INNER JOIN [Prisoners] AS [p] ON [f].[PrisonerId] = [p].[PrisonerId]
WHERE [f].[UserId] = @userId AND [f].[IsVerified] = CAST(1 AS bit)
2026-03-17 11:38:36.005 +05:30 [INF] Executing ViewResult, running view SubmitRequest.
2026-03-17 11:38:36.023 +05:30 [INF] Executed ViewResult - view SubmitRequest executed in 18.2567ms.
2026-03-17 11:38:36.038 +05:30 [INF] Executed action PrisonerPortal.Controllers.FamilyController.SubmitRequest (PrisonerPortal) in 86.0575ms
2026-03-17 11:38:36.051 +05:30 [INF] Executed endpoint 'PrisonerPortal.Controllers.FamilyController.SubmitRequest (PrisonerPortal)'
2026-03-17 11:38:36.062 +05:30 [INF] Request finished HTTP/1.1 GET http://localhost:5050/Family/SubmitRequest - 200 null text/html; charset=utf-8 156.303ms
2026-03-17 11:38:36.120 +05:30 [INF] Request starting HTTP/1.1 GET http://localhost:5050/Notifications/GetUnreadCount - null null
2026-03-17 11:38:36.134 +05:30 [INF] Executing endpoint 'PrisonerPortal.Controllers.NotificationsController.GetUnreadCount (PrisonerPortal)'
2026-03-17 11:38:36.143 +05:30 [INF] Route matched with {action = "GetUnreadCount", controller = "Notifications"}. Executing controller action with signature Microsoft.AspNetCore.Mvc.IActionResult GetUnreadCount() on controller PrisonerPortal.Controllers.NotificationsController (PrisonerPortal).
2026-03-17 11:38:36.161 +05:30 [INF] Executed DbCommand (2ms) [Parameters=[@userId='?' (Size = 450)], CommandType='"Text"', CommandTimeout='30']
SELECT COUNT(*)
FROM [Notifications] AS [n]
WHERE [n].[UserId] = @userId AND [n].[IsRead] = CAST(0 AS bit)
2026-03-17 11:38:36.176 +05:30 [INF] Executing JsonResult, writing value of type '<>f__AnonymousType1`1[[System.Int32, System.Private.CoreLib, Version=10.0.0.0, Culture=neutral, PublicKeyToken=7cec85d7bea7798e]]'.
2026-03-17 11:38:36.185 +05:30 [INF] Executed action PrisonerPortal.Controllers.NotificationsController.GetUnreadCount (PrisonerPortal) in 29.2726ms
2026-03-17 11:38:36.198 +05:30 [INF] Executed endpoint 'PrisonerPortal.Controllers.NotificationsController.GetUnreadCount (PrisonerPortal)'
2026-03-17 11:38:36.207 +05:30 [INF] Request finished HTTP/1.1 GET http://localhost:5050/Notifications/GetUnreadCount - 200 null application/json; charset=utf-8 86.2889ms
2026-03-17 11:38:54.231 +05:30 [INF] Request starting HTTP/1.1 GET http://localhost:5050/Family/MyAppointments - null null
2026-03-17 11:38:54.256 +05:30 [INF] Executing endpoint 'PrisonerPortal.Controllers.FamilyController.MyAppointments (PrisonerPortal)'
2026-03-17 11:38:54.267 +05:30 [INF] Route matched with {action = "MyAppointments", controller = "Family"}. Executing controller action with signature System.Threading.Tasks.Task`1[Microsoft.AspNetCore.Mvc.IActionResult] MyAppointments() on controller PrisonerPortal.Controllers.FamilyController (PrisonerPortal).
2026-03-17 11:38:54.296 +05:30 [INF] Executed DbCommand (6ms) [Parameters=[@p='?' (Size = 450)], CommandType='"Text"', CommandTimeout='30']
SELECT TOP(1) [a].[Id], [a].[AccessFailedCount], [a].[Address], [a].[ConcurrencyStamp], [a].[CreatedAt], [a].[Email], [a].[EmailConfirmed], [a].[FullName], [a].[IsActive], [a].[LockoutEnabled], [a].[LockoutEnd], [a].[NormalizedEmail], [a].[NormalizedUserName], [a].[PasswordHash], [a].[PhoneNumber], [a].[PhoneNumberConfirmed], [a].[Role], [a].[SecurityStamp], [a].[TwoFactorEnabled], [a].[UserName]
FROM [AspNetUsers] AS [a]
WHERE [a].[Id] = @p
2026-03-17 11:38:54.350 +05:30 [INF] Executed DbCommand (26ms) [Parameters=[@userId='?' (Size = 450)], CommandType='"Text"', CommandTimeout='30']
SELECT [a].[AppointmentId], [a].[AdminNotes], [a].[AppointmentCode], [a].[BookedAt], [a].[NumVisitors], [a].[PrisonerId], [a].[Purpose], [a].[RejectionReason], [a].[SlotId], [a].[Status], [a].[UpdatedAt], [a].[UserId], [a].[VisitorNames], [p].[PrisonerId], [p].[CaseNumber], [p].[CellBlock], [p].[CellNumber], [p].[CreatedAt], [p].[CrimeCategory], [p].[DateOfBirth], [p].[FullName], [p].[Gender], [p].[PrisonerCode], [p].[SentenceEndDate], [p].[SentenceStartDate], [p].[Status], [p].[UpdatedAt], [v].[SlotId], [v].[CreatedAt], [v].[CreatedByAdminId], [v].[CurrentBookings], [v].[EndTime], [v].[IsActive], [v].[MaxCapacity], [v].[SlotDate], [v].[StartTime]
FROM [Appointments] AS [a]
INNER JOIN [Prisoners] AS [p] ON [a].[PrisonerId] = [p].[PrisonerId]
INNER JOIN [VisitSlots] AS [v] ON [a].[SlotId] = [v].[SlotId]
WHERE [a].[UserId] = @userId
ORDER BY [a].[BookedAt] DESC
2026-03-17 11:38:54.371 +05:30 [INF] Executing ViewResult, running view MyAppointments.
2026-03-17 11:38:54.380 +05:30 [INF] Executed ViewResult - view MyAppointments executed in 8.5328ms.
2026-03-17 11:38:54.391 +05:30 [INF] Executed action PrisonerPortal.Controllers.FamilyController.MyAppointments (PrisonerPortal) in 104.3573ms
2026-03-17 11:38:54.400 +05:30 [INF] Executed endpoint 'PrisonerPortal.Controllers.FamilyController.MyAppointments (PrisonerPortal)'
2026-03-17 11:38:54.409 +05:30 [INF] Request finished HTTP/1.1 GET http://localhost:5050/Family/MyAppointments - 200 null text/html; charset=utf-8 177.4771ms
2026-03-17 11:38:54.473 +05:30 [INF] Request starting HTTP/1.1 GET http://localhost:5050/Notifications/GetUnreadCount - null null
2026-03-17 11:38:54.488 +05:30 [INF] Executing endpoint 'PrisonerPortal.Controllers.NotificationsController.GetUnreadCount (PrisonerPortal)'
2026-03-17 11:38:54.492 +05:30 [INF] Route matched with {action = "GetUnreadCount", controller = "Notifications"}. Executing controller action with signature Microsoft.AspNetCore.Mvc.IActionResult GetUnreadCount() on controller PrisonerPortal.Controllers.NotificationsController (PrisonerPortal).
2026-03-17 11:38:54.514 +05:30 [INF] Executed DbCommand (9ms) [Parameters=[@userId='?' (Size = 450)], CommandType='"Text"', CommandTimeout='30']
SELECT COUNT(*)
FROM [Notifications] AS [n]
WHERE [n].[UserId] = @userId AND [n].[IsRead] = CAST(0 AS bit)
2026-03-17 11:38:54.529 +05:30 [INF] Executing JsonResult, writing value of type '<>f__AnonymousType1`1[[System.Int32, System.Private.CoreLib, Version=10.0.0.0, Culture=neutral, PublicKeyToken=7cec85d7bea7798e]]'.
2026-03-17 11:38:54.541 +05:30 [INF] Executed action PrisonerPortal.Controllers.NotificationsController.GetUnreadCount (PrisonerPortal) in 39.9087ms
2026-03-17 11:38:54.549 +05:30 [INF] Executed endpoint 'PrisonerPortal.Controllers.NotificationsController.GetUnreadCount (PrisonerPortal)'
2026-03-17 11:38:54.558 +05:30 [INF] Request finished HTTP/1.1 GET http://localhost:5050/Notifications/GetUnreadCount - 200 null application/json; charset=utf-8 85.1152ms
2026-03-17 11:38:56.606 +05:30 [INF] Request starting HTTP/1.1 GET http://localhost:5050/Family/BookVisit - null null
2026-03-17 11:38:56.621 +05:30 [INF] Executing endpoint 'PrisonerPortal.Controllers.FamilyController.BookVisit (PrisonerPortal)'
2026-03-17 11:38:56.624 +05:30 [INF] Route matched with {action = "BookVisit", controller = "Family"}. Executing controller action with signature System.Threading.Tasks.Task`1[Microsoft.AspNetCore.Mvc.IActionResult] BookVisit(System.Nullable`1[System.Int32]) on controller PrisonerPortal.Controllers.FamilyController (PrisonerPortal).
2026-03-17 11:38:56.642 +05:30 [INF] Executed DbCommand (2ms) [Parameters=[@p='?' (Size = 450)], CommandType='"Text"', CommandTimeout='30']
SELECT TOP(1) [a].[Id], [a].[AccessFailedCount], [a].[Address], [a].[ConcurrencyStamp], [a].[CreatedAt], [a].[Email], [a].[EmailConfirmed], [a].[FullName], [a].[IsActive], [a].[LockoutEnabled], [a].[LockoutEnd], [a].[NormalizedEmail], [a].[NormalizedUserName], [a].[PasswordHash], [a].[PhoneNumber], [a].[PhoneNumberConfirmed], [a].[Role], [a].[SecurityStamp], [a].[TwoFactorEnabled], [a].[UserName]
FROM [AspNetUsers] AS [a]
WHERE [a].[Id] = @p
2026-03-17 11:38:56.681 +05:30 [INF] Executed DbCommand (15ms) [Parameters=[@userId='?' (Size = 450)], CommandType='"Text"', CommandTimeout='30']
SELECT [f].[LinkId], [f].[IsVerified], [f].[LinkedAt], [f].[PrisonerId], [f].[Relationship], [f].[UserId], [f].[VerifiedByAdminId], [p].[PrisonerId], [p].[CaseNumber], [p].[CellBlock], [p].[CellNumber], [p].[CreatedAt], [p].[CrimeCategory], [p].[DateOfBirth], [p].[FullName], [p].[Gender], [p].[PrisonerCode], [p].[SentenceEndDate], [p].[SentenceStartDate], [p].[Status], [p].[UpdatedAt]
FROM [FamilyPrisonerLinks] AS [f]
INNER JOIN [Prisoners] AS [p] ON [f].[PrisonerId] = [p].[PrisonerId]
WHERE [f].[UserId] = @userId AND [f].[IsVerified] = CAST(1 AS bit)
2026-03-17 11:38:56.713 +05:30 [INF] Executed DbCommand (10ms) [Parameters=[], CommandType='"Text"', CommandTimeout='30']
SELECT [v].[SlotId], [v].[CreatedAt], [v].[CreatedByAdminId], [v].[CurrentBookings], [v].[EndTime], [v].[IsActive], [v].[MaxCapacity], [v].[SlotDate], [v].[StartTime]
FROM [VisitSlots] AS [v]
WHERE [v].[IsActive] = CAST(1 AS bit) AND [v].[SlotDate] >= CONVERT(date, GETUTCDATE())
ORDER BY [v].[SlotDate], [v].[StartTime]
2026-03-17 11:38:56.738 +05:30 [INF] Executing ViewResult, running view BookVisit.
2026-03-17 11:38:56.761 +05:30 [INF] Executed ViewResult - view BookVisit executed in 23.4992ms.
2026-03-17 11:38:56.770 +05:30 [INF] Executed action PrisonerPortal.Controllers.FamilyController.BookVisit (PrisonerPortal) in 135.564ms
2026-03-17 11:38:56.779 +05:30 [INF] Executed endpoint 'PrisonerPortal.Controllers.FamilyController.BookVisit (PrisonerPortal)'
2026-03-17 11:38:56.788 +05:30 [INF] Request finished HTTP/1.1 GET http://localhost:5050/Family/BookVisit - 200 null text/html; charset=utf-8 182.0272ms
2026-03-17 11:38:56.807 +05:30 [INF] Request starting HTTP/1.1 GET http://localhost:5050/lib/jquery-validation-unobtrusive/dist/jquery.validate.unobtrusive.min.js - null null
2026-03-17 11:38:56.814 +05:30 [INF] Request starting HTTP/1.1 GET http://localhost:5050/lib/jquery-validation/dist/jquery.validate.min.js - null null
2026-03-17 11:38:56.830 +05:30 [INF] The file /lib/jquery-validation-unobtrusive/dist/jquery.validate.unobtrusive.min.js was not modified
2026-03-17 11:38:56.846 +05:30 [INF] The file /lib/jquery-validation/dist/jquery.validate.min.js was not modified
2026-03-17 11:38:56.853 +05:30 [INF] Request finished HTTP/1.1 GET http://localhost:5050/lib/jquery-validation-unobtrusive/dist/jquery.validate.unobtrusive.min.js - 304 null text/javascript 46.086ms
2026-03-17 11:38:56.861 +05:30 [INF] Request finished HTTP/1.1 GET http://localhost:5050/lib/jquery-validation/dist/jquery.validate.min.js - 304 null text/javascript 46.9421ms
2026-03-17 11:38:56.938 +05:30 [INF] Request starting HTTP/1.1 GET http://localhost:5050/Notifications/GetUnreadCount - null null
2026-03-17 11:38:56.953 +05:30 [INF] Executing endpoint 'PrisonerPortal.Controllers.NotificationsController.GetUnreadCount (PrisonerPortal)'
2026-03-17 11:38:56.957 +05:30 [INF] Route matched with {action = "GetUnreadCount", controller = "Notifications"}. Executing controller action with signature Microsoft.AspNetCore.Mvc.IActionResult GetUnreadCount() on controller PrisonerPortal.Controllers.NotificationsController (PrisonerPortal).
2026-03-17 11:38:56.977 +05:30 [INF] Executed DbCommand (2ms) [Parameters=[@userId='?' (Size = 450)], CommandType='"Text"', CommandTimeout='30']
SELECT COUNT(*)
FROM [Notifications] AS [n]
WHERE [n].[UserId] = @userId AND [n].[IsRead] = CAST(0 AS bit)
2026-03-17 11:38:56.991 +05:30 [INF] Executing JsonResult, writing value of type '<>f__AnonymousType1`1[[System.Int32, System.Private.CoreLib, Version=10.0.0.0, Culture=neutral, PublicKeyToken=7cec85d7bea7798e]]'.
2026-03-17 11:38:56.998 +05:30 [INF] Executed action PrisonerPortal.Controllers.NotificationsController.GetUnreadCount (PrisonerPortal) in 26.7186ms
2026-03-17 11:38:57.009 +05:30 [INF] Executed endpoint 'PrisonerPortal.Controllers.NotificationsController.GetUnreadCount (PrisonerPortal)'
2026-03-17 11:38:57.017 +05:30 [INF] Request finished HTTP/1.1 GET http://localhost:5050/Notifications/GetUnreadCount - 200 null application/json; charset=utf-8 78.962ms
2026-03-17 11:39:26.942 +05:30 [INF] Request starting HTTP/1.1 GET http://localhost:5050/Notifications/GetUnreadCount - null null
2026-03-17 11:39:26.965 +05:30 [INF] Executing endpoint 'PrisonerPortal.Controllers.NotificationsController.GetUnreadCount (PrisonerPortal)'
2026-03-17 11:39:26.974 +05:30 [INF] Route matched with {action = "GetUnreadCount", controller = "Notifications"}. Executing controller action with signature Microsoft.AspNetCore.Mvc.IActionResult GetUnreadCount() on controller PrisonerPortal.Controllers.NotificationsController (PrisonerPortal).
2026-03-17 11:39:27.000 +05:30 [INF] Executed DbCommand (2ms) [Parameters=[@userId='?' (Size = 450)], CommandType='"Text"', CommandTimeout='30']
SELECT COUNT(*)
FROM [Notifications] AS [n]
WHERE [n].[UserId] = @userId AND [n].[IsRead] = CAST(0 AS bit)
2026-03-17 11:39:27.020 +05:30 [INF] Executing JsonResult, writing value of type '<>f__AnonymousType1`1[[System.Int32, System.Private.CoreLib, Version=10.0.0.0, Culture=neutral, PublicKeyToken=7cec85d7bea7798e]]'.
2026-03-17 11:39:27.036 +05:30 [INF] Executed action PrisonerPortal.Controllers.NotificationsController.GetUnreadCount (PrisonerPortal) in 42.3335ms
2026-03-17 11:39:27.051 +05:30 [INF] Executed endpoint 'PrisonerPortal.Controllers.NotificationsController.GetUnreadCount (PrisonerPortal)'
2026-03-17 11:39:27.063 +05:30 [INF] Request finished HTTP/1.1 GET http://localhost:5050/Notifications/GetUnreadCount - 200 null application/json; charset=utf-8 120.5651ms
2026-03-17 11:39:29.098 +05:30 [INF] Request starting HTTP/1.1 POST http://localhost:5050/Family/BookVisit - application/x-www-form-urlencoded 337
2026-03-17 11:39:29.111 +05:30 [INF] Executing endpoint 'PrisonerPortal.Controllers.FamilyController.BookVisit (PrisonerPortal)'
2026-03-17 11:39:29.175 +05:30 [INF] Route matched with {action = "BookVisit", controller = "Family"}. Executing controller action with signature System.Threading.Tasks.Task`1[Microsoft.AspNetCore.Mvc.IActionResult] BookVisit(PrisonerPortal.Models.ViewModels.BookVisitViewModel) on controller PrisonerPortal.Controllers.FamilyController (PrisonerPortal).
2026-03-17 11:39:29.225 +05:30 [INF] Executed DbCommand (2ms) [Parameters=[@p='?' (Size = 450)], CommandType='"Text"', CommandTimeout='30']
SELECT TOP(1) [a].[Id], [a].[AccessFailedCount], [a].[Address], [a].[ConcurrencyStamp], [a].[CreatedAt], [a].[Email], [a].[EmailConfirmed], [a].[FullName], [a].[IsActive], [a].[LockoutEnabled], [a].[LockoutEnd], [a].[NormalizedEmail], [a].[NormalizedUserName], [a].[PasswordHash], [a].[PhoneNumber], [a].[PhoneNumberConfirmed], [a].[Role], [a].[SecurityStamp], [a].[TwoFactorEnabled], [a].[UserName]
FROM [AspNetUsers] AS [a]
WHERE [a].[Id] = @p
2026-03-17 11:39:29.314 +05:30 [ERR] An exception occurred while iterating over the results of a query for context type 'PrisonerPortal.Data.ApplicationDbContext'.
System.InvalidOperationException: The configured execution strategy 'SqlServerRetryingExecutionStrategy' does not support user-initiated transactions. Use the execution strategy returned by 'DbContext.Database.CreateExecutionStrategy()' to execute all the operations in the transaction as a retriable unit.
   at Microsoft.EntityFrameworkCore.Storage.ExecutionStrategy.OnFirstExecution()
   at Microsoft.EntityFrameworkCore.Storage.ExecutionStrategy.ExecuteAsync[TState,TResult](TState state, Func`4 operation, Func`4 verifySucceeded, CancellationToken cancellationToken)
   at Microsoft.EntityFrameworkCore.Query.Internal.SingleQueryingEnumerable`1.AsyncEnumerator.MoveNextAsync()
System.InvalidOperationException: The configured execution strategy 'SqlServerRetryingExecutionStrategy' does not support user-initiated transactions. Use the execution strategy returned by 'DbContext.Database.CreateExecutionStrategy()' to execute all the operations in the transaction as a retriable unit.
   at Microsoft.EntityFrameworkCore.Storage.ExecutionStrategy.OnFirstExecution()
   at Microsoft.EntityFrameworkCore.Storage.ExecutionStrategy.ExecuteAsync[TState,TResult](TState state, Func`4 operation, Func`4 verifySucceeded, CancellationToken cancellationToken)
   at Microsoft.EntityFrameworkCore.Query.Internal.SingleQueryingEnumerable`1.AsyncEnumerator.MoveNextAsync()
2026-03-17 11:39:29.369 +05:30 [INF] Executed DbCommand (1ms) [Parameters=[@userId='?' (Size = 450)], CommandType='"Text"', CommandTimeout='30']
SELECT [f].[LinkId], [f].[IsVerified], [f].[LinkedAt], [f].[PrisonerId], [f].[Relationship], [f].[UserId], [f].[VerifiedByAdminId], [p].[PrisonerId], [p].[CaseNumber], [p].[CellBlock], [p].[CellNumber], [p].[CreatedAt], [p].[CrimeCategory], [p].[DateOfBirth], [p].[FullName], [p].[Gender], [p].[PrisonerCode], [p].[SentenceEndDate], [p].[SentenceStartDate], [p].[Status], [p].[UpdatedAt]
FROM [FamilyPrisonerLinks] AS [f]
INNER JOIN [Prisoners] AS [p] ON [f].[PrisonerId] = [p].[PrisonerId]
WHERE [f].[UserId] = @userId AND [f].[IsVerified] = CAST(1 AS bit)
2026-03-17 11:39:29.394 +05:30 [INF] Executed DbCommand (4ms) [Parameters=[], CommandType='"Text"', CommandTimeout='30']
SELECT [v].[SlotId], [v].[CreatedAt], [v].[CreatedByAdminId], [v].[CurrentBookings], [v].[EndTime], [v].[IsActive], [v].[MaxCapacity], [v].[SlotDate], [v].[StartTime]
FROM [VisitSlots] AS [v]
WHERE [v].[IsActive] = CAST(1 AS bit) AND [v].[SlotDate] >= CONVERT(date, GETUTCDATE())
ORDER BY [v].[SlotDate], [v].[StartTime]
2026-03-17 11:39:29.417 +05:30 [INF] Executing ViewResult, running view BookVisit.
2026-03-17 11:39:29.435 +05:30 [INF] Executed ViewResult - view BookVisit executed in 18.1233ms.
2026-03-17 11:39:29.446 +05:30 [INF] Executed action PrisonerPortal.Controllers.FamilyController.BookVisit (PrisonerPortal) in 255.3116ms
2026-03-17 11:39:29.455 +05:30 [INF] Executed endpoint 'PrisonerPortal.Controllers.FamilyController.BookVisit (PrisonerPortal)'
2026-03-17 11:39:29.467 +05:30 [INF] Request finished HTTP/1.1 POST http://localhost:5050/Family/BookVisit - 200 null text/html; charset=utf-8 368.7197ms
2026-03-17 11:39:29.544 +05:30 [INF] Request starting HTTP/1.1 GET http://localhost:5050/Notifications/GetUnreadCount - null null
2026-03-17 11:39:29.560 +05:30 [INF] Executing endpoint 'PrisonerPortal.Controllers.NotificationsController.GetUnreadCount (PrisonerPortal)'
2026-03-17 11:39:29.565 +05:30 [INF] Route matched with {action = "GetUnreadCount", controller = "Notifications"}. Executing controller action with signature Microsoft.AspNetCore.Mvc.IActionResult GetUnreadCount() on controller PrisonerPortal.Controllers.NotificationsController (PrisonerPortal).
2026-03-17 11:39:29.583 +05:30 [INF] Executed DbCommand (1ms) [Parameters=[@userId='?' (Size = 450)], CommandType='"Text"', CommandTimeout='30']
SELECT COUNT(*)
FROM [Notifications] AS [n]
WHERE [n].[UserId] = @userId AND [n].[IsRead] = CAST(0 AS bit)
2026-03-17 11:39:29.599 +05:30 [INF] Executing JsonResult, writing value of type '<>f__AnonymousType1`1[[System.Int32, System.Private.CoreLib, Version=10.0.0.0, Culture=neutral, PublicKeyToken=7cec85d7bea7798e]]'.
2026-03-17 11:39:29.605 +05:30 [INF] Executed action PrisonerPortal.Controllers.NotificationsController.GetUnreadCount (PrisonerPortal) in 25.3395ms
2026-03-17 11:39:29.615 +05:30 [INF] Executed endpoint 'PrisonerPortal.Controllers.NotificationsController.GetUnreadCount (PrisonerPortal)'
2026-03-17 11:39:29.623 +05:30 [INF] Request finished HTTP/1.1 GET http://localhost:5050/Notifications/GetUnreadCount - 200 null application/json; charset=utf-8 78.5808ms
2026-03-17 11:40:00.068 +05:30 [INF] Request starting HTTP/1.1 GET http://localhost:5050/Notifications/GetUnreadCount - null null
2026-03-17 11:40:00.094 +05:30 [INF] Executing endpoint 'PrisonerPortal.Controllers.NotificationsController.GetUnreadCount (PrisonerPortal)'
2026-03-17 11:40:00.107 +05:30 [INF] Route matched with {action = "GetUnreadCount", controller = "Notifications"}. Executing controller action with signature Microsoft.AspNetCore.Mvc.IActionResult GetUnreadCount() on controller PrisonerPortal.Controllers.NotificationsController (PrisonerPortal).
2026-03-17 11:40:00.140 +05:30 [INF] Executed DbCommand (13ms) [Parameters=[@userId='?' (Size = 450)], CommandType='"Text"', CommandTimeout='30']
SELECT COUNT(*)
FROM [Notifications] AS [n]
WHERE [n].[UserId] = @userId AND [n].[IsRead] = CAST(0 AS bit)
2026-03-17 11:40:00.159 +05:30 [INF] Executing JsonResult, writing value of type '<>f__AnonymousType1`1[[System.Int32, System.Private.CoreLib, Version=10.0.0.0, Culture=neutral, PublicKeyToken=7cec85d7bea7798e]]'.
2026-03-17 11:40:00.169 +05:30 [INF] Executed action PrisonerPortal.Controllers.NotificationsController.GetUnreadCount (PrisonerPortal) in 43.5665ms
2026-03-17 11:40:00.176 +05:30 [INF] Executed endpoint 'PrisonerPortal.Controllers.NotificationsController.GetUnreadCount (PrisonerPortal)'
2026-03-17 11:40:00.186 +05:30 [INF] Request finished HTTP/1.1 GET http://localhost:5050/Notifications/GetUnreadCount - 200 null application/json; charset=utf-8 117.7116ms
2026-03-17 11:54:53.568 +05:30 [INF] User profile is available. Using 'C:\Users\HP\AppData\Local\ASP.NET\DataProtection-Keys' as key repository and Windows DPAPI to encrypt keys at rest.
2026-03-17 11:54:54.805 +05:30 [INF] Executed DbCommand (26ms) [Parameters=[], CommandType='"Text"', CommandTimeout='30']
SELECT 1
2026-03-17 11:54:54.823 +05:30 [INF] Acquiring an exclusive lock for migration application. See https://aka.ms/efcore-docs-migrations-lock for more information if this takes too long.
2026-03-17 11:54:54.858 +05:30 [INF] Executed DbCommand (28ms) [Parameters=[], CommandType='"Text"', CommandTimeout='30']
DECLARE @result int;
EXEC @result = sp_getapplock @Resource = '__EFMigrationsLock', @LockOwner = 'Session', @LockMode = 'Exclusive';
SELECT @result
2026-03-17 11:54:54.925 +05:30 [INF] Executed DbCommand (3ms) [Parameters=[], CommandType='"Text"', CommandTimeout='30']
IF OBJECT_ID(N'[__EFMigrationsHistory]') IS NULL
BEGIN
    CREATE TABLE [__EFMigrationsHistory] (
        [MigrationId] nvarchar(150) NOT NULL,
        [ProductVersion] nvarchar(32) NOT NULL,
        CONSTRAINT [PK___EFMigrationsHistory] PRIMARY KEY ([MigrationId])
    );
END;
2026-03-17 11:54:54.953 +05:30 [INF] Executed DbCommand (1ms) [Parameters=[], CommandType='"Text"', CommandTimeout='30']
SELECT 1
2026-03-17 11:54:54.960 +05:30 [INF] Executed DbCommand (1ms) [Parameters=[], CommandType='"Text"', CommandTimeout='30']
SELECT OBJECT_ID(N'[__EFMigrationsHistory]');
2026-03-17 11:54:54.974 +05:30 [INF] Executed DbCommand (9ms) [Parameters=[], CommandType='"Text"', CommandTimeout='30']
SELECT [MigrationId], [ProductVersion]
FROM [__EFMigrationsHistory]
ORDER BY [MigrationId];
2026-03-17 11:54:54.987 +05:30 [INF] No migrations were applied. The database is already up to date.
2026-03-17 11:54:54.993 +05:30 [INF] Executed DbCommand (3ms) [Parameters=[], CommandType='"Text"', CommandTimeout='30']
DECLARE @result int;
EXEC @result = sp_releaseapplock @Resource = '__EFMigrationsLock', @LockOwner = 'Session';
SELECT @result
2026-03-17 11:54:55.280 +05:30 [INF] Executed DbCommand (22ms) [Parameters=[@normalizedName='?' (Size = 256)], CommandType='"Text"', CommandTimeout='30']
SELECT TOP(1) [a].[Id], [a].[ConcurrencyStamp], [a].[Name], [a].[NormalizedName]
FROM [AspNetRoles] AS [a]
WHERE [a].[NormalizedName] = @normalizedName
2026-03-17 11:54:55.338 +05:30 [INF] Executed DbCommand (1ms) [Parameters=[@normalizedName='?' (Size = 256)], CommandType='"Text"', CommandTimeout='30']
SELECT TOP(1) [a].[Id], [a].[ConcurrencyStamp], [a].[Name], [a].[NormalizedName]
FROM [AspNetRoles] AS [a]
WHERE [a].[NormalizedName] = @normalizedName
2026-03-17 11:54:55.369 +05:30 [INF] Executed DbCommand (5ms) [Parameters=[@normalizedEmail='?' (Size = 256)], CommandType='"Text"', CommandTimeout='30']
SELECT TOP(2) [a].[Id], [a].[AccessFailedCount], [a].[Address], [a].[ConcurrencyStamp], [a].[CreatedAt], [a].[Email], [a].[EmailConfirmed], [a].[FullName], [a].[IsActive], [a].[LockoutEnabled], [a].[LockoutEnd], [a].[NormalizedEmail], [a].[NormalizedUserName], [a].[PasswordHash], [a].[PhoneNumber], [a].[PhoneNumberConfirmed], [a].[Role], [a].[SecurityStamp], [a].[TwoFactorEnabled], [a].[UserName]
FROM [AspNetUsers] AS [a]
WHERE [a].[NormalizedEmail] = @normalizedEmail
2026-03-17 11:54:55.420 +05:30 [INF] Executed DbCommand (1ms) [Parameters=[@normalizedEmail='?' (Size = 256)], CommandType='"Text"', CommandTimeout='30']
SELECT TOP(2) [a].[Id], [a].[AccessFailedCount], [a].[Address], [a].[ConcurrencyStamp], [a].[CreatedAt], [a].[Email], [a].[EmailConfirmed], [a].[FullName], [a].[IsActive], [a].[LockoutEnabled], [a].[LockoutEnd], [a].[NormalizedEmail], [a].[NormalizedUserName], [a].[PasswordHash], [a].[PhoneNumber], [a].[PhoneNumberConfirmed], [a].[Role], [a].[SecurityStamp], [a].[TwoFactorEnabled], [a].[UserName]
FROM [AspNetUsers] AS [a]
WHERE [a].[NormalizedEmail] = @normalizedEmail
2026-03-17 11:54:55.453 +05:30 [INF] Executed DbCommand (6ms) [Parameters=[], CommandType='"Text"', CommandTimeout='30']
SELECT CASE
    WHEN EXISTS (
        SELECT 1
        FROM [Prisoners] AS [p]) THEN CAST(1 AS bit)
    ELSE CAST(0 AS bit)
END
2026-03-17 11:54:55.461 +05:30 [INF] Executed DbCommand (1ms) [Parameters=[@normalizedEmail='?' (Size = 256)], CommandType='"Text"', CommandTimeout='30']
SELECT TOP(2) [a].[Id], [a].[AccessFailedCount], [a].[Address], [a].[ConcurrencyStamp], [a].[CreatedAt], [a].[Email], [a].[EmailConfirmed], [a].[FullName], [a].[IsActive], [a].[LockoutEnabled], [a].[LockoutEnd], [a].[NormalizedEmail], [a].[NormalizedUserName], [a].[PasswordHash], [a].[PhoneNumber], [a].[PhoneNumberConfirmed], [a].[Role], [a].[SecurityStamp], [a].[TwoFactorEnabled], [a].[UserName]
FROM [AspNetUsers] AS [a]
WHERE [a].[NormalizedEmail] = @normalizedEmail
2026-03-17 11:54:55.474 +05:30 [INF] Executed DbCommand (2ms) [Parameters=[], CommandType='"Text"', CommandTimeout='30']
SELECT CASE
    WHEN EXISTS (
        SELECT 1
        FROM [VisitSlots] AS [v]) THEN CAST(1 AS bit)
    ELSE CAST(0 AS bit)
END
2026-03-17 11:54:55.532 +05:30 [INF] ✅ Database ready and seeded.
2026-03-17 11:54:55.541 +05:30 [INF] ✅ App running at http://localhost:5050
2026-03-17 11:54:55.544 +05:30 [INF] ✅ Login: admin@prisonerportal.gov / Admin@123!
2026-03-17 11:54:55.753 +05:30 [INF] Now listening on: http://localhost:5050
2026-03-17 11:54:55.759 +05:30 [INF] Application started. Press Ctrl+C to shut down.
2026-03-17 11:54:55.762 +05:30 [INF] Hosting environment: Development
2026-03-17 11:54:55.763 +05:30 [INF] Content root path: C:\Users\HP\Desktop\Adarsh Yadav Project\PrisonerPortal
2026-03-17 11:54:56.003 +05:30 [INF] Request starting HTTP/1.1 GET http://localhost:5050/Account/Login - null null
2026-03-17 11:54:56.162 +05:30 [INF] Executing endpoint 'PrisonerPortal.Controllers.AccountController.Login (PrisonerPortal)'
2026-03-17 11:54:56.186 +05:30 [INF] Route matched with {action = "Login", controller = "Account"}. Executing controller action with signature Microsoft.AspNetCore.Mvc.IActionResult Login() on controller PrisonerPortal.Controllers.AccountController (PrisonerPortal).
2026-03-17 11:54:56.224 +05:30 [INF] Executing RedirectResult, redirecting to /Family/Dashboard.
2026-03-17 11:54:56.237 +05:30 [INF] Executed action PrisonerPortal.Controllers.AccountController.Login (PrisonerPortal) in 35.4664ms
2026-03-17 11:54:56.242 +05:30 [INF] Executed endpoint 'PrisonerPortal.Controllers.AccountController.Login (PrisonerPortal)'
2026-03-17 11:54:56.267 +05:30 [INF] Request finished HTTP/1.1 GET http://localhost:5050/Account/Login - 302 0 null 281.7767ms
2026-03-17 11:54:56.278 +05:30 [INF] Request starting HTTP/1.1 GET http://localhost:5050/Family/Dashboard - null null
2026-03-17 11:54:56.294 +05:30 [INF] Executing endpoint 'PrisonerPortal.Controllers.FamilyController.Dashboard (PrisonerPortal)'
2026-03-17 11:54:56.307 +05:30 [INF] Route matched with {action = "Dashboard", controller = "Family"}. Executing controller action with signature System.Threading.Tasks.Task`1[Microsoft.AspNetCore.Mvc.IActionResult] Dashboard() on controller PrisonerPortal.Controllers.FamilyController (PrisonerPortal).
2026-03-17 11:54:56.417 +05:30 [INF] Executed DbCommand (2ms) [Parameters=[@p='?' (Size = 450)], CommandType='"Text"', CommandTimeout='30']
SELECT TOP(1) [a].[Id], [a].[AccessFailedCount], [a].[Address], [a].[ConcurrencyStamp], [a].[CreatedAt], [a].[Email], [a].[EmailConfirmed], [a].[FullName], [a].[IsActive], [a].[LockoutEnabled], [a].[LockoutEnd], [a].[NormalizedEmail], [a].[NormalizedUserName], [a].[PasswordHash], [a].[PhoneNumber], [a].[PhoneNumberConfirmed], [a].[Role], [a].[SecurityStamp], [a].[TwoFactorEnabled], [a].[UserName]
FROM [AspNetUsers] AS [a]
WHERE [a].[Id] = @p
2026-03-17 11:54:56.562 +05:30 [INF] Executed DbCommand (11ms) [Parameters=[@userId='?' (Size = 450)], CommandType='"Text"', CommandTimeout='30']
SELECT [f].[LinkId], [f].[IsVerified], [f].[LinkedAt], [f].[PrisonerId], [f].[Relationship], [f].[UserId], [f].[VerifiedByAdminId], [p].[PrisonerId], [p].[CaseNumber], [p].[CellBlock], [p].[CellNumber], [p].[CreatedAt], [p].[CrimeCategory], [p].[DateOfBirth], [p].[FullName], [p].[Gender], [p].[PrisonerCode], [p].[SentenceEndDate], [p].[SentenceStartDate], [p].[Status], [p].[UpdatedAt]
FROM [FamilyPrisonerLinks] AS [f]
INNER JOIN [Prisoners] AS [p] ON [f].[PrisonerId] = [p].[PrisonerId]
WHERE [f].[UserId] = @userId AND [f].[IsVerified] = CAST(1 AS bit)
2026-03-17 11:54:56.747 +05:30 [INF] Executed DbCommand (10ms) [Parameters=[@userId='?' (Size = 450)], CommandType='"Text"', CommandTimeout='30']
SELECT [a].[AppointmentId], [a].[AdminNotes], [a].[AppointmentCode], [a].[BookedAt], [a].[NumVisitors], [a].[PrisonerId], [a].[Purpose], [a].[RejectionReason], [a].[SlotId], [a].[Status], [a].[UpdatedAt], [a].[UserId], [a].[VisitorNames], [p].[PrisonerId], [p].[CaseNumber], [p].[CellBlock], [p].[CellNumber], [p].[CreatedAt], [p].[CrimeCategory], [p].[DateOfBirth], [p].[FullName], [p].[Gender], [p].[PrisonerCode], [p].[SentenceEndDate], [p].[SentenceStartDate], [p].[Status], [p].[UpdatedAt], [v].[SlotId], [v].[CreatedAt], [v].[CreatedByAdminId], [v].[CurrentBookings], [v].[EndTime], [v].[IsActive], [v].[MaxCapacity], [v].[SlotDate], [v].[StartTime]
FROM [Appointments] AS [a]
INNER JOIN [Prisoners] AS [p] ON [a].[PrisonerId] = [p].[PrisonerId]
INNER JOIN [VisitSlots] AS [v] ON [a].[SlotId] = [v].[SlotId]
WHERE [a].[UserId] = @userId
ORDER BY [a].[BookedAt] DESC
2026-03-17 11:54:56.794 +05:30 [INF] Executed DbCommand (4ms) [Parameters=[@userId='?' (Size = 450)], CommandType='"Text"', CommandTimeout='30']
SELECT [s].[RequestId], [s].[AdminResponse], [s].[AssignedAdminId], [s].[Category], [s].[CreatedAt], [s].[Description], [s].[Priority], [s].[PrisonerId], [s].[RequestCode], [s].[ResolvedAt], [s].[Status], [s].[Subject], [s].[UpdatedAt], [s].[UserId], [p].[PrisonerId], [p].[CaseNumber], [p].[CellBlock], [p].[CellNumber], [p].[CreatedAt], [p].[CrimeCategory], [p].[DateOfBirth], [p].[FullName], [p].[Gender], [p].[PrisonerCode], [p].[SentenceEndDate], [p].[SentenceStartDate], [p].[Status], [p].[UpdatedAt]
FROM [SupportRequests] AS [s]
INNER JOIN [Prisoners] AS [p] ON [s].[PrisonerId] = [p].[PrisonerId]
WHERE [s].[UserId] = @userId
ORDER BY [s].[CreatedAt] DESC
2026-03-17 11:54:56.929 +05:30 [INF] Executing ViewResult, running view Dashboard.
2026-03-17 11:55:02.232 +05:30 [INF] Executed ViewResult - view Dashboard executed in 5329.7913ms.
2026-03-17 11:55:02.239 +05:30 [INF] Executed action PrisonerPortal.Controllers.FamilyController.Dashboard (PrisonerPortal) in 5925.5345ms
2026-03-17 11:55:02.243 +05:30 [INF] Executed endpoint 'PrisonerPortal.Controllers.FamilyController.Dashboard (PrisonerPortal)'
2026-03-17 11:55:02.248 +05:30 [INF] Request starting HTTP/1.1 GET http://localhost:5050/css/site.css?v=seqgy2E8WqM9es2uSck3zZTeEFYFhxuxOBVvoD-ron0 - null null
2026-03-17 11:55:02.248 +05:30 [INF] Request starting HTTP/1.1 GET http://localhost:5050/css/components.css?v=elf4DFhCVIE8d9eGP2egurRhUBwkdM7IqUaeO1X2ZPo - null null
2026-03-17 11:55:02.257 +05:30 [INF] Request finished HTTP/1.1 GET http://localhost:5050/Family/Dashboard - 200 null text/html; charset=utf-8 5978.7506ms
2026-03-17 11:55:02.263 +05:30 [INF] Request starting HTTP/1.1 GET http://localhost:5050/js/site.js?v=zIkpxiSb20xI1GzbX49ogguRCWNfYaxVh_KTD9brSds - null null
2026-03-17 11:55:02.263 +05:30 [INF] The file /css/site.css was not modified
2026-03-17 11:55:02.271 +05:30 [INF] The file /js/site.js was not modified
2026-03-17 11:55:02.263 +05:30 [INF] The file /css/components.css was not modified
2026-03-17 11:55:02.274 +05:30 [INF] Request finished HTTP/1.1 GET http://localhost:5050/css/site.css?v=seqgy2E8WqM9es2uSck3zZTeEFYFhxuxOBVvoD-ron0 - 304 null text/css 25.8134ms
2026-03-17 11:55:02.274 +05:30 [INF] Request finished HTTP/1.1 GET http://localhost:5050/js/site.js?v=zIkpxiSb20xI1GzbX49ogguRCWNfYaxVh_KTD9brSds - 304 null text/javascript 10.4587ms
2026-03-17 11:55:02.275 +05:30 [INF] Request finished HTTP/1.1 GET http://localhost:5050/css/components.css?v=elf4DFhCVIE8d9eGP2egurRhUBwkdM7IqUaeO1X2ZPo - 304 null text/css 27.7463ms
2026-03-17 11:55:02.317 +05:30 [INF] Request starting HTTP/1.1 GET http://localhost:5050/Notifications/GetUnreadCount - null null
2026-03-17 11:55:02.349 +05:30 [INF] Executing endpoint 'PrisonerPortal.Controllers.NotificationsController.GetUnreadCount (PrisonerPortal)'
2026-03-17 11:55:02.354 +05:30 [INF] Route matched with {action = "GetUnreadCount", controller = "Notifications"}. Executing controller action with signature Microsoft.AspNetCore.Mvc.IActionResult GetUnreadCount() on controller PrisonerPortal.Controllers.NotificationsController (PrisonerPortal).
2026-03-17 11:55:02.527 +05:30 [INF] Executed DbCommand (6ms) [Parameters=[@userId='?' (Size = 450)], CommandType='"Text"', CommandTimeout='30']
SELECT COUNT(*)
FROM [Notifications] AS [n]
WHERE [n].[UserId] = @userId AND [n].[IsRead] = CAST(0 AS bit)
2026-03-17 11:55:02.550 +05:30 [INF] Executing JsonResult, writing value of type '<>f__AnonymousType1`1[[System.Int32, System.Private.CoreLib, Version=10.0.0.0, Culture=neutral, PublicKeyToken=7cec85d7bea7798e]]'.
2026-03-17 11:55:02.701 +05:30 [INF] Executed action PrisonerPortal.Controllers.NotificationsController.GetUnreadCount (PrisonerPortal) in 342.9263ms
2026-03-17 11:55:02.705 +05:30 [INF] Executed endpoint 'PrisonerPortal.Controllers.NotificationsController.GetUnreadCount (PrisonerPortal)'
2026-03-17 11:55:02.707 +05:30 [INF] Request finished HTTP/1.1 GET http://localhost:5050/Notifications/GetUnreadCount - 200 null application/json; charset=utf-8 389.6503ms
2026-03-17 11:55:25.311 +05:30 [INF] Request starting HTTP/1.1 GET http://localhost:5050/Family/BookVisit - null null
2026-03-17 11:55:25.323 +05:30 [INF] Executing endpoint 'PrisonerPortal.Controllers.FamilyController.BookVisit (PrisonerPortal)'
2026-03-17 11:55:25.347 +05:30 [INF] Route matched with {action = "BookVisit", controller = "Family"}. Executing controller action with signature System.Threading.Tasks.Task`1[Microsoft.AspNetCore.Mvc.IActionResult] BookVisit(System.Nullable`1[System.Int32]) on controller PrisonerPortal.Controllers.FamilyController (PrisonerPortal).
2026-03-17 11:55:25.377 +05:30 [INF] Executed DbCommand (4ms) [Parameters=[@p='?' (Size = 450)], CommandType='"Text"', CommandTimeout='30']
SELECT TOP(1) [a].[Id], [a].[AccessFailedCount], [a].[Address], [a].[ConcurrencyStamp], [a].[CreatedAt], [a].[Email], [a].[EmailConfirmed], [a].[FullName], [a].[IsActive], [a].[LockoutEnabled], [a].[LockoutEnd], [a].[NormalizedEmail], [a].[NormalizedUserName], [a].[PasswordHash], [a].[PhoneNumber], [a].[PhoneNumberConfirmed], [a].[Role], [a].[SecurityStamp], [a].[TwoFactorEnabled], [a].[UserName]
FROM [AspNetUsers] AS [a]
WHERE [a].[Id] = @p
2026-03-17 11:55:25.393 +05:30 [INF] Executed DbCommand (7ms) [Parameters=[@userId='?' (Size = 450)], CommandType='"Text"', CommandTimeout='30']
SELECT [f].[LinkId], [f].[IsVerified], [f].[LinkedAt], [f].[PrisonerId], [f].[Relationship], [f].[UserId], [f].[VerifiedByAdminId], [p].[PrisonerId], [p].[CaseNumber], [p].[CellBlock], [p].[CellNumber], [p].[CreatedAt], [p].[CrimeCategory], [p].[DateOfBirth], [p].[FullName], [p].[Gender], [p].[PrisonerCode], [p].[SentenceEndDate], [p].[SentenceStartDate], [p].[Status], [p].[UpdatedAt]
FROM [FamilyPrisonerLinks] AS [f]
INNER JOIN [Prisoners] AS [p] ON [f].[PrisonerId] = [p].[PrisonerId]
WHERE [f].[UserId] = @userId AND [f].[IsVerified] = CAST(1 AS bit)
2026-03-17 11:55:25.451 +05:30 [INF] Executed DbCommand (4ms) [Parameters=[], CommandType='"Text"', CommandTimeout='30']
SELECT [v].[SlotId], [v].[CreatedAt], [v].[CreatedByAdminId], [v].[CurrentBookings], [v].[EndTime], [v].[IsActive], [v].[MaxCapacity], [v].[SlotDate], [v].[StartTime]
FROM [VisitSlots] AS [v]
WHERE [v].[IsActive] = CAST(1 AS bit) AND [v].[SlotDate] >= CONVERT(date, GETUTCDATE())
ORDER BY [v].[SlotDate], [v].[StartTime]
2026-03-17 11:55:25.480 +05:30 [INF] Executing ViewResult, running view BookVisit.
2026-03-17 11:55:25.655 +05:30 [INF] Executed ViewResult - view BookVisit executed in 177.3483ms.
2026-03-17 11:55:25.659 +05:30 [INF] Executed action PrisonerPortal.Controllers.FamilyController.BookVisit (PrisonerPortal) in 307.0498ms
2026-03-17 11:55:25.663 +05:30 [INF] Request starting HTTP/1.1 GET http://localhost:5050/lib/jquery-validation-unobtrusive/dist/jquery.validate.unobtrusive.min.js - null null
2026-03-17 11:55:25.663 +05:30 [INF] Request starting HTTP/1.1 GET http://localhost:5050/lib/jquery-validation/dist/jquery.validate.min.js - null null
2026-03-17 11:55:25.663 +05:30 [INF] Executed endpoint 'PrisonerPortal.Controllers.FamilyController.BookVisit (PrisonerPortal)'
2026-03-17 11:55:25.667 +05:30 [INF] The file /lib/jquery-validation-unobtrusive/dist/jquery.validate.unobtrusive.min.js was not modified
2026-03-17 11:55:25.669 +05:30 [INF] The file /lib/jquery-validation/dist/jquery.validate.min.js was not modified
2026-03-17 11:55:25.670 +05:30 [INF] Request finished HTTP/1.1 GET http://localhost:5050/Family/BookVisit - 200 null text/html; charset=utf-8 359.1009ms
2026-03-17 11:55:25.670 +05:30 [INF] Request finished HTTP/1.1 GET http://localhost:5050/lib/jquery-validation-unobtrusive/dist/jquery.validate.unobtrusive.min.js - 304 null text/javascript 7.9855ms
2026-03-17 11:55:25.672 +05:30 [INF] Request finished HTTP/1.1 GET http://localhost:5050/lib/jquery-validation/dist/jquery.validate.min.js - 304 null text/javascript 9.3359ms
2026-03-17 11:55:25.683 +05:30 [INF] Request starting HTTP/1.1 GET http://localhost:5050/Notifications/GetUnreadCount - null null
2026-03-17 11:55:25.688 +05:30 [INF] Executing endpoint 'PrisonerPortal.Controllers.NotificationsController.GetUnreadCount (PrisonerPortal)'
2026-03-17 11:55:25.689 +05:30 [INF] Route matched with {action = "GetUnreadCount", controller = "Notifications"}. Executing controller action with signature Microsoft.AspNetCore.Mvc.IActionResult GetUnreadCount() on controller PrisonerPortal.Controllers.NotificationsController (PrisonerPortal).
2026-03-17 11:55:25.697 +05:30 [INF] Executed DbCommand (3ms) [Parameters=[@userId='?' (Size = 450)], CommandType='"Text"', CommandTimeout='30']
SELECT COUNT(*)
FROM [Notifications] AS [n]
WHERE [n].[UserId] = @userId AND [n].[IsRead] = CAST(0 AS bit)
2026-03-17 11:55:25.700 +05:30 [INF] Executing JsonResult, writing value of type '<>f__AnonymousType1`1[[System.Int32, System.Private.CoreLib, Version=10.0.0.0, Culture=neutral, PublicKeyToken=7cec85d7bea7798e]]'.
2026-03-17 11:55:25.701 +05:30 [INF] Executed action PrisonerPortal.Controllers.NotificationsController.GetUnreadCount (PrisonerPortal) in 9.4747ms
2026-03-17 11:55:25.703 +05:30 [INF] Executed endpoint 'PrisonerPortal.Controllers.NotificationsController.GetUnreadCount (PrisonerPortal)'
2026-03-17 11:55:25.705 +05:30 [INF] Request finished HTTP/1.1 GET http://localhost:5050/Notifications/GetUnreadCount - 200 null application/json; charset=utf-8 21.6985ms
2026-03-17 11:55:51.291 +05:30 [INF] Request starting HTTP/1.1 POST http://localhost:5050/Family/BookVisit - application/x-www-form-urlencoded 326
2026-03-17 11:55:51.295 +05:30 [INF] Executing endpoint 'PrisonerPortal.Controllers.FamilyController.BookVisit (PrisonerPortal)'
2026-03-17 11:55:51.326 +05:30 [INF] Route matched with {action = "BookVisit", controller = "Family"}. Executing controller action with signature System.Threading.Tasks.Task`1[Microsoft.AspNetCore.Mvc.IActionResult] BookVisit(PrisonerPortal.Models.ViewModels.BookVisitViewModel) on controller PrisonerPortal.Controllers.FamilyController (PrisonerPortal).
2026-03-17 11:55:51.388 +05:30 [INF] Executed DbCommand (1ms) [Parameters=[@p='?' (Size = 450)], CommandType='"Text"', CommandTimeout='30']
SELECT TOP(1) [a].[Id], [a].[AccessFailedCount], [a].[Address], [a].[ConcurrencyStamp], [a].[CreatedAt], [a].[Email], [a].[EmailConfirmed], [a].[FullName], [a].[IsActive], [a].[LockoutEnabled], [a].[LockoutEnd], [a].[NormalizedEmail], [a].[NormalizedUserName], [a].[PasswordHash], [a].[PhoneNumber], [a].[PhoneNumberConfirmed], [a].[Role], [a].[SecurityStamp], [a].[TwoFactorEnabled], [a].[UserName]
FROM [AspNetUsers] AS [a]
WHERE [a].[Id] = @p
2026-03-17 11:55:51.457 +05:30 [ERR] An exception occurred while iterating over the results of a query for context type 'PrisonerPortal.Data.ApplicationDbContext'.
System.InvalidOperationException: The configured execution strategy 'SqlServerRetryingExecutionStrategy' does not support user-initiated transactions. Use the execution strategy returned by 'DbContext.Database.CreateExecutionStrategy()' to execute all the operations in the transaction as a retriable unit.
   at Microsoft.EntityFrameworkCore.Storage.ExecutionStrategy.OnFirstExecution()
   at Microsoft.EntityFrameworkCore.Storage.ExecutionStrategy.ExecuteAsync[TState,TResult](TState state, Func`4 operation, Func`4 verifySucceeded, CancellationToken cancellationToken)
   at Microsoft.EntityFrameworkCore.Query.Internal.SingleQueryingEnumerable`1.AsyncEnumerator.MoveNextAsync()
System.InvalidOperationException: The configured execution strategy 'SqlServerRetryingExecutionStrategy' does not support user-initiated transactions. Use the execution strategy returned by 'DbContext.Database.CreateExecutionStrategy()' to execute all the operations in the transaction as a retriable unit.
   at Microsoft.EntityFrameworkCore.Storage.ExecutionStrategy.OnFirstExecution()
   at Microsoft.EntityFrameworkCore.Storage.ExecutionStrategy.ExecuteAsync[TState,TResult](TState state, Func`4 operation, Func`4 verifySucceeded, CancellationToken cancellationToken)
   at Microsoft.EntityFrameworkCore.Query.Internal.SingleQueryingEnumerable`1.AsyncEnumerator.MoveNextAsync()
2026-03-17 11:55:51.872 +05:30 [INF] Executed DbCommand (1ms) [Parameters=[@userId='?' (Size = 450)], CommandType='"Text"', CommandTimeout='30']
SELECT [f].[LinkId], [f].[IsVerified], [f].[LinkedAt], [f].[PrisonerId], [f].[Relationship], [f].[UserId], [f].[VerifiedByAdminId], [p].[PrisonerId], [p].[CaseNumber], [p].[CellBlock], [p].[CellNumber], [p].[CreatedAt], [p].[CrimeCategory], [p].[DateOfBirth], [p].[FullName], [p].[Gender], [p].[PrisonerCode], [p].[SentenceEndDate], [p].[SentenceStartDate], [p].[Status], [p].[UpdatedAt]
FROM [FamilyPrisonerLinks] AS [f]
INNER JOIN [Prisoners] AS [p] ON [f].[PrisonerId] = [p].[PrisonerId]
WHERE [f].[UserId] = @userId AND [f].[IsVerified] = CAST(1 AS bit)
2026-03-17 11:55:51.879 +05:30 [INF] Executed DbCommand (1ms) [Parameters=[], CommandType='"Text"', CommandTimeout='30']
SELECT [v].[SlotId], [v].[CreatedAt], [v].[CreatedByAdminId], [v].[CurrentBookings], [v].[EndTime], [v].[IsActive], [v].[MaxCapacity], [v].[SlotDate], [v].[StartTime]
FROM [VisitSlots] AS [v]
WHERE [v].[IsActive] = CAST(1 AS bit) AND [v].[SlotDate] >= CONVERT(date, GETUTCDATE())
ORDER BY [v].[SlotDate], [v].[StartTime]
2026-03-17 11:55:51.885 +05:30 [INF] Executing ViewResult, running view BookVisit.
2026-03-17 11:55:51.914 +05:30 [INF] Executed ViewResult - view BookVisit executed in 28.6193ms.
2026-03-17 11:55:51.918 +05:30 [INF] Executed action PrisonerPortal.Controllers.FamilyController.BookVisit (PrisonerPortal) in 583.9419ms
2026-03-17 11:55:51.921 +05:30 [INF] Executed endpoint 'PrisonerPortal.Controllers.FamilyController.BookVisit (PrisonerPortal)'
2026-03-17 11:55:51.923 +05:30 [INF] Request finished HTTP/1.1 POST http://localhost:5050/Family/BookVisit - 200 null text/html; charset=utf-8 632.0814ms
2026-03-17 11:55:51.941 +05:30 [INF] Request starting HTTP/1.1 GET http://localhost:5050/Notifications/GetUnreadCount - null null
2026-03-17 11:55:51.946 +05:30 [INF] Executing endpoint 'PrisonerPortal.Controllers.NotificationsController.GetUnreadCount (PrisonerPortal)'
2026-03-17 11:55:51.947 +05:30 [INF] Route matched with {action = "GetUnreadCount", controller = "Notifications"}. Executing controller action with signature Microsoft.AspNetCore.Mvc.IActionResult GetUnreadCount() on controller PrisonerPortal.Controllers.NotificationsController (PrisonerPortal).
2026-03-17 11:55:51.951 +05:30 [INF] Executed DbCommand (0ms) [Parameters=[@userId='?' (Size = 450)], CommandType='"Text"', CommandTimeout='30']
SELECT COUNT(*)
FROM [Notifications] AS [n]
WHERE [n].[UserId] = @userId AND [n].[IsRead] = CAST(0 AS bit)
2026-03-17 11:55:51.953 +05:30 [INF] Executing JsonResult, writing value of type '<>f__AnonymousType1`1[[System.Int32, System.Private.CoreLib, Version=10.0.0.0, Culture=neutral, PublicKeyToken=7cec85d7bea7798e]]'.
2026-03-17 11:55:51.955 +05:30 [INF] Executed action PrisonerPortal.Controllers.NotificationsController.GetUnreadCount (PrisonerPortal) in 5.8608ms
2026-03-17 11:55:51.956 +05:30 [INF] Executed endpoint 'PrisonerPortal.Controllers.NotificationsController.GetUnreadCount (PrisonerPortal)'
2026-03-17 11:55:51.958 +05:30 [INF] Request finished HTTP/1.1 GET http://localhost:5050/Notifications/GetUnreadCount - 200 null application/json; charset=utf-8 16.5634ms
2026-03-17 11:55:57.101 +05:30 [INF] Request starting HTTP/1.1 POST http://localhost:5050/Account/Logout - application/x-www-form-urlencoded 225
2026-03-17 11:55:57.109 +05:30 [INF] Executing endpoint 'PrisonerPortal.Controllers.AccountController.Logout (PrisonerPortal)'
2026-03-17 11:55:57.122 +05:30 [INF] Route matched with {action = "Logout", controller = "Account"}. Executing controller action with signature System.Threading.Tasks.Task`1[Microsoft.AspNetCore.Mvc.IActionResult] Logout() on controller PrisonerPortal.Controllers.AccountController (PrisonerPortal).
2026-03-17 11:55:57.356 +05:30 [INF] Executed DbCommand (11ms) [Parameters=[@p0='?' (Size = 4000), @p1='?' (Size = 4000), @p2='?' (Size = 4000), @p3='?' (Size = 4000), @p4='?' (Size = 4000), @p5='?' (Size = 4000), @p6='?' (DbType = DateTime2), @p7='?' (Size = 450)], CommandType='"Text"', CommandTimeout='30']
SET IMPLICIT_TRANSACTIONS OFF;
SET NOCOUNT ON;
INSERT INTO [AuditLogs] ([Action], [EntityId], [EntityType], [IPAddress], [NewValues], [OldValues], [Timestamp], [UserId])
OUTPUT INSERTED.[LogId]
VALUES (@p0, @p1, @p2, @p3, @p4, @p5, @p6, @p7);
2026-03-17 11:55:57.414 +05:30 [INF] AuthenticationScheme: Identity.Application signed out.
2026-03-17 11:55:57.420 +05:30 [INF] AuthenticationScheme: Identity.External signed out.
2026-03-17 11:55:57.425 +05:30 [INF] AuthenticationScheme: Identity.TwoFactorUserId signed out.
2026-03-17 11:55:57.431 +05:30 [INF] Executing RedirectResult, redirecting to /.
2026-03-17 11:55:57.436 +05:30 [INF] Executed action PrisonerPortal.Controllers.AccountController.Logout (PrisonerPortal) in 308.3958ms
2026-03-17 11:55:57.442 +05:30 [INF] Executed endpoint 'PrisonerPortal.Controllers.AccountController.Logout (PrisonerPortal)'
2026-03-17 11:55:57.447 +05:30 [INF] Request finished HTTP/1.1 POST http://localhost:5050/Account/Logout - 302 0 null 346.0994ms
2026-03-17 11:55:57.455 +05:30 [INF] Request starting HTTP/1.1 GET http://localhost:5050/ - null null
2026-03-17 11:55:57.459 +05:30 [INF] Executing endpoint 'PrisonerPortal.Controllers.AccountController.Login (PrisonerPortal)'
2026-03-17 11:55:57.459 +05:30 [INF] Route matched with {action = "Login", controller = "Account"}. Executing controller action with signature Microsoft.AspNetCore.Mvc.IActionResult Login() on controller PrisonerPortal.Controllers.AccountController (PrisonerPortal).
2026-03-17 11:55:58.270 +05:30 [INF] Executing ViewResult, running view Login.
2026-03-17 11:55:58.334 +05:30 [INF] Executed ViewResult - view Login executed in 872.0963ms.
2026-03-17 11:55:58.336 +05:30 [INF] Executed action PrisonerPortal.Controllers.AccountController.Login (PrisonerPortal) in 875.4955ms
2026-03-17 11:55:58.340 +05:30 [INF] Executed endpoint 'PrisonerPortal.Controllers.AccountController.Login (PrisonerPortal)'
2026-03-17 11:55:58.342 +05:30 [INF] Request finished HTTP/1.1 GET http://localhost:5050/ - 200 null text/html; charset=utf-8 887.0563ms
2026-03-17 11:55:58.346 +05:30 [INF] Request starting HTTP/1.1 GET http://localhost:5050/js/auth.js?v=vFieu_vdInS-_NST3h1ILrWgllVMY1VPgyTgpG3Dmrc - null null
2026-03-17 11:55:58.348 +05:30 [INF] The file /js/auth.js was not modified
2026-03-17 11:55:58.349 +05:30 [INF] Request finished HTTP/1.1 GET http://localhost:5050/js/auth.js?v=vFieu_vdInS-_NST3h1ILrWgllVMY1VPgyTgpG3Dmrc - 304 null text/javascript 3.5987ms
2026-03-17 11:56:06.751 +05:30 [INF] Request starting HTTP/1.1 POST http://localhost:5050/ - application/x-www-form-urlencoded 272
2026-03-17 11:56:06.755 +05:30 [INF] Executing endpoint 'PrisonerPortal.Controllers.AccountController.Login (PrisonerPortal)'
2026-03-17 11:56:06.765 +05:30 [INF] Route matched with {action = "Login", controller = "Account"}. Executing controller action with signature System.Threading.Tasks.Task`1[Microsoft.AspNetCore.Mvc.IActionResult] Login(PrisonerPortal.Models.ViewModels.LoginViewModel) on controller PrisonerPortal.Controllers.AccountController (PrisonerPortal).
2026-03-17 11:56:06.775 +05:30 [INF] Executed DbCommand (2ms) [Parameters=[@normalizedEmail='?' (Size = 256)], CommandType='"Text"', CommandTimeout='30']
SELECT TOP(2) [a].[Id], [a].[AccessFailedCount], [a].[Address], [a].[ConcurrencyStamp], [a].[CreatedAt], [a].[Email], [a].[EmailConfirmed], [a].[FullName], [a].[IsActive], [a].[LockoutEnabled], [a].[LockoutEnd], [a].[NormalizedEmail], [a].[NormalizedUserName], [a].[PasswordHash], [a].[PhoneNumber], [a].[PhoneNumberConfirmed], [a].[Role], [a].[SecurityStamp], [a].[TwoFactorEnabled], [a].[UserName]
FROM [AspNetUsers] AS [a]
WHERE [a].[NormalizedEmail] = @normalizedEmail
2026-03-17 11:56:06.813 +05:30 [INF] Executed DbCommand (4ms) [Parameters=[@normalizedUserName='?' (Size = 256)], CommandType='"Text"', CommandTimeout='30']
SELECT TOP(1) [a].[Id], [a].[AccessFailedCount], [a].[Address], [a].[ConcurrencyStamp], [a].[CreatedAt], [a].[Email], [a].[EmailConfirmed], [a].[FullName], [a].[IsActive], [a].[LockoutEnabled], [a].[LockoutEnd], [a].[NormalizedEmail], [a].[NormalizedUserName], [a].[PasswordHash], [a].[PhoneNumber], [a].[PhoneNumberConfirmed], [a].[Role], [a].[SecurityStamp], [a].[TwoFactorEnabled], [a].[UserName]
FROM [AspNetUsers] AS [a]
WHERE [a].[NormalizedUserName] = @normalizedUserName
2026-03-17 11:56:06.986 +05:30 [INF] Executed DbCommand (3ms) [Parameters=[@user_Id='?' (Size = 450)], CommandType='"Text"', CommandTimeout='30']
SELECT [a].[Id], [a].[ClaimType], [a].[ClaimValue], [a].[UserId]
FROM [AspNetUserClaims] AS [a]
WHERE [a].[UserId] = @user_Id
2026-03-17 11:56:07.055 +05:30 [INF] Executed DbCommand (8ms) [Parameters=[@userId='?' (Size = 450)], CommandType='"Text"', CommandTimeout='30']
SELECT [a0].[Name]
FROM [AspNetUserRoles] AS [a]
INNER JOIN [AspNetRoles] AS [a0] ON [a].[RoleId] = [a0].[Id]
WHERE [a].[UserId] = @userId
2026-03-17 11:56:07.070 +05:30 [INF] Executed DbCommand (3ms) [Parameters=[@normalizedName='?' (Size = 256)], CommandType='"Text"', CommandTimeout='30']
SELECT TOP(1) [a].[Id], [a].[ConcurrencyStamp], [a].[Name], [a].[NormalizedName]
FROM [AspNetRoles] AS [a]
WHERE [a].[NormalizedName] = @normalizedName
2026-03-17 11:56:07.116 +05:30 [INF] Executed DbCommand (5ms) [Parameters=[@role_Id='?' (Size = 450)], CommandType='"Text"', CommandTimeout='30']
SELECT [a].[ClaimType], [a].[ClaimValue]
FROM [AspNetRoleClaims] AS [a]
WHERE [a].[RoleId] = @role_Id
2026-03-17 11:56:07.133 +05:30 [INF] AuthenticationScheme: Identity.Application signed in.
2026-03-17 11:56:07.153 +05:30 [INF] Executed DbCommand (3ms) [Parameters=[@p0='?' (Size = 4000), @p1='?' (Size = 4000), @p2='?' (Size = 4000), @p3='?' (Size = 4000), @p4='?' (Size = 4000), @p5='?' (Size = 4000), @p6='?' (DbType = DateTime2), @p7='?' (Size = 450)], CommandType='"Text"', CommandTimeout='30']
SET IMPLICIT_TRANSACTIONS OFF;
SET NOCOUNT ON;
INSERT INTO [AuditLogs] ([Action], [EntityId], [EntityType], [IPAddress], [NewValues], [OldValues], [Timestamp], [UserId])
OUTPUT INSERTED.[LogId]
VALUES (@p0, @p1, @p2, @p3, @p4, @p5, @p6, @p7);
2026-03-17 11:56:07.162 +05:30 [INF] Executing RedirectResult, redirecting to /Admin/Dashboard.
2026-03-17 11:56:07.167 +05:30 [INF] Executed action PrisonerPortal.Controllers.AccountController.Login (PrisonerPortal) in 399.198ms
2026-03-17 11:56:07.170 +05:30 [INF] Executed endpoint 'PrisonerPortal.Controllers.AccountController.Login (PrisonerPortal)'
2026-03-17 11:56:07.172 +05:30 [INF] Request finished HTTP/1.1 POST http://localhost:5050/ - 302 0 null 421.5112ms
2026-03-17 11:56:07.176 +05:30 [INF] Request starting HTTP/1.1 GET http://localhost:5050/Admin/Dashboard - null null
2026-03-17 11:56:07.183 +05:30 [INF] Executing endpoint 'PrisonerPortal.Controllers.AdminController.Dashboard (PrisonerPortal)'
2026-03-17 11:56:07.190 +05:30 [INF] Route matched with {action = "Dashboard", controller = "Admin"}. Executing controller action with signature System.Threading.Tasks.Task`1[Microsoft.AspNetCore.Mvc.IActionResult] Dashboard() on controller PrisonerPortal.Controllers.AdminController (PrisonerPortal).
2026-03-17 11:56:07.222 +05:30 [INF] Executed DbCommand (2ms) [Parameters=[@normalizedRoleName='?' (Size = 256)], CommandType='"Text"', CommandTimeout='30']
SELECT TOP(2) [a].[Id], [a].[ConcurrencyStamp], [a].[Name], [a].[NormalizedName]
FROM [AspNetRoles] AS [a]
WHERE [a].[NormalizedName] = @normalizedRoleName
2026-03-17 11:56:07.263 +05:30 [INF] Executed DbCommand (4ms) [Parameters=[@role_Id='?' (Size = 450)], CommandType='"Text"', CommandTimeout='30']
SELECT [a0].[Id], [a0].[AccessFailedCount], [a0].[Address], [a0].[ConcurrencyStamp], [a0].[CreatedAt], [a0].[Email], [a0].[EmailConfirmed], [a0].[FullName], [a0].[IsActive], [a0].[LockoutEnabled], [a0].[LockoutEnd], [a0].[NormalizedEmail], [a0].[NormalizedUserName], [a0].[PasswordHash], [a0].[PhoneNumber], [a0].[PhoneNumberConfirmed], [a0].[Role], [a0].[SecurityStamp], [a0].[TwoFactorEnabled], [a0].[UserName]
FROM [AspNetUserRoles] AS [a]
INNER JOIN [AspNetUsers] AS [a0] ON [a].[UserId] = [a0].[Id]
WHERE [a].[RoleId] = @role_Id
2026-03-17 11:56:07.305 +05:30 [INF] Executed DbCommand (2ms) [Parameters=[], CommandType='"Text"', CommandTimeout='30']
SELECT COUNT(*)
FROM [Prisoners] AS [p]
WHERE [p].[Status] = N'Active'
2026-03-17 11:56:07.356 +05:30 [INF] Executed DbCommand (4ms) [Parameters=[@today='?' (DbType = DateTime2)], CommandType='"Text"', CommandTimeout='30']
SELECT COUNT(*)
FROM [Appointments] AS [a]
INNER JOIN [VisitSlots] AS [v] ON [a].[SlotId] = [v].[SlotId]
WHERE [a].[Status] IN (N'Pending', N'Approved') AND [v].[SlotDate] = @today
2026-03-17 11:56:07.395 +05:30 [INF] Executed DbCommand (5ms) [Parameters=[], CommandType='"Text"', CommandTimeout='30']
SELECT COUNT(*)
FROM [SupportRequests] AS [s]
WHERE [s].[Status] IN (N'Open', N'InProgress')
2026-03-17 11:56:07.490 +05:30 [INF] Executed DbCommand (9ms) [Parameters=[@p='?' (DbType = Int32)], CommandType='"Text"', CommandTimeout='30']
SELECT [a0].[AppointmentId], [a0].[AdminNotes], [a0].[AppointmentCode], [a0].[BookedAt], [a0].[NumVisitors], [a0].[PrisonerId], [a0].[Purpose], [a0].[RejectionReason], [a0].[SlotId], [a0].[Status], [a0].[UpdatedAt], [a0].[UserId], [a0].[VisitorNames], [p].[PrisonerId], [p].[CaseNumber], [p].[CellBlock], [p].[CellNumber], [p].[CreatedAt], [p].[CrimeCategory], [p].[DateOfBirth], [p].[FullName], [p].[Gender], [p].[PrisonerCode], [p].[SentenceEndDate], [p].[SentenceStartDate], [p].[Status], [p].[UpdatedAt], [a1].[Id], [a1].[AccessFailedCount], [a1].[Address], [a1].[ConcurrencyStamp], [a1].[CreatedAt], [a1].[Email], [a1].[EmailConfirmed], [a1].[FullName], [a1].[IsActive], [a1].[LockoutEnabled], [a1].[LockoutEnd], [a1].[NormalizedEmail], [a1].[NormalizedUserName], [a1].[PasswordHash], [a1].[PhoneNumber], [a1].[PhoneNumberConfirmed], [a1].[Role], [a1].[SecurityStamp], [a1].[TwoFactorEnabled], [a1].[UserName], [v].[SlotId], [v].[CreatedAt], [v].[CreatedByAdminId], [v].[CurrentBookings], [v].[EndTime], [v].[IsActive], [v].[MaxCapacity], [v].[SlotDate], [v].[StartTime]
FROM (
    SELECT TOP(@p) [a].[AppointmentId], [a].[AdminNotes], [a].[AppointmentCode], [a].[BookedAt], [a].[NumVisitors], [a].[PrisonerId], [a].[Purpose], [a].[RejectionReason], [a].[SlotId], [a].[Status], [a].[UpdatedAt], [a].[UserId], [a].[VisitorNames]
    FROM [Appointments] AS [a]
    WHERE [a].[Status] = N'Pending'
    ORDER BY [a].[BookedAt]
) AS [a0]
INNER JOIN [Prisoners] AS [p] ON [a0].[PrisonerId] = [p].[PrisonerId]
INNER JOIN [AspNetUsers] AS [a1] ON [a0].[UserId] = [a1].[Id]
INNER JOIN [VisitSlots] AS [v] ON [a0].[SlotId] = [v].[SlotId]
ORDER BY [a0].[BookedAt]
2026-03-17 11:56:07.577 +05:30 [INF] Executed DbCommand (6ms) [Parameters=[@p='?' (DbType = Int32)], CommandType='"Text"', CommandTimeout='30']
SELECT [s0].[RequestId], [s0].[AdminResponse], [s0].[AssignedAdminId], [s0].[Category], [s0].[CreatedAt], [s0].[Description], [s0].[Priority], [s0].[PrisonerId], [s0].[RequestCode], [s0].[ResolvedAt], [s0].[Status], [s0].[Subject], [s0].[UpdatedAt], [s0].[UserId], [a].[Id], [a].[AccessFailedCount], [a].[Address], [a].[ConcurrencyStamp], [a].[CreatedAt], [a].[Email], [a].[EmailConfirmed], [a].[FullName], [a].[IsActive], [a].[LockoutEnabled], [a].[LockoutEnd], [a].[NormalizedEmail], [a].[NormalizedUserName], [a].[PasswordHash], [a].[PhoneNumber], [a].[PhoneNumberConfirmed], [a].[Role], [a].[SecurityStamp], [a].[TwoFactorEnabled], [a].[UserName], [p].[PrisonerId], [p].[CaseNumber], [p].[CellBlock], [p].[CellNumber], [p].[CreatedAt], [p].[CrimeCategory], [p].[DateOfBirth], [p].[FullName], [p].[Gender], [p].[PrisonerCode], [p].[SentenceEndDate], [p].[SentenceStartDate], [p].[Status], [p].[UpdatedAt]
FROM (
    SELECT TOP(@p) [s].[RequestId], [s].[AdminResponse], [s].[AssignedAdminId], [s].[Category], [s].[CreatedAt], [s].[Description], [s].[Priority], [s].[PrisonerId], [s].[RequestCode], [s].[ResolvedAt], [s].[Status], [s].[Subject], [s].[UpdatedAt], [s].[UserId]
    FROM [SupportRequests] AS [s]
    ORDER BY [s].[CreatedAt] DESC
) AS [s0]
INNER JOIN [AspNetUsers] AS [a] ON [s0].[UserId] = [a].[Id]
INNER JOIN [Prisoners] AS [p] ON [s0].[PrisonerId] = [p].[PrisonerId]
ORDER BY [s0].[CreatedAt] DESC
2026-03-17 11:56:07.648 +05:30 [INF] Executed DbCommand (11ms) [Parameters=[], CommandType='"Text"', CommandTimeout='30']
SELECT [f].[LinkId], [f].[IsVerified], [f].[LinkedAt], [f].[PrisonerId], [f].[Relationship], [f].[UserId], [f].[VerifiedByAdminId], [a].[Id], [a].[AccessFailedCount], [a].[Address], [a].[ConcurrencyStamp], [a].[CreatedAt], [a].[Email], [a].[EmailConfirmed], [a].[FullName], [a].[IsActive], [a].[LockoutEnabled], [a].[LockoutEnd], [a].[NormalizedEmail], [a].[NormalizedUserName], [a].[PasswordHash], [a].[PhoneNumber], [a].[PhoneNumberConfirmed], [a].[Role], [a].[SecurityStamp], [a].[TwoFactorEnabled], [a].[UserName], [p].[PrisonerId], [p].[CaseNumber], [p].[CellBlock], [p].[CellNumber], [p].[CreatedAt], [p].[CrimeCategory], [p].[DateOfBirth], [p].[FullName], [p].[Gender], [p].[PrisonerCode], [p].[SentenceEndDate], [p].[SentenceStartDate], [p].[Status], [p].[UpdatedAt]
FROM [FamilyPrisonerLinks] AS [f]
INNER JOIN [AspNetUsers] AS [a] ON [f].[UserId] = [a].[Id]
INNER JOIN [Prisoners] AS [p] ON [f].[PrisonerId] = [p].[PrisonerId]
WHERE [f].[IsVerified] = CAST(0 AS bit)
ORDER BY [f].[LinkedAt]
2026-03-17 11:56:07.659 +05:30 [INF] Executing ViewResult, running view Dashboard.
2026-03-17 11:56:07.744 +05:30 [INF] Executed ViewResult - view Dashboard executed in 88.0822ms.
2026-03-17 11:56:07.749 +05:30 [INF] Executed action PrisonerPortal.Controllers.AdminController.Dashboard (PrisonerPortal) in 556.3906ms
2026-03-17 11:56:07.752 +05:30 [INF] Executed endpoint 'PrisonerPortal.Controllers.AdminController.Dashboard (PrisonerPortal)'
2026-03-17 11:56:07.754 +05:30 [INF] Request finished HTTP/1.1 GET http://localhost:5050/Admin/Dashboard - 200 null text/html; charset=utf-8 578.158ms
2026-03-17 11:56:07.773 +05:30 [INF] Request starting HTTP/1.1 GET http://localhost:5050/Notifications/GetUnreadCount - null null
2026-03-17 11:56:07.778 +05:30 [INF] Executing endpoint 'PrisonerPortal.Controllers.NotificationsController.GetUnreadCount (PrisonerPortal)'
2026-03-17 11:56:07.780 +05:30 [INF] Route matched with {action = "GetUnreadCount", controller = "Notifications"}. Executing controller action with signature Microsoft.AspNetCore.Mvc.IActionResult GetUnreadCount() on controller PrisonerPortal.Controllers.NotificationsController (PrisonerPortal).
2026-03-17 11:56:07.784 +05:30 [INF] Executed DbCommand (0ms) [Parameters=[@userId='?' (Size = 450)], CommandType='"Text"', CommandTimeout='30']
SELECT COUNT(*)
FROM [Notifications] AS [n]
WHERE [n].[UserId] = @userId AND [n].[IsRead] = CAST(0 AS bit)
2026-03-17 11:56:07.786 +05:30 [INF] Executing JsonResult, writing value of type '<>f__AnonymousType1`1[[System.Int32, System.Private.CoreLib, Version=10.0.0.0, Culture=neutral, PublicKeyToken=7cec85d7bea7798e]]'.
2026-03-17 11:56:07.788 +05:30 [INF] Executed action PrisonerPortal.Controllers.NotificationsController.GetUnreadCount (PrisonerPortal) in 5.6553ms
2026-03-17 11:56:07.789 +05:30 [INF] Executed endpoint 'PrisonerPortal.Controllers.NotificationsController.GetUnreadCount (PrisonerPortal)'
2026-03-17 11:56:07.791 +05:30 [INF] Request finished HTTP/1.1 GET http://localhost:5050/Notifications/GetUnreadCount - 200 null application/json; charset=utf-8 18.0804ms
2026-03-17 11:56:15.498 +05:30 [INF] Request starting HTTP/1.1 GET http://localhost:5050/Admin/Requests - null null
2026-03-17 11:56:15.508 +05:30 [INF] Executing endpoint 'PrisonerPortal.Controllers.AdminController.Requests (PrisonerPortal)'
2026-03-17 11:56:15.519 +05:30 [INF] Route matched with {action = "Requests", controller = "Admin"}. Executing controller action with signature System.Threading.Tasks.Task`1[Microsoft.AspNetCore.Mvc.IActionResult] Requests() on controller PrisonerPortal.Controllers.AdminController (PrisonerPortal).
2026-03-17 11:56:15.623 +05:30 [INF] Executed DbCommand (9ms) [Parameters=[], CommandType='"Text"', CommandTimeout='30']
SELECT [s].[RequestId], [s].[AdminResponse], [s].[AssignedAdminId], [s].[Category], [s].[CreatedAt], [s].[Description], [s].[Priority], [s].[PrisonerId], [s].[RequestCode], [s].[ResolvedAt], [s].[Status], [s].[Subject], [s].[UpdatedAt], [s].[UserId], [p].[PrisonerId], [p].[CaseNumber], [p].[CellBlock], [p].[CellNumber], [p].[CreatedAt], [p].[CrimeCategory], [p].[DateOfBirth], [p].[FullName], [p].[Gender], [p].[PrisonerCode], [p].[SentenceEndDate], [p].[SentenceStartDate], [p].[Status], [p].[UpdatedAt], [a].[Id], [a].[AccessFailedCount], [a].[Address], [a].[ConcurrencyStamp], [a].[CreatedAt], [a].[Email], [a].[EmailConfirmed], [a].[FullName], [a].[IsActive], [a].[LockoutEnabled], [a].[LockoutEnd], [a].[NormalizedEmail], [a].[NormalizedUserName], [a].[PasswordHash], [a].[PhoneNumber], [a].[PhoneNumberConfirmed], [a].[Role], [a].[SecurityStamp], [a].[TwoFactorEnabled], [a].[UserName], [a0].[Id], [a0].[AccessFailedCount], [a0].[Address], [a0].[ConcurrencyStamp], [a0].[CreatedAt], [a0].[Email], [a0].[EmailConfirmed], [a0].[FullName], [a0].[IsActive], [a0].[LockoutEnabled], [a0].[LockoutEnd], [a0].[NormalizedEmail], [a0].[NormalizedUserName], [a0].[PasswordHash], [a0].[PhoneNumber], [a0].[PhoneNumberConfirmed], [a0].[Role], [a0].[SecurityStamp], [a0].[TwoFactorEnabled], [a0].[UserName]
FROM [SupportRequests] AS [s]
INNER JOIN [Prisoners] AS [p] ON [s].[PrisonerId] = [p].[PrisonerId]
INNER JOIN [AspNetUsers] AS [a] ON [s].[UserId] = [a].[Id]
LEFT JOIN [AspNetUsers] AS [a0] ON [s].[AssignedAdminId] = [a0].[Id]
ORDER BY [s].[CreatedAt] DESC
2026-03-17 11:56:15.635 +05:30 [INF] Executing ViewResult, running view Requests.
2026-03-17 11:56:15.658 +05:30 [INF] Executed ViewResult - view Requests executed in 26.2867ms.
2026-03-17 11:56:15.664 +05:30 [INF] Executed action PrisonerPortal.Controllers.AdminController.Requests (PrisonerPortal) in 140.367ms
2026-03-17 11:56:15.667 +05:30 [INF] Executed endpoint 'PrisonerPortal.Controllers.AdminController.Requests (PrisonerPortal)'
2026-03-17 11:56:15.668 +05:30 [INF] Request finished HTTP/1.1 GET http://localhost:5050/Admin/Requests - 200 null text/html; charset=utf-8 170.5616ms
2026-03-17 11:56:15.686 +05:30 [INF] Request starting HTTP/1.1 GET http://localhost:5050/Notifications/GetUnreadCount - null null
2026-03-17 11:56:15.690 +05:30 [INF] Executing endpoint 'PrisonerPortal.Controllers.NotificationsController.GetUnreadCount (PrisonerPortal)'
2026-03-17 11:56:15.693 +05:30 [INF] Route matched with {action = "GetUnreadCount", controller = "Notifications"}. Executing controller action with signature Microsoft.AspNetCore.Mvc.IActionResult GetUnreadCount() on controller PrisonerPortal.Controllers.NotificationsController (PrisonerPortal).
2026-03-17 11:56:15.698 +05:30 [INF] Executed DbCommand (0ms) [Parameters=[@userId='?' (Size = 450)], CommandType='"Text"', CommandTimeout='30']
SELECT COUNT(*)
FROM [Notifications] AS [n]
WHERE [n].[UserId] = @userId AND [n].[IsRead] = CAST(0 AS bit)
2026-03-17 11:56:15.701 +05:30 [INF] Executing JsonResult, writing value of type '<>f__AnonymousType1`1[[System.Int32, System.Private.CoreLib, Version=10.0.0.0, Culture=neutral, PublicKeyToken=7cec85d7bea7798e]]'.
2026-03-17 11:56:15.702 +05:30 [INF] Executed action PrisonerPortal.Controllers.NotificationsController.GetUnreadCount (PrisonerPortal) in 5.9259ms
2026-03-17 11:56:15.704 +05:30 [INF] Executed endpoint 'PrisonerPortal.Controllers.NotificationsController.GetUnreadCount (PrisonerPortal)'
2026-03-17 11:56:15.705 +05:30 [INF] Request finished HTTP/1.1 GET http://localhost:5050/Notifications/GetUnreadCount - 200 null application/json; charset=utf-8 19.2383ms
2026-03-17 11:56:17.628 +05:30 [INF] Request starting HTTP/1.1 GET http://localhost:5050/Admin/Appointments - null null
2026-03-17 11:56:17.633 +05:30 [INF] Executing endpoint 'PrisonerPortal.Controllers.AdminController.Appointments (PrisonerPortal)'
2026-03-17 11:56:17.645 +05:30 [INF] Route matched with {action = "Appointments", controller = "Admin"}. Executing controller action with signature System.Threading.Tasks.Task`1[Microsoft.AspNetCore.Mvc.IActionResult] Appointments() on controller PrisonerPortal.Controllers.AdminController (PrisonerPortal).
2026-03-17 11:56:17.714 +05:30 [INF] Executed DbCommand (8ms) [Parameters=[], CommandType='"Text"', CommandTimeout='30']
SELECT [a].[AppointmentId], [a].[AdminNotes], [a].[AppointmentCode], [a].[BookedAt], [a].[NumVisitors], [a].[PrisonerId], [a].[Purpose], [a].[RejectionReason], [a].[SlotId], [a].[Status], [a].[UpdatedAt], [a].[UserId], [a].[VisitorNames], [p].[PrisonerId], [p].[CaseNumber], [p].[CellBlock], [p].[CellNumber], [p].[CreatedAt], [p].[CrimeCategory], [p].[DateOfBirth], [p].[FullName], [p].[Gender], [p].[PrisonerCode], [p].[SentenceEndDate], [p].[SentenceStartDate], [p].[Status], [p].[UpdatedAt], [v].[SlotId], [v].[CreatedAt], [v].[CreatedByAdminId], [v].[CurrentBookings], [v].[EndTime], [v].[IsActive], [v].[MaxCapacity], [v].[SlotDate], [v].[StartTime], [a0].[Id], [a0].[AccessFailedCount], [a0].[Address], [a0].[ConcurrencyStamp], [a0].[CreatedAt], [a0].[Email], [a0].[EmailConfirmed], [a0].[FullName], [a0].[IsActive], [a0].[LockoutEnabled], [a0].[LockoutEnd], [a0].[NormalizedEmail], [a0].[NormalizedUserName], [a0].[PasswordHash], [a0].[PhoneNumber], [a0].[PhoneNumberConfirmed], [a0].[Role], [a0].[SecurityStamp], [a0].[TwoFactorEnabled], [a0].[UserName]
FROM [Appointments] AS [a]
INNER JOIN [Prisoners] AS [p] ON [a].[PrisonerId] = [p].[PrisonerId]
INNER JOIN [VisitSlots] AS [v] ON [a].[SlotId] = [v].[SlotId]
INNER JOIN [AspNetUsers] AS [a0] ON [a].[UserId] = [a0].[Id]
ORDER BY [a].[BookedAt] DESC
2026-03-17 11:56:17.724 +05:30 [INF] Executing ViewResult, running view Appointments.
2026-03-17 11:56:17.746 +05:30 [INF] Executed ViewResult - view Appointments executed in 24.2012ms.
2026-03-17 11:56:17.748 +05:30 [INF] Executed action PrisonerPortal.Controllers.AdminController.Appointments (PrisonerPortal) in 101.3717ms
2026-03-17 11:56:17.751 +05:30 [INF] Executed endpoint 'PrisonerPortal.Controllers.AdminController.Appointments (PrisonerPortal)'
2026-03-17 11:56:17.753 +05:30 [INF] Request finished HTTP/1.1 GET http://localhost:5050/Admin/Appointments - 200 null text/html; charset=utf-8 124.9702ms
2026-03-17 11:56:17.766 +05:30 [INF] Request starting HTTP/1.1 GET http://localhost:5050/Notifications/GetUnreadCount - null null
2026-03-17 11:56:17.770 +05:30 [INF] Executing endpoint 'PrisonerPortal.Controllers.NotificationsController.GetUnreadCount (PrisonerPortal)'
2026-03-17 11:56:17.772 +05:30 [INF] Route matched with {action = "GetUnreadCount", controller = "Notifications"}. Executing controller action with signature Microsoft.AspNetCore.Mvc.IActionResult GetUnreadCount() on controller PrisonerPortal.Controllers.NotificationsController (PrisonerPortal).
2026-03-17 11:56:17.780 +05:30 [INF] Executed DbCommand (4ms) [Parameters=[@userId='?' (Size = 450)], CommandType='"Text"', CommandTimeout='30']
SELECT COUNT(*)
FROM [Notifications] AS [n]
WHERE [n].[UserId] = @userId AND [n].[IsRead] = CAST(0 AS bit)
2026-03-17 11:56:17.784 +05:30 [INF] Executing JsonResult, writing value of type '<>f__AnonymousType1`1[[System.Int32, System.Private.CoreLib, Version=10.0.0.0, Culture=neutral, PublicKeyToken=7cec85d7bea7798e]]'.
2026-03-17 11:56:17.786 +05:30 [INF] Executed action PrisonerPortal.Controllers.NotificationsController.GetUnreadCount (PrisonerPortal) in 10.8729ms
2026-03-17 11:56:17.788 +05:30 [INF] Executed endpoint 'PrisonerPortal.Controllers.NotificationsController.GetUnreadCount (PrisonerPortal)'
2026-03-17 11:56:17.789 +05:30 [INF] Request finished HTTP/1.1 GET http://localhost:5050/Notifications/GetUnreadCount - 200 null application/json; charset=utf-8 23.5978ms
2026-03-17 11:56:23.627 +05:30 [INF] Request starting HTTP/1.1 GET http://localhost:5050/Admin/VisitSlots - null null
2026-03-17 11:56:23.632 +05:30 [INF] Executing endpoint 'PrisonerPortal.Controllers.AdminController.VisitSlots (PrisonerPortal)'
2026-03-17 11:56:23.643 +05:30 [INF] Route matched with {action = "VisitSlots", controller = "Admin"}. Executing controller action with signature System.Threading.Tasks.Task`1[Microsoft.AspNetCore.Mvc.IActionResult] VisitSlots() on controller PrisonerPortal.Controllers.AdminController (PrisonerPortal).
2026-03-17 11:56:23.688 +05:30 [INF] Executed DbCommand (10ms) [Parameters=[], CommandType='"Text"', CommandTimeout='30']
SELECT [v].[SlotId], [v].[CreatedAt], [v].[CreatedByAdminId], [v].[CurrentBookings], [v].[EndTime], [v].[IsActive], [v].[MaxCapacity], [v].[SlotDate], [v].[StartTime], [a].[Id], [a].[AccessFailedCount], [a].[Address], [a].[ConcurrencyStamp], [a].[CreatedAt], [a].[Email], [a].[EmailConfirmed], [a].[FullName], [a].[IsActive], [a].[LockoutEnabled], [a].[LockoutEnd], [a].[NormalizedEmail], [a].[NormalizedUserName], [a].[PasswordHash], [a].[PhoneNumber], [a].[PhoneNumberConfirmed], [a].[Role], [a].[SecurityStamp], [a].[TwoFactorEnabled], [a].[UserName]
FROM [VisitSlots] AS [v]
INNER JOIN [AspNetUsers] AS [a] ON [v].[CreatedByAdminId] = [a].[Id]
WHERE [v].[SlotDate] >= DATEADD(day, CAST(-7.0E0 AS int), CONVERT(date, GETUTCDATE()))
ORDER BY [v].[SlotDate] DESC, [v].[StartTime]
2026-03-17 11:56:23.782 +05:30 [INF] Executing ViewResult, running view VisitSlots.
2026-03-17 11:56:23.804 +05:30 [INF] Executed ViewResult - view VisitSlots executed in 23.987ms.
2026-03-17 11:56:23.808 +05:30 [INF] Executed action PrisonerPortal.Controllers.AdminController.VisitSlots (PrisonerPortal) in 159.0054ms
2026-03-17 11:56:23.810 +05:30 [INF] Executed endpoint 'PrisonerPortal.Controllers.AdminController.VisitSlots (PrisonerPortal)'
2026-03-17 11:56:23.812 +05:30 [INF] Request finished HTTP/1.1 GET http://localhost:5050/Admin/VisitSlots - 200 null text/html; charset=utf-8 184.9731ms
2026-03-17 11:56:23.834 +05:30 [INF] Request starting HTTP/1.1 GET http://localhost:5050/Notifications/GetUnreadCount - null null
2026-03-17 11:56:23.839 +05:30 [INF] Executing endpoint 'PrisonerPortal.Controllers.NotificationsController.GetUnreadCount (PrisonerPortal)'
2026-03-17 11:56:23.841 +05:30 [INF] Route matched with {action = "GetUnreadCount", controller = "Notifications"}. Executing controller action with signature Microsoft.AspNetCore.Mvc.IActionResult GetUnreadCount() on controller PrisonerPortal.Controllers.NotificationsController (PrisonerPortal).
2026-03-17 11:56:23.847 +05:30 [INF] Executed DbCommand (2ms) [Parameters=[@userId='?' (Size = 450)], CommandType='"Text"', CommandTimeout='30']
SELECT COUNT(*)
FROM [Notifications] AS [n]
WHERE [n].[UserId] = @userId AND [n].[IsRead] = CAST(0 AS bit)
2026-03-17 11:56:23.851 +05:30 [INF] Executing JsonResult, writing value of type '<>f__AnonymousType1`1[[System.Int32, System.Private.CoreLib, Version=10.0.0.0, Culture=neutral, PublicKeyToken=7cec85d7bea7798e]]'.
2026-03-17 11:56:23.852 +05:30 [INF] Executed action PrisonerPortal.Controllers.NotificationsController.GetUnreadCount (PrisonerPortal) in 8.329ms
2026-03-17 11:56:23.853 +05:30 [INF] Executed endpoint 'PrisonerPortal.Controllers.NotificationsController.GetUnreadCount (PrisonerPortal)'
2026-03-17 11:56:23.854 +05:30 [INF] Request finished HTTP/1.1 GET http://localhost:5050/Notifications/GetUnreadCount - 200 null application/json; charset=utf-8 20.451ms
2026-03-17 11:56:28.392 +05:30 [INF] Request starting HTTP/1.1 GET http://localhost:5050/Admin/Prisoners - null null
2026-03-17 11:56:28.400 +05:30 [INF] Executing endpoint 'PrisonerPortal.Controllers.AdminController.Prisoners (PrisonerPortal)'
2026-03-17 11:56:28.409 +05:30 [INF] Route matched with {action = "Prisoners", controller = "Admin"}. Executing controller action with signature System.Threading.Tasks.Task`1[Microsoft.AspNetCore.Mvc.IActionResult] Prisoners() on controller PrisonerPortal.Controllers.AdminController (PrisonerPortal).
2026-03-17 11:56:28.429 +05:30 [INF] Executed DbCommand (2ms) [Parameters=[], CommandType='"Text"', CommandTimeout='30']
SELECT [p].[PrisonerId], [p].[CaseNumber], [p].[CellBlock], [p].[CellNumber], [p].[CreatedAt], [p].[CrimeCategory], [p].[DateOfBirth], [p].[FullName], [p].[Gender], [p].[PrisonerCode], [p].[SentenceEndDate], [p].[SentenceStartDate], [p].[Status], [p].[UpdatedAt]
FROM [Prisoners] AS [p]
ORDER BY [p].[FullName]
2026-03-17 11:56:28.434 +05:30 [INF] Executing ViewResult, running view Prisoners.
2026-03-17 11:56:28.447 +05:30 [INF] Executed ViewResult - view Prisoners executed in 14.6762ms.
2026-03-17 11:56:28.451 +05:30 [INF] Executed action PrisonerPortal.Controllers.AdminController.Prisoners (PrisonerPortal) in 39.814ms
2026-03-17 11:56:28.454 +05:30 [INF] Executed endpoint 'PrisonerPortal.Controllers.AdminController.Prisoners (PrisonerPortal)'
2026-03-17 11:56:28.455 +05:30 [INF] Request finished HTTP/1.1 GET http://localhost:5050/Admin/Prisoners - 200 null text/html; charset=utf-8 63.133ms
2026-03-17 11:56:28.478 +05:30 [INF] Request starting HTTP/1.1 GET http://localhost:5050/Notifications/GetUnreadCount - null null
2026-03-17 11:56:28.481 +05:30 [INF] Executing endpoint 'PrisonerPortal.Controllers.NotificationsController.GetUnreadCount (PrisonerPortal)'
2026-03-17 11:56:28.483 +05:30 [INF] Route matched with {action = "GetUnreadCount", controller = "Notifications"}. Executing controller action with signature Microsoft.AspNetCore.Mvc.IActionResult GetUnreadCount() on controller PrisonerPortal.Controllers.NotificationsController (PrisonerPortal).
2026-03-17 11:56:28.486 +05:30 [INF] Executed DbCommand (0ms) [Parameters=[@userId='?' (Size = 450)], CommandType='"Text"', CommandTimeout='30']
SELECT COUNT(*)
FROM [Notifications] AS [n]
WHERE [n].[UserId] = @userId AND [n].[IsRead] = CAST(0 AS bit)
2026-03-17 11:56:28.489 +05:30 [INF] Executing JsonResult, writing value of type '<>f__AnonymousType1`1[[System.Int32, System.Private.CoreLib, Version=10.0.0.0, Culture=neutral, PublicKeyToken=7cec85d7bea7798e]]'.
2026-03-17 11:56:28.490 +05:30 [INF] Executed action PrisonerPortal.Controllers.NotificationsController.GetUnreadCount (PrisonerPortal) in 5.5052ms
2026-03-17 11:56:28.492 +05:30 [INF] Executed endpoint 'PrisonerPortal.Controllers.NotificationsController.GetUnreadCount (PrisonerPortal)'
2026-03-17 11:56:28.494 +05:30 [INF] Request finished HTTP/1.1 GET http://localhost:5050/Notifications/GetUnreadCount - 200 null application/json; charset=utf-8 16.1936ms
2026-03-17 11:56:31.151 +05:30 [INF] Request starting HTTP/1.1 GET http://localhost:5050/Admin/Users - null null
2026-03-17 11:56:31.156 +05:30 [INF] Executing endpoint 'PrisonerPortal.Controllers.AdminController.Users (PrisonerPortal)'
2026-03-17 11:56:31.169 +05:30 [INF] Route matched with {action = "Users", controller = "Admin"}. Executing controller action with signature System.Threading.Tasks.Task`1[Microsoft.AspNetCore.Mvc.IActionResult] Users(System.String, System.String) on controller PrisonerPortal.Controllers.AdminController (PrisonerPortal).
2026-03-17 11:56:31.198 +05:30 [INF] Executed DbCommand (2ms) [Parameters=[], CommandType='"Text"', CommandTimeout='30']
SELECT [a].[Id], [a].[AccessFailedCount], [a].[Address], [a].[ConcurrencyStamp], [a].[CreatedAt], [a].[Email], [a].[EmailConfirmed], [a].[FullName], [a].[IsActive], [a].[LockoutEnabled], [a].[LockoutEnd], [a].[NormalizedEmail], [a].[NormalizedUserName], [a].[PasswordHash], [a].[PhoneNumber], [a].[PhoneNumberConfirmed], [a].[Role], [a].[SecurityStamp], [a].[TwoFactorEnabled], [a].[UserName]
FROM [AspNetUsers] AS [a]
ORDER BY [a].[CreatedAt] DESC
2026-03-17 11:56:31.205 +05:30 [INF] Executing ViewResult, running view Users.
2026-03-17 11:56:31.235 +05:30 [INF] Executed ViewResult - view Users executed in 31.631ms.
2026-03-17 11:56:31.238 +05:30 [INF] Executed action PrisonerPortal.Controllers.AdminController.Users (PrisonerPortal) in 63.0031ms
2026-03-17 11:56:31.240 +05:30 [INF] Executed endpoint 'PrisonerPortal.Controllers.AdminController.Users (PrisonerPortal)'
2026-03-17 11:56:31.242 +05:30 [INF] Request finished HTTP/1.1 GET http://localhost:5050/Admin/Users - 200 null text/html; charset=utf-8 91.2403ms
2026-03-17 11:56:31.275 +05:30 [INF] Request starting HTTP/1.1 GET http://localhost:5050/Notifications/GetUnreadCount - null null
2026-03-17 11:56:31.280 +05:30 [INF] Executing endpoint 'PrisonerPortal.Controllers.NotificationsController.GetUnreadCount (PrisonerPortal)'
2026-03-17 11:56:31.282 +05:30 [INF] Route matched with {action = "GetUnreadCount", controller = "Notifications"}. Executing controller action with signature Microsoft.AspNetCore.Mvc.IActionResult GetUnreadCount() on controller PrisonerPortal.Controllers.NotificationsController (PrisonerPortal).
2026-03-17 11:56:31.286 +05:30 [INF] Executed DbCommand (1ms) [Parameters=[@userId='?' (Size = 450)], CommandType='"Text"', CommandTimeout='30']
SELECT COUNT(*)
FROM [Notifications] AS [n]
WHERE [n].[UserId] = @userId AND [n].[IsRead] = CAST(0 AS bit)
2026-03-17 11:56:31.289 +05:30 [INF] Executing JsonResult, writing value of type '<>f__AnonymousType1`1[[System.Int32, System.Private.CoreLib, Version=10.0.0.0, Culture=neutral, PublicKeyToken=7cec85d7bea7798e]]'.
2026-03-17 11:56:31.291 +05:30 [INF] Executed action PrisonerPortal.Controllers.NotificationsController.GetUnreadCount (PrisonerPortal) in 6.4513ms
2026-03-17 11:56:31.293 +05:30 [INF] Executed endpoint 'PrisonerPortal.Controllers.NotificationsController.GetUnreadCount (PrisonerPortal)'
2026-03-17 11:56:31.295 +05:30 [INF] Request finished HTTP/1.1 GET http://localhost:5050/Notifications/GetUnreadCount - 200 null application/json; charset=utf-8 19.6191ms
2026-03-17 11:56:33.148 +05:30 [INF] Request starting HTTP/1.1 GET http://localhost:5050/Admin/Dashboard - null null
2026-03-17 11:56:33.157 +05:30 [INF] Executing endpoint 'PrisonerPortal.Controllers.AdminController.Dashboard (PrisonerPortal)'
2026-03-17 11:56:33.158 +05:30 [INF] Route matched with {action = "Dashboard", controller = "Admin"}. Executing controller action with signature System.Threading.Tasks.Task`1[Microsoft.AspNetCore.Mvc.IActionResult] Dashboard() on controller PrisonerPortal.Controllers.AdminController (PrisonerPortal).
2026-03-17 11:56:33.163 +05:30 [INF] Executed DbCommand (2ms) [Parameters=[@normalizedRoleName='?' (Size = 256)], CommandType='"Text"', CommandTimeout='30']
SELECT TOP(2) [a].[Id], [a].[ConcurrencyStamp], [a].[Name], [a].[NormalizedName]
FROM [AspNetRoles] AS [a]
WHERE [a].[NormalizedName] = @normalizedRoleName
2026-03-17 11:56:33.170 +05:30 [INF] Executed DbCommand (2ms) [Parameters=[@role_Id='?' (Size = 450)], CommandType='"Text"', CommandTimeout='30']
SELECT [a0].[Id], [a0].[AccessFailedCount], [a0].[Address], [a0].[ConcurrencyStamp], [a0].[CreatedAt], [a0].[Email], [a0].[EmailConfirmed], [a0].[FullName], [a0].[IsActive], [a0].[LockoutEnabled], [a0].[LockoutEnd], [a0].[NormalizedEmail], [a0].[NormalizedUserName], [a0].[PasswordHash], [a0].[PhoneNumber], [a0].[PhoneNumberConfirmed], [a0].[Role], [a0].[SecurityStamp], [a0].[TwoFactorEnabled], [a0].[UserName]
FROM [AspNetUserRoles] AS [a]
INNER JOIN [AspNetUsers] AS [a0] ON [a].[UserId] = [a0].[Id]
WHERE [a].[RoleId] = @role_Id
2026-03-17 11:56:33.175 +05:30 [INF] Executed DbCommand (2ms) [Parameters=[], CommandType='"Text"', CommandTimeout='30']
SELECT COUNT(*)
FROM [Prisoners] AS [p]
WHERE [p].[Status] = N'Active'
2026-03-17 11:56:33.182 +05:30 [INF] Executed DbCommand (4ms) [Parameters=[@today='?' (DbType = DateTime2)], CommandType='"Text"', CommandTimeout='30']
SELECT COUNT(*)
FROM [Appointments] AS [a]
INNER JOIN [VisitSlots] AS [v] ON [a].[SlotId] = [v].[SlotId]
WHERE [a].[Status] IN (N'Pending', N'Approved') AND [v].[SlotDate] = @today
2026-03-17 11:56:33.193 +05:30 [INF] Executed DbCommand (3ms) [Parameters=[], CommandType='"Text"', CommandTimeout='30']
SELECT COUNT(*)
FROM [SupportRequests] AS [s]
WHERE [s].[Status] IN (N'Open', N'InProgress')
2026-03-17 11:56:33.201 +05:30 [INF] Executed DbCommand (5ms) [Parameters=[@p='?' (DbType = Int32)], CommandType='"Text"', CommandTimeout='30']
SELECT [a0].[AppointmentId], [a0].[AdminNotes], [a0].[AppointmentCode], [a0].[BookedAt], [a0].[NumVisitors], [a0].[PrisonerId], [a0].[Purpose], [a0].[RejectionReason], [a0].[SlotId], [a0].[Status], [a0].[UpdatedAt], [a0].[UserId], [a0].[VisitorNames], [p].[PrisonerId], [p].[CaseNumber], [p].[CellBlock], [p].[CellNumber], [p].[CreatedAt], [p].[CrimeCategory], [p].[DateOfBirth], [p].[FullName], [p].[Gender], [p].[PrisonerCode], [p].[SentenceEndDate], [p].[SentenceStartDate], [p].[Status], [p].[UpdatedAt], [a1].[Id], [a1].[AccessFailedCount], [a1].[Address], [a1].[ConcurrencyStamp], [a1].[CreatedAt], [a1].[Email], [a1].[EmailConfirmed], [a1].[FullName], [a1].[IsActive], [a1].[LockoutEnabled], [a1].[LockoutEnd], [a1].[NormalizedEmail], [a1].[NormalizedUserName], [a1].[PasswordHash], [a1].[PhoneNumber], [a1].[PhoneNumberConfirmed], [a1].[Role], [a1].[SecurityStamp], [a1].[TwoFactorEnabled], [a1].[UserName], [v].[SlotId], [v].[CreatedAt], [v].[CreatedByAdminId], [v].[CurrentBookings], [v].[EndTime], [v].[IsActive], [v].[MaxCapacity], [v].[SlotDate], [v].[StartTime]
FROM (
    SELECT TOP(@p) [a].[AppointmentId], [a].[AdminNotes], [a].[AppointmentCode], [a].[BookedAt], [a].[NumVisitors], [a].[PrisonerId], [a].[Purpose], [a].[RejectionReason], [a].[SlotId], [a].[Status], [a].[UpdatedAt], [a].[UserId], [a].[VisitorNames]
    FROM [Appointments] AS [a]
    WHERE [a].[Status] = N'Pending'
    ORDER BY [a].[BookedAt]
) AS [a0]
INNER JOIN [Prisoners] AS [p] ON [a0].[PrisonerId] = [p].[PrisonerId]
INNER JOIN [AspNetUsers] AS [a1] ON [a0].[UserId] = [a1].[Id]
INNER JOIN [VisitSlots] AS [v] ON [a0].[SlotId] = [v].[SlotId]
ORDER BY [a0].[BookedAt]
2026-03-17 11:56:33.212 +05:30 [INF] Executed DbCommand (5ms) [Parameters=[@p='?' (DbType = Int32)], CommandType='"Text"', CommandTimeout='30']
SELECT [s0].[RequestId], [s0].[AdminResponse], [s0].[AssignedAdminId], [s0].[Category], [s0].[CreatedAt], [s0].[Description], [s0].[Priority], [s0].[PrisonerId], [s0].[RequestCode], [s0].[ResolvedAt], [s0].[Status], [s0].[Subject], [s0].[UpdatedAt], [s0].[UserId], [a].[Id], [a].[AccessFailedCount], [a].[Address], [a].[ConcurrencyStamp], [a].[CreatedAt], [a].[Email], [a].[EmailConfirmed], [a].[FullName], [a].[IsActive], [a].[LockoutEnabled], [a].[LockoutEnd], [a].[NormalizedEmail], [a].[NormalizedUserName], [a].[PasswordHash], [a].[PhoneNumber], [a].[PhoneNumberConfirmed], [a].[Role], [a].[SecurityStamp], [a].[TwoFactorEnabled], [a].[UserName], [p].[PrisonerId], [p].[CaseNumber], [p].[CellBlock], [p].[CellNumber], [p].[CreatedAt], [p].[CrimeCategory], [p].[DateOfBirth], [p].[FullName], [p].[Gender], [p].[PrisonerCode], [p].[SentenceEndDate], [p].[SentenceStartDate], [p].[Status], [p].[UpdatedAt]
FROM (
    SELECT TOP(@p) [s].[RequestId], [s].[AdminResponse], [s].[AssignedAdminId], [s].[Category], [s].[CreatedAt], [s].[Description], [s].[Priority], [s].[PrisonerId], [s].[RequestCode], [s].[ResolvedAt], [s].[Status], [s].[Subject], [s].[UpdatedAt], [s].[UserId]
    FROM [SupportRequests] AS [s]
    ORDER BY [s].[CreatedAt] DESC
) AS [s0]
INNER JOIN [AspNetUsers] AS [a] ON [s0].[UserId] = [a].[Id]
INNER JOIN [Prisoners] AS [p] ON [s0].[PrisonerId] = [p].[PrisonerId]
ORDER BY [s0].[CreatedAt] DESC
2026-03-17 11:56:33.232 +05:30 [INF] Executed DbCommand (9ms) [Parameters=[], CommandType='"Text"', CommandTimeout='30']
SELECT [f].[LinkId], [f].[IsVerified], [f].[LinkedAt], [f].[PrisonerId], [f].[Relationship], [f].[UserId], [f].[VerifiedByAdminId], [a].[Id], [a].[AccessFailedCount], [a].[Address], [a].[ConcurrencyStamp], [a].[CreatedAt], [a].[Email], [a].[EmailConfirmed], [a].[FullName], [a].[IsActive], [a].[LockoutEnabled], [a].[LockoutEnd], [a].[NormalizedEmail], [a].[NormalizedUserName], [a].[PasswordHash], [a].[PhoneNumber], [a].[PhoneNumberConfirmed], [a].[Role], [a].[SecurityStamp], [a].[TwoFactorEnabled], [a].[UserName], [p].[PrisonerId], [p].[CaseNumber], [p].[CellBlock], [p].[CellNumber], [p].[CreatedAt], [p].[CrimeCategory], [p].[DateOfBirth], [p].[FullName], [p].[Gender], [p].[PrisonerCode], [p].[SentenceEndDate], [p].[SentenceStartDate], [p].[Status], [p].[UpdatedAt]
FROM [FamilyPrisonerLinks] AS [f]
INNER JOIN [AspNetUsers] AS [a] ON [f].[UserId] = [a].[Id]
INNER JOIN [Prisoners] AS [p] ON [f].[PrisonerId] = [p].[PrisonerId]
WHERE [f].[IsVerified] = CAST(0 AS bit)
ORDER BY [f].[LinkedAt]
2026-03-17 11:56:33.241 +05:30 [INF] Executing ViewResult, running view Dashboard.
2026-03-17 11:56:33.246 +05:30 [INF] Executed ViewResult - view Dashboard executed in 4.8567ms.
2026-03-17 11:56:33.247 +05:30 [INF] Executed action PrisonerPortal.Controllers.AdminController.Dashboard (PrisonerPortal) in 86.6632ms
2026-03-17 11:56:33.248 +05:30 [INF] Executed endpoint 'PrisonerPortal.Controllers.AdminController.Dashboard (PrisonerPortal)'
2026-03-17 11:56:33.250 +05:30 [INF] Request finished HTTP/1.1 GET http://localhost:5050/Admin/Dashboard - 200 null text/html; charset=utf-8 102.0924ms
2026-03-17 11:56:33.264 +05:30 [INF] Request starting HTTP/1.1 GET http://localhost:5050/Notifications/GetUnreadCount - null null
2026-03-17 11:56:33.267 +05:30 [INF] Executing endpoint 'PrisonerPortal.Controllers.NotificationsController.GetUnreadCount (PrisonerPortal)'
2026-03-17 11:56:33.268 +05:30 [INF] Route matched with {action = "GetUnreadCount", controller = "Notifications"}. Executing controller action with signature Microsoft.AspNetCore.Mvc.IActionResult GetUnreadCount() on controller PrisonerPortal.Controllers.NotificationsController (PrisonerPortal).
2026-03-17 11:56:33.271 +05:30 [INF] Executed DbCommand (1ms) [Parameters=[@userId='?' (Size = 450)], CommandType='"Text"', CommandTimeout='30']
SELECT COUNT(*)
FROM [Notifications] AS [n]
WHERE [n].[UserId] = @userId AND [n].[IsRead] = CAST(0 AS bit)
2026-03-17 11:56:33.273 +05:30 [INF] Executing JsonResult, writing value of type '<>f__AnonymousType1`1[[System.Int32, System.Private.CoreLib, Version=10.0.0.0, Culture=neutral, PublicKeyToken=7cec85d7bea7798e]]'.
2026-03-17 11:56:33.275 +05:30 [INF] Executed action PrisonerPortal.Controllers.NotificationsController.GetUnreadCount (PrisonerPortal) in 5.3018ms
2026-03-17 11:56:33.276 +05:30 [INF] Executed endpoint 'PrisonerPortal.Controllers.NotificationsController.GetUnreadCount (PrisonerPortal)'
2026-03-17 11:56:33.277 +05:30 [INF] Request finished HTTP/1.1 GET http://localhost:5050/Notifications/GetUnreadCount - 200 null application/json; charset=utf-8 12.9192ms
2026-03-17 11:56:37.209 +05:30 [INF] Request starting HTTP/1.1 GET http://localhost:5050/Admin/Requests - null null
2026-03-17 11:56:37.214 +05:30 [INF] Executing endpoint 'PrisonerPortal.Controllers.AdminController.Requests (PrisonerPortal)'
2026-03-17 11:56:37.215 +05:30 [INF] Route matched with {action = "Requests", controller = "Admin"}. Executing controller action with signature System.Threading.Tasks.Task`1[Microsoft.AspNetCore.Mvc.IActionResult] Requests() on controller PrisonerPortal.Controllers.AdminController (PrisonerPortal).
2026-03-17 11:56:37.224 +05:30 [INF] Executed DbCommand (5ms) [Parameters=[], CommandType='"Text"', CommandTimeout='30']
SELECT [s].[RequestId], [s].[AdminResponse], [s].[AssignedAdminId], [s].[Category], [s].[CreatedAt], [s].[Description], [s].[Priority], [s].[PrisonerId], [s].[RequestCode], [s].[ResolvedAt], [s].[Status], [s].[Subject], [s].[UpdatedAt], [s].[UserId], [p].[PrisonerId], [p].[CaseNumber], [p].[CellBlock], [p].[CellNumber], [p].[CreatedAt], [p].[CrimeCategory], [p].[DateOfBirth], [p].[FullName], [p].[Gender], [p].[PrisonerCode], [p].[SentenceEndDate], [p].[SentenceStartDate], [p].[Status], [p].[UpdatedAt], [a].[Id], [a].[AccessFailedCount], [a].[Address], [a].[ConcurrencyStamp], [a].[CreatedAt], [a].[Email], [a].[EmailConfirmed], [a].[FullName], [a].[IsActive], [a].[LockoutEnabled], [a].[LockoutEnd], [a].[NormalizedEmail], [a].[NormalizedUserName], [a].[PasswordHash], [a].[PhoneNumber], [a].[PhoneNumberConfirmed], [a].[Role], [a].[SecurityStamp], [a].[TwoFactorEnabled], [a].[UserName], [a0].[Id], [a0].[AccessFailedCount], [a0].[Address], [a0].[ConcurrencyStamp], [a0].[CreatedAt], [a0].[Email], [a0].[EmailConfirmed], [a0].[FullName], [a0].[IsActive], [a0].[LockoutEnabled], [a0].[LockoutEnd], [a0].[NormalizedEmail], [a0].[NormalizedUserName], [a0].[PasswordHash], [a0].[PhoneNumber], [a0].[PhoneNumberConfirmed], [a0].[Role], [a0].[SecurityStamp], [a0].[TwoFactorEnabled], [a0].[UserName]
FROM [SupportRequests] AS [s]
INNER JOIN [Prisoners] AS [p] ON [s].[PrisonerId] = [p].[PrisonerId]
INNER JOIN [AspNetUsers] AS [a] ON [s].[UserId] = [a].[Id]
LEFT JOIN [AspNetUsers] AS [a0] ON [s].[AssignedAdminId] = [a0].[Id]
ORDER BY [s].[CreatedAt] DESC
2026-03-17 11:56:37.228 +05:30 [INF] Executing ViewResult, running view Requests.
2026-03-17 11:56:37.230 +05:30 [INF] Executed ViewResult - view Requests executed in 1.3001ms.
2026-03-17 11:56:37.231 +05:30 [INF] Executed action PrisonerPortal.Controllers.AdminController.Requests (PrisonerPortal) in 13.0352ms
2026-03-17 11:56:37.232 +05:30 [INF] Executed endpoint 'PrisonerPortal.Controllers.AdminController.Requests (PrisonerPortal)'
2026-03-17 11:56:37.233 +05:30 [INF] Request finished HTTP/1.1 GET http://localhost:5050/Admin/Requests - 200 null text/html; charset=utf-8 24.0675ms
2026-03-17 11:56:37.249 +05:30 [INF] Request starting HTTP/1.1 GET http://localhost:5050/Notifications/GetUnreadCount - null null
2026-03-17 11:56:37.252 +05:30 [INF] Executing endpoint 'PrisonerPortal.Controllers.NotificationsController.GetUnreadCount (PrisonerPortal)'
2026-03-17 11:56:37.253 +05:30 [INF] Route matched with {action = "GetUnreadCount", controller = "Notifications"}. Executing controller action with signature Microsoft.AspNetCore.Mvc.IActionResult GetUnreadCount() on controller PrisonerPortal.Controllers.NotificationsController (PrisonerPortal).
2026-03-17 11:56:37.256 +05:30 [INF] Executed DbCommand (1ms) [Parameters=[@userId='?' (Size = 450)], CommandType='"Text"', CommandTimeout='30']
SELECT COUNT(*)
FROM [Notifications] AS [n]
WHERE [n].[UserId] = @userId AND [n].[IsRead] = CAST(0 AS bit)
2026-03-17 11:56:37.259 +05:30 [INF] Executing JsonResult, writing value of type '<>f__AnonymousType1`1[[System.Int32, System.Private.CoreLib, Version=10.0.0.0, Culture=neutral, PublicKeyToken=7cec85d7bea7798e]]'.
2026-03-17 11:56:37.260 +05:30 [INF] Executed action PrisonerPortal.Controllers.NotificationsController.GetUnreadCount (PrisonerPortal) in 5.0985ms
2026-03-17 11:56:37.261 +05:30 [INF] Executed endpoint 'PrisonerPortal.Controllers.NotificationsController.GetUnreadCount (PrisonerPortal)'
2026-03-17 11:56:37.262 +05:30 [INF] Request finished HTTP/1.1 GET http://localhost:5050/Notifications/GetUnreadCount - 200 null application/json; charset=utf-8 13.1846ms
2026-03-17 11:56:44.733 +05:30 [INF] Request starting HTTP/1.1 GET http://localhost:5050/Notifications/Index - null null
2026-03-17 11:56:44.737 +05:30 [INF] Executing endpoint 'PrisonerPortal.Controllers.NotificationsController.Index (PrisonerPortal)'
2026-03-17 11:56:44.746 +05:30 [INF] Route matched with {action = "Index", controller = "Notifications"}. Executing controller action with signature System.Threading.Tasks.Task`1[Microsoft.AspNetCore.Mvc.IActionResult] Index() on controller PrisonerPortal.Controllers.NotificationsController (PrisonerPortal).
2026-03-17 11:56:44.766 +05:30 [INF] Executed DbCommand (2ms) [Parameters=[@userId='?' (Size = 450)], CommandType='"Text"', CommandTimeout='30']
SELECT [n].[NotificationId], [n].[CreatedAt], [n].[IsRead], [n].[Message], [n].[RelatedEntityId], [n].[RelatedEntityType], [n].[Title], [n].[Type], [n].[UserId]
FROM [Notifications] AS [n]
WHERE [n].[UserId] = @userId
ORDER BY [n].[CreatedAt] DESC
2026-03-17 11:56:44.775 +05:30 [INF] Executing ViewResult, running view Index.
2026-03-17 11:56:44.797 +05:30 [INF] Executed ViewResult - view Index executed in 23.9649ms.
2026-03-17 11:56:44.801 +05:30 [INF] Executed action PrisonerPortal.Controllers.NotificationsController.Index (PrisonerPortal) in 51.8617ms
2026-03-17 11:56:44.803 +05:30 [INF] Executed endpoint 'PrisonerPortal.Controllers.NotificationsController.Index (PrisonerPortal)'
2026-03-17 11:56:44.806 +05:30 [INF] Request finished HTTP/1.1 GET http://localhost:5050/Notifications/Index - 200 null text/html; charset=utf-8 72.4363ms
2026-03-17 11:56:44.821 +05:30 [INF] Request starting HTTP/1.1 GET http://localhost:5050/Notifications/GetUnreadCount - null null
2026-03-17 11:56:44.824 +05:30 [INF] Executing endpoint 'PrisonerPortal.Controllers.NotificationsController.GetUnreadCount (PrisonerPortal)'
2026-03-17 11:56:44.826 +05:30 [INF] Route matched with {action = "GetUnreadCount", controller = "Notifications"}. Executing controller action with signature Microsoft.AspNetCore.Mvc.IActionResult GetUnreadCount() on controller PrisonerPortal.Controllers.NotificationsController (PrisonerPortal).
2026-03-17 11:56:44.829 +05:30 [INF] Executed DbCommand (0ms) [Parameters=[@userId='?' (Size = 450)], CommandType='"Text"', CommandTimeout='30']
SELECT COUNT(*)
FROM [Notifications] AS [n]
WHERE [n].[UserId] = @userId AND [n].[IsRead] = CAST(0 AS bit)
2026-03-17 11:56:44.831 +05:30 [INF] Executing JsonResult, writing value of type '<>f__AnonymousType1`1[[System.Int32, System.Private.CoreLib, Version=10.0.0.0, Culture=neutral, PublicKeyToken=7cec85d7bea7798e]]'.
2026-03-17 11:56:44.833 +05:30 [INF] Executed action PrisonerPortal.Controllers.NotificationsController.GetUnreadCount (PrisonerPortal) in 4.5592ms
2026-03-17 11:56:44.834 +05:30 [INF] Executed endpoint 'PrisonerPortal.Controllers.NotificationsController.GetUnreadCount (PrisonerPortal)'
2026-03-17 11:56:44.836 +05:30 [INF] Request finished HTTP/1.1 GET http://localhost:5050/Notifications/GetUnreadCount - 200 null application/json; charset=utf-8 15.3662ms
2026-03-17 11:56:56.283 +05:30 [INF] Request starting HTTP/1.1 GET http://localhost:5050/Admin/Prisoners - null null
2026-03-17 11:56:56.288 +05:30 [INF] Executing endpoint 'PrisonerPortal.Controllers.AdminController.Prisoners (PrisonerPortal)'
2026-03-17 11:56:56.289 +05:30 [INF] Route matched with {action = "Prisoners", controller = "Admin"}. Executing controller action with signature System.Threading.Tasks.Task`1[Microsoft.AspNetCore.Mvc.IActionResult] Prisoners() on controller PrisonerPortal.Controllers.AdminController (PrisonerPortal).
2026-03-17 11:56:56.293 +05:30 [INF] Executed DbCommand (1ms) [Parameters=[], CommandType='"Text"', CommandTimeout='30']
SELECT [p].[PrisonerId], [p].[CaseNumber], [p].[CellBlock], [p].[CellNumber], [p].[CreatedAt], [p].[CrimeCategory], [p].[DateOfBirth], [p].[FullName], [p].[Gender], [p].[PrisonerCode], [p].[SentenceEndDate], [p].[SentenceStartDate], [p].[Status], [p].[UpdatedAt]
FROM [Prisoners] AS [p]
ORDER BY [p].[FullName]
2026-03-17 11:56:56.295 +05:30 [INF] Executing ViewResult, running view Prisoners.
2026-03-17 11:56:56.297 +05:30 [INF] Executed ViewResult - view Prisoners executed in 1.9921ms.
2026-03-17 11:56:56.299 +05:30 [INF] Executed action PrisonerPortal.Controllers.AdminController.Prisoners (PrisonerPortal) in 7.1466ms
2026-03-17 11:56:56.301 +05:30 [INF] Executed endpoint 'PrisonerPortal.Controllers.AdminController.Prisoners (PrisonerPortal)'
2026-03-17 11:56:56.302 +05:30 [INF] Request finished HTTP/1.1 GET http://localhost:5050/Admin/Prisoners - 200 null text/html; charset=utf-8 18.6018ms
2026-03-17 11:56:56.318 +05:30 [INF] Request starting HTTP/1.1 GET http://localhost:5050/Notifications/GetUnreadCount - null null
2026-03-17 11:56:56.321 +05:30 [INF] Executing endpoint 'PrisonerPortal.Controllers.NotificationsController.GetUnreadCount (PrisonerPortal)'
2026-03-17 11:56:56.323 +05:30 [INF] Route matched with {action = "GetUnreadCount", controller = "Notifications"}. Executing controller action with signature Microsoft.AspNetCore.Mvc.IActionResult GetUnreadCount() on controller PrisonerPortal.Controllers.NotificationsController (PrisonerPortal).
2026-03-17 11:56:56.328 +05:30 [INF] Executed DbCommand (0ms) [Parameters=[@userId='?' (Size = 450)], CommandType='"Text"', CommandTimeout='30']
SELECT COUNT(*)
FROM [Notifications] AS [n]
WHERE [n].[UserId] = @userId AND [n].[IsRead] = CAST(0 AS bit)
2026-03-17 11:56:56.331 +05:30 [INF] Executing JsonResult, writing value of type '<>f__AnonymousType1`1[[System.Int32, System.Private.CoreLib, Version=10.0.0.0, Culture=neutral, PublicKeyToken=7cec85d7bea7798e]]'.
2026-03-17 11:56:56.333 +05:30 [INF] Executed action PrisonerPortal.Controllers.NotificationsController.GetUnreadCount (PrisonerPortal) in 6.8847ms
2026-03-17 11:56:56.335 +05:30 [INF] Executed endpoint 'PrisonerPortal.Controllers.NotificationsController.GetUnreadCount (PrisonerPortal)'
2026-03-17 11:56:56.337 +05:30 [INF] Request finished HTTP/1.1 GET http://localhost:5050/Notifications/GetUnreadCount - 200 null application/json; charset=utf-8 18.4488ms
2026-03-17 11:56:58.752 +05:30 [INF] Request starting HTTP/1.1 GET http://localhost:5050/Admin/Dashboard - null null
2026-03-17 11:56:58.756 +05:30 [INF] Executing endpoint 'PrisonerPortal.Controllers.AdminController.Dashboard (PrisonerPortal)'
2026-03-17 11:56:58.758 +05:30 [INF] Route matched with {action = "Dashboard", controller = "Admin"}. Executing controller action with signature System.Threading.Tasks.Task`1[Microsoft.AspNetCore.Mvc.IActionResult] Dashboard() on controller PrisonerPortal.Controllers.AdminController (PrisonerPortal).
2026-03-17 11:56:58.762 +05:30 [INF] Executed DbCommand (1ms) [Parameters=[@normalizedRoleName='?' (Size = 256)], CommandType='"Text"', CommandTimeout='30']
SELECT TOP(2) [a].[Id], [a].[ConcurrencyStamp], [a].[Name], [a].[NormalizedName]
FROM [AspNetRoles] AS [a]
WHERE [a].[NormalizedName] = @normalizedRoleName
2026-03-17 11:56:58.766 +05:30 [INF] Executed DbCommand (1ms) [Parameters=[@role_Id='?' (Size = 450)], CommandType='"Text"', CommandTimeout='30']
SELECT [a0].[Id], [a0].[AccessFailedCount], [a0].[Address], [a0].[ConcurrencyStamp], [a0].[CreatedAt], [a0].[Email], [a0].[EmailConfirmed], [a0].[FullName], [a0].[IsActive], [a0].[LockoutEnabled], [a0].[LockoutEnd], [a0].[NormalizedEmail], [a0].[NormalizedUserName], [a0].[PasswordHash], [a0].[PhoneNumber], [a0].[PhoneNumberConfirmed], [a0].[Role], [a0].[SecurityStamp], [a0].[TwoFactorEnabled], [a0].[UserName]
FROM [AspNetUserRoles] AS [a]
INNER JOIN [AspNetUsers] AS [a0] ON [a].[UserId] = [a0].[Id]
WHERE [a].[RoleId] = @role_Id
2026-03-17 11:56:58.769 +05:30 [INF] Executed DbCommand (0ms) [Parameters=[], CommandType='"Text"', CommandTimeout='30']
SELECT COUNT(*)
FROM [Prisoners] AS [p]
WHERE [p].[Status] = N'Active'
2026-03-17 11:56:58.771 +05:30 [INF] Executed DbCommand (0ms) [Parameters=[@today='?' (DbType = DateTime2)], CommandType='"Text"', CommandTimeout='30']
SELECT COUNT(*)
FROM [Appointments] AS [a]
INNER JOIN [VisitSlots] AS [v] ON [a].[SlotId] = [v].[SlotId]
WHERE [a].[Status] IN (N'Pending', N'Approved') AND [v].[SlotDate] = @today
2026-03-17 11:56:58.773 +05:30 [INF] Executed DbCommand (0ms) [Parameters=[], CommandType='"Text"', CommandTimeout='30']
SELECT COUNT(*)
FROM [SupportRequests] AS [s]
WHERE [s].[Status] IN (N'Open', N'InProgress')
2026-03-17 11:56:58.775 +05:30 [INF] Executed DbCommand (0ms) [Parameters=[@p='?' (DbType = Int32)], CommandType='"Text"', CommandTimeout='30']
SELECT [a0].[AppointmentId], [a0].[AdminNotes], [a0].[AppointmentCode], [a0].[BookedAt], [a0].[NumVisitors], [a0].[PrisonerId], [a0].[Purpose], [a0].[RejectionReason], [a0].[SlotId], [a0].[Status], [a0].[UpdatedAt], [a0].[UserId], [a0].[VisitorNames], [p].[PrisonerId], [p].[CaseNumber], [p].[CellBlock], [p].[CellNumber], [p].[CreatedAt], [p].[CrimeCategory], [p].[DateOfBirth], [p].[FullName], [p].[Gender], [p].[PrisonerCode], [p].[SentenceEndDate], [p].[SentenceStartDate], [p].[Status], [p].[UpdatedAt], [a1].[Id], [a1].[AccessFailedCount], [a1].[Address], [a1].[ConcurrencyStamp], [a1].[CreatedAt], [a1].[Email], [a1].[EmailConfirmed], [a1].[FullName], [a1].[IsActive], [a1].[LockoutEnabled], [a1].[LockoutEnd], [a1].[NormalizedEmail], [a1].[NormalizedUserName], [a1].[PasswordHash], [a1].[PhoneNumber], [a1].[PhoneNumberConfirmed], [a1].[Role], [a1].[SecurityStamp], [a1].[TwoFactorEnabled], [a1].[UserName], [v].[SlotId], [v].[CreatedAt], [v].[CreatedByAdminId], [v].[CurrentBookings], [v].[EndTime], [v].[IsActive], [v].[MaxCapacity], [v].[SlotDate], [v].[StartTime]
FROM (
    SELECT TOP(@p) [a].[AppointmentId], [a].[AdminNotes], [a].[AppointmentCode], [a].[BookedAt], [a].[NumVisitors], [a].[PrisonerId], [a].[Purpose], [a].[RejectionReason], [a].[SlotId], [a].[Status], [a].[UpdatedAt], [a].[UserId], [a].[VisitorNames]
    FROM [Appointments] AS [a]
    WHERE [a].[Status] = N'Pending'
    ORDER BY [a].[BookedAt]
) AS [a0]
INNER JOIN [Prisoners] AS [p] ON [a0].[PrisonerId] = [p].[PrisonerId]
INNER JOIN [AspNetUsers] AS [a1] ON [a0].[UserId] = [a1].[Id]
INNER JOIN [VisitSlots] AS [v] ON [a0].[SlotId] = [v].[SlotId]
ORDER BY [a0].[BookedAt]
2026-03-17 11:56:58.778 +05:30 [INF] Executed DbCommand (0ms) [Parameters=[@p='?' (DbType = Int32)], CommandType='"Text"', CommandTimeout='30']
SELECT [s0].[RequestId], [s0].[AdminResponse], [s0].[AssignedAdminId], [s0].[Category], [s0].[CreatedAt], [s0].[Description], [s0].[Priority], [s0].[PrisonerId], [s0].[RequestCode], [s0].[ResolvedAt], [s0].[Status], [s0].[Subject], [s0].[UpdatedAt], [s0].[UserId], [a].[Id], [a].[AccessFailedCount], [a].[Address], [a].[ConcurrencyStamp], [a].[CreatedAt], [a].[Email], [a].[EmailConfirmed], [a].[FullName], [a].[IsActive], [a].[LockoutEnabled], [a].[LockoutEnd], [a].[NormalizedEmail], [a].[NormalizedUserName], [a].[PasswordHash], [a].[PhoneNumber], [a].[PhoneNumberConfirmed], [a].[Role], [a].[SecurityStamp], [a].[TwoFactorEnabled], [a].[UserName], [p].[PrisonerId], [p].[CaseNumber], [p].[CellBlock], [p].[CellNumber], [p].[CreatedAt], [p].[CrimeCategory], [p].[DateOfBirth], [p].[FullName], [p].[Gender], [p].[PrisonerCode], [p].[SentenceEndDate], [p].[SentenceStartDate], [p].[Status], [p].[UpdatedAt]
FROM (
    SELECT TOP(@p) [s].[RequestId], [s].[AdminResponse], [s].[AssignedAdminId], [s].[Category], [s].[CreatedAt], [s].[Description], [s].[Priority], [s].[PrisonerId], [s].[RequestCode], [s].[ResolvedAt], [s].[Status], [s].[Subject], [s].[UpdatedAt], [s].[UserId]
    FROM [SupportRequests] AS [s]
    ORDER BY [s].[CreatedAt] DESC
) AS [s0]
INNER JOIN [AspNetUsers] AS [a] ON [s0].[UserId] = [a].[Id]
INNER JOIN [Prisoners] AS [p] ON [s0].[PrisonerId] = [p].[PrisonerId]
ORDER BY [s0].[CreatedAt] DESC
2026-03-17 11:56:58.781 +05:30 [INF] Executed DbCommand (1ms) [Parameters=[], CommandType='"Text"', CommandTimeout='30']
SELECT [f].[LinkId], [f].[IsVerified], [f].[LinkedAt], [f].[PrisonerId], [f].[Relationship], [f].[UserId], [f].[VerifiedByAdminId], [a].[Id], [a].[AccessFailedCount], [a].[Address], [a].[ConcurrencyStamp], [a].[CreatedAt], [a].[Email], [a].[EmailConfirmed], [a].[FullName], [a].[IsActive], [a].[LockoutEnabled], [a].[LockoutEnd], [a].[NormalizedEmail], [a].[NormalizedUserName], [a].[PasswordHash], [a].[PhoneNumber], [a].[PhoneNumberConfirmed], [a].[Role], [a].[SecurityStamp], [a].[TwoFactorEnabled], [a].[UserName], [p].[PrisonerId], [p].[CaseNumber], [p].[CellBlock], [p].[CellNumber], [p].[CreatedAt], [p].[CrimeCategory], [p].[DateOfBirth], [p].[FullName], [p].[Gender], [p].[PrisonerCode], [p].[SentenceEndDate], [p].[SentenceStartDate], [p].[Status], [p].[UpdatedAt]
FROM [FamilyPrisonerLinks] AS [f]
INNER JOIN [AspNetUsers] AS [a] ON [f].[UserId] = [a].[Id]
INNER JOIN [Prisoners] AS [p] ON [f].[PrisonerId] = [p].[PrisonerId]
WHERE [f].[IsVerified] = CAST(0 AS bit)
ORDER BY [f].[LinkedAt]
2026-03-17 11:56:58.782 +05:30 [INF] Executing ViewResult, running view Dashboard.
2026-03-17 11:56:58.784 +05:30 [INF] Executed ViewResult - view Dashboard executed in 1.2924ms.
2026-03-17 11:56:58.785 +05:30 [INF] Executed action PrisonerPortal.Controllers.AdminController.Dashboard (PrisonerPortal) in 24.8264ms
2026-03-17 11:56:58.786 +05:30 [INF] Executed endpoint 'PrisonerPortal.Controllers.AdminController.Dashboard (PrisonerPortal)'
2026-03-17 11:56:58.787 +05:30 [INF] Request finished HTTP/1.1 GET http://localhost:5050/Admin/Dashboard - 200 null text/html; charset=utf-8 34.8557ms
2026-03-17 11:56:58.812 +05:30 [INF] Request starting HTTP/1.1 GET http://localhost:5050/Notifications/GetUnreadCount - null null
2026-03-17 11:56:58.816 +05:30 [INF] Executing endpoint 'PrisonerPortal.Controllers.NotificationsController.GetUnreadCount (PrisonerPortal)'
2026-03-17 11:56:58.817 +05:30 [INF] Route matched with {action = "GetUnreadCount", controller = "Notifications"}. Executing controller action with signature Microsoft.AspNetCore.Mvc.IActionResult GetUnreadCount() on controller PrisonerPortal.Controllers.NotificationsController (PrisonerPortal).
2026-03-17 11:56:58.820 +05:30 [INF] Executed DbCommand (0ms) [Parameters=[@userId='?' (Size = 450)], CommandType='"Text"', CommandTimeout='30']
SELECT COUNT(*)
FROM [Notifications] AS [n]
WHERE [n].[UserId] = @userId AND [n].[IsRead] = CAST(0 AS bit)
2026-03-17 11:56:58.823 +05:30 [INF] Executing JsonResult, writing value of type '<>f__AnonymousType1`1[[System.Int32, System.Private.CoreLib, Version=10.0.0.0, Culture=neutral, PublicKeyToken=7cec85d7bea7798e]]'.
2026-03-17 11:56:58.825 +05:30 [INF] Executed action PrisonerPortal.Controllers.NotificationsController.GetUnreadCount (PrisonerPortal) in 5.9288ms
2026-03-17 11:56:58.826 +05:30 [INF] Executed endpoint 'PrisonerPortal.Controllers.NotificationsController.GetUnreadCount (PrisonerPortal)'
2026-03-17 11:56:58.827 +05:30 [INF] Request finished HTTP/1.1 GET http://localhost:5050/Notifications/GetUnreadCount - 200 null application/json; charset=utf-8 15.1836ms
2026-03-17 11:57:08.539 +05:30 [INF] Request starting HTTP/1.1 GET http://localhost:5050/Admin/Appointments - null null
2026-03-17 11:57:08.546 +05:30 [INF] Executing endpoint 'PrisonerPortal.Controllers.AdminController.Appointments (PrisonerPortal)'
2026-03-17 11:57:08.547 +05:30 [INF] Route matched with {action = "Appointments", controller = "Admin"}. Executing controller action with signature System.Threading.Tasks.Task`1[Microsoft.AspNetCore.Mvc.IActionResult] Appointments() on controller PrisonerPortal.Controllers.AdminController (PrisonerPortal).
2026-03-17 11:57:08.561 +05:30 [INF] Executed DbCommand (8ms) [Parameters=[], CommandType='"Text"', CommandTimeout='30']
SELECT [a].[AppointmentId], [a].[AdminNotes], [a].[AppointmentCode], [a].[BookedAt], [a].[NumVisitors], [a].[PrisonerId], [a].[Purpose], [a].[RejectionReason], [a].[SlotId], [a].[Status], [a].[UpdatedAt], [a].[UserId], [a].[VisitorNames], [p].[PrisonerId], [p].[CaseNumber], [p].[CellBlock], [p].[CellNumber], [p].[CreatedAt], [p].[CrimeCategory], [p].[DateOfBirth], [p].[FullName], [p].[Gender], [p].[PrisonerCode], [p].[SentenceEndDate], [p].[SentenceStartDate], [p].[Status], [p].[UpdatedAt], [v].[SlotId], [v].[CreatedAt], [v].[CreatedByAdminId], [v].[CurrentBookings], [v].[EndTime], [v].[IsActive], [v].[MaxCapacity], [v].[SlotDate], [v].[StartTime], [a0].[Id], [a0].[AccessFailedCount], [a0].[Address], [a0].[ConcurrencyStamp], [a0].[CreatedAt], [a0].[Email], [a0].[EmailConfirmed], [a0].[FullName], [a0].[IsActive], [a0].[LockoutEnabled], [a0].[LockoutEnd], [a0].[NormalizedEmail], [a0].[NormalizedUserName], [a0].[PasswordHash], [a0].[PhoneNumber], [a0].[PhoneNumberConfirmed], [a0].[Role], [a0].[SecurityStamp], [a0].[TwoFactorEnabled], [a0].[UserName]
FROM [Appointments] AS [a]
INNER JOIN [Prisoners] AS [p] ON [a].[PrisonerId] = [p].[PrisonerId]
INNER JOIN [VisitSlots] AS [v] ON [a].[SlotId] = [v].[SlotId]
INNER JOIN [AspNetUsers] AS [a0] ON [a].[UserId] = [a0].[Id]
ORDER BY [a].[BookedAt] DESC
2026-03-17 11:57:08.564 +05:30 [INF] Executing ViewResult, running view Appointments.
2026-03-17 11:57:08.567 +05:30 [INF] Executed ViewResult - view Appointments executed in 3.2055ms.
2026-03-17 11:57:08.569 +05:30 [INF] Executed action PrisonerPortal.Controllers.AdminController.Appointments (PrisonerPortal) in 17.8391ms
2026-03-17 11:57:08.570 +05:30 [INF] Executed endpoint 'PrisonerPortal.Controllers.AdminController.Appointments (PrisonerPortal)'
2026-03-17 11:57:08.571 +05:30 [INF] Request finished HTTP/1.1 GET http://localhost:5050/Admin/Appointments - 200 null text/html; charset=utf-8 32.6146ms
2026-03-17 11:57:08.593 +05:30 [INF] Request starting HTTP/1.1 GET http://localhost:5050/Notifications/GetUnreadCount - null null
2026-03-17 11:57:08.597 +05:30 [INF] Executing endpoint 'PrisonerPortal.Controllers.NotificationsController.GetUnreadCount (PrisonerPortal)'
2026-03-17 11:57:08.600 +05:30 [INF] Route matched with {action = "GetUnreadCount", controller = "Notifications"}. Executing controller action with signature Microsoft.AspNetCore.Mvc.IActionResult GetUnreadCount() on controller PrisonerPortal.Controllers.NotificationsController (PrisonerPortal).
2026-03-17 11:57:08.605 +05:30 [INF] Executed DbCommand (1ms) [Parameters=[@userId='?' (Size = 450)], CommandType='"Text"', CommandTimeout='30']
SELECT COUNT(*)
FROM [Notifications] AS [n]
WHERE [n].[UserId] = @userId AND [n].[IsRead] = CAST(0 AS bit)
2026-03-17 11:57:08.608 +05:30 [INF] Executing JsonResult, writing value of type '<>f__AnonymousType1`1[[System.Int32, System.Private.CoreLib, Version=10.0.0.0, Culture=neutral, PublicKeyToken=7cec85d7bea7798e]]'.
2026-03-17 11:57:08.610 +05:30 [INF] Executed action PrisonerPortal.Controllers.NotificationsController.GetUnreadCount (PrisonerPortal) in 6.5565ms
2026-03-17 11:57:08.611 +05:30 [INF] Executed endpoint 'PrisonerPortal.Controllers.NotificationsController.GetUnreadCount (PrisonerPortal)'
2026-03-17 11:57:08.612 +05:30 [INF] Request finished HTTP/1.1 GET http://localhost:5050/Notifications/GetUnreadCount - 200 null application/json; charset=utf-8 19.5508ms
2026-03-17 11:57:15.909 +05:30 [INF] Request starting HTTP/1.1 POST http://localhost:5050/Account/Logout - application/x-www-form-urlencoded 225
2026-03-17 11:57:15.917 +05:30 [INF] Executing endpoint 'PrisonerPortal.Controllers.AccountController.Logout (PrisonerPortal)'
2026-03-17 11:57:15.918 +05:30 [INF] Route matched with {action = "Logout", controller = "Account"}. Executing controller action with signature System.Threading.Tasks.Task`1[Microsoft.AspNetCore.Mvc.IActionResult] Logout() on controller PrisonerPortal.Controllers.AccountController (PrisonerPortal).
2026-03-17 11:57:15.925 +05:30 [INF] Executed DbCommand (3ms) [Parameters=[@p0='?' (Size = 4000), @p1='?' (Size = 4000), @p2='?' (Size = 4000), @p3='?' (Size = 4000), @p4='?' (Size = 4000), @p5='?' (Size = 4000), @p6='?' (DbType = DateTime2), @p7='?' (Size = 450)], CommandType='"Text"', CommandTimeout='30']
SET IMPLICIT_TRANSACTIONS OFF;
SET NOCOUNT ON;
INSERT INTO [AuditLogs] ([Action], [EntityId], [EntityType], [IPAddress], [NewValues], [OldValues], [Timestamp], [UserId])
OUTPUT INSERTED.[LogId]
VALUES (@p0, @p1, @p2, @p3, @p4, @p5, @p6, @p7);
2026-03-17 11:57:15.928 +05:30 [INF] AuthenticationScheme: Identity.Application signed out.
2026-03-17 11:57:15.929 +05:30 [INF] AuthenticationScheme: Identity.External signed out.
2026-03-17 11:57:15.930 +05:30 [INF] AuthenticationScheme: Identity.TwoFactorUserId signed out.
2026-03-17 11:57:15.931 +05:30 [INF] Executing RedirectResult, redirecting to /.
2026-03-17 11:57:15.932 +05:30 [INF] Executed action PrisonerPortal.Controllers.AccountController.Logout (PrisonerPortal) in 11.2697ms
2026-03-17 11:57:15.932 +05:30 [INF] Executed endpoint 'PrisonerPortal.Controllers.AccountController.Logout (PrisonerPortal)'
2026-03-17 11:57:15.933 +05:30 [INF] Request finished HTTP/1.1 POST http://localhost:5050/Account/Logout - 302 0 null 24.5451ms
2026-03-17 11:57:15.937 +05:30 [INF] Request starting HTTP/1.1 GET http://localhost:5050/ - null null
2026-03-17 11:57:15.941 +05:30 [INF] Executing endpoint 'PrisonerPortal.Controllers.AccountController.Login (PrisonerPortal)'
2026-03-17 11:57:15.943 +05:30 [INF] Route matched with {action = "Login", controller = "Account"}. Executing controller action with signature Microsoft.AspNetCore.Mvc.IActionResult Login() on controller PrisonerPortal.Controllers.AccountController (PrisonerPortal).
2026-03-17 11:57:15.945 +05:30 [INF] Executing ViewResult, running view Login.
2026-03-17 11:57:15.947 +05:30 [INF] Executed ViewResult - view Login executed in 2.0573ms.
2026-03-17 11:57:15.948 +05:30 [INF] Executed action PrisonerPortal.Controllers.AccountController.Login (PrisonerPortal) in 3.5779ms
2026-03-17 11:57:15.949 +05:30 [INF] Executed endpoint 'PrisonerPortal.Controllers.AccountController.Login (PrisonerPortal)'
2026-03-17 11:57:15.950 +05:30 [INF] Request finished HTTP/1.1 GET http://localhost:5050/ - 200 null text/html; charset=utf-8 12.644ms
2026-03-17 11:57:23.752 +05:30 [INF] Request starting HTTP/1.1 POST http://localhost:5050/ - application/x-www-form-urlencoded 264
2026-03-17 11:57:23.755 +05:30 [INF] Executing endpoint 'PrisonerPortal.Controllers.AccountController.Login (PrisonerPortal)'
2026-03-17 11:57:23.757 +05:30 [INF] Route matched with {action = "Login", controller = "Account"}. Executing controller action with signature System.Threading.Tasks.Task`1[Microsoft.AspNetCore.Mvc.IActionResult] Login(PrisonerPortal.Models.ViewModels.LoginViewModel) on controller PrisonerPortal.Controllers.AccountController (PrisonerPortal).
2026-03-17 11:57:23.764 +05:30 [INF] Executed DbCommand (4ms) [Parameters=[@normalizedEmail='?' (Size = 256)], CommandType='"Text"', CommandTimeout='30']
SELECT TOP(2) [a].[Id], [a].[AccessFailedCount], [a].[Address], [a].[ConcurrencyStamp], [a].[CreatedAt], [a].[Email], [a].[EmailConfirmed], [a].[FullName], [a].[IsActive], [a].[LockoutEnabled], [a].[LockoutEnd], [a].[NormalizedEmail], [a].[NormalizedUserName], [a].[PasswordHash], [a].[PhoneNumber], [a].[PhoneNumberConfirmed], [a].[Role], [a].[SecurityStamp], [a].[TwoFactorEnabled], [a].[UserName]
FROM [AspNetUsers] AS [a]
WHERE [a].[NormalizedEmail] = @normalizedEmail
2026-03-17 11:57:23.772 +05:30 [INF] Executed DbCommand (3ms) [Parameters=[@normalizedUserName='?' (Size = 256)], CommandType='"Text"', CommandTimeout='30']
SELECT TOP(1) [a].[Id], [a].[AccessFailedCount], [a].[Address], [a].[ConcurrencyStamp], [a].[CreatedAt], [a].[Email], [a].[EmailConfirmed], [a].[FullName], [a].[IsActive], [a].[LockoutEnabled], [a].[LockoutEnd], [a].[NormalizedEmail], [a].[NormalizedUserName], [a].[PasswordHash], [a].[PhoneNumber], [a].[PhoneNumberConfirmed], [a].[Role], [a].[SecurityStamp], [a].[TwoFactorEnabled], [a].[UserName]
FROM [AspNetUsers] AS [a]
WHERE [a].[NormalizedUserName] = @normalizedUserName
2026-03-17 11:57:23.890 +05:30 [INF] Executed DbCommand (4ms) [Parameters=[@user_Id='?' (Size = 450)], CommandType='"Text"', CommandTimeout='30']
SELECT [a].[Id], [a].[ClaimType], [a].[ClaimValue], [a].[UserId]
FROM [AspNetUserClaims] AS [a]
WHERE [a].[UserId] = @user_Id
2026-03-17 11:57:23.901 +05:30 [INF] Executed DbCommand (5ms) [Parameters=[@userId='?' (Size = 450)], CommandType='"Text"', CommandTimeout='30']
SELECT [a0].[Name]
FROM [AspNetUserRoles] AS [a]
INNER JOIN [AspNetRoles] AS [a0] ON [a].[RoleId] = [a0].[Id]
WHERE [a].[UserId] = @userId
2026-03-17 11:57:23.910 +05:30 [INF] Executed DbCommand (3ms) [Parameters=[@normalizedName='?' (Size = 256)], CommandType='"Text"', CommandTimeout='30']
SELECT TOP(1) [a].[Id], [a].[ConcurrencyStamp], [a].[Name], [a].[NormalizedName]
FROM [AspNetRoles] AS [a]
WHERE [a].[NormalizedName] = @normalizedName
2026-03-17 11:57:23.919 +05:30 [INF] Executed DbCommand (2ms) [Parameters=[@role_Id='?' (Size = 450)], CommandType='"Text"', CommandTimeout='30']
SELECT [a].[ClaimType], [a].[ClaimValue]
FROM [AspNetRoleClaims] AS [a]
WHERE [a].[RoleId] = @role_Id
2026-03-17 11:57:23.924 +05:30 [INF] AuthenticationScheme: Identity.Application signed in.
2026-03-17 11:57:23.932 +05:30 [INF] Executed DbCommand (5ms) [Parameters=[@p0='?' (Size = 4000), @p1='?' (Size = 4000), @p2='?' (Size = 4000), @p3='?' (Size = 4000), @p4='?' (Size = 4000), @p5='?' (Size = 4000), @p6='?' (DbType = DateTime2), @p7='?' (Size = 450)], CommandType='"Text"', CommandTimeout='30']
SET IMPLICIT_TRANSACTIONS OFF;
SET NOCOUNT ON;
INSERT INTO [AuditLogs] ([Action], [EntityId], [EntityType], [IPAddress], [NewValues], [OldValues], [Timestamp], [UserId])
OUTPUT INSERTED.[LogId]
VALUES (@p0, @p1, @p2, @p3, @p4, @p5, @p6, @p7);
2026-03-17 11:57:23.938 +05:30 [INF] Executing RedirectResult, redirecting to /Family/Dashboard.
2026-03-17 11:57:23.940 +05:30 [INF] Executed action PrisonerPortal.Controllers.AccountController.Login (PrisonerPortal) in 180.6539ms
2026-03-17 11:57:23.941 +05:30 [INF] Executed endpoint 'PrisonerPortal.Controllers.AccountController.Login (PrisonerPortal)'
2026-03-17 11:57:23.942 +05:30 [INF] Request finished HTTP/1.1 POST http://localhost:5050/ - 302 0 null 190.3431ms
2026-03-17 11:57:23.946 +05:30 [INF] Request starting HTTP/1.1 GET http://localhost:5050/Family/Dashboard - null null
2026-03-17 11:57:23.948 +05:30 [INF] Executing endpoint 'PrisonerPortal.Controllers.FamilyController.Dashboard (PrisonerPortal)'
2026-03-17 11:57:23.950 +05:30 [INF] Route matched with {action = "Dashboard", controller = "Family"}. Executing controller action with signature System.Threading.Tasks.Task`1[Microsoft.AspNetCore.Mvc.IActionResult] Dashboard() on controller PrisonerPortal.Controllers.FamilyController (PrisonerPortal).
2026-03-17 11:57:23.955 +05:30 [INF] Executed DbCommand (2ms) [Parameters=[@p='?' (Size = 450)], CommandType='"Text"', CommandTimeout='30']
SELECT TOP(1) [a].[Id], [a].[AccessFailedCount], [a].[Address], [a].[ConcurrencyStamp], [a].[CreatedAt], [a].[Email], [a].[EmailConfirmed], [a].[FullName], [a].[IsActive], [a].[LockoutEnabled], [a].[LockoutEnd], [a].[NormalizedEmail], [a].[NormalizedUserName], [a].[PasswordHash], [a].[PhoneNumber], [a].[PhoneNumberConfirmed], [a].[Role], [a].[SecurityStamp], [a].[TwoFactorEnabled], [a].[UserName]
FROM [AspNetUsers] AS [a]
WHERE [a].[Id] = @p
2026-03-17 11:57:23.963 +05:30 [INF] Executed DbCommand (5ms) [Parameters=[@userId='?' (Size = 450)], CommandType='"Text"', CommandTimeout='30']
SELECT [f].[LinkId], [f].[IsVerified], [f].[LinkedAt], [f].[PrisonerId], [f].[Relationship], [f].[UserId], [f].[VerifiedByAdminId], [p].[PrisonerId], [p].[CaseNumber], [p].[CellBlock], [p].[CellNumber], [p].[CreatedAt], [p].[CrimeCategory], [p].[DateOfBirth], [p].[FullName], [p].[Gender], [p].[PrisonerCode], [p].[SentenceEndDate], [p].[SentenceStartDate], [p].[Status], [p].[UpdatedAt]
FROM [FamilyPrisonerLinks] AS [f]
INNER JOIN [Prisoners] AS [p] ON [f].[PrisonerId] = [p].[PrisonerId]
WHERE [f].[UserId] = @userId AND [f].[IsVerified] = CAST(1 AS bit)
2026-03-17 11:57:23.971 +05:30 [INF] Executed DbCommand (6ms) [Parameters=[@userId='?' (Size = 450)], CommandType='"Text"', CommandTimeout='30']
SELECT [a].[AppointmentId], [a].[AdminNotes], [a].[AppointmentCode], [a].[BookedAt], [a].[NumVisitors], [a].[PrisonerId], [a].[Purpose], [a].[RejectionReason], [a].[SlotId], [a].[Status], [a].[UpdatedAt], [a].[UserId], [a].[VisitorNames], [p].[PrisonerId], [p].[CaseNumber], [p].[CellBlock], [p].[CellNumber], [p].[CreatedAt], [p].[CrimeCategory], [p].[DateOfBirth], [p].[FullName], [p].[Gender], [p].[PrisonerCode], [p].[SentenceEndDate], [p].[SentenceStartDate], [p].[Status], [p].[UpdatedAt], [v].[SlotId], [v].[CreatedAt], [v].[CreatedByAdminId], [v].[CurrentBookings], [v].[EndTime], [v].[IsActive], [v].[MaxCapacity], [v].[SlotDate], [v].[StartTime]
FROM [Appointments] AS [a]
INNER JOIN [Prisoners] AS [p] ON [a].[PrisonerId] = [p].[PrisonerId]
INNER JOIN [VisitSlots] AS [v] ON [a].[SlotId] = [v].[SlotId]
WHERE [a].[UserId] = @userId
ORDER BY [a].[BookedAt] DESC
2026-03-17 11:57:23.980 +05:30 [INF] Executed DbCommand (3ms) [Parameters=[@userId='?' (Size = 450)], CommandType='"Text"', CommandTimeout='30']
SELECT [s].[RequestId], [s].[AdminResponse], [s].[AssignedAdminId], [s].[Category], [s].[CreatedAt], [s].[Description], [s].[Priority], [s].[PrisonerId], [s].[RequestCode], [s].[ResolvedAt], [s].[Status], [s].[Subject], [s].[UpdatedAt], [s].[UserId], [p].[PrisonerId], [p].[CaseNumber], [p].[CellBlock], [p].[CellNumber], [p].[CreatedAt], [p].[CrimeCategory], [p].[DateOfBirth], [p].[FullName], [p].[Gender], [p].[PrisonerCode], [p].[SentenceEndDate], [p].[SentenceStartDate], [p].[Status], [p].[UpdatedAt]
FROM [SupportRequests] AS [s]
INNER JOIN [Prisoners] AS [p] ON [s].[PrisonerId] = [p].[PrisonerId]
WHERE [s].[UserId] = @userId
ORDER BY [s].[CreatedAt] DESC
2026-03-17 11:57:23.985 +05:30 [INF] Executing ViewResult, running view Dashboard.
2026-03-17 11:57:23.990 +05:30 [INF] Executed ViewResult - view Dashboard executed in 5.2274ms.
2026-03-17 11:57:23.992 +05:30 [INF] Executed action PrisonerPortal.Controllers.FamilyController.Dashboard (PrisonerPortal) in 40.0915ms
2026-03-17 11:57:23.994 +05:30 [INF] Executed endpoint 'PrisonerPortal.Controllers.FamilyController.Dashboard (PrisonerPortal)'
2026-03-17 11:57:23.996 +05:30 [INF] Request finished HTTP/1.1 GET http://localhost:5050/Family/Dashboard - 200 null text/html; charset=utf-8 50.5433ms
2026-03-17 11:57:24.014 +05:30 [INF] Request starting HTTP/1.1 GET http://localhost:5050/Notifications/GetUnreadCount - null null
2026-03-17 11:57:24.018 +05:30 [INF] Executing endpoint 'PrisonerPortal.Controllers.NotificationsController.GetUnreadCount (PrisonerPortal)'
2026-03-17 11:57:24.020 +05:30 [INF] Route matched with {action = "GetUnreadCount", controller = "Notifications"}. Executing controller action with signature Microsoft.AspNetCore.Mvc.IActionResult GetUnreadCount() on controller PrisonerPortal.Controllers.NotificationsController (PrisonerPortal).
2026-03-17 11:57:24.027 +05:30 [INF] Executed DbCommand (3ms) [Parameters=[@userId='?' (Size = 450)], CommandType='"Text"', CommandTimeout='30']
SELECT COUNT(*)
FROM [Notifications] AS [n]
WHERE [n].[UserId] = @userId AND [n].[IsRead] = CAST(0 AS bit)
2026-03-17 11:57:24.030 +05:30 [INF] Executing JsonResult, writing value of type '<>f__AnonymousType1`1[[System.Int32, System.Private.CoreLib, Version=10.0.0.0, Culture=neutral, PublicKeyToken=7cec85d7bea7798e]]'.
2026-03-17 11:57:24.032 +05:30 [INF] Executed action PrisonerPortal.Controllers.NotificationsController.GetUnreadCount (PrisonerPortal) in 10.0189ms
2026-03-17 11:57:24.034 +05:30 [INF] Executed endpoint 'PrisonerPortal.Controllers.NotificationsController.GetUnreadCount (PrisonerPortal)'
2026-03-17 11:57:24.036 +05:30 [INF] Request finished HTTP/1.1 GET http://localhost:5050/Notifications/GetUnreadCount - 200 null application/json; charset=utf-8 21.7529ms
2026-03-17 11:57:35.349 +05:30 [INF] Request starting HTTP/1.1 GET http://localhost:5050/Family/BookVisit - null null
2026-03-17 11:57:35.356 +05:30 [INF] Executing endpoint 'PrisonerPortal.Controllers.FamilyController.BookVisit (PrisonerPortal)'
2026-03-17 11:57:35.358 +05:30 [INF] Route matched with {action = "BookVisit", controller = "Family"}. Executing controller action with signature System.Threading.Tasks.Task`1[Microsoft.AspNetCore.Mvc.IActionResult] BookVisit(System.Nullable`1[System.Int32]) on controller PrisonerPortal.Controllers.FamilyController (PrisonerPortal).
2026-03-17 11:57:35.363 +05:30 [INF] Executed DbCommand (3ms) [Parameters=[@p='?' (Size = 450)], CommandType='"Text"', CommandTimeout='30']
SELECT TOP(1) [a].[Id], [a].[AccessFailedCount], [a].[Address], [a].[ConcurrencyStamp], [a].[CreatedAt], [a].[Email], [a].[EmailConfirmed], [a].[FullName], [a].[IsActive], [a].[LockoutEnabled], [a].[LockoutEnd], [a].[NormalizedEmail], [a].[NormalizedUserName], [a].[PasswordHash], [a].[PhoneNumber], [a].[PhoneNumberConfirmed], [a].[Role], [a].[SecurityStamp], [a].[TwoFactorEnabled], [a].[UserName]
FROM [AspNetUsers] AS [a]
WHERE [a].[Id] = @p
2026-03-17 11:57:35.370 +05:30 [INF] Executed DbCommand (4ms) [Parameters=[@userId='?' (Size = 450)], CommandType='"Text"', CommandTimeout='30']
SELECT [f].[LinkId], [f].[IsVerified], [f].[LinkedAt], [f].[PrisonerId], [f].[Relationship], [f].[UserId], [f].[VerifiedByAdminId], [p].[PrisonerId], [p].[CaseNumber], [p].[CellBlock], [p].[CellNumber], [p].[CreatedAt], [p].[CrimeCategory], [p].[DateOfBirth], [p].[FullName], [p].[Gender], [p].[PrisonerCode], [p].[SentenceEndDate], [p].[SentenceStartDate], [p].[Status], [p].[UpdatedAt]
FROM [FamilyPrisonerLinks] AS [f]
INNER JOIN [Prisoners] AS [p] ON [f].[PrisonerId] = [p].[PrisonerId]
WHERE [f].[UserId] = @userId AND [f].[IsVerified] = CAST(1 AS bit)
2026-03-17 11:57:35.375 +05:30 [INF] Executed DbCommand (2ms) [Parameters=[], CommandType='"Text"', CommandTimeout='30']
SELECT [v].[SlotId], [v].[CreatedAt], [v].[CreatedByAdminId], [v].[CurrentBookings], [v].[EndTime], [v].[IsActive], [v].[MaxCapacity], [v].[SlotDate], [v].[StartTime]
FROM [VisitSlots] AS [v]
WHERE [v].[IsActive] = CAST(1 AS bit) AND [v].[SlotDate] >= CONVERT(date, GETUTCDATE())
ORDER BY [v].[SlotDate], [v].[StartTime]
2026-03-17 11:57:35.377 +05:30 [INF] Executing ViewResult, running view BookVisit.
2026-03-17 11:57:35.382 +05:30 [INF] Executed ViewResult - view BookVisit executed in 5.0959ms.
2026-03-17 11:57:35.384 +05:30 [INF] Executed action PrisonerPortal.Controllers.FamilyController.BookVisit (PrisonerPortal) in 24.0409ms
2026-03-17 11:57:35.386 +05:30 [INF] Executed endpoint 'PrisonerPortal.Controllers.FamilyController.BookVisit (PrisonerPortal)'
2026-03-17 11:57:35.388 +05:30 [INF] Request finished HTTP/1.1 GET http://localhost:5050/Family/BookVisit - 200 null text/html; charset=utf-8 38.9548ms
2026-03-17 11:57:35.402 +05:30 [INF] Request starting HTTP/1.1 GET http://localhost:5050/Notifications/GetUnreadCount - null null
2026-03-17 11:57:35.405 +05:30 [INF] Executing endpoint 'PrisonerPortal.Controllers.NotificationsController.GetUnreadCount (PrisonerPortal)'
2026-03-17 11:57:35.406 +05:30 [INF] Route matched with {action = "GetUnreadCount", controller = "Notifications"}. Executing controller action with signature Microsoft.AspNetCore.Mvc.IActionResult GetUnreadCount() on controller PrisonerPortal.Controllers.NotificationsController (PrisonerPortal).
2026-03-17 11:57:35.412 +05:30 [INF] Executed DbCommand (3ms) [Parameters=[@userId='?' (Size = 450)], CommandType='"Text"', CommandTimeout='30']
SELECT COUNT(*)
FROM [Notifications] AS [n]
WHERE [n].[UserId] = @userId AND [n].[IsRead] = CAST(0 AS bit)
2026-03-17 11:57:35.413 +05:30 [INF] Executing JsonResult, writing value of type '<>f__AnonymousType1`1[[System.Int32, System.Private.CoreLib, Version=10.0.0.0, Culture=neutral, PublicKeyToken=7cec85d7bea7798e]]'.
2026-03-17 11:57:35.415 +05:30 [INF] Executed action PrisonerPortal.Controllers.NotificationsController.GetUnreadCount (PrisonerPortal) in 6.1973ms
2026-03-17 11:57:35.416 +05:30 [INF] Executed endpoint 'PrisonerPortal.Controllers.NotificationsController.GetUnreadCount (PrisonerPortal)'
2026-03-17 11:57:35.417 +05:30 [INF] Request finished HTTP/1.1 GET http://localhost:5050/Notifications/GetUnreadCount - 200 null application/json; charset=utf-8 15.1451ms
2026-03-17 11:57:58.256 +05:30 [INF] Request starting HTTP/1.1 POST http://localhost:5050/Family/BookVisit - application/x-www-form-urlencoded 337
2026-03-17 11:57:58.259 +05:30 [INF] Executing endpoint 'PrisonerPortal.Controllers.FamilyController.BookVisit (PrisonerPortal)'
2026-03-17 11:57:58.261 +05:30 [INF] Route matched with {action = "BookVisit", controller = "Family"}. Executing controller action with signature System.Threading.Tasks.Task`1[Microsoft.AspNetCore.Mvc.IActionResult] BookVisit(PrisonerPortal.Models.ViewModels.BookVisitViewModel) on controller PrisonerPortal.Controllers.FamilyController (PrisonerPortal).
2026-03-17 11:57:58.266 +05:30 [INF] Executed DbCommand (1ms) [Parameters=[@p='?' (Size = 450)], CommandType='"Text"', CommandTimeout='30']
SELECT TOP(1) [a].[Id], [a].[AccessFailedCount], [a].[Address], [a].[ConcurrencyStamp], [a].[CreatedAt], [a].[Email], [a].[EmailConfirmed], [a].[FullName], [a].[IsActive], [a].[LockoutEnabled], [a].[LockoutEnd], [a].[NormalizedEmail], [a].[NormalizedUserName], [a].[PasswordHash], [a].[PhoneNumber], [a].[PhoneNumberConfirmed], [a].[Role], [a].[SecurityStamp], [a].[TwoFactorEnabled], [a].[UserName]
FROM [AspNetUsers] AS [a]
WHERE [a].[Id] = @p
2026-03-17 11:57:58.271 +05:30 [ERR] An exception occurred while iterating over the results of a query for context type 'PrisonerPortal.Data.ApplicationDbContext'.
System.InvalidOperationException: The configured execution strategy 'SqlServerRetryingExecutionStrategy' does not support user-initiated transactions. Use the execution strategy returned by 'DbContext.Database.CreateExecutionStrategy()' to execute all the operations in the transaction as a retriable unit.
   at Microsoft.EntityFrameworkCore.Storage.ExecutionStrategy.OnFirstExecution()
   at Microsoft.EntityFrameworkCore.Storage.ExecutionStrategy.ExecuteAsync[TState,TResult](TState state, Func`4 operation, Func`4 verifySucceeded, CancellationToken cancellationToken)
   at Microsoft.EntityFrameworkCore.Query.Internal.SingleQueryingEnumerable`1.AsyncEnumerator.MoveNextAsync()
System.InvalidOperationException: The configured execution strategy 'SqlServerRetryingExecutionStrategy' does not support user-initiated transactions. Use the execution strategy returned by 'DbContext.Database.CreateExecutionStrategy()' to execute all the operations in the transaction as a retriable unit.
   at Microsoft.EntityFrameworkCore.Storage.ExecutionStrategy.OnFirstExecution()
   at Microsoft.EntityFrameworkCore.Storage.ExecutionStrategy.ExecuteAsync[TState,TResult](TState state, Func`4 operation, Func`4 verifySucceeded, CancellationToken cancellationToken)
   at Microsoft.EntityFrameworkCore.Query.Internal.SingleQueryingEnumerable`1.AsyncEnumerator.MoveNextAsync()
2026-03-17 11:57:58.422 +05:30 [INF] Executed DbCommand (1ms) [Parameters=[@userId='?' (Size = 450)], CommandType='"Text"', CommandTimeout='30']
SELECT [f].[LinkId], [f].[IsVerified], [f].[LinkedAt], [f].[PrisonerId], [f].[Relationship], [f].[UserId], [f].[VerifiedByAdminId], [p].[PrisonerId], [p].[CaseNumber], [p].[CellBlock], [p].[CellNumber], [p].[CreatedAt], [p].[CrimeCategory], [p].[DateOfBirth], [p].[FullName], [p].[Gender], [p].[PrisonerCode], [p].[SentenceEndDate], [p].[SentenceStartDate], [p].[Status], [p].[UpdatedAt]
FROM [FamilyPrisonerLinks] AS [f]
INNER JOIN [Prisoners] AS [p] ON [f].[PrisonerId] = [p].[PrisonerId]
WHERE [f].[UserId] = @userId AND [f].[IsVerified] = CAST(1 AS bit)
2026-03-17 11:57:58.430 +05:30 [INF] Executed DbCommand (1ms) [Parameters=[], CommandType='"Text"', CommandTimeout='30']
SELECT [v].[SlotId], [v].[CreatedAt], [v].[CreatedByAdminId], [v].[CurrentBookings], [v].[EndTime], [v].[IsActive], [v].[MaxCapacity], [v].[SlotDate], [v].[StartTime]
FROM [VisitSlots] AS [v]
WHERE [v].[IsActive] = CAST(1 AS bit) AND [v].[SlotDate] >= CONVERT(date, GETUTCDATE())
ORDER BY [v].[SlotDate], [v].[StartTime]
2026-03-17 11:57:58.439 +05:30 [INF] Executing ViewResult, running view BookVisit.
2026-03-17 11:57:58.467 +05:30 [INF] Executed ViewResult - view BookVisit executed in 28.4275ms.
2026-03-17 11:57:58.472 +05:30 [INF] Executed action PrisonerPortal.Controllers.FamilyController.BookVisit (PrisonerPortal) in 208.5987ms
2026-03-17 11:57:58.475 +05:30 [INF] Executed endpoint 'PrisonerPortal.Controllers.FamilyController.BookVisit (PrisonerPortal)'
2026-03-17 11:57:58.476 +05:30 [INF] Request finished HTTP/1.1 POST http://localhost:5050/Family/BookVisit - 200 null text/html; charset=utf-8 220.108ms
2026-03-17 11:57:58.489 +05:30 [INF] Request starting HTTP/1.1 GET http://localhost:5050/Notifications/GetUnreadCount - null null
2026-03-17 11:57:58.492 +05:30 [INF] Executing endpoint 'PrisonerPortal.Controllers.NotificationsController.GetUnreadCount (PrisonerPortal)'
2026-03-17 11:57:58.494 +05:30 [INF] Route matched with {action = "GetUnreadCount", controller = "Notifications"}. Executing controller action with signature Microsoft.AspNetCore.Mvc.IActionResult GetUnreadCount() on controller PrisonerPortal.Controllers.NotificationsController (PrisonerPortal).
2026-03-17 11:57:58.497 +05:30 [INF] Executed DbCommand (1ms) [Parameters=[@userId='?' (Size = 450)], CommandType='"Text"', CommandTimeout='30']
SELECT COUNT(*)
FROM [Notifications] AS [n]
WHERE [n].[UserId] = @userId AND [n].[IsRead] = CAST(0 AS bit)
2026-03-17 11:57:58.500 +05:30 [INF] Executing JsonResult, writing value of type '<>f__AnonymousType1`1[[System.Int32, System.Private.CoreLib, Version=10.0.0.0, Culture=neutral, PublicKeyToken=7cec85d7bea7798e]]'.
2026-03-17 11:57:58.502 +05:30 [INF] Executed action PrisonerPortal.Controllers.NotificationsController.GetUnreadCount (PrisonerPortal) in 6.3188ms
2026-03-17 11:57:58.504 +05:30 [INF] Executed endpoint 'PrisonerPortal.Controllers.NotificationsController.GetUnreadCount (PrisonerPortal)'
2026-03-17 11:57:58.505 +05:30 [INF] Request finished HTTP/1.1 GET http://localhost:5050/Notifications/GetUnreadCount - 200 null application/json; charset=utf-8 16.6995ms
2026-03-17 11:58:28.494 +05:30 [INF] Request starting HTTP/1.1 GET http://localhost:5050/Notifications/GetUnreadCount - null null
2026-03-17 11:58:28.502 +05:30 [INF] Executing endpoint 'PrisonerPortal.Controllers.NotificationsController.GetUnreadCount (PrisonerPortal)'
2026-03-17 11:58:28.505 +05:30 [INF] Route matched with {action = "GetUnreadCount", controller = "Notifications"}. Executing controller action with signature Microsoft.AspNetCore.Mvc.IActionResult GetUnreadCount() on controller PrisonerPortal.Controllers.NotificationsController (PrisonerPortal).
2026-03-17 11:58:28.511 +05:30 [INF] Executed DbCommand (1ms) [Parameters=[@userId='?' (Size = 450)], CommandType='"Text"', CommandTimeout='30']
SELECT COUNT(*)
FROM [Notifications] AS [n]
WHERE [n].[UserId] = @userId AND [n].[IsRead] = CAST(0 AS bit)
2026-03-17 11:58:28.515 +05:30 [INF] Executing JsonResult, writing value of type '<>f__AnonymousType1`1[[System.Int32, System.Private.CoreLib, Version=10.0.0.0, Culture=neutral, PublicKeyToken=7cec85d7bea7798e]]'.
2026-03-17 11:58:28.517 +05:30 [INF] Executed action PrisonerPortal.Controllers.NotificationsController.GetUnreadCount (PrisonerPortal) in 8.3996ms
2026-03-17 11:58:28.519 +05:30 [INF] Executed endpoint 'PrisonerPortal.Controllers.NotificationsController.GetUnreadCount (PrisonerPortal)'
2026-03-17 11:58:28.520 +05:30 [INF] Request finished HTTP/1.1 GET http://localhost:5050/Notifications/GetUnreadCount - 200 null application/json; charset=utf-8 25.9575ms
2026-03-17 11:58:31.637 +05:30 [INF] Request starting HTTP/1.1 POST http://localhost:5050/Family/BookVisit - application/x-www-form-urlencoded 326
2026-03-17 11:58:31.640 +05:30 [INF] Executing endpoint 'PrisonerPortal.Controllers.FamilyController.BookVisit (PrisonerPortal)'
2026-03-17 11:58:31.641 +05:30 [INF] Route matched with {action = "BookVisit", controller = "Family"}. Executing controller action with signature System.Threading.Tasks.Task`1[Microsoft.AspNetCore.Mvc.IActionResult] BookVisit(PrisonerPortal.Models.ViewModels.BookVisitViewModel) on controller PrisonerPortal.Controllers.FamilyController (PrisonerPortal).
2026-03-17 11:58:31.648 +05:30 [INF] Executed DbCommand (3ms) [Parameters=[@p='?' (Size = 450)], CommandType='"Text"', CommandTimeout='30']
SELECT TOP(1) [a].[Id], [a].[AccessFailedCount], [a].[Address], [a].[ConcurrencyStamp], [a].[CreatedAt], [a].[Email], [a].[EmailConfirmed], [a].[FullName], [a].[IsActive], [a].[LockoutEnabled], [a].[LockoutEnd], [a].[NormalizedEmail], [a].[NormalizedUserName], [a].[PasswordHash], [a].[PhoneNumber], [a].[PhoneNumberConfirmed], [a].[Role], [a].[SecurityStamp], [a].[TwoFactorEnabled], [a].[UserName]
FROM [AspNetUsers] AS [a]
WHERE [a].[Id] = @p
2026-03-17 11:58:31.653 +05:30 [ERR] An exception occurred while iterating over the results of a query for context type 'PrisonerPortal.Data.ApplicationDbContext'.
System.InvalidOperationException: The configured execution strategy 'SqlServerRetryingExecutionStrategy' does not support user-initiated transactions. Use the execution strategy returned by 'DbContext.Database.CreateExecutionStrategy()' to execute all the operations in the transaction as a retriable unit.
   at Microsoft.EntityFrameworkCore.Storage.ExecutionStrategy.OnFirstExecution()
   at Microsoft.EntityFrameworkCore.Storage.ExecutionStrategy.ExecuteAsync[TState,TResult](TState state, Func`4 operation, Func`4 verifySucceeded, CancellationToken cancellationToken)
   at Microsoft.EntityFrameworkCore.Query.Internal.SingleQueryingEnumerable`1.AsyncEnumerator.MoveNextAsync()
System.InvalidOperationException: The configured execution strategy 'SqlServerRetryingExecutionStrategy' does not support user-initiated transactions. Use the execution strategy returned by 'DbContext.Database.CreateExecutionStrategy()' to execute all the operations in the transaction as a retriable unit.
   at Microsoft.EntityFrameworkCore.Storage.ExecutionStrategy.OnFirstExecution()
   at Microsoft.EntityFrameworkCore.Storage.ExecutionStrategy.ExecuteAsync[TState,TResult](TState state, Func`4 operation, Func`4 verifySucceeded, CancellationToken cancellationToken)
   at Microsoft.EntityFrameworkCore.Query.Internal.SingleQueryingEnumerable`1.AsyncEnumerator.MoveNextAsync()
2026-03-17 11:58:31.753 +05:30 [INF] Executed DbCommand (6ms) [Parameters=[@userId='?' (Size = 450)], CommandType='"Text"', CommandTimeout='30']
SELECT [f].[LinkId], [f].[IsVerified], [f].[LinkedAt], [f].[PrisonerId], [f].[Relationship], [f].[UserId], [f].[VerifiedByAdminId], [p].[PrisonerId], [p].[CaseNumber], [p].[CellBlock], [p].[CellNumber], [p].[CreatedAt], [p].[CrimeCategory], [p].[DateOfBirth], [p].[FullName], [p].[Gender], [p].[PrisonerCode], [p].[SentenceEndDate], [p].[SentenceStartDate], [p].[Status], [p].[UpdatedAt]
FROM [FamilyPrisonerLinks] AS [f]
INNER JOIN [Prisoners] AS [p] ON [f].[PrisonerId] = [p].[PrisonerId]
WHERE [f].[UserId] = @userId AND [f].[IsVerified] = CAST(1 AS bit)
2026-03-17 11:58:31.769 +05:30 [INF] Executed DbCommand (5ms) [Parameters=[], CommandType='"Text"', CommandTimeout='30']
SELECT [v].[SlotId], [v].[CreatedAt], [v].[CreatedByAdminId], [v].[CurrentBookings], [v].[EndTime], [v].[IsActive], [v].[MaxCapacity], [v].[SlotDate], [v].[StartTime]
FROM [VisitSlots] AS [v]
WHERE [v].[IsActive] = CAST(1 AS bit) AND [v].[SlotDate] >= CONVERT(date, GETUTCDATE())
ORDER BY [v].[SlotDate], [v].[StartTime]
2026-03-17 11:58:31.777 +05:30 [INF] Executing ViewResult, running view BookVisit.
2026-03-17 11:58:31.783 +05:30 [INF] Executed ViewResult - view BookVisit executed in 6.1439ms.
2026-03-17 11:58:31.787 +05:30 [INF] Executed action PrisonerPortal.Controllers.FamilyController.BookVisit (PrisonerPortal) in 143.0903ms
2026-03-17 11:58:31.789 +05:30 [INF] Executed endpoint 'PrisonerPortal.Controllers.FamilyController.BookVisit (PrisonerPortal)'
2026-03-17 11:58:31.791 +05:30 [INF] Request finished HTTP/1.1 POST http://localhost:5050/Family/BookVisit - 200 null text/html; charset=utf-8 153.7847ms
2026-03-17 11:58:31.806 +05:30 [INF] Request starting HTTP/1.1 GET http://localhost:5050/Notifications/GetUnreadCount - null null
2026-03-17 11:58:31.810 +05:30 [INF] Executing endpoint 'PrisonerPortal.Controllers.NotificationsController.GetUnreadCount (PrisonerPortal)'
2026-03-17 11:58:31.812 +05:30 [INF] Route matched with {action = "GetUnreadCount", controller = "Notifications"}. Executing controller action with signature Microsoft.AspNetCore.Mvc.IActionResult GetUnreadCount() on controller PrisonerPortal.Controllers.NotificationsController (PrisonerPortal).
2026-03-17 11:58:31.817 +05:30 [INF] Executed DbCommand (3ms) [Parameters=[@userId='?' (Size = 450)], CommandType='"Text"', CommandTimeout='30']
SELECT COUNT(*)
FROM [Notifications] AS [n]
WHERE [n].[UserId] = @userId AND [n].[IsRead] = CAST(0 AS bit)
2026-03-17 11:58:31.820 +05:30 [INF] Executing JsonResult, writing value of type '<>f__AnonymousType1`1[[System.Int32, System.Private.CoreLib, Version=10.0.0.0, Culture=neutral, PublicKeyToken=7cec85d7bea7798e]]'.
2026-03-17 11:58:31.822 +05:30 [INF] Executed action PrisonerPortal.Controllers.NotificationsController.GetUnreadCount (PrisonerPortal) in 8.4568ms
2026-03-17 11:58:31.823 +05:30 [INF] Executed endpoint 'PrisonerPortal.Controllers.NotificationsController.GetUnreadCount (PrisonerPortal)'
2026-03-17 11:58:31.825 +05:30 [INF] Request finished HTTP/1.1 GET http://localhost:5050/Notifications/GetUnreadCount - 200 null application/json; charset=utf-8 18.3305ms
2026-03-17 11:58:46.363 +05:30 [INF] Request starting HTTP/1.1 POST http://localhost:5050/Family/BookVisit - application/x-www-form-urlencoded 326
2026-03-17 11:58:46.366 +05:30 [INF] Executing endpoint 'PrisonerPortal.Controllers.FamilyController.BookVisit (PrisonerPortal)'
2026-03-17 11:58:46.368 +05:30 [INF] Route matched with {action = "BookVisit", controller = "Family"}. Executing controller action with signature System.Threading.Tasks.Task`1[Microsoft.AspNetCore.Mvc.IActionResult] BookVisit(PrisonerPortal.Models.ViewModels.BookVisitViewModel) on controller PrisonerPortal.Controllers.FamilyController (PrisonerPortal).
2026-03-17 11:58:46.376 +05:30 [INF] Executed DbCommand (4ms) [Parameters=[@p='?' (Size = 450)], CommandType='"Text"', CommandTimeout='30']
SELECT TOP(1) [a].[Id], [a].[AccessFailedCount], [a].[Address], [a].[ConcurrencyStamp], [a].[CreatedAt], [a].[Email], [a].[EmailConfirmed], [a].[FullName], [a].[IsActive], [a].[LockoutEnabled], [a].[LockoutEnd], [a].[NormalizedEmail], [a].[NormalizedUserName], [a].[PasswordHash], [a].[PhoneNumber], [a].[PhoneNumberConfirmed], [a].[Role], [a].[SecurityStamp], [a].[TwoFactorEnabled], [a].[UserName]
FROM [AspNetUsers] AS [a]
WHERE [a].[Id] = @p
2026-03-17 11:58:46.380 +05:30 [ERR] An exception occurred while iterating over the results of a query for context type 'PrisonerPortal.Data.ApplicationDbContext'.
System.InvalidOperationException: The configured execution strategy 'SqlServerRetryingExecutionStrategy' does not support user-initiated transactions. Use the execution strategy returned by 'DbContext.Database.CreateExecutionStrategy()' to execute all the operations in the transaction as a retriable unit.
   at Microsoft.EntityFrameworkCore.Storage.ExecutionStrategy.OnFirstExecution()
   at Microsoft.EntityFrameworkCore.Storage.ExecutionStrategy.ExecuteAsync[TState,TResult](TState state, Func`4 operation, Func`4 verifySucceeded, CancellationToken cancellationToken)
   at Microsoft.EntityFrameworkCore.Query.Internal.SingleQueryingEnumerable`1.AsyncEnumerator.MoveNextAsync()
System.InvalidOperationException: The configured execution strategy 'SqlServerRetryingExecutionStrategy' does not support user-initiated transactions. Use the execution strategy returned by 'DbContext.Database.CreateExecutionStrategy()' to execute all the operations in the transaction as a retriable unit.
   at Microsoft.EntityFrameworkCore.Storage.ExecutionStrategy.OnFirstExecution()
   at Microsoft.EntityFrameworkCore.Storage.ExecutionStrategy.ExecuteAsync[TState,TResult](TState state, Func`4 operation, Func`4 verifySucceeded, CancellationToken cancellationToken)
   at Microsoft.EntityFrameworkCore.Query.Internal.SingleQueryingEnumerable`1.AsyncEnumerator.MoveNextAsync()
2026-03-17 11:58:46.485 +05:30 [INF] Executed DbCommand (4ms) [Parameters=[@userId='?' (Size = 450)], CommandType='"Text"', CommandTimeout='30']
SELECT [f].[LinkId], [f].[IsVerified], [f].[LinkedAt], [f].[PrisonerId], [f].[Relationship], [f].[UserId], [f].[VerifiedByAdminId], [p].[PrisonerId], [p].[CaseNumber], [p].[CellBlock], [p].[CellNumber], [p].[CreatedAt], [p].[CrimeCategory], [p].[DateOfBirth], [p].[FullName], [p].[Gender], [p].[PrisonerCode], [p].[SentenceEndDate], [p].[SentenceStartDate], [p].[Status], [p].[UpdatedAt]
FROM [FamilyPrisonerLinks] AS [f]
INNER JOIN [Prisoners] AS [p] ON [f].[PrisonerId] = [p].[PrisonerId]
WHERE [f].[UserId] = @userId AND [f].[IsVerified] = CAST(1 AS bit)
2026-03-17 11:58:46.495 +05:30 [INF] Executed DbCommand (4ms) [Parameters=[], CommandType='"Text"', CommandTimeout='30']
SELECT [v].[SlotId], [v].[CreatedAt], [v].[CreatedByAdminId], [v].[CurrentBookings], [v].[EndTime], [v].[IsActive], [v].[MaxCapacity], [v].[SlotDate], [v].[StartTime]
FROM [VisitSlots] AS [v]
WHERE [v].[IsActive] = CAST(1 AS bit) AND [v].[SlotDate] >= CONVERT(date, GETUTCDATE())
ORDER BY [v].[SlotDate], [v].[StartTime]
2026-03-17 11:58:46.499 +05:30 [INF] Executing ViewResult, running view BookVisit.
2026-03-17 11:58:46.501 +05:30 [INF] Executed ViewResult - view BookVisit executed in 2.6795ms.
2026-03-17 11:58:46.503 +05:30 [INF] Executed action PrisonerPortal.Controllers.FamilyController.BookVisit (PrisonerPortal) in 132.5291ms
2026-03-17 11:58:46.504 +05:30 [INF] Executed endpoint 'PrisonerPortal.Controllers.FamilyController.BookVisit (PrisonerPortal)'
2026-03-17 11:58:46.505 +05:30 [INF] Request finished HTTP/1.1 POST http://localhost:5050/Family/BookVisit - 200 null text/html; charset=utf-8 142.6706ms
2026-03-17 11:58:46.525 +05:30 [INF] Request starting HTTP/1.1 GET http://localhost:5050/Notifications/GetUnreadCount - null null
2026-03-17 11:58:46.530 +05:30 [INF] Executing endpoint 'PrisonerPortal.Controllers.NotificationsController.GetUnreadCount (PrisonerPortal)'
2026-03-17 11:58:46.531 +05:30 [INF] Route matched with {action = "GetUnreadCount", controller = "Notifications"}. Executing controller action with signature Microsoft.AspNetCore.Mvc.IActionResult GetUnreadCount() on controller PrisonerPortal.Controllers.NotificationsController (PrisonerPortal).
2026-03-17 11:58:46.537 +05:30 [INF] Executed DbCommand (4ms) [Parameters=[@userId='?' (Size = 450)], CommandType='"Text"', CommandTimeout='30']
SELECT COUNT(*)
FROM [Notifications] AS [n]
WHERE [n].[UserId] = @userId AND [n].[IsRead] = CAST(0 AS bit)
2026-03-17 11:58:46.541 +05:30 [INF] Executing JsonResult, writing value of type '<>f__AnonymousType1`1[[System.Int32, System.Private.CoreLib, Version=10.0.0.0, Culture=neutral, PublicKeyToken=7cec85d7bea7798e]]'.
2026-03-17 11:58:46.543 +05:30 [INF] Executed action PrisonerPortal.Controllers.NotificationsController.GetUnreadCount (PrisonerPortal) in 9.6305ms
2026-03-17 11:58:46.545 +05:30 [INF] Executed endpoint 'PrisonerPortal.Controllers.NotificationsController.GetUnreadCount (PrisonerPortal)'
2026-03-17 11:58:46.546 +05:30 [INF] Request finished HTTP/1.1 GET http://localhost:5050/Notifications/GetUnreadCount - 200 null application/json; charset=utf-8 21.1058ms
2026-03-17 11:58:53.007 +05:30 [INF] Request starting HTTP/1.1 GET http://localhost:5050/Family/MyRequests - null null
2026-03-17 11:58:53.015 +05:30 [INF] Executing endpoint 'PrisonerPortal.Controllers.FamilyController.MyRequests (PrisonerPortal)'
2026-03-17 11:58:53.023 +05:30 [INF] Route matched with {action = "MyRequests", controller = "Family"}. Executing controller action with signature System.Threading.Tasks.Task`1[Microsoft.AspNetCore.Mvc.IActionResult] MyRequests() on controller PrisonerPortal.Controllers.FamilyController (PrisonerPortal).
2026-03-17 11:58:53.029 +05:30 [INF] Executed DbCommand (1ms) [Parameters=[@p='?' (Size = 450)], CommandType='"Text"', CommandTimeout='30']
SELECT TOP(1) [a].[Id], [a].[AccessFailedCount], [a].[Address], [a].[ConcurrencyStamp], [a].[CreatedAt], [a].[Email], [a].[EmailConfirmed], [a].[FullName], [a].[IsActive], [a].[LockoutEnabled], [a].[LockoutEnd], [a].[NormalizedEmail], [a].[NormalizedUserName], [a].[PasswordHash], [a].[PhoneNumber], [a].[PhoneNumberConfirmed], [a].[Role], [a].[SecurityStamp], [a].[TwoFactorEnabled], [a].[UserName]
FROM [AspNetUsers] AS [a]
WHERE [a].[Id] = @p
2026-03-17 11:58:53.036 +05:30 [INF] Executed DbCommand (4ms) [Parameters=[@userId='?' (Size = 450)], CommandType='"Text"', CommandTimeout='30']
SELECT [s].[RequestId], [s].[AdminResponse], [s].[AssignedAdminId], [s].[Category], [s].[CreatedAt], [s].[Description], [s].[Priority], [s].[PrisonerId], [s].[RequestCode], [s].[ResolvedAt], [s].[Status], [s].[Subject], [s].[UpdatedAt], [s].[UserId], [p].[PrisonerId], [p].[CaseNumber], [p].[CellBlock], [p].[CellNumber], [p].[CreatedAt], [p].[CrimeCategory], [p].[DateOfBirth], [p].[FullName], [p].[Gender], [p].[PrisonerCode], [p].[SentenceEndDate], [p].[SentenceStartDate], [p].[Status], [p].[UpdatedAt]
FROM [SupportRequests] AS [s]
INNER JOIN [Prisoners] AS [p] ON [s].[PrisonerId] = [p].[PrisonerId]
WHERE [s].[UserId] = @userId
ORDER BY [s].[CreatedAt] DESC
2026-03-17 11:58:53.040 +05:30 [INF] Executing ViewResult, running view MyRequests.
2026-03-17 11:58:53.053 +05:30 [INF] Executed ViewResult - view MyRequests executed in 14.2937ms.
2026-03-17 11:58:53.058 +05:30 [INF] Executed action PrisonerPortal.Controllers.FamilyController.MyRequests (PrisonerPortal) in 31.4735ms
2026-03-17 11:58:53.060 +05:30 [INF] Executed endpoint 'PrisonerPortal.Controllers.FamilyController.MyRequests (PrisonerPortal)'
2026-03-17 11:58:53.062 +05:30 [INF] Request finished HTTP/1.1 GET http://localhost:5050/Family/MyRequests - 200 null text/html; charset=utf-8 54.7529ms
2026-03-17 11:58:53.078 +05:30 [INF] Request starting HTTP/1.1 GET http://localhost:5050/Notifications/GetUnreadCount - null null
2026-03-17 11:58:53.082 +05:30 [INF] Executing endpoint 'PrisonerPortal.Controllers.NotificationsController.GetUnreadCount (PrisonerPortal)'
2026-03-17 11:58:53.083 +05:30 [INF] Route matched with {action = "GetUnreadCount", controller = "Notifications"}. Executing controller action with signature Microsoft.AspNetCore.Mvc.IActionResult GetUnreadCount() on controller PrisonerPortal.Controllers.NotificationsController (PrisonerPortal).
2026-03-17 11:58:53.088 +05:30 [INF] Executed DbCommand (1ms) [Parameters=[@userId='?' (Size = 450)], CommandType='"Text"', CommandTimeout='30']
SELECT COUNT(*)
FROM [Notifications] AS [n]
WHERE [n].[UserId] = @userId AND [n].[IsRead] = CAST(0 AS bit)
2026-03-17 11:58:53.092 +05:30 [INF] Executing JsonResult, writing value of type '<>f__AnonymousType1`1[[System.Int32, System.Private.CoreLib, Version=10.0.0.0, Culture=neutral, PublicKeyToken=7cec85d7bea7798e]]'.
2026-03-17 11:58:53.094 +05:30 [INF] Executed action PrisonerPortal.Controllers.NotificationsController.GetUnreadCount (PrisonerPortal) in 7.5089ms
2026-03-17 11:58:53.095 +05:30 [INF] Executed endpoint 'PrisonerPortal.Controllers.NotificationsController.GetUnreadCount (PrisonerPortal)'
2026-03-17 11:58:53.096 +05:30 [INF] Request finished HTTP/1.1 GET http://localhost:5050/Notifications/GetUnreadCount - 200 null application/json; charset=utf-8 17.8799ms
2026-03-17 11:58:56.373 +05:30 [INF] Request starting HTTP/1.1 GET http://localhost:5050/Family/SubmitRequest - null null
2026-03-17 11:58:56.377 +05:30 [INF] Executing endpoint 'PrisonerPortal.Controllers.FamilyController.SubmitRequest (PrisonerPortal)'
2026-03-17 11:58:56.389 +05:30 [INF] Route matched with {action = "SubmitRequest", controller = "Family"}. Executing controller action with signature System.Threading.Tasks.Task`1[Microsoft.AspNetCore.Mvc.IActionResult] SubmitRequest(System.Nullable`1[System.Int32]) on controller PrisonerPortal.Controllers.FamilyController (PrisonerPortal).
2026-03-17 11:58:56.397 +05:30 [INF] Executed DbCommand (1ms) [Parameters=[@p='?' (Size = 450)], CommandType='"Text"', CommandTimeout='30']
SELECT TOP(1) [a].[Id], [a].[AccessFailedCount], [a].[Address], [a].[ConcurrencyStamp], [a].[CreatedAt], [a].[Email], [a].[EmailConfirmed], [a].[FullName], [a].[IsActive], [a].[LockoutEnabled], [a].[LockoutEnd], [a].[NormalizedEmail], [a].[NormalizedUserName], [a].[PasswordHash], [a].[PhoneNumber], [a].[PhoneNumberConfirmed], [a].[Role], [a].[SecurityStamp], [a].[TwoFactorEnabled], [a].[UserName]
FROM [AspNetUsers] AS [a]
WHERE [a].[Id] = @p
2026-03-17 11:58:56.403 +05:30 [INF] Executed DbCommand (0ms) [Parameters=[@userId='?' (Size = 450)], CommandType='"Text"', CommandTimeout='30']
SELECT [f].[LinkId], [f].[IsVerified], [f].[LinkedAt], [f].[PrisonerId], [f].[Relationship], [f].[UserId], [f].[VerifiedByAdminId], [p].[PrisonerId], [p].[CaseNumber], [p].[CellBlock], [p].[CellNumber], [p].[CreatedAt], [p].[CrimeCategory], [p].[DateOfBirth], [p].[FullName], [p].[Gender], [p].[PrisonerCode], [p].[SentenceEndDate], [p].[SentenceStartDate], [p].[Status], [p].[UpdatedAt]
FROM [FamilyPrisonerLinks] AS [f]
INNER JOIN [Prisoners] AS [p] ON [f].[PrisonerId] = [p].[PrisonerId]
WHERE [f].[UserId] = @userId AND [f].[IsVerified] = CAST(1 AS bit)
2026-03-17 11:58:56.409 +05:30 [INF] Executing ViewResult, running view SubmitRequest.
2026-03-17 11:58:56.469 +05:30 [INF] Executed ViewResult - view SubmitRequest executed in 62.2927ms.
2026-03-17 11:58:56.474 +05:30 [INF] Executed action PrisonerPortal.Controllers.FamilyController.SubmitRequest (PrisonerPortal) in 80.6116ms
2026-03-17 11:58:56.476 +05:30 [INF] Executed endpoint 'PrisonerPortal.Controllers.FamilyController.SubmitRequest (PrisonerPortal)'
2026-03-17 11:58:56.478 +05:30 [INF] Request finished HTTP/1.1 GET http://localhost:5050/Family/SubmitRequest - 200 null text/html; charset=utf-8 105.1165ms
2026-03-17 11:58:56.501 +05:30 [INF] Request starting HTTP/1.1 GET http://localhost:5050/Notifications/GetUnreadCount - null null
2026-03-17 11:58:56.507 +05:30 [INF] Executing endpoint 'PrisonerPortal.Controllers.NotificationsController.GetUnreadCount (PrisonerPortal)'
2026-03-17 11:58:56.508 +05:30 [INF] Route matched with {action = "GetUnreadCount", controller = "Notifications"}. Executing controller action with signature Microsoft.AspNetCore.Mvc.IActionResult GetUnreadCount() on controller PrisonerPortal.Controllers.NotificationsController (PrisonerPortal).
2026-03-17 11:58:56.512 +05:30 [INF] Executed DbCommand (0ms) [Parameters=[@userId='?' (Size = 450)], CommandType='"Text"', CommandTimeout='30']
SELECT COUNT(*)
FROM [Notifications] AS [n]
WHERE [n].[UserId] = @userId AND [n].[IsRead] = CAST(0 AS bit)
2026-03-17 11:58:56.514 +05:30 [INF] Executing JsonResult, writing value of type '<>f__AnonymousType1`1[[System.Int32, System.Private.CoreLib, Version=10.0.0.0, Culture=neutral, PublicKeyToken=7cec85d7bea7798e]]'.
2026-03-17 11:58:56.515 +05:30 [INF] Executed action PrisonerPortal.Controllers.NotificationsController.GetUnreadCount (PrisonerPortal) in 4.2348ms
2026-03-17 11:58:56.516 +05:30 [INF] Executed endpoint 'PrisonerPortal.Controllers.NotificationsController.GetUnreadCount (PrisonerPortal)'
2026-03-17 11:58:56.518 +05:30 [INF] Request finished HTTP/1.1 GET http://localhost:5050/Notifications/GetUnreadCount - 200 null application/json; charset=utf-8 16.6408ms
2026-03-17 11:59:26.518 +05:30 [INF] Request starting HTTP/1.1 GET http://localhost:5050/Notifications/GetUnreadCount - null null
2026-03-17 11:59:26.525 +05:30 [INF] Executing endpoint 'PrisonerPortal.Controllers.NotificationsController.GetUnreadCount (PrisonerPortal)'
2026-03-17 11:59:26.527 +05:30 [INF] Route matched with {action = "GetUnreadCount", controller = "Notifications"}. Executing controller action with signature Microsoft.AspNetCore.Mvc.IActionResult GetUnreadCount() on controller PrisonerPortal.Controllers.NotificationsController (PrisonerPortal).
2026-03-17 11:59:26.533 +05:30 [INF] Executed DbCommand (1ms) [Parameters=[@userId='?' (Size = 450)], CommandType='"Text"', CommandTimeout='30']
SELECT COUNT(*)
FROM [Notifications] AS [n]
WHERE [n].[UserId] = @userId AND [n].[IsRead] = CAST(0 AS bit)
2026-03-17 11:59:26.542 +05:30 [INF] Executing JsonResult, writing value of type '<>f__AnonymousType1`1[[System.Int32, System.Private.CoreLib, Version=10.0.0.0, Culture=neutral, PublicKeyToken=7cec85d7bea7798e]]'.
2026-03-17 11:59:26.545 +05:30 [INF] Executed action PrisonerPortal.Controllers.NotificationsController.GetUnreadCount (PrisonerPortal) in 15.1577ms
2026-03-17 11:59:26.548 +05:30 [INF] Executed endpoint 'PrisonerPortal.Controllers.NotificationsController.GetUnreadCount (PrisonerPortal)'
2026-03-17 11:59:26.550 +05:30 [INF] Request finished HTTP/1.1 GET http://localhost:5050/Notifications/GetUnreadCount - 200 null application/json; charset=utf-8 31.6465ms
2026-03-17 11:59:50.177 +05:30 [INF] Request starting HTTP/1.1 POST http://localhost:5050/Account/Logout - application/x-www-form-urlencoded 225
2026-03-17 11:59:50.182 +05:30 [INF] Executing endpoint 'PrisonerPortal.Controllers.AccountController.Logout (PrisonerPortal)'
2026-03-17 11:59:50.182 +05:30 [INF] Route matched with {action = "Logout", controller = "Account"}. Executing controller action with signature System.Threading.Tasks.Task`1[Microsoft.AspNetCore.Mvc.IActionResult] Logout() on controller PrisonerPortal.Controllers.AccountController (PrisonerPortal).
2026-03-17 11:59:50.192 +05:30 [INF] Executed DbCommand (6ms) [Parameters=[@p0='?' (Size = 4000), @p1='?' (Size = 4000), @p2='?' (Size = 4000), @p3='?' (Size = 4000), @p4='?' (Size = 4000), @p5='?' (Size = 4000), @p6='?' (DbType = DateTime2), @p7='?' (Size = 450)], CommandType='"Text"', CommandTimeout='30']
SET IMPLICIT_TRANSACTIONS OFF;
SET NOCOUNT ON;
INSERT INTO [AuditLogs] ([Action], [EntityId], [EntityType], [IPAddress], [NewValues], [OldValues], [Timestamp], [UserId])
OUTPUT INSERTED.[LogId]
VALUES (@p0, @p1, @p2, @p3, @p4, @p5, @p6, @p7);
2026-03-17 11:59:50.195 +05:30 [INF] AuthenticationScheme: Identity.Application signed out.
2026-03-17 11:59:50.196 +05:30 [INF] AuthenticationScheme: Identity.External signed out.
2026-03-17 11:59:50.197 +05:30 [INF] AuthenticationScheme: Identity.TwoFactorUserId signed out.
2026-03-17 11:59:50.198 +05:30 [INF] Executing RedirectResult, redirecting to /.
2026-03-17 11:59:50.199 +05:30 [INF] Executed action PrisonerPortal.Controllers.AccountController.Logout (PrisonerPortal) in 14.3965ms
2026-03-17 11:59:50.200 +05:30 [INF] Executed endpoint 'PrisonerPortal.Controllers.AccountController.Logout (PrisonerPortal)'
2026-03-17 11:59:50.201 +05:30 [INF] Request finished HTTP/1.1 POST http://localhost:5050/Account/Logout - 302 0 null 23.9584ms
2026-03-17 11:59:50.205 +05:30 [INF] Request starting HTTP/1.1 GET http://localhost:5050/ - null null
2026-03-17 11:59:50.208 +05:30 [INF] Executing endpoint 'PrisonerPortal.Controllers.AccountController.Login (PrisonerPortal)'
2026-03-17 11:59:50.209 +05:30 [INF] Route matched with {action = "Login", controller = "Account"}. Executing controller action with signature Microsoft.AspNetCore.Mvc.IActionResult Login() on controller PrisonerPortal.Controllers.AccountController (PrisonerPortal).
2026-03-17 11:59:50.210 +05:30 [INF] Executing ViewResult, running view Login.
2026-03-17 11:59:50.213 +05:30 [INF] Executed ViewResult - view Login executed in 2.379ms.
2026-03-17 11:59:50.214 +05:30 [INF] Executed action PrisonerPortal.Controllers.AccountController.Login (PrisonerPortal) in 3.8118ms
2026-03-17 11:59:50.215 +05:30 [INF] Executed endpoint 'PrisonerPortal.Controllers.AccountController.Login (PrisonerPortal)'
2026-03-17 11:59:50.216 +05:30 [INF] Request finished HTTP/1.1 GET http://localhost:5050/ - 200 null text/html; charset=utf-8 11.3916ms
2026-03-17 11:59:57.515 +05:30 [INF] Request starting HTTP/1.1 POST http://localhost:5050/ - application/x-www-form-urlencoded 256
2026-03-17 11:59:57.518 +05:30 [INF] Executing endpoint 'PrisonerPortal.Controllers.AccountController.Login (PrisonerPortal)'
2026-03-17 11:59:57.519 +05:30 [INF] Route matched with {action = "Login", controller = "Account"}. Executing controller action with signature System.Threading.Tasks.Task`1[Microsoft.AspNetCore.Mvc.IActionResult] Login(PrisonerPortal.Models.ViewModels.LoginViewModel) on controller PrisonerPortal.Controllers.AccountController (PrisonerPortal).
2026-03-17 11:59:57.526 +05:30 [INF] Executed DbCommand (4ms) [Parameters=[@normalizedEmail='?' (Size = 256)], CommandType='"Text"', CommandTimeout='30']
SELECT TOP(2) [a].[Id], [a].[AccessFailedCount], [a].[Address], [a].[ConcurrencyStamp], [a].[CreatedAt], [a].[Email], [a].[EmailConfirmed], [a].[FullName], [a].[IsActive], [a].[LockoutEnabled], [a].[LockoutEnd], [a].[NormalizedEmail], [a].[NormalizedUserName], [a].[PasswordHash], [a].[PhoneNumber], [a].[PhoneNumberConfirmed], [a].[Role], [a].[SecurityStamp], [a].[TwoFactorEnabled], [a].[UserName]
FROM [AspNetUsers] AS [a]
WHERE [a].[NormalizedEmail] = @normalizedEmail
2026-03-17 11:59:57.533 +05:30 [INF] Executed DbCommand (4ms) [Parameters=[@normalizedUserName='?' (Size = 256)], CommandType='"Text"', CommandTimeout='30']
SELECT TOP(1) [a].[Id], [a].[AccessFailedCount], [a].[Address], [a].[ConcurrencyStamp], [a].[CreatedAt], [a].[Email], [a].[EmailConfirmed], [a].[FullName], [a].[IsActive], [a].[LockoutEnabled], [a].[LockoutEnd], [a].[NormalizedEmail], [a].[NormalizedUserName], [a].[PasswordHash], [a].[PhoneNumber], [a].[PhoneNumberConfirmed], [a].[Role], [a].[SecurityStamp], [a].[TwoFactorEnabled], [a].[UserName]
FROM [AspNetUsers] AS [a]
WHERE [a].[NormalizedUserName] = @normalizedUserName
2026-03-17 11:59:57.661 +05:30 [INF] Executed DbCommand (3ms) [Parameters=[@user_Id='?' (Size = 450)], CommandType='"Text"', CommandTimeout='30']
SELECT [a].[Id], [a].[ClaimType], [a].[ClaimValue], [a].[UserId]
FROM [AspNetUserClaims] AS [a]
WHERE [a].[UserId] = @user_Id
2026-03-17 11:59:57.674 +05:30 [INF] Executed DbCommand (5ms) [Parameters=[@userId='?' (Size = 450)], CommandType='"Text"', CommandTimeout='30']
SELECT [a0].[Name]
FROM [AspNetUserRoles] AS [a]
INNER JOIN [AspNetRoles] AS [a0] ON [a].[RoleId] = [a0].[Id]
WHERE [a].[UserId] = @userId
2026-03-17 11:59:57.687 +05:30 [INF] Executed DbCommand (3ms) [Parameters=[@normalizedName='?' (Size = 256)], CommandType='"Text"', CommandTimeout='30']
SELECT TOP(1) [a].[Id], [a].[ConcurrencyStamp], [a].[Name], [a].[NormalizedName]
FROM [AspNetRoles] AS [a]
WHERE [a].[NormalizedName] = @normalizedName
2026-03-17 11:59:57.693 +05:30 [INF] Executed DbCommand (2ms) [Parameters=[@role_Id='?' (Size = 450)], CommandType='"Text"', CommandTimeout='30']
SELECT [a].[ClaimType], [a].[ClaimValue]
FROM [AspNetRoleClaims] AS [a]
WHERE [a].[RoleId] = @role_Id
2026-03-17 11:59:57.697 +05:30 [INF] AuthenticationScheme: Identity.Application signed in.
2026-03-17 11:59:57.701 +05:30 [INF] Executed DbCommand (2ms) [Parameters=[@p0='?' (Size = 4000), @p1='?' (Size = 4000), @p2='?' (Size = 4000), @p3='?' (Size = 4000), @p4='?' (Size = 4000), @p5='?' (Size = 4000), @p6='?' (DbType = DateTime2), @p7='?' (Size = 450)], CommandType='"Text"', CommandTimeout='30']
SET IMPLICIT_TRANSACTIONS OFF;
SET NOCOUNT ON;
INSERT INTO [AuditLogs] ([Action], [EntityId], [EntityType], [IPAddress], [NewValues], [OldValues], [Timestamp], [UserId])
OUTPUT INSERTED.[LogId]
VALUES (@p0, @p1, @p2, @p3, @p4, @p5, @p6, @p7);
2026-03-17 11:59:57.707 +05:30 [INF] Executing RedirectResult, redirecting to /Admin/Dashboard.
2026-03-17 11:59:57.710 +05:30 [INF] Executed action PrisonerPortal.Controllers.AccountController.Login (PrisonerPortal) in 189.8297ms
2026-03-17 11:59:57.714 +05:30 [INF] Executed endpoint 'PrisonerPortal.Controllers.AccountController.Login (PrisonerPortal)'
2026-03-17 11:59:57.716 +05:30 [INF] Request finished HTTP/1.1 POST http://localhost:5050/ - 302 0 null 200.9977ms
2026-03-17 11:59:57.722 +05:30 [INF] Request starting HTTP/1.1 GET http://localhost:5050/Admin/Dashboard - null null
2026-03-17 11:59:57.726 +05:30 [INF] Executing endpoint 'PrisonerPortal.Controllers.AdminController.Dashboard (PrisonerPortal)'
2026-03-17 11:59:57.727 +05:30 [INF] Route matched with {action = "Dashboard", controller = "Admin"}. Executing controller action with signature System.Threading.Tasks.Task`1[Microsoft.AspNetCore.Mvc.IActionResult] Dashboard() on controller PrisonerPortal.Controllers.AdminController (PrisonerPortal).
2026-03-17 11:59:57.731 +05:30 [INF] Executed DbCommand (2ms) [Parameters=[@normalizedRoleName='?' (Size = 256)], CommandType='"Text"', CommandTimeout='30']
SELECT TOP(2) [a].[Id], [a].[ConcurrencyStamp], [a].[Name], [a].[NormalizedName]
FROM [AspNetRoles] AS [a]
WHERE [a].[NormalizedName] = @normalizedRoleName
2026-03-17 11:59:57.739 +05:30 [INF] Executed DbCommand (3ms) [Parameters=[@role_Id='?' (Size = 450)], CommandType='"Text"', CommandTimeout='30']
SELECT [a0].[Id], [a0].[AccessFailedCount], [a0].[Address], [a0].[ConcurrencyStamp], [a0].[CreatedAt], [a0].[Email], [a0].[EmailConfirmed], [a0].[FullName], [a0].[IsActive], [a0].[LockoutEnabled], [a0].[LockoutEnd], [a0].[NormalizedEmail], [a0].[NormalizedUserName], [a0].[PasswordHash], [a0].[PhoneNumber], [a0].[PhoneNumberConfirmed], [a0].[Role], [a0].[SecurityStamp], [a0].[TwoFactorEnabled], [a0].[UserName]
FROM [AspNetUserRoles] AS [a]
INNER JOIN [AspNetUsers] AS [a0] ON [a].[UserId] = [a0].[Id]
WHERE [a].[RoleId] = @role_Id
2026-03-17 11:59:57.742 +05:30 [INF] Executed DbCommand (1ms) [Parameters=[], CommandType='"Text"', CommandTimeout='30']
SELECT COUNT(*)
FROM [Prisoners] AS [p]
WHERE [p].[Status] = N'Active'
2026-03-17 11:59:57.749 +05:30 [INF] Executed DbCommand (5ms) [Parameters=[@today='?' (DbType = DateTime2)], CommandType='"Text"', CommandTimeout='30']
SELECT COUNT(*)
FROM [Appointments] AS [a]
INNER JOIN [VisitSlots] AS [v] ON [a].[SlotId] = [v].[SlotId]
WHERE [a].[Status] IN (N'Pending', N'Approved') AND [v].[SlotDate] = @today
2026-03-17 11:59:57.756 +05:30 [INF] Executed DbCommand (2ms) [Parameters=[], CommandType='"Text"', CommandTimeout='30']
SELECT COUNT(*)
FROM [SupportRequests] AS [s]
WHERE [s].[Status] IN (N'Open', N'InProgress')
2026-03-17 11:59:57.764 +05:30 [INF] Executed DbCommand (5ms) [Parameters=[@p='?' (DbType = Int32)], CommandType='"Text"', CommandTimeout='30']
SELECT [a0].[AppointmentId], [a0].[AdminNotes], [a0].[AppointmentCode], [a0].[BookedAt], [a0].[NumVisitors], [a0].[PrisonerId], [a0].[Purpose], [a0].[RejectionReason], [a0].[SlotId], [a0].[Status], [a0].[UpdatedAt], [a0].[UserId], [a0].[VisitorNames], [p].[PrisonerId], [p].[CaseNumber], [p].[CellBlock], [p].[CellNumber], [p].[CreatedAt], [p].[CrimeCategory], [p].[DateOfBirth], [p].[FullName], [p].[Gender], [p].[PrisonerCode], [p].[SentenceEndDate], [p].[SentenceStartDate], [p].[Status], [p].[UpdatedAt], [a1].[Id], [a1].[AccessFailedCount], [a1].[Address], [a1].[ConcurrencyStamp], [a1].[CreatedAt], [a1].[Email], [a1].[EmailConfirmed], [a1].[FullName], [a1].[IsActive], [a1].[LockoutEnabled], [a1].[LockoutEnd], [a1].[NormalizedEmail], [a1].[NormalizedUserName], [a1].[PasswordHash], [a1].[PhoneNumber], [a1].[PhoneNumberConfirmed], [a1].[Role], [a1].[SecurityStamp], [a1].[TwoFactorEnabled], [a1].[UserName], [v].[SlotId], [v].[CreatedAt], [v].[CreatedByAdminId], [v].[CurrentBookings], [v].[EndTime], [v].[IsActive], [v].[MaxCapacity], [v].[SlotDate], [v].[StartTime]
FROM (
    SELECT TOP(@p) [a].[AppointmentId], [a].[AdminNotes], [a].[AppointmentCode], [a].[BookedAt], [a].[NumVisitors], [a].[PrisonerId], [a].[Purpose], [a].[RejectionReason], [a].[SlotId], [a].[Status], [a].[UpdatedAt], [a].[UserId], [a].[VisitorNames]
    FROM [Appointments] AS [a]
    WHERE [a].[Status] = N'Pending'
    ORDER BY [a].[BookedAt]
) AS [a0]
INNER JOIN [Prisoners] AS [p] ON [a0].[PrisonerId] = [p].[PrisonerId]
INNER JOIN [AspNetUsers] AS [a1] ON [a0].[UserId] = [a1].[Id]
INNER JOIN [VisitSlots] AS [v] ON [a0].[SlotId] = [v].[SlotId]
ORDER BY [a0].[BookedAt]
2026-03-17 11:59:57.772 +05:30 [INF] Executed DbCommand (4ms) [Parameters=[@p='?' (DbType = Int32)], CommandType='"Text"', CommandTimeout='30']
SELECT [s0].[RequestId], [s0].[AdminResponse], [s0].[AssignedAdminId], [s0].[Category], [s0].[CreatedAt], [s0].[Description], [s0].[Priority], [s0].[PrisonerId], [s0].[RequestCode], [s0].[ResolvedAt], [s0].[Status], [s0].[Subject], [s0].[UpdatedAt], [s0].[UserId], [a].[Id], [a].[AccessFailedCount], [a].[Address], [a].[ConcurrencyStamp], [a].[CreatedAt], [a].[Email], [a].[EmailConfirmed], [a].[FullName], [a].[IsActive], [a].[LockoutEnabled], [a].[LockoutEnd], [a].[NormalizedEmail], [a].[NormalizedUserName], [a].[PasswordHash], [a].[PhoneNumber], [a].[PhoneNumberConfirmed], [a].[Role], [a].[SecurityStamp], [a].[TwoFactorEnabled], [a].[UserName], [p].[PrisonerId], [p].[CaseNumber], [p].[CellBlock], [p].[CellNumber], [p].[CreatedAt], [p].[CrimeCategory], [p].[DateOfBirth], [p].[FullName], [p].[Gender], [p].[PrisonerCode], [p].[SentenceEndDate], [p].[SentenceStartDate], [p].[Status], [p].[UpdatedAt]
FROM (
    SELECT TOP(@p) [s].[RequestId], [s].[AdminResponse], [s].[AssignedAdminId], [s].[Category], [s].[CreatedAt], [s].[Description], [s].[Priority], [s].[PrisonerId], [s].[RequestCode], [s].[ResolvedAt], [s].[Status], [s].[Subject], [s].[UpdatedAt], [s].[UserId]
    FROM [SupportRequests] AS [s]
    ORDER BY [s].[CreatedAt] DESC
) AS [s0]
INNER JOIN [AspNetUsers] AS [a] ON [s0].[UserId] = [a].[Id]
INNER JOIN [Prisoners] AS [p] ON [s0].[PrisonerId] = [p].[PrisonerId]
ORDER BY [s0].[CreatedAt] DESC
2026-03-17 11:59:57.780 +05:30 [INF] Executed DbCommand (4ms) [Parameters=[], CommandType='"Text"', CommandTimeout='30']
SELECT [f].[LinkId], [f].[IsVerified], [f].[LinkedAt], [f].[PrisonerId], [f].[Relationship], [f].[UserId], [f].[VerifiedByAdminId], [a].[Id], [a].[AccessFailedCount], [a].[Address], [a].[ConcurrencyStamp], [a].[CreatedAt], [a].[Email], [a].[EmailConfirmed], [a].[FullName], [a].[IsActive], [a].[LockoutEnabled], [a].[LockoutEnd], [a].[NormalizedEmail], [a].[NormalizedUserName], [a].[PasswordHash], [a].[PhoneNumber], [a].[PhoneNumberConfirmed], [a].[Role], [a].[SecurityStamp], [a].[TwoFactorEnabled], [a].[UserName], [p].[PrisonerId], [p].[CaseNumber], [p].[CellBlock], [p].[CellNumber], [p].[CreatedAt], [p].[CrimeCategory], [p].[DateOfBirth], [p].[FullName], [p].[Gender], [p].[PrisonerCode], [p].[SentenceEndDate], [p].[SentenceStartDate], [p].[Status], [p].[UpdatedAt]
FROM [FamilyPrisonerLinks] AS [f]
INNER JOIN [AspNetUsers] AS [a] ON [f].[UserId] = [a].[Id]
INNER JOIN [Prisoners] AS [p] ON [f].[PrisonerId] = [p].[PrisonerId]
WHERE [f].[IsVerified] = CAST(0 AS bit)
ORDER BY [f].[LinkedAt]
2026-03-17 11:59:57.783 +05:30 [INF] Executing ViewResult, running view Dashboard.
2026-03-17 11:59:57.785 +05:30 [INF] Executed ViewResult - view Dashboard executed in 1.9814ms.
2026-03-17 11:59:57.786 +05:30 [INF] Executed action PrisonerPortal.Controllers.AdminController.Dashboard (PrisonerPortal) in 57.9748ms
2026-03-17 11:59:57.788 +05:30 [INF] Executed endpoint 'PrisonerPortal.Controllers.AdminController.Dashboard (PrisonerPortal)'
2026-03-17 11:59:57.789 +05:30 [INF] Request finished HTTP/1.1 GET http://localhost:5050/Admin/Dashboard - 200 null text/html; charset=utf-8 67.6114ms
2026-03-17 11:59:57.796 +05:30 [INF] Request starting HTTP/1.1 GET http://localhost:5050/css/site.css?v=seqgy2E8WqM9es2uSck3zZTeEFYFhxuxOBVvoD-ron0 - null null
2026-03-17 11:59:57.799 +05:30 [INF] The file /css/site.css was not modified
2026-03-17 11:59:57.800 +05:30 [INF] Request finished HTTP/1.1 GET http://localhost:5050/css/site.css?v=seqgy2E8WqM9es2uSck3zZTeEFYFhxuxOBVvoD-ron0 - 304 null text/css 4.049ms
2026-03-17 11:59:57.810 +05:30 [INF] Request starting HTTP/1.1 GET http://localhost:5050/Notifications/GetUnreadCount - null null
2026-03-17 11:59:57.814 +05:30 [INF] Executing endpoint 'PrisonerPortal.Controllers.NotificationsController.GetUnreadCount (PrisonerPortal)'
2026-03-17 11:59:57.816 +05:30 [INF] Route matched with {action = "GetUnreadCount", controller = "Notifications"}. Executing controller action with signature Microsoft.AspNetCore.Mvc.IActionResult GetUnreadCount() on controller PrisonerPortal.Controllers.NotificationsController (PrisonerPortal).
2026-03-17 11:59:57.821 +05:30 [INF] Executed DbCommand (3ms) [Parameters=[@userId='?' (Size = 450)], CommandType='"Text"', CommandTimeout='30']
SELECT COUNT(*)
FROM [Notifications] AS [n]
WHERE [n].[UserId] = @userId AND [n].[IsRead] = CAST(0 AS bit)
2026-03-17 11:59:57.824 +05:30 [INF] Executing JsonResult, writing value of type '<>f__AnonymousType1`1[[System.Int32, System.Private.CoreLib, Version=10.0.0.0, Culture=neutral, PublicKeyToken=7cec85d7bea7798e]]'.
2026-03-17 11:59:57.827 +05:30 [INF] Executed action PrisonerPortal.Controllers.NotificationsController.GetUnreadCount (PrisonerPortal) in 9.3279ms
2026-03-17 11:59:57.829 +05:30 [INF] Executed endpoint 'PrisonerPortal.Controllers.NotificationsController.GetUnreadCount (PrisonerPortal)'
2026-03-17 11:59:57.830 +05:30 [INF] Request finished HTTP/1.1 GET http://localhost:5050/Notifications/GetUnreadCount - 200 null application/json; charset=utf-8 19.781ms
2026-03-17 12:00:05.350 +05:30 [INF] Request starting HTTP/1.1 GET http://localhost:5050/Admin/Appointments - null null
2026-03-17 12:00:05.353 +05:30 [INF] Executing endpoint 'PrisonerPortal.Controllers.AdminController.Appointments (PrisonerPortal)'
2026-03-17 12:00:05.354 +05:30 [INF] Route matched with {action = "Appointments", controller = "Admin"}. Executing controller action with signature System.Threading.Tasks.Task`1[Microsoft.AspNetCore.Mvc.IActionResult] Appointments() on controller PrisonerPortal.Controllers.AdminController (PrisonerPortal).
2026-03-17 12:00:05.364 +05:30 [INF] Executed DbCommand (6ms) [Parameters=[], CommandType='"Text"', CommandTimeout='30']
SELECT [a].[AppointmentId], [a].[AdminNotes], [a].[AppointmentCode], [a].[BookedAt], [a].[NumVisitors], [a].[PrisonerId], [a].[Purpose], [a].[RejectionReason], [a].[SlotId], [a].[Status], [a].[UpdatedAt], [a].[UserId], [a].[VisitorNames], [p].[PrisonerId], [p].[CaseNumber], [p].[CellBlock], [p].[CellNumber], [p].[CreatedAt], [p].[CrimeCategory], [p].[DateOfBirth], [p].[FullName], [p].[Gender], [p].[PrisonerCode], [p].[SentenceEndDate], [p].[SentenceStartDate], [p].[Status], [p].[UpdatedAt], [v].[SlotId], [v].[CreatedAt], [v].[CreatedByAdminId], [v].[CurrentBookings], [v].[EndTime], [v].[IsActive], [v].[MaxCapacity], [v].[SlotDate], [v].[StartTime], [a0].[Id], [a0].[AccessFailedCount], [a0].[Address], [a0].[ConcurrencyStamp], [a0].[CreatedAt], [a0].[Email], [a0].[EmailConfirmed], [a0].[FullName], [a0].[IsActive], [a0].[LockoutEnabled], [a0].[LockoutEnd], [a0].[NormalizedEmail], [a0].[NormalizedUserName], [a0].[PasswordHash], [a0].[PhoneNumber], [a0].[PhoneNumberConfirmed], [a0].[Role], [a0].[SecurityStamp], [a0].[TwoFactorEnabled], [a0].[UserName]
FROM [Appointments] AS [a]
INNER JOIN [Prisoners] AS [p] ON [a].[PrisonerId] = [p].[PrisonerId]
INNER JOIN [VisitSlots] AS [v] ON [a].[SlotId] = [v].[SlotId]
INNER JOIN [AspNetUsers] AS [a0] ON [a].[UserId] = [a0].[Id]
ORDER BY [a].[BookedAt] DESC
2026-03-17 12:00:05.368 +05:30 [INF] Executing ViewResult, running view Appointments.
2026-03-17 12:00:05.371 +05:30 [INF] Executed ViewResult - view Appointments executed in 3.1784ms.
2026-03-17 12:00:05.373 +05:30 [INF] Executed action PrisonerPortal.Controllers.AdminController.Appointments (PrisonerPortal) in 15.3079ms
2026-03-17 12:00:05.375 +05:30 [INF] Executed endpoint 'PrisonerPortal.Controllers.AdminController.Appointments (PrisonerPortal)'
2026-03-17 12:00:05.376 +05:30 [INF] Request finished HTTP/1.1 GET http://localhost:5050/Admin/Appointments - 200 null text/html; charset=utf-8 26.8979ms
2026-03-17 12:00:05.396 +05:30 [INF] Request starting HTTP/1.1 GET http://localhost:5050/Notifications/GetUnreadCount - null null
2026-03-17 12:00:05.402 +05:30 [INF] Executing endpoint 'PrisonerPortal.Controllers.NotificationsController.GetUnreadCount (PrisonerPortal)'
2026-03-17 12:00:05.404 +05:30 [INF] Route matched with {action = "GetUnreadCount", controller = "Notifications"}. Executing controller action with signature Microsoft.AspNetCore.Mvc.IActionResult GetUnreadCount() on controller PrisonerPortal.Controllers.NotificationsController (PrisonerPortal).
2026-03-17 12:00:05.408 +05:30 [INF] Executed DbCommand (0ms) [Parameters=[@userId='?' (Size = 450)], CommandType='"Text"', CommandTimeout='30']
SELECT COUNT(*)
FROM [Notifications] AS [n]
WHERE [n].[UserId] = @userId AND [n].[IsRead] = CAST(0 AS bit)
2026-03-17 12:00:05.411 +05:30 [INF] Executing JsonResult, writing value of type '<>f__AnonymousType1`1[[System.Int32, System.Private.CoreLib, Version=10.0.0.0, Culture=neutral, PublicKeyToken=7cec85d7bea7798e]]'.
2026-03-17 12:00:05.413 +05:30 [INF] Executed action PrisonerPortal.Controllers.NotificationsController.GetUnreadCount (PrisonerPortal) in 6.5594ms
2026-03-17 12:00:05.416 +05:30 [INF] Executed endpoint 'PrisonerPortal.Controllers.NotificationsController.GetUnreadCount (PrisonerPortal)'
2026-03-17 12:00:05.419 +05:30 [INF] Request finished HTTP/1.1 GET http://localhost:5050/Notifications/GetUnreadCount - 200 null application/json; charset=utf-8 23.3877ms
2026-03-17 12:00:08.390 +05:30 [INF] Request starting HTTP/1.1 GET http://localhost:5050/Admin/Requests - null null
2026-03-17 12:00:08.394 +05:30 [INF] Executing endpoint 'PrisonerPortal.Controllers.AdminController.Requests (PrisonerPortal)'
2026-03-17 12:00:08.395 +05:30 [INF] Route matched with {action = "Requests", controller = "Admin"}. Executing controller action with signature System.Threading.Tasks.Task`1[Microsoft.AspNetCore.Mvc.IActionResult] Requests() on controller PrisonerPortal.Controllers.AdminController (PrisonerPortal).
2026-03-17 12:00:08.404 +05:30 [INF] Executed DbCommand (5ms) [Parameters=[], CommandType='"Text"', CommandTimeout='30']
SELECT [s].[RequestId], [s].[AdminResponse], [s].[AssignedAdminId], [s].[Category], [s].[CreatedAt], [s].[Description], [s].[Priority], [s].[PrisonerId], [s].[RequestCode], [s].[ResolvedAt], [s].[Status], [s].[Subject], [s].[UpdatedAt], [s].[UserId], [p].[PrisonerId], [p].[CaseNumber], [p].[CellBlock], [p].[CellNumber], [p].[CreatedAt], [p].[CrimeCategory], [p].[DateOfBirth], [p].[FullName], [p].[Gender], [p].[PrisonerCode], [p].[SentenceEndDate], [p].[SentenceStartDate], [p].[Status], [p].[UpdatedAt], [a].[Id], [a].[AccessFailedCount], [a].[Address], [a].[ConcurrencyStamp], [a].[CreatedAt], [a].[Email], [a].[EmailConfirmed], [a].[FullName], [a].[IsActive], [a].[LockoutEnabled], [a].[LockoutEnd], [a].[NormalizedEmail], [a].[NormalizedUserName], [a].[PasswordHash], [a].[PhoneNumber], [a].[PhoneNumberConfirmed], [a].[Role], [a].[SecurityStamp], [a].[TwoFactorEnabled], [a].[UserName], [a0].[Id], [a0].[AccessFailedCount], [a0].[Address], [a0].[ConcurrencyStamp], [a0].[CreatedAt], [a0].[Email], [a0].[EmailConfirmed], [a0].[FullName], [a0].[IsActive], [a0].[LockoutEnabled], [a0].[LockoutEnd], [a0].[NormalizedEmail], [a0].[NormalizedUserName], [a0].[PasswordHash], [a0].[PhoneNumber], [a0].[PhoneNumberConfirmed], [a0].[Role], [a0].[SecurityStamp], [a0].[TwoFactorEnabled], [a0].[UserName]
FROM [SupportRequests] AS [s]
INNER JOIN [Prisoners] AS [p] ON [s].[PrisonerId] = [p].[PrisonerId]
INNER JOIN [AspNetUsers] AS [a] ON [s].[UserId] = [a].[Id]
LEFT JOIN [AspNetUsers] AS [a0] ON [s].[AssignedAdminId] = [a0].[Id]
ORDER BY [s].[CreatedAt] DESC
2026-03-17 12:00:08.407 +05:30 [INF] Executing ViewResult, running view Requests.
2026-03-17 12:00:08.408 +05:30 [INF] Executed ViewResult - view Requests executed in 1.2571ms.
2026-03-17 12:00:08.409 +05:30 [INF] Executed action PrisonerPortal.Controllers.AdminController.Requests (PrisonerPortal) in 12.0142ms
2026-03-17 12:00:08.410 +05:30 [INF] Executed endpoint 'PrisonerPortal.Controllers.AdminController.Requests (PrisonerPortal)'
2026-03-17 12:00:08.411 +05:30 [INF] Request finished HTTP/1.1 GET http://localhost:5050/Admin/Requests - 200 null text/html; charset=utf-8 21.0889ms
2026-03-17 12:00:08.427 +05:30 [INF] Request starting HTTP/1.1 GET http://localhost:5050/Notifications/GetUnreadCount - null null
2026-03-17 12:00:08.430 +05:30 [INF] Executing endpoint 'PrisonerPortal.Controllers.NotificationsController.GetUnreadCount (PrisonerPortal)'
2026-03-17 12:00:08.432 +05:30 [INF] Route matched with {action = "GetUnreadCount", controller = "Notifications"}. Executing controller action with signature Microsoft.AspNetCore.Mvc.IActionResult GetUnreadCount() on controller PrisonerPortal.Controllers.NotificationsController (PrisonerPortal).
2026-03-17 12:00:08.437 +05:30 [INF] Executed DbCommand (0ms) [Parameters=[@userId='?' (Size = 450)], CommandType='"Text"', CommandTimeout='30']
SELECT COUNT(*)
FROM [Notifications] AS [n]
WHERE [n].[UserId] = @userId AND [n].[IsRead] = CAST(0 AS bit)
2026-03-17 12:00:08.440 +05:30 [INF] Executing JsonResult, writing value of type '<>f__AnonymousType1`1[[System.Int32, System.Private.CoreLib, Version=10.0.0.0, Culture=neutral, PublicKeyToken=7cec85d7bea7798e]]'.
2026-03-17 12:00:08.441 +05:30 [INF] Executed action PrisonerPortal.Controllers.NotificationsController.GetUnreadCount (PrisonerPortal) in 4.916ms
2026-03-17 12:00:08.442 +05:30 [INF] Executed endpoint 'PrisonerPortal.Controllers.NotificationsController.GetUnreadCount (PrisonerPortal)'
2026-03-17 12:00:08.443 +05:30 [INF] Request finished HTTP/1.1 GET http://localhost:5050/Notifications/GetUnreadCount - 200 null application/json; charset=utf-8 16.6137ms
2026-03-17 12:00:10.428 +05:30 [INF] Request starting HTTP/1.1 GET http://localhost:5050/Admin/VisitSlots - null null
2026-03-17 12:00:10.432 +05:30 [INF] Executing endpoint 'PrisonerPortal.Controllers.AdminController.VisitSlots (PrisonerPortal)'
2026-03-17 12:00:10.433 +05:30 [INF] Route matched with {action = "VisitSlots", controller = "Admin"}. Executing controller action with signature System.Threading.Tasks.Task`1[Microsoft.AspNetCore.Mvc.IActionResult] VisitSlots() on controller PrisonerPortal.Controllers.AdminController (PrisonerPortal).
2026-03-17 12:00:10.442 +05:30 [INF] Executed DbCommand (6ms) [Parameters=[], CommandType='"Text"', CommandTimeout='30']
SELECT [v].[SlotId], [v].[CreatedAt], [v].[CreatedByAdminId], [v].[CurrentBookings], [v].[EndTime], [v].[IsActive], [v].[MaxCapacity], [v].[SlotDate], [v].[StartTime], [a].[Id], [a].[AccessFailedCount], [a].[Address], [a].[ConcurrencyStamp], [a].[CreatedAt], [a].[Email], [a].[EmailConfirmed], [a].[FullName], [a].[IsActive], [a].[LockoutEnabled], [a].[LockoutEnd], [a].[NormalizedEmail], [a].[NormalizedUserName], [a].[PasswordHash], [a].[PhoneNumber], [a].[PhoneNumberConfirmed], [a].[Role], [a].[SecurityStamp], [a].[TwoFactorEnabled], [a].[UserName]
FROM [VisitSlots] AS [v]
INNER JOIN [AspNetUsers] AS [a] ON [v].[CreatedByAdminId] = [a].[Id]
WHERE [v].[SlotDate] >= DATEADD(day, CAST(-7.0E0 AS int), CONVERT(date, GETUTCDATE()))
ORDER BY [v].[SlotDate] DESC, [v].[StartTime]
2026-03-17 12:00:10.452 +05:30 [INF] Executing ViewResult, running view VisitSlots.
2026-03-17 12:00:10.455 +05:30 [INF] Executed ViewResult - view VisitSlots executed in 3.5379ms.
2026-03-17 12:00:10.460 +05:30 [INF] Executed action PrisonerPortal.Controllers.AdminController.VisitSlots (PrisonerPortal) in 24.129ms
2026-03-17 12:00:10.461 +05:30 [INF] Executed endpoint 'PrisonerPortal.Controllers.AdminController.VisitSlots (PrisonerPortal)'
2026-03-17 12:00:10.463 +05:30 [INF] Request finished HTTP/1.1 GET http://localhost:5050/Admin/VisitSlots - 200 null text/html; charset=utf-8 34.8521ms
2026-03-17 12:00:10.477 +05:30 [INF] Request starting HTTP/1.1 GET http://localhost:5050/Notifications/GetUnreadCount - null null
2026-03-17 12:00:10.481 +05:30 [INF] Executing endpoint 'PrisonerPortal.Controllers.NotificationsController.GetUnreadCount (PrisonerPortal)'
2026-03-17 12:00:10.482 +05:30 [INF] Route matched with {action = "GetUnreadCount", controller = "Notifications"}. Executing controller action with signature Microsoft.AspNetCore.Mvc.IActionResult GetUnreadCount() on controller PrisonerPortal.Controllers.NotificationsController (PrisonerPortal).
2026-03-17 12:00:10.486 +05:30 [INF] Executed DbCommand (0ms) [Parameters=[@userId='?' (Size = 450)], CommandType='"Text"', CommandTimeout='30']
SELECT COUNT(*)
FROM [Notifications] AS [n]
WHERE [n].[UserId] = @userId AND [n].[IsRead] = CAST(0 AS bit)
2026-03-17 12:00:10.488 +05:30 [INF] Executing JsonResult, writing value of type '<>f__AnonymousType1`1[[System.Int32, System.Private.CoreLib, Version=10.0.0.0, Culture=neutral, PublicKeyToken=7cec85d7bea7798e]]'.
2026-03-17 12:00:10.489 +05:30 [INF] Executed action PrisonerPortal.Controllers.NotificationsController.GetUnreadCount (PrisonerPortal) in 4.6154ms
2026-03-17 12:00:10.490 +05:30 [INF] Executed endpoint 'PrisonerPortal.Controllers.NotificationsController.GetUnreadCount (PrisonerPortal)'
2026-03-17 12:00:10.492 +05:30 [INF] Request finished HTTP/1.1 GET http://localhost:5050/Notifications/GetUnreadCount - 200 null application/json; charset=utf-8 14.7901ms
2026-03-17 12:00:15.141 +05:30 [INF] Request starting HTTP/1.1 GET http://localhost:5050/Admin/Prisoners - null null
2026-03-17 12:00:15.144 +05:30 [INF] Executing endpoint 'PrisonerPortal.Controllers.AdminController.Prisoners (PrisonerPortal)'
2026-03-17 12:00:15.145 +05:30 [INF] Route matched with {action = "Prisoners", controller = "Admin"}. Executing controller action with signature System.Threading.Tasks.Task`1[Microsoft.AspNetCore.Mvc.IActionResult] Prisoners() on controller PrisonerPortal.Controllers.AdminController (PrisonerPortal).
2026-03-17 12:00:15.150 +05:30 [INF] Executed DbCommand (2ms) [Parameters=[], CommandType='"Text"', CommandTimeout='30']
SELECT [p].[PrisonerId], [p].[CaseNumber], [p].[CellBlock], [p].[CellNumber], [p].[CreatedAt], [p].[CrimeCategory], [p].[DateOfBirth], [p].[FullName], [p].[Gender], [p].[PrisonerCode], [p].[SentenceEndDate], [p].[SentenceStartDate], [p].[Status], [p].[UpdatedAt]
FROM [Prisoners] AS [p]
ORDER BY [p].[FullName]
2026-03-17 12:00:15.152 +05:30 [INF] Executing ViewResult, running view Prisoners.
2026-03-17 12:00:15.155 +05:30 [INF] Executed ViewResult - view Prisoners executed in 2.6234ms.
2026-03-17 12:00:15.157 +05:30 [INF] Executed action PrisonerPortal.Controllers.AdminController.Prisoners (PrisonerPortal) in 9.8527ms
2026-03-17 12:00:15.158 +05:30 [INF] Executed endpoint 'PrisonerPortal.Controllers.AdminController.Prisoners (PrisonerPortal)'
2026-03-17 12:00:15.159 +05:30 [INF] Request finished HTTP/1.1 GET http://localhost:5050/Admin/Prisoners - 200 null text/html; charset=utf-8 17.6799ms
2026-03-17 12:00:15.174 +05:30 [INF] Request starting HTTP/1.1 GET http://localhost:5050/Notifications/GetUnreadCount - null null
2026-03-17 12:00:15.176 +05:30 [INF] Executing endpoint 'PrisonerPortal.Controllers.NotificationsController.GetUnreadCount (PrisonerPortal)'
2026-03-17 12:00:15.178 +05:30 [INF] Route matched with {action = "GetUnreadCount", controller = "Notifications"}. Executing controller action with signature Microsoft.AspNetCore.Mvc.IActionResult GetUnreadCount() on controller PrisonerPortal.Controllers.NotificationsController (PrisonerPortal).
2026-03-17 12:00:15.181 +05:30 [INF] Executed DbCommand (1ms) [Parameters=[@userId='?' (Size = 450)], CommandType='"Text"', CommandTimeout='30']
SELECT COUNT(*)
FROM [Notifications] AS [n]
WHERE [n].[UserId] = @userId AND [n].[IsRead] = CAST(0 AS bit)
2026-03-17 12:00:15.185 +05:30 [INF] Executing JsonResult, writing value of type '<>f__AnonymousType1`1[[System.Int32, System.Private.CoreLib, Version=10.0.0.0, Culture=neutral, PublicKeyToken=7cec85d7bea7798e]]'.
2026-03-17 12:00:15.186 +05:30 [INF] Executed action PrisonerPortal.Controllers.NotificationsController.GetUnreadCount (PrisonerPortal) in 6.9465ms
2026-03-17 12:00:15.188 +05:30 [INF] Executed endpoint 'PrisonerPortal.Controllers.NotificationsController.GetUnreadCount (PrisonerPortal)'
2026-03-17 12:00:15.189 +05:30 [INF] Request finished HTTP/1.1 GET http://localhost:5050/Notifications/GetUnreadCount - 200 null application/json; charset=utf-8 14.6195ms
2026-03-17 12:00:20.111 +05:30 [INF] Request starting HTTP/1.1 GET http://localhost:5050/Admin/ViewPrisoner/3 - null null
2026-03-17 12:00:20.117 +05:30 [INF] Executing endpoint 'PrisonerPortal.Controllers.AdminController.ViewPrisoner (PrisonerPortal)'
2026-03-17 12:00:20.132 +05:30 [INF] Route matched with {action = "ViewPrisoner", controller = "Admin"}. Executing controller action with signature System.Threading.Tasks.Task`1[Microsoft.AspNetCore.Mvc.IActionResult] ViewPrisoner(Int32) on controller PrisonerPortal.Controllers.AdminController (PrisonerPortal).
2026-03-17 12:00:20.206 +05:30 [WRN] Compiling a query which loads related collections for more than one collection navigation, either via 'Include' or through projection, but no 'QuerySplittingBehavior' has been configured. By default, Entity Framework will use 'QuerySplittingBehavior.SingleQuery', which can potentially result in slow query performance. See https://go.microsoft.com/fwlink/?linkid=2134277 for more information. To identify the query that's triggering this warning call 'ConfigureWarnings(w => w.Throw(RelationalEventId.MultipleCollectionIncludeWarning))'.
2026-03-17 12:00:20.333 +05:30 [INF] Executed DbCommand (21ms) [Parameters=[@id='?' (DbType = Int32)], CommandType='"Text"', CommandTimeout='30']
SELECT [p0].[PrisonerId], [p0].[CaseNumber], [p0].[CellBlock], [p0].[CellNumber], [p0].[CreatedAt], [p0].[CrimeCategory], [p0].[DateOfBirth], [p0].[FullName], [p0].[Gender], [p0].[PrisonerCode], [p0].[SentenceEndDate], [p0].[SentenceStartDate], [p0].[Status], [p0].[UpdatedAt], [s0].[LinkId], [s0].[IsVerified], [s0].[LinkedAt], [s0].[PrisonerId], [s0].[Relationship], [s0].[UserId], [s0].[VerifiedByAdminId], [s0].[Id], [s0].[AccessFailedCount], [s0].[Address], [s0].[ConcurrencyStamp], [s0].[CreatedAt], [s0].[Email], [s0].[EmailConfirmed], [s0].[FullName], [s0].[IsActive], [s0].[LockoutEnabled], [s0].[LockoutEnd], [s0].[NormalizedEmail], [s0].[NormalizedUserName], [s0].[PasswordHash], [s0].[PhoneNumber], [s0].[PhoneNumberConfirmed], [s0].[Role], [s0].[SecurityStamp], [s0].[TwoFactorEnabled], [s0].[UserName], [s1].[AppointmentId], [s1].[AdminNotes], [s1].[AppointmentCode], [s1].[BookedAt], [s1].[NumVisitors], [s1].[PrisonerId], [s1].[Purpose], [s1].[RejectionReason], [s1].[SlotId], [s1].[Status], [s1].[UpdatedAt], [s1].[UserId], [s1].[VisitorNames], [s1].[Id], [s1].[AccessFailedCount], [s1].[Address], [s1].[ConcurrencyStamp], [s1].[CreatedAt], [s1].[Email], [s1].[EmailConfirmed], [s1].[FullName], [s1].[IsActive], [s1].[LockoutEnabled], [s1].[LockoutEnd], [s1].[NormalizedEmail], [s1].[NormalizedUserName], [s1].[PasswordHash], [s1].[PhoneNumber], [s1].[PhoneNumberConfirmed], [s1].[Role], [s1].[SecurityStamp], [s1].[TwoFactorEnabled], [s1].[UserName], [s].[RequestId], [s].[AdminResponse], [s].[AssignedAdminId], [s].[Category], [s].[CreatedAt], [s].[Description], [s].[Priority], [s].[PrisonerId], [s].[RequestCode], [s].[ResolvedAt], [s].[Status], [s].[Subject], [s].[UpdatedAt], [s].[UserId]
FROM (
    SELECT TOP(1) [p].[PrisonerId], [p].[CaseNumber], [p].[CellBlock], [p].[CellNumber], [p].[CreatedAt], [p].[CrimeCategory], [p].[DateOfBirth], [p].[FullName], [p].[Gender], [p].[PrisonerCode], [p].[SentenceEndDate], [p].[SentenceStartDate], [p].[Status], [p].[UpdatedAt]
    FROM [Prisoners] AS [p]
    WHERE [p].[PrisonerId] = @id
) AS [p0]
LEFT JOIN (
    SELECT [f].[LinkId], [f].[IsVerified], [f].[LinkedAt], [f].[PrisonerId], [f].[Relationship], [f].[UserId], [f].[VerifiedByAdminId], [a].[Id], [a].[AccessFailedCount], [a].[Address], [a].[ConcurrencyStamp], [a].[CreatedAt], [a].[Email], [a].[EmailConfirmed], [a].[FullName], [a].[IsActive], [a].[LockoutEnabled], [a].[LockoutEnd], [a].[NormalizedEmail], [a].[NormalizedUserName], [a].[PasswordHash], [a].[PhoneNumber], [a].[PhoneNumberConfirmed], [a].[Role], [a].[SecurityStamp], [a].[TwoFactorEnabled], [a].[UserName]
    FROM [FamilyPrisonerLinks] AS [f]
    INNER JOIN [AspNetUsers] AS [a] ON [f].[UserId] = [a].[Id]
) AS [s0] ON [p0].[PrisonerId] = [s0].[PrisonerId]
LEFT JOIN (
    SELECT [a0].[AppointmentId], [a0].[AdminNotes], [a0].[AppointmentCode], [a0].[BookedAt], [a0].[NumVisitors], [a0].[PrisonerId], [a0].[Purpose], [a0].[RejectionReason], [a0].[SlotId], [a0].[Status], [a0].[UpdatedAt], [a0].[UserId], [a0].[VisitorNames], [a1].[Id], [a1].[AccessFailedCount], [a1].[Address], [a1].[ConcurrencyStamp], [a1].[CreatedAt], [a1].[Email], [a1].[EmailConfirmed], [a1].[FullName], [a1].[IsActive], [a1].[LockoutEnabled], [a1].[LockoutEnd], [a1].[NormalizedEmail], [a1].[NormalizedUserName], [a1].[PasswordHash], [a1].[PhoneNumber], [a1].[PhoneNumberConfirmed], [a1].[Role], [a1].[SecurityStamp], [a1].[TwoFactorEnabled], [a1].[UserName]
    FROM [Appointments] AS [a0]
    INNER JOIN [AspNetUsers] AS [a1] ON [a0].[UserId] = [a1].[Id]
) AS [s1] ON [p0].[PrisonerId] = [s1].[PrisonerId]
LEFT JOIN [SupportRequests] AS [s] ON [p0].[PrisonerId] = [s].[PrisonerId]
ORDER BY [p0].[PrisonerId], [s0].[LinkId], [s0].[Id], [s1].[AppointmentId], [s1].[Id]
2026-03-17 12:00:20.375 +05:30 [INF] Executing ViewResult, running view ViewPrisoner.
2026-03-17 12:00:20.390 +05:30 [INF] Executed ViewResult - view ViewPrisoner executed in 17.8135ms.
2026-03-17 12:00:20.394 +05:30 [INF] Executed action PrisonerPortal.Controllers.AdminController.ViewPrisoner (PrisonerPortal) in 254.6849ms
2026-03-17 12:00:20.397 +05:30 [INF] Executed endpoint 'PrisonerPortal.Controllers.AdminController.ViewPrisoner (PrisonerPortal)'
2026-03-17 12:00:20.399 +05:30 [INF] Request finished HTTP/1.1 GET http://localhost:5050/Admin/ViewPrisoner/3 - 200 null text/html; charset=utf-8 287.8224ms
2026-03-17 12:00:20.410 +05:30 [INF] Request starting HTTP/1.1 GET http://localhost:5050/Notifications/GetUnreadCount - null null
2026-03-17 12:00:20.412 +05:30 [INF] Executing endpoint 'PrisonerPortal.Controllers.NotificationsController.GetUnreadCount (PrisonerPortal)'
2026-03-17 12:00:20.414 +05:30 [INF] Route matched with {action = "GetUnreadCount", controller = "Notifications"}. Executing controller action with signature Microsoft.AspNetCore.Mvc.IActionResult GetUnreadCount() on controller PrisonerPortal.Controllers.NotificationsController (PrisonerPortal).
2026-03-17 12:00:20.416 +05:30 [INF] Executed DbCommand (0ms) [Parameters=[@userId='?' (Size = 450)], CommandType='"Text"', CommandTimeout='30']
SELECT COUNT(*)
FROM [Notifications] AS [n]
WHERE [n].[UserId] = @userId AND [n].[IsRead] = CAST(0 AS bit)
2026-03-17 12:00:20.419 +05:30 [INF] Executing JsonResult, writing value of type '<>f__AnonymousType1`1[[System.Int32, System.Private.CoreLib, Version=10.0.0.0, Culture=neutral, PublicKeyToken=7cec85d7bea7798e]]'.
2026-03-17 12:00:20.420 +05:30 [INF] Executed action PrisonerPortal.Controllers.NotificationsController.GetUnreadCount (PrisonerPortal) in 4.5397ms
2026-03-17 12:00:20.421 +05:30 [INF] Executed endpoint 'PrisonerPortal.Controllers.NotificationsController.GetUnreadCount (PrisonerPortal)'
2026-03-17 12:00:20.422 +05:30 [INF] Request finished HTTP/1.1 GET http://localhost:5050/Notifications/GetUnreadCount - 200 null application/json; charset=utf-8 12.541ms
2026-03-17 12:00:43.418 +05:30 [INF] Request starting HTTP/1.1 GET http://localhost:5050/Admin/Prisoners - null null
2026-03-17 12:00:43.423 +05:30 [INF] Executing endpoint 'PrisonerPortal.Controllers.AdminController.Prisoners (PrisonerPortal)'
2026-03-17 12:00:43.425 +05:30 [INF] Route matched with {action = "Prisoners", controller = "Admin"}. Executing controller action with signature System.Threading.Tasks.Task`1[Microsoft.AspNetCore.Mvc.IActionResult] Prisoners() on controller PrisonerPortal.Controllers.AdminController (PrisonerPortal).
2026-03-17 12:00:43.430 +05:30 [INF] Executed DbCommand (2ms) [Parameters=[], CommandType='"Text"', CommandTimeout='30']
SELECT [p].[PrisonerId], [p].[CaseNumber], [p].[CellBlock], [p].[CellNumber], [p].[CreatedAt], [p].[CrimeCategory], [p].[DateOfBirth], [p].[FullName], [p].[Gender], [p].[PrisonerCode], [p].[SentenceEndDate], [p].[SentenceStartDate], [p].[Status], [p].[UpdatedAt]
FROM [Prisoners] AS [p]
ORDER BY [p].[FullName]
2026-03-17 12:00:43.432 +05:30 [INF] Executing ViewResult, running view Prisoners.
2026-03-17 12:00:43.434 +05:30 [INF] Executed ViewResult - view Prisoners executed in 1.8591ms.
2026-03-17 12:00:43.435 +05:30 [INF] Executed action PrisonerPortal.Controllers.AdminController.Prisoners (PrisonerPortal) in 8.0157ms
2026-03-17 12:00:43.436 +05:30 [INF] Executed endpoint 'PrisonerPortal.Controllers.AdminController.Prisoners (PrisonerPortal)'
2026-03-17 12:00:43.437 +05:30 [INF] Request finished HTTP/1.1 GET http://localhost:5050/Admin/Prisoners - 200 null text/html; charset=utf-8 19.362ms
2026-03-17 12:00:43.451 +05:30 [INF] Request starting HTTP/1.1 GET http://localhost:5050/Notifications/GetUnreadCount - null null
2026-03-17 12:00:43.454 +05:30 [INF] Executing endpoint 'PrisonerPortal.Controllers.NotificationsController.GetUnreadCount (PrisonerPortal)'
2026-03-17 12:00:43.455 +05:30 [INF] Route matched with {action = "GetUnreadCount", controller = "Notifications"}. Executing controller action with signature Microsoft.AspNetCore.Mvc.IActionResult GetUnreadCount() on controller PrisonerPortal.Controllers.NotificationsController (PrisonerPortal).
2026-03-17 12:00:43.460 +05:30 [INF] Executed DbCommand (3ms) [Parameters=[@userId='?' (Size = 450)], CommandType='"Text"', CommandTimeout='30']
SELECT COUNT(*)
FROM [Notifications] AS [n]
WHERE [n].[UserId] = @userId AND [n].[IsRead] = CAST(0 AS bit)
2026-03-17 12:00:43.462 +05:30 [INF] Executing JsonResult, writing value of type '<>f__AnonymousType1`1[[System.Int32, System.Private.CoreLib, Version=10.0.0.0, Culture=neutral, PublicKeyToken=7cec85d7bea7798e]]'.
2026-03-17 12:00:43.464 +05:30 [INF] Executed action PrisonerPortal.Controllers.NotificationsController.GetUnreadCount (PrisonerPortal) in 7.0766ms
2026-03-17 12:00:43.465 +05:30 [INF] Executed endpoint 'PrisonerPortal.Controllers.NotificationsController.GetUnreadCount (PrisonerPortal)'
2026-03-17 12:00:43.466 +05:30 [INF] Request finished HTTP/1.1 GET http://localhost:5050/Notifications/GetUnreadCount - 200 null application/json; charset=utf-8 15.2102ms
2026-03-17 12:00:49.654 +05:30 [INF] Request starting HTTP/1.1 GET http://localhost:5050/Admin/AddPrisoner - null null
2026-03-17 12:00:49.660 +05:30 [INF] Executing endpoint 'PrisonerPortal.Controllers.AdminController.AddPrisoner (PrisonerPortal)'
2026-03-17 12:00:49.663 +05:30 [INF] Route matched with {action = "AddPrisoner", controller = "Admin"}. Executing controller action with signature Microsoft.AspNetCore.Mvc.IActionResult AddPrisoner() on controller PrisonerPortal.Controllers.AdminController (PrisonerPortal).
2026-03-17 12:00:49.669 +05:30 [INF] Executing ViewResult, running view AddPrisoner.
2026-03-17 12:00:49.749 +05:30 [INF] Executed ViewResult - view AddPrisoner executed in 81.8126ms.
2026-03-17 12:00:49.754 +05:30 [INF] Executed action PrisonerPortal.Controllers.AdminController.AddPrisoner (PrisonerPortal) in 87.1334ms
2026-03-17 12:00:49.757 +05:30 [INF] Executed endpoint 'PrisonerPortal.Controllers.AdminController.AddPrisoner (PrisonerPortal)'
2026-03-17 12:00:49.759 +05:30 [INF] Request finished HTTP/1.1 GET http://localhost:5050/Admin/AddPrisoner - 200 null text/html; charset=utf-8 104.7118ms
2026-03-17 12:00:49.785 +05:30 [INF] Request starting HTTP/1.1 GET http://localhost:5050/Notifications/GetUnreadCount - null null
2026-03-17 12:00:49.790 +05:30 [INF] Executing endpoint 'PrisonerPortal.Controllers.NotificationsController.GetUnreadCount (PrisonerPortal)'
2026-03-17 12:00:49.792 +05:30 [INF] Route matched with {action = "GetUnreadCount", controller = "Notifications"}. Executing controller action with signature Microsoft.AspNetCore.Mvc.IActionResult GetUnreadCount() on controller PrisonerPortal.Controllers.NotificationsController (PrisonerPortal).
2026-03-17 12:00:49.798 +05:30 [INF] Executed DbCommand (2ms) [Parameters=[@userId='?' (Size = 450)], CommandType='"Text"', CommandTimeout='30']
SELECT COUNT(*)
FROM [Notifications] AS [n]
WHERE [n].[UserId] = @userId AND [n].[IsRead] = CAST(0 AS bit)
2026-03-17 12:00:49.800 +05:30 [INF] Executing JsonResult, writing value of type '<>f__AnonymousType1`1[[System.Int32, System.Private.CoreLib, Version=10.0.0.0, Culture=neutral, PublicKeyToken=7cec85d7bea7798e]]'.
2026-03-17 12:00:49.802 +05:30 [INF] Executed action PrisonerPortal.Controllers.NotificationsController.GetUnreadCount (PrisonerPortal) in 7.184ms
2026-03-17 12:00:49.804 +05:30 [INF] Executed endpoint 'PrisonerPortal.Controllers.NotificationsController.GetUnreadCount (PrisonerPortal)'
2026-03-17 12:00:49.805 +05:30 [INF] Request finished HTTP/1.1 GET http://localhost:5050/Notifications/GetUnreadCount - 200 null application/json; charset=utf-8 20.1665ms
2026-03-17 12:01:19.795 +05:30 [INF] Request starting HTTP/1.1 GET http://localhost:5050/Notifications/GetUnreadCount - null null
2026-03-17 12:01:19.808 +05:30 [INF] Executing endpoint 'PrisonerPortal.Controllers.NotificationsController.GetUnreadCount (PrisonerPortal)'
2026-03-17 12:01:19.811 +05:30 [INF] Route matched with {action = "GetUnreadCount", controller = "Notifications"}. Executing controller action with signature Microsoft.AspNetCore.Mvc.IActionResult GetUnreadCount() on controller PrisonerPortal.Controllers.NotificationsController (PrisonerPortal).
2026-03-17 12:01:19.817 +05:30 [INF] Executed DbCommand (1ms) [Parameters=[@userId='?' (Size = 450)], CommandType='"Text"', CommandTimeout='30']
SELECT COUNT(*)
FROM [Notifications] AS [n]
WHERE [n].[UserId] = @userId AND [n].[IsRead] = CAST(0 AS bit)
2026-03-17 12:01:19.825 +05:30 [INF] Executing JsonResult, writing value of type '<>f__AnonymousType1`1[[System.Int32, System.Private.CoreLib, Version=10.0.0.0, Culture=neutral, PublicKeyToken=7cec85d7bea7798e]]'.
2026-03-17 12:01:19.828 +05:30 [INF] Executed action PrisonerPortal.Controllers.NotificationsController.GetUnreadCount (PrisonerPortal) in 12.8243ms
2026-03-17 12:01:19.832 +05:30 [INF] Executed endpoint 'PrisonerPortal.Controllers.NotificationsController.GetUnreadCount (PrisonerPortal)'
2026-03-17 12:01:19.834 +05:30 [INF] Request finished HTTP/1.1 GET http://localhost:5050/Notifications/GetUnreadCount - 200 null application/json; charset=utf-8 38.4161ms
2026-03-17 12:01:23.469 +05:30 [INF] Request starting HTTP/1.1 GET http://localhost:5050/Notifications/GetUnreadCount - null null
2026-03-17 12:01:23.473 +05:30 [INF] Executing endpoint 'PrisonerPortal.Controllers.NotificationsController.GetUnreadCount (PrisonerPortal)'
2026-03-17 12:01:23.474 +05:30 [INF] Route matched with {action = "GetUnreadCount", controller = "Notifications"}. Executing controller action with signature Microsoft.AspNetCore.Mvc.IActionResult GetUnreadCount() on controller PrisonerPortal.Controllers.NotificationsController (PrisonerPortal).
2026-03-17 12:01:23.477 +05:30 [INF] Executed DbCommand (0ms) [Parameters=[@userId='?' (Size = 450)], CommandType='"Text"', CommandTimeout='30']
SELECT COUNT(*)
FROM [Notifications] AS [n]
WHERE [n].[UserId] = @userId AND [n].[IsRead] = CAST(0 AS bit)
2026-03-17 12:01:23.480 +05:30 [INF] Executing JsonResult, writing value of type '<>f__AnonymousType1`1[[System.Int32, System.Private.CoreLib, Version=10.0.0.0, Culture=neutral, PublicKeyToken=7cec85d7bea7798e]]'.
2026-03-17 12:01:23.482 +05:30 [INF] Executed action PrisonerPortal.Controllers.NotificationsController.GetUnreadCount (PrisonerPortal) in 5.8795ms
2026-03-17 12:01:23.483 +05:30 [INF] Executed endpoint 'PrisonerPortal.Controllers.NotificationsController.GetUnreadCount (PrisonerPortal)'
2026-03-17 12:01:23.484 +05:30 [INF] Request finished HTTP/1.1 GET http://localhost:5050/Notifications/GetUnreadCount - 200 null application/json; charset=utf-8 15.5366ms
2026-03-17 12:01:43.453 +05:30 [INF] Request starting HTTP/1.1 GET http://localhost:5050/Notifications/GetUnreadCount - null null
2026-03-17 12:01:43.470 +05:30 [INF] Executing endpoint 'PrisonerPortal.Controllers.NotificationsController.GetUnreadCount (PrisonerPortal)'
2026-03-17 12:01:43.475 +05:30 [INF] Route matched with {action = "GetUnreadCount", controller = "Notifications"}. Executing controller action with signature Microsoft.AspNetCore.Mvc.IActionResult GetUnreadCount() on controller PrisonerPortal.Controllers.NotificationsController (PrisonerPortal).
2026-03-17 12:01:43.481 +05:30 [INF] Executed DbCommand (0ms) [Parameters=[@userId='?' (Size = 450)], CommandType='"Text"', CommandTimeout='30']
SELECT COUNT(*)
FROM [Notifications] AS [n]
WHERE [n].[UserId] = @userId AND [n].[IsRead] = CAST(0 AS bit)
2026-03-17 12:01:43.484 +05:30 [INF] Executing JsonResult, writing value of type '<>f__AnonymousType1`1[[System.Int32, System.Private.CoreLib, Version=10.0.0.0, Culture=neutral, PublicKeyToken=7cec85d7bea7798e]]'.
2026-03-17 12:01:43.488 +05:30 [INF] Executed action PrisonerPortal.Controllers.NotificationsController.GetUnreadCount (PrisonerPortal) in 7.5714ms
2026-03-17 12:01:43.489 +05:30 [INF] Executed endpoint 'PrisonerPortal.Controllers.NotificationsController.GetUnreadCount (PrisonerPortal)'
2026-03-17 12:01:43.489 +05:30 [INF] Request finished HTTP/1.1 GET http://localhost:5050/Notifications/GetUnreadCount - 200 null application/json; charset=utf-8 36.116ms
2026-03-17 12:01:53.697 +05:30 [INF] Request starting HTTP/1.1 GET http://localhost:5050/Admin/Dashboard - null null
2026-03-17 12:01:53.704 +05:30 [INF] Executing endpoint 'PrisonerPortal.Controllers.AdminController.Dashboard (PrisonerPortal)'
2026-03-17 12:01:53.706 +05:30 [INF] Route matched with {action = "Dashboard", controller = "Admin"}. Executing controller action with signature System.Threading.Tasks.Task`1[Microsoft.AspNetCore.Mvc.IActionResult] Dashboard() on controller PrisonerPortal.Controllers.AdminController (PrisonerPortal).
2026-03-17 12:01:53.714 +05:30 [INF] Executed DbCommand (3ms) [Parameters=[@normalizedRoleName='?' (Size = 256)], CommandType='"Text"', CommandTimeout='30']
SELECT TOP(2) [a].[Id], [a].[ConcurrencyStamp], [a].[Name], [a].[NormalizedName]
FROM [AspNetRoles] AS [a]
WHERE [a].[NormalizedName] = @normalizedRoleName
2026-03-17 12:01:53.722 +05:30 [INF] Executed DbCommand (3ms) [Parameters=[@role_Id='?' (Size = 450)], CommandType='"Text"', CommandTimeout='30']
SELECT [a0].[Id], [a0].[AccessFailedCount], [a0].[Address], [a0].[ConcurrencyStamp], [a0].[CreatedAt], [a0].[Email], [a0].[EmailConfirmed], [a0].[FullName], [a0].[IsActive], [a0].[LockoutEnabled], [a0].[LockoutEnd], [a0].[NormalizedEmail], [a0].[NormalizedUserName], [a0].[PasswordHash], [a0].[PhoneNumber], [a0].[PhoneNumberConfirmed], [a0].[Role], [a0].[SecurityStamp], [a0].[TwoFactorEnabled], [a0].[UserName]
FROM [AspNetUserRoles] AS [a]
INNER JOIN [AspNetUsers] AS [a0] ON [a].[UserId] = [a0].[Id]
WHERE [a].[RoleId] = @role_Id
2026-03-17 12:01:53.725 +05:30 [INF] Executed DbCommand (2ms) [Parameters=[], CommandType='"Text"', CommandTimeout='30']
SELECT COUNT(*)
FROM [Prisoners] AS [p]
WHERE [p].[Status] = N'Active'
2026-03-17 12:01:53.731 +05:30 [INF] Executed DbCommand (3ms) [Parameters=[@today='?' (DbType = DateTime2)], CommandType='"Text"', CommandTimeout='30']
SELECT COUNT(*)
FROM [Appointments] AS [a]
INNER JOIN [VisitSlots] AS [v] ON [a].[SlotId] = [v].[SlotId]
WHERE [a].[Status] IN (N'Pending', N'Approved') AND [v].[SlotDate] = @today
2026-03-17 12:01:53.735 +05:30 [INF] Executed DbCommand (2ms) [Parameters=[], CommandType='"Text"', CommandTimeout='30']
SELECT COUNT(*)
FROM [SupportRequests] AS [s]
WHERE [s].[Status] IN (N'Open', N'InProgress')
2026-03-17 12:01:53.741 +05:30 [INF] Executed DbCommand (4ms) [Parameters=[@p='?' (DbType = Int32)], CommandType='"Text"', CommandTimeout='30']
SELECT [a0].[AppointmentId], [a0].[AdminNotes], [a0].[AppointmentCode], [a0].[BookedAt], [a0].[NumVisitors], [a0].[PrisonerId], [a0].[Purpose], [a0].[RejectionReason], [a0].[SlotId], [a0].[Status], [a0].[UpdatedAt], [a0].[UserId], [a0].[VisitorNames], [p].[PrisonerId], [p].[CaseNumber], [p].[CellBlock], [p].[CellNumber], [p].[CreatedAt], [p].[CrimeCategory], [p].[DateOfBirth], [p].[FullName], [p].[Gender], [p].[PrisonerCode], [p].[SentenceEndDate], [p].[SentenceStartDate], [p].[Status], [p].[UpdatedAt], [a1].[Id], [a1].[AccessFailedCount], [a1].[Address], [a1].[ConcurrencyStamp], [a1].[CreatedAt], [a1].[Email], [a1].[EmailConfirmed], [a1].[FullName], [a1].[IsActive], [a1].[LockoutEnabled], [a1].[LockoutEnd], [a1].[NormalizedEmail], [a1].[NormalizedUserName], [a1].[PasswordHash], [a1].[PhoneNumber], [a1].[PhoneNumberConfirmed], [a1].[Role], [a1].[SecurityStamp], [a1].[TwoFactorEnabled], [a1].[UserName], [v].[SlotId], [v].[CreatedAt], [v].[CreatedByAdminId], [v].[CurrentBookings], [v].[EndTime], [v].[IsActive], [v].[MaxCapacity], [v].[SlotDate], [v].[StartTime]
FROM (
    SELECT TOP(@p) [a].[AppointmentId], [a].[AdminNotes], [a].[AppointmentCode], [a].[BookedAt], [a].[NumVisitors], [a].[PrisonerId], [a].[Purpose], [a].[RejectionReason], [a].[SlotId], [a].[Status], [a].[UpdatedAt], [a].[UserId], [a].[VisitorNames]
    FROM [Appointments] AS [a]
    WHERE [a].[Status] = N'Pending'
    ORDER BY [a].[BookedAt]
) AS [a0]
INNER JOIN [Prisoners] AS [p] ON [a0].[PrisonerId] = [p].[PrisonerId]
INNER JOIN [AspNetUsers] AS [a1] ON [a0].[UserId] = [a1].[Id]
INNER JOIN [VisitSlots] AS [v] ON [a0].[SlotId] = [v].[SlotId]
ORDER BY [a0].[BookedAt]
2026-03-17 12:01:53.747 +05:30 [INF] Executed DbCommand (3ms) [Parameters=[@p='?' (DbType = Int32)], CommandType='"Text"', CommandTimeout='30']
SELECT [s0].[RequestId], [s0].[AdminResponse], [s0].[AssignedAdminId], [s0].[Category], [s0].[CreatedAt], [s0].[Description], [s0].[Priority], [s0].[PrisonerId], [s0].[RequestCode], [s0].[ResolvedAt], [s0].[Status], [s0].[Subject], [s0].[UpdatedAt], [s0].[UserId], [a].[Id], [a].[AccessFailedCount], [a].[Address], [a].[ConcurrencyStamp], [a].[CreatedAt], [a].[Email], [a].[EmailConfirmed], [a].[FullName], [a].[IsActive], [a].[LockoutEnabled], [a].[LockoutEnd], [a].[NormalizedEmail], [a].[NormalizedUserName], [a].[PasswordHash], [a].[PhoneNumber], [a].[PhoneNumberConfirmed], [a].[Role], [a].[SecurityStamp], [a].[TwoFactorEnabled], [a].[UserName], [p].[PrisonerId], [p].[CaseNumber], [p].[CellBlock], [p].[CellNumber], [p].[CreatedAt], [p].[CrimeCategory], [p].[DateOfBirth], [p].[FullName], [p].[Gender], [p].[PrisonerCode], [p].[SentenceEndDate], [p].[SentenceStartDate], [p].[Status], [p].[UpdatedAt]
FROM (
    SELECT TOP(@p) [s].[RequestId], [s].[AdminResponse], [s].[AssignedAdminId], [s].[Category], [s].[CreatedAt], [s].[Description], [s].[Priority], [s].[PrisonerId], [s].[RequestCode], [s].[ResolvedAt], [s].[Status], [s].[Subject], [s].[UpdatedAt], [s].[UserId]
    FROM [SupportRequests] AS [s]
    ORDER BY [s].[CreatedAt] DESC
) AS [s0]
INNER JOIN [AspNetUsers] AS [a] ON [s0].[UserId] = [a].[Id]
INNER JOIN [Prisoners] AS [p] ON [s0].[PrisonerId] = [p].[PrisonerId]
ORDER BY [s0].[CreatedAt] DESC
2026-03-17 12:01:53.754 +05:30 [INF] Executed DbCommand (5ms) [Parameters=[], CommandType='"Text"', CommandTimeout='30']
SELECT [f].[LinkId], [f].[IsVerified], [f].[LinkedAt], [f].[PrisonerId], [f].[Relationship], [f].[UserId], [f].[VerifiedByAdminId], [a].[Id], [a].[AccessFailedCount], [a].[Address], [a].[ConcurrencyStamp], [a].[CreatedAt], [a].[Email], [a].[EmailConfirmed], [a].[FullName], [a].[IsActive], [a].[LockoutEnabled], [a].[LockoutEnd], [a].[NormalizedEmail], [a].[NormalizedUserName], [a].[PasswordHash], [a].[PhoneNumber], [a].[PhoneNumberConfirmed], [a].[Role], [a].[SecurityStamp], [a].[TwoFactorEnabled], [a].[UserName], [p].[PrisonerId], [p].[CaseNumber], [p].[CellBlock], [p].[CellNumber], [p].[CreatedAt], [p].[CrimeCategory], [p].[DateOfBirth], [p].[FullName], [p].[Gender], [p].[PrisonerCode], [p].[SentenceEndDate], [p].[SentenceStartDate], [p].[Status], [p].[UpdatedAt]
FROM [FamilyPrisonerLinks] AS [f]
INNER JOIN [AspNetUsers] AS [a] ON [f].[UserId] = [a].[Id]
INNER JOIN [Prisoners] AS [p] ON [f].[PrisonerId] = [p].[PrisonerId]
WHERE [f].[IsVerified] = CAST(0 AS bit)
ORDER BY [f].[LinkedAt]
2026-03-17 12:01:53.757 +05:30 [INF] Executing ViewResult, running view Dashboard.
2026-03-17 12:01:53.759 +05:30 [INF] Executed ViewResult - view Dashboard executed in 2.2806ms.
2026-03-17 12:01:53.761 +05:30 [INF] Executed action PrisonerPortal.Controllers.AdminController.Dashboard (PrisonerPortal) in 50.2113ms
2026-03-17 12:01:53.763 +05:30 [INF] Executed endpoint 'PrisonerPortal.Controllers.AdminController.Dashboard (PrisonerPortal)'
2026-03-17 12:01:53.765 +05:30 [INF] Request finished HTTP/1.1 GET http://localhost:5050/Admin/Dashboard - 200 null text/html; charset=utf-8 67.6656ms
2026-03-17 12:01:53.781 +05:30 [INF] Request starting HTTP/1.1 GET http://localhost:5050/Notifications/GetUnreadCount - null null
2026-03-17 12:01:53.786 +05:30 [INF] Executing endpoint 'PrisonerPortal.Controllers.NotificationsController.GetUnreadCount (PrisonerPortal)'
2026-03-17 12:01:53.787 +05:30 [INF] Route matched with {action = "GetUnreadCount", controller = "Notifications"}. Executing controller action with signature Microsoft.AspNetCore.Mvc.IActionResult GetUnreadCount() on controller PrisonerPortal.Controllers.NotificationsController (PrisonerPortal).
2026-03-17 12:01:53.792 +05:30 [INF] Executed DbCommand (2ms) [Parameters=[@userId='?' (Size = 450)], CommandType='"Text"', CommandTimeout='30']
SELECT COUNT(*)
FROM [Notifications] AS [n]
WHERE [n].[UserId] = @userId AND [n].[IsRead] = CAST(0 AS bit)
2026-03-17 12:01:53.796 +05:30 [INF] Executing JsonResult, writing value of type '<>f__AnonymousType1`1[[System.Int32, System.Private.CoreLib, Version=10.0.0.0, Culture=neutral, PublicKeyToken=7cec85d7bea7798e]]'.
2026-03-17 12:01:53.798 +05:30 [INF] Executed action PrisonerPortal.Controllers.NotificationsController.GetUnreadCount (PrisonerPortal) in 7.795ms
2026-03-17 12:01:53.799 +05:30 [INF] Executed endpoint 'PrisonerPortal.Controllers.NotificationsController.GetUnreadCount (PrisonerPortal)'
2026-03-17 12:01:53.801 +05:30 [INF] Request finished HTTP/1.1 GET http://localhost:5050/Notifications/GetUnreadCount - 200 null application/json; charset=utf-8 19.819ms
2026-03-17 12:02:23.790 +05:30 [INF] Request starting HTTP/1.1 GET http://localhost:5050/Notifications/GetUnreadCount - null null
2026-03-17 12:02:23.808 +05:30 [INF] Executing endpoint 'PrisonerPortal.Controllers.NotificationsController.GetUnreadCount (PrisonerPortal)'
2026-03-17 12:02:23.811 +05:30 [INF] Route matched with {action = "GetUnreadCount", controller = "Notifications"}. Executing controller action with signature Microsoft.AspNetCore.Mvc.IActionResult GetUnreadCount() on controller PrisonerPortal.Controllers.NotificationsController (PrisonerPortal).
2026-03-17 12:02:23.814 +05:30 [INF] Executed DbCommand (0ms) [Parameters=[@userId='?' (Size = 450)], CommandType='"Text"', CommandTimeout='30']
SELECT COUNT(*)
FROM [Notifications] AS [n]
WHERE [n].[UserId] = @userId AND [n].[IsRead] = CAST(0 AS bit)
2026-03-17 12:02:23.817 +05:30 [INF] Executing JsonResult, writing value of type '<>f__AnonymousType1`1[[System.Int32, System.Private.CoreLib, Version=10.0.0.0, Culture=neutral, PublicKeyToken=7cec85d7bea7798e]]'.
2026-03-17 12:02:23.819 +05:30 [INF] Executed action PrisonerPortal.Controllers.NotificationsController.GetUnreadCount (PrisonerPortal) in 5.8778ms
2026-03-17 12:02:23.820 +05:30 [INF] Executed endpoint 'PrisonerPortal.Controllers.NotificationsController.GetUnreadCount (PrisonerPortal)'
2026-03-17 12:02:23.822 +05:30 [INF] Request finished HTTP/1.1 GET http://localhost:5050/Notifications/GetUnreadCount - 200 null application/json; charset=utf-8 32.7588ms
2026-03-17 12:02:28.583 +05:30 [INF] Request starting HTTP/1.1 GET http://localhost:5050/Notifications/GetUnreadCount - null null
2026-03-17 12:02:28.588 +05:30 [INF] Executing endpoint 'PrisonerPortal.Controllers.NotificationsController.GetUnreadCount (PrisonerPortal)'
2026-03-17 12:02:28.590 +05:30 [INF] Route matched with {action = "GetUnreadCount", controller = "Notifications"}. Executing controller action with signature Microsoft.AspNetCore.Mvc.IActionResult GetUnreadCount() on controller PrisonerPortal.Controllers.NotificationsController (PrisonerPortal).
2026-03-17 12:02:28.594 +05:30 [INF] Executed DbCommand (1ms) [Parameters=[@userId='?' (Size = 450)], CommandType='"Text"', CommandTimeout='30']
SELECT COUNT(*)
FROM [Notifications] AS [n]
WHERE [n].[UserId] = @userId AND [n].[IsRead] = CAST(0 AS bit)
2026-03-17 12:02:28.599 +05:30 [INF] Executing JsonResult, writing value of type '<>f__AnonymousType1`1[[System.Int32, System.Private.CoreLib, Version=10.0.0.0, Culture=neutral, PublicKeyToken=7cec85d7bea7798e]]'.
2026-03-17 12:02:28.601 +05:30 [INF] Executed action PrisonerPortal.Controllers.NotificationsController.GetUnreadCount (PrisonerPortal) in 8.1326ms
2026-03-17 12:02:28.603 +05:30 [INF] Executed endpoint 'PrisonerPortal.Controllers.NotificationsController.GetUnreadCount (PrisonerPortal)'
2026-03-17 12:02:28.605 +05:30 [INF] Request finished HTTP/1.1 GET http://localhost:5050/Notifications/GetUnreadCount - 200 null application/json; charset=utf-8 22.3996ms
2026-03-17 12:02:35.619 +05:30 [INF] Request starting HTTP/1.1 GET http://localhost:5050/Admin/VisitSlots - null null
2026-03-17 12:02:35.623 +05:30 [INF] Executing endpoint 'PrisonerPortal.Controllers.AdminController.VisitSlots (PrisonerPortal)'
2026-03-17 12:02:35.624 +05:30 [INF] Route matched with {action = "VisitSlots", controller = "Admin"}. Executing controller action with signature System.Threading.Tasks.Task`1[Microsoft.AspNetCore.Mvc.IActionResult] VisitSlots() on controller PrisonerPortal.Controllers.AdminController (PrisonerPortal).
2026-03-17 12:02:35.635 +05:30 [INF] Executed DbCommand (7ms) [Parameters=[], CommandType='"Text"', CommandTimeout='30']
SELECT [v].[SlotId], [v].[CreatedAt], [v].[CreatedByAdminId], [v].[CurrentBookings], [v].[EndTime], [v].[IsActive], [v].[MaxCapacity], [v].[SlotDate], [v].[StartTime], [a].[Id], [a].[AccessFailedCount], [a].[Address], [a].[ConcurrencyStamp], [a].[CreatedAt], [a].[Email], [a].[EmailConfirmed], [a].[FullName], [a].[IsActive], [a].[LockoutEnabled], [a].[LockoutEnd], [a].[NormalizedEmail], [a].[NormalizedUserName], [a].[PasswordHash], [a].[PhoneNumber], [a].[PhoneNumberConfirmed], [a].[Role], [a].[SecurityStamp], [a].[TwoFactorEnabled], [a].[UserName]
FROM [VisitSlots] AS [v]
INNER JOIN [AspNetUsers] AS [a] ON [v].[CreatedByAdminId] = [a].[Id]
WHERE [v].[SlotDate] >= DATEADD(day, CAST(-7.0E0 AS int), CONVERT(date, GETUTCDATE()))
ORDER BY [v].[SlotDate] DESC, [v].[StartTime]
2026-03-17 12:02:35.640 +05:30 [INF] Executing ViewResult, running view VisitSlots.
2026-03-17 12:02:35.644 +05:30 [INF] Executed ViewResult - view VisitSlots executed in 3.6658ms.
2026-03-17 12:02:35.645 +05:30 [INF] Executed action PrisonerPortal.Controllers.AdminController.VisitSlots (PrisonerPortal) in 18.2787ms
2026-03-17 12:02:35.646 +05:30 [INF] Executed endpoint 'PrisonerPortal.Controllers.AdminController.VisitSlots (PrisonerPortal)'
2026-03-17 12:02:35.647 +05:30 [INF] Request finished HTTP/1.1 GET http://localhost:5050/Admin/VisitSlots - 200 null text/html; charset=utf-8 28.0046ms
2026-03-17 12:02:35.665 +05:30 [INF] Request starting HTTP/1.1 GET http://localhost:5050/Notifications/GetUnreadCount - null null
2026-03-17 12:02:35.670 +05:30 [INF] Executing endpoint 'PrisonerPortal.Controllers.NotificationsController.GetUnreadCount (PrisonerPortal)'
2026-03-17 12:02:35.672 +05:30 [INF] Route matched with {action = "GetUnreadCount", controller = "Notifications"}. Executing controller action with signature Microsoft.AspNetCore.Mvc.IActionResult GetUnreadCount() on controller PrisonerPortal.Controllers.NotificationsController (PrisonerPortal).
2026-03-17 12:02:35.676 +05:30 [INF] Executed DbCommand (1ms) [Parameters=[@userId='?' (Size = 450)], CommandType='"Text"', CommandTimeout='30']
SELECT COUNT(*)
FROM [Notifications] AS [n]
WHERE [n].[UserId] = @userId AND [n].[IsRead] = CAST(0 AS bit)
2026-03-17 12:02:35.679 +05:30 [INF] Executing JsonResult, writing value of type '<>f__AnonymousType1`1[[System.Int32, System.Private.CoreLib, Version=10.0.0.0, Culture=neutral, PublicKeyToken=7cec85d7bea7798e]]'.
2026-03-17 12:02:35.679 +05:30 [INF] Executed action PrisonerPortal.Controllers.NotificationsController.GetUnreadCount (PrisonerPortal) in 4.7954ms
2026-03-17 12:02:35.681 +05:30 [INF] Executed endpoint 'PrisonerPortal.Controllers.NotificationsController.GetUnreadCount (PrisonerPortal)'
2026-03-17 12:02:35.682 +05:30 [INF] Request finished HTTP/1.1 GET http://localhost:5050/Notifications/GetUnreadCount - 200 null application/json; charset=utf-8 17.2987ms
2026-03-17 12:03:05.675 +05:30 [INF] Request starting HTTP/1.1 GET http://localhost:5050/Notifications/GetUnreadCount - null null
2026-03-17 12:03:05.692 +05:30 [INF] Executing endpoint 'PrisonerPortal.Controllers.NotificationsController.GetUnreadCount (PrisonerPortal)'
2026-03-17 12:03:05.697 +05:30 [INF] Route matched with {action = "GetUnreadCount", controller = "Notifications"}. Executing controller action with signature Microsoft.AspNetCore.Mvc.IActionResult GetUnreadCount() on controller PrisonerPortal.Controllers.NotificationsController (PrisonerPortal).
2026-03-17 12:03:05.712 +05:30 [INF] Executed DbCommand (5ms) [Parameters=[@userId='?' (Size = 450)], CommandType='"Text"', CommandTimeout='30']
SELECT COUNT(*)
FROM [Notifications] AS [n]
WHERE [n].[UserId] = @userId AND [n].[IsRead] = CAST(0 AS bit)
2026-03-17 12:03:05.721 +05:30 [INF] Executing JsonResult, writing value of type '<>f__AnonymousType1`1[[System.Int32, System.Private.CoreLib, Version=10.0.0.0, Culture=neutral, PublicKeyToken=7cec85d7bea7798e]]'.
2026-03-17 12:03:05.726 +05:30 [INF] Executed action PrisonerPortal.Controllers.NotificationsController.GetUnreadCount (PrisonerPortal) in 19.6962ms
2026-03-17 12:03:05.729 +05:30 [INF] Executed endpoint 'PrisonerPortal.Controllers.NotificationsController.GetUnreadCount (PrisonerPortal)'
2026-03-17 12:03:05.730 +05:30 [INF] Request finished HTTP/1.1 GET http://localhost:5050/Notifications/GetUnreadCount - 200 null application/json; charset=utf-8 55.192ms
2026-03-17 12:03:36.081 +05:30 [INF] Request starting HTTP/1.1 GET http://localhost:5050/Notifications/GetUnreadCount - null null
2026-03-17 12:03:36.092 +05:30 [INF] Executing endpoint 'PrisonerPortal.Controllers.NotificationsController.GetUnreadCount (PrisonerPortal)'
2026-03-17 12:03:36.097 +05:30 [INF] Route matched with {action = "GetUnreadCount", controller = "Notifications"}. Executing controller action with signature Microsoft.AspNetCore.Mvc.IActionResult GetUnreadCount() on controller PrisonerPortal.Controllers.NotificationsController (PrisonerPortal).
2026-03-17 12:03:36.108 +05:30 [INF] Executed DbCommand (1ms) [Parameters=[@userId='?' (Size = 450)], CommandType='"Text"', CommandTimeout='30']
SELECT COUNT(*)
FROM [Notifications] AS [n]
WHERE [n].[UserId] = @userId AND [n].[IsRead] = CAST(0 AS bit)
2026-03-17 12:03:36.119 +05:30 [INF] Executing JsonResult, writing value of type '<>f__AnonymousType1`1[[System.Int32, System.Private.CoreLib, Version=10.0.0.0, Culture=neutral, PublicKeyToken=7cec85d7bea7798e]]'.
2026-03-17 12:03:36.124 +05:30 [INF] Executed action PrisonerPortal.Controllers.NotificationsController.GetUnreadCount (PrisonerPortal) in 18.1004ms
2026-03-17 12:03:36.130 +05:30 [INF] Executed endpoint 'PrisonerPortal.Controllers.NotificationsController.GetUnreadCount (PrisonerPortal)'
2026-03-17 12:03:36.135 +05:30 [INF] Request finished HTTP/1.1 GET http://localhost:5050/Notifications/GetUnreadCount - 200 null application/json; charset=utf-8 53.875ms
2026-03-17 12:04:06.073 +05:30 [INF] Request starting HTTP/1.1 GET http://localhost:5050/Notifications/GetUnreadCount - null null
2026-03-17 12:04:06.087 +05:30 [INF] Executing endpoint 'PrisonerPortal.Controllers.NotificationsController.GetUnreadCount (PrisonerPortal)'
2026-03-17 12:04:06.092 +05:30 [INF] Route matched with {action = "GetUnreadCount", controller = "Notifications"}. Executing controller action with signature Microsoft.AspNetCore.Mvc.IActionResult GetUnreadCount() on controller PrisonerPortal.Controllers.NotificationsController (PrisonerPortal).
2026-03-17 12:04:06.099 +05:30 [INF] Executed DbCommand (3ms) [Parameters=[@userId='?' (Size = 450)], CommandType='"Text"', CommandTimeout='30']
SELECT COUNT(*)
FROM [Notifications] AS [n]
WHERE [n].[UserId] = @userId AND [n].[IsRead] = CAST(0 AS bit)
2026-03-17 12:04:06.103 +05:30 [INF] Executing JsonResult, writing value of type '<>f__AnonymousType1`1[[System.Int32, System.Private.CoreLib, Version=10.0.0.0, Culture=neutral, PublicKeyToken=7cec85d7bea7798e]]'.
2026-03-17 12:04:06.104 +05:30 [INF] Executed action PrisonerPortal.Controllers.NotificationsController.GetUnreadCount (PrisonerPortal) in 8.7731ms
2026-03-17 12:04:06.106 +05:30 [INF] Executed endpoint 'PrisonerPortal.Controllers.NotificationsController.GetUnreadCount (PrisonerPortal)'
2026-03-17 12:04:06.107 +05:30 [INF] Request finished HTTP/1.1 GET http://localhost:5050/Notifications/GetUnreadCount - 200 null application/json; charset=utf-8 34.3503ms
2026-03-17 12:04:36.078 +05:30 [INF] Request starting HTTP/1.1 GET http://localhost:5050/Notifications/GetUnreadCount - null null
2026-03-17 12:04:36.090 +05:30 [INF] Executing endpoint 'PrisonerPortal.Controllers.NotificationsController.GetUnreadCount (PrisonerPortal)'
2026-03-17 12:04:36.096 +05:30 [INF] Route matched with {action = "GetUnreadCount", controller = "Notifications"}. Executing controller action with signature Microsoft.AspNetCore.Mvc.IActionResult GetUnreadCount() on controller PrisonerPortal.Controllers.NotificationsController (PrisonerPortal).
2026-03-17 12:04:36.104 +05:30 [INF] Executed DbCommand (0ms) [Parameters=[@userId='?' (Size = 450)], CommandType='"Text"', CommandTimeout='30']
SELECT COUNT(*)
FROM [Notifications] AS [n]
WHERE [n].[UserId] = @userId AND [n].[IsRead] = CAST(0 AS bit)
2026-03-17 12:04:36.106 +05:30 [INF] Executing JsonResult, writing value of type '<>f__AnonymousType1`1[[System.Int32, System.Private.CoreLib, Version=10.0.0.0, Culture=neutral, PublicKeyToken=7cec85d7bea7798e]]'.
2026-03-17 12:04:36.108 +05:30 [INF] Executed action PrisonerPortal.Controllers.NotificationsController.GetUnreadCount (PrisonerPortal) in 4.4049ms
2026-03-17 12:04:36.109 +05:30 [INF] Executed endpoint 'PrisonerPortal.Controllers.NotificationsController.GetUnreadCount (PrisonerPortal)'
2026-03-17 12:04:36.110 +05:30 [INF] Request finished HTTP/1.1 GET http://localhost:5050/Notifications/GetUnreadCount - 200 null application/json; charset=utf-8 32.0113ms
2026-03-17 12:04:52.789 +05:30 [INF] Request starting HTTP/1.1 POST http://localhost:5050/Account/Logout - application/x-www-form-urlencoded 225
2026-03-17 12:04:52.793 +05:30 [INF] Executing endpoint 'PrisonerPortal.Controllers.AccountController.Logout (PrisonerPortal)'
2026-03-17 12:04:52.794 +05:30 [INF] Route matched with {action = "Logout", controller = "Account"}. Executing controller action with signature System.Threading.Tasks.Task`1[Microsoft.AspNetCore.Mvc.IActionResult] Logout() on controller PrisonerPortal.Controllers.AccountController (PrisonerPortal).
2026-03-17 12:04:52.804 +05:30 [INF] Executed DbCommand (3ms) [Parameters=[@p0='?' (Size = 4000), @p1='?' (Size = 4000), @p2='?' (Size = 4000), @p3='?' (Size = 4000), @p4='?' (Size = 4000), @p5='?' (Size = 4000), @p6='?' (DbType = DateTime2), @p7='?' (Size = 450)], CommandType='"Text"', CommandTimeout='30']
SET IMPLICIT_TRANSACTIONS OFF;
SET NOCOUNT ON;
INSERT INTO [AuditLogs] ([Action], [EntityId], [EntityType], [IPAddress], [NewValues], [OldValues], [Timestamp], [UserId])
OUTPUT INSERTED.[LogId]
VALUES (@p0, @p1, @p2, @p3, @p4, @p5, @p6, @p7);
2026-03-17 12:04:52.807 +05:30 [INF] AuthenticationScheme: Identity.Application signed out.
2026-03-17 12:04:52.810 +05:30 [INF] AuthenticationScheme: Identity.External signed out.
2026-03-17 12:04:52.812 +05:30 [INF] AuthenticationScheme: Identity.TwoFactorUserId signed out.
2026-03-17 12:04:52.813 +05:30 [INF] Executing RedirectResult, redirecting to /.
2026-03-17 12:04:52.815 +05:30 [INF] Executed action PrisonerPortal.Controllers.AccountController.Logout (PrisonerPortal) in 15.9588ms
2026-03-17 12:04:52.816 +05:30 [INF] Executed endpoint 'PrisonerPortal.Controllers.AccountController.Logout (PrisonerPortal)'
2026-03-17 12:04:52.817 +05:30 [INF] Request finished HTTP/1.1 POST http://localhost:5050/Account/Logout - 302 0 null 27.6095ms
2026-03-17 12:04:52.820 +05:30 [INF] Request starting HTTP/1.1 GET http://localhost:5050/ - null null
2026-03-17 12:04:52.823 +05:30 [INF] Executing endpoint 'PrisonerPortal.Controllers.AccountController.Login (PrisonerPortal)'
2026-03-17 12:04:52.825 +05:30 [INF] Route matched with {action = "Login", controller = "Account"}. Executing controller action with signature Microsoft.AspNetCore.Mvc.IActionResult Login() on controller PrisonerPortal.Controllers.AccountController (PrisonerPortal).
2026-03-17 12:04:52.827 +05:30 [INF] Executing ViewResult, running view Login.
2026-03-17 12:04:52.830 +05:30 [INF] Executed ViewResult - view Login executed in 2.7354ms.
2026-03-17 12:04:52.832 +05:30 [INF] Executed action PrisonerPortal.Controllers.AccountController.Login (PrisonerPortal) in 4.7833ms
2026-03-17 12:04:52.833 +05:30 [INF] Executed endpoint 'PrisonerPortal.Controllers.AccountController.Login (PrisonerPortal)'
2026-03-17 12:04:52.834 +05:30 [INF] Request finished HTTP/1.1 GET http://localhost:5050/ - 200 null text/html; charset=utf-8 13.5326ms
2026-03-17 12:04:52.839 +05:30 [INF] Request starting HTTP/1.1 GET http://localhost:5050/js/auth.js?v=vFieu_vdInS-_NST3h1ILrWgllVMY1VPgyTgpG3Dmrc - null null
2026-03-17 12:04:52.842 +05:30 [INF] The file /js/auth.js was not modified
2026-03-17 12:04:52.844 +05:30 [INF] Request finished HTTP/1.1 GET http://localhost:5050/js/auth.js?v=vFieu_vdInS-_NST3h1ILrWgllVMY1VPgyTgpG3Dmrc - 304 null text/javascript 5.1081ms
2026-03-17 12:05:14.673 +05:30 [INF] Request starting HTTP/1.1 POST http://localhost:5050/ - application/x-www-form-urlencoded 248
2026-03-17 12:05:14.676 +05:30 [INF] Executing endpoint 'PrisonerPortal.Controllers.AccountController.Login (PrisonerPortal)'
2026-03-17 12:05:14.678 +05:30 [INF] Route matched with {action = "Login", controller = "Account"}. Executing controller action with signature System.Threading.Tasks.Task`1[Microsoft.AspNetCore.Mvc.IActionResult] Login(PrisonerPortal.Models.ViewModels.LoginViewModel) on controller PrisonerPortal.Controllers.AccountController (PrisonerPortal).
2026-03-17 12:05:14.689 +05:30 [INF] Executed DbCommand (5ms) [Parameters=[@normalizedEmail='?' (Size = 256)], CommandType='"Text"', CommandTimeout='30']
SELECT TOP(2) [a].[Id], [a].[AccessFailedCount], [a].[Address], [a].[ConcurrencyStamp], [a].[CreatedAt], [a].[Email], [a].[EmailConfirmed], [a].[FullName], [a].[IsActive], [a].[LockoutEnabled], [a].[LockoutEnd], [a].[NormalizedEmail], [a].[NormalizedUserName], [a].[PasswordHash], [a].[PhoneNumber], [a].[PhoneNumberConfirmed], [a].[Role], [a].[SecurityStamp], [a].[TwoFactorEnabled], [a].[UserName]
FROM [AspNetUsers] AS [a]
WHERE [a].[NormalizedEmail] = @normalizedEmail
2026-03-17 12:05:14.695 +05:30 [INF] Executed DbCommand (2ms) [Parameters=[@normalizedUserName='?' (Size = 256)], CommandType='"Text"', CommandTimeout='30']
SELECT TOP(1) [a].[Id], [a].[AccessFailedCount], [a].[Address], [a].[ConcurrencyStamp], [a].[CreatedAt], [a].[Email], [a].[EmailConfirmed], [a].[FullName], [a].[IsActive], [a].[LockoutEnabled], [a].[LockoutEnd], [a].[NormalizedEmail], [a].[NormalizedUserName], [a].[PasswordHash], [a].[PhoneNumber], [a].[PhoneNumberConfirmed], [a].[Role], [a].[SecurityStamp], [a].[TwoFactorEnabled], [a].[UserName]
FROM [AspNetUsers] AS [a]
WHERE [a].[NormalizedUserName] = @normalizedUserName
2026-03-17 12:05:14.832 +05:30 [INF] Executed DbCommand (3ms) [Parameters=[@user_Id='?' (Size = 450)], CommandType='"Text"', CommandTimeout='30']
SELECT [a].[Id], [a].[ClaimType], [a].[ClaimValue], [a].[UserId]
FROM [AspNetUserClaims] AS [a]
WHERE [a].[UserId] = @user_Id
2026-03-17 12:05:14.840 +05:30 [INF] Executed DbCommand (4ms) [Parameters=[@userId='?' (Size = 450)], CommandType='"Text"', CommandTimeout='30']
SELECT [a0].[Name]
FROM [AspNetUserRoles] AS [a]
INNER JOIN [AspNetRoles] AS [a0] ON [a].[RoleId] = [a0].[Id]
WHERE [a].[UserId] = @userId
2026-03-17 12:05:14.850 +05:30 [INF] Executed DbCommand (4ms) [Parameters=[@normalizedName='?' (Size = 256)], CommandType='"Text"', CommandTimeout='30']
SELECT TOP(1) [a].[Id], [a].[ConcurrencyStamp], [a].[Name], [a].[NormalizedName]
FROM [AspNetRoles] AS [a]
WHERE [a].[NormalizedName] = @normalizedName
2026-03-17 12:05:14.858 +05:30 [INF] Executed DbCommand (2ms) [Parameters=[@role_Id='?' (Size = 450)], CommandType='"Text"', CommandTimeout='30']
SELECT [a].[ClaimType], [a].[ClaimValue]
FROM [AspNetRoleClaims] AS [a]
WHERE [a].[RoleId] = @role_Id
2026-03-17 12:05:14.863 +05:30 [INF] AuthenticationScheme: Identity.Application signed in.
2026-03-17 12:05:14.870 +05:30 [INF] Executed DbCommand (3ms) [Parameters=[@p0='?' (Size = 4000), @p1='?' (Size = 4000), @p2='?' (Size = 4000), @p3='?' (Size = 4000), @p4='?' (Size = 4000), @p5='?' (Size = 4000), @p6='?' (DbType = DateTime2), @p7='?' (Size = 450)], CommandType='"Text"', CommandTimeout='30']
SET IMPLICIT_TRANSACTIONS OFF;
SET NOCOUNT ON;
INSERT INTO [AuditLogs] ([Action], [EntityId], [EntityType], [IPAddress], [NewValues], [OldValues], [Timestamp], [UserId])
OUTPUT INSERTED.[LogId]
VALUES (@p0, @p1, @p2, @p3, @p4, @p5, @p6, @p7);
2026-03-17 12:05:14.876 +05:30 [INF] Executing RedirectResult, redirecting to /Family/Dashboard.
2026-03-17 12:05:14.878 +05:30 [INF] Executed action PrisonerPortal.Controllers.AccountController.Login (PrisonerPortal) in 195.0974ms
2026-03-17 12:05:14.880 +05:30 [INF] Executed endpoint 'PrisonerPortal.Controllers.AccountController.Login (PrisonerPortal)'
2026-03-17 12:05:14.881 +05:30 [INF] Request finished HTTP/1.1 POST http://localhost:5050/ - 302 0 null 208.1806ms
2026-03-17 12:05:14.886 +05:30 [INF] Request starting HTTP/1.1 GET http://localhost:5050/Family/Dashboard - null null
2026-03-17 12:05:14.889 +05:30 [INF] Executing endpoint 'PrisonerPortal.Controllers.FamilyController.Dashboard (PrisonerPortal)'
2026-03-17 12:05:14.891 +05:30 [INF] Route matched with {action = "Dashboard", controller = "Family"}. Executing controller action with signature System.Threading.Tasks.Task`1[Microsoft.AspNetCore.Mvc.IActionResult] Dashboard() on controller PrisonerPortal.Controllers.FamilyController (PrisonerPortal).
2026-03-17 12:05:14.895 +05:30 [INF] Executed DbCommand (2ms) [Parameters=[@p='?' (Size = 450)], CommandType='"Text"', CommandTimeout='30']
SELECT TOP(1) [a].[Id], [a].[AccessFailedCount], [a].[Address], [a].[ConcurrencyStamp], [a].[CreatedAt], [a].[Email], [a].[EmailConfirmed], [a].[FullName], [a].[IsActive], [a].[LockoutEnabled], [a].[LockoutEnd], [a].[NormalizedEmail], [a].[NormalizedUserName], [a].[PasswordHash], [a].[PhoneNumber], [a].[PhoneNumberConfirmed], [a].[Role], [a].[SecurityStamp], [a].[TwoFactorEnabled], [a].[UserName]
FROM [AspNetUsers] AS [a]
WHERE [a].[Id] = @p
2026-03-17 12:05:14.904 +05:30 [INF] Executed DbCommand (3ms) [Parameters=[@userId='?' (Size = 450)], CommandType='"Text"', CommandTimeout='30']
SELECT [f].[LinkId], [f].[IsVerified], [f].[LinkedAt], [f].[PrisonerId], [f].[Relationship], [f].[UserId], [f].[VerifiedByAdminId], [p].[PrisonerId], [p].[CaseNumber], [p].[CellBlock], [p].[CellNumber], [p].[CreatedAt], [p].[CrimeCategory], [p].[DateOfBirth], [p].[FullName], [p].[Gender], [p].[PrisonerCode], [p].[SentenceEndDate], [p].[SentenceStartDate], [p].[Status], [p].[UpdatedAt]
FROM [FamilyPrisonerLinks] AS [f]
INNER JOIN [Prisoners] AS [p] ON [f].[PrisonerId] = [p].[PrisonerId]
WHERE [f].[UserId] = @userId AND [f].[IsVerified] = CAST(1 AS bit)
2026-03-17 12:05:14.913 +05:30 [INF] Executed DbCommand (4ms) [Parameters=[@userId='?' (Size = 450)], CommandType='"Text"', CommandTimeout='30']
SELECT [a].[AppointmentId], [a].[AdminNotes], [a].[AppointmentCode], [a].[BookedAt], [a].[NumVisitors], [a].[PrisonerId], [a].[Purpose], [a].[RejectionReason], [a].[SlotId], [a].[Status], [a].[UpdatedAt], [a].[UserId], [a].[VisitorNames], [p].[PrisonerId], [p].[CaseNumber], [p].[CellBlock], [p].[CellNumber], [p].[CreatedAt], [p].[CrimeCategory], [p].[DateOfBirth], [p].[FullName], [p].[Gender], [p].[PrisonerCode], [p].[SentenceEndDate], [p].[SentenceStartDate], [p].[Status], [p].[UpdatedAt], [v].[SlotId], [v].[CreatedAt], [v].[CreatedByAdminId], [v].[CurrentBookings], [v].[EndTime], [v].[IsActive], [v].[MaxCapacity], [v].[SlotDate], [v].[StartTime]
FROM [Appointments] AS [a]
INNER JOIN [Prisoners] AS [p] ON [a].[PrisonerId] = [p].[PrisonerId]
INNER JOIN [VisitSlots] AS [v] ON [a].[SlotId] = [v].[SlotId]
WHERE [a].[UserId] = @userId
ORDER BY [a].[BookedAt] DESC
2026-03-17 12:05:14.920 +05:30 [INF] Executed DbCommand (3ms) [Parameters=[@userId='?' (Size = 450)], CommandType='"Text"', CommandTimeout='30']
SELECT [s].[RequestId], [s].[AdminResponse], [s].[AssignedAdminId], [s].[Category], [s].[CreatedAt], [s].[Description], [s].[Priority], [s].[PrisonerId], [s].[RequestCode], [s].[ResolvedAt], [s].[Status], [s].[Subject], [s].[UpdatedAt], [s].[UserId], [p].[PrisonerId], [p].[CaseNumber], [p].[CellBlock], [p].[CellNumber], [p].[CreatedAt], [p].[CrimeCategory], [p].[DateOfBirth], [p].[FullName], [p].[Gender], [p].[PrisonerCode], [p].[SentenceEndDate], [p].[SentenceStartDate], [p].[Status], [p].[UpdatedAt]
FROM [SupportRequests] AS [s]
INNER JOIN [Prisoners] AS [p] ON [s].[PrisonerId] = [p].[PrisonerId]
WHERE [s].[UserId] = @userId
ORDER BY [s].[CreatedAt] DESC
2026-03-17 12:05:14.922 +05:30 [INF] Executing ViewResult, running view Dashboard.
2026-03-17 12:05:14.923 +05:30 [INF] Executed ViewResult - view Dashboard executed in 1.144ms.
2026-03-17 12:05:14.924 +05:30 [INF] Executed action PrisonerPortal.Controllers.FamilyController.Dashboard (PrisonerPortal) in 30.9527ms
2026-03-17 12:05:14.925 +05:30 [INF] Executed endpoint 'PrisonerPortal.Controllers.FamilyController.Dashboard (PrisonerPortal)'
2026-03-17 12:05:14.926 +05:30 [INF] Request finished HTTP/1.1 GET http://localhost:5050/Family/Dashboard - 200 null text/html; charset=utf-8 40.1824ms
2026-03-17 12:05:14.961 +05:30 [INF] Request starting HTTP/1.1 GET http://localhost:5050/Notifications/GetUnreadCount - null null
2026-03-17 12:05:14.964 +05:30 [INF] Executing endpoint 'PrisonerPortal.Controllers.NotificationsController.GetUnreadCount (PrisonerPortal)'
2026-03-17 12:05:14.965 +05:30 [INF] Route matched with {action = "GetUnreadCount", controller = "Notifications"}. Executing controller action with signature Microsoft.AspNetCore.Mvc.IActionResult GetUnreadCount() on controller PrisonerPortal.Controllers.NotificationsController (PrisonerPortal).
2026-03-17 12:05:14.970 +05:30 [INF] Executed DbCommand (3ms) [Parameters=[@userId='?' (Size = 450)], CommandType='"Text"', CommandTimeout='30']
SELECT COUNT(*)
FROM [Notifications] AS [n]
WHERE [n].[UserId] = @userId AND [n].[IsRead] = CAST(0 AS bit)
2026-03-17 12:05:14.973 +05:30 [INF] Executing JsonResult, writing value of type '<>f__AnonymousType1`1[[System.Int32, System.Private.CoreLib, Version=10.0.0.0, Culture=neutral, PublicKeyToken=7cec85d7bea7798e]]'.
2026-03-17 12:05:14.974 +05:30 [INF] Executed action PrisonerPortal.Controllers.NotificationsController.GetUnreadCount (PrisonerPortal) in 7.221ms
2026-03-17 12:05:14.975 +05:30 [INF] Executed endpoint 'PrisonerPortal.Controllers.NotificationsController.GetUnreadCount (PrisonerPortal)'
2026-03-17 12:05:14.977 +05:30 [INF] Request finished HTTP/1.1 GET http://localhost:5050/Notifications/GetUnreadCount - 200 null application/json; charset=utf-8 15.8203ms
2026-03-17 12:05:17.511 +05:30 [INF] Request starting HTTP/1.1 GET http://localhost:5050/Family/BookVisit - null null
2026-03-17 12:05:17.517 +05:30 [INF] Executing endpoint 'PrisonerPortal.Controllers.FamilyController.BookVisit (PrisonerPortal)'
2026-03-17 12:05:17.519 +05:30 [INF] Route matched with {action = "BookVisit", controller = "Family"}. Executing controller action with signature System.Threading.Tasks.Task`1[Microsoft.AspNetCore.Mvc.IActionResult] BookVisit(System.Nullable`1[System.Int32]) on controller PrisonerPortal.Controllers.FamilyController (PrisonerPortal).
2026-03-17 12:05:17.524 +05:30 [INF] Executed DbCommand (1ms) [Parameters=[@p='?' (Size = 450)], CommandType='"Text"', CommandTimeout='30']
SELECT TOP(1) [a].[Id], [a].[AccessFailedCount], [a].[Address], [a].[ConcurrencyStamp], [a].[CreatedAt], [a].[Email], [a].[EmailConfirmed], [a].[FullName], [a].[IsActive], [a].[LockoutEnabled], [a].[LockoutEnd], [a].[NormalizedEmail], [a].[NormalizedUserName], [a].[PasswordHash], [a].[PhoneNumber], [a].[PhoneNumberConfirmed], [a].[Role], [a].[SecurityStamp], [a].[TwoFactorEnabled], [a].[UserName]
FROM [AspNetUsers] AS [a]
WHERE [a].[Id] = @p
2026-03-17 12:05:17.529 +05:30 [INF] Executed DbCommand (1ms) [Parameters=[@userId='?' (Size = 450)], CommandType='"Text"', CommandTimeout='30']
SELECT [f].[LinkId], [f].[IsVerified], [f].[LinkedAt], [f].[PrisonerId], [f].[Relationship], [f].[UserId], [f].[VerifiedByAdminId], [p].[PrisonerId], [p].[CaseNumber], [p].[CellBlock], [p].[CellNumber], [p].[CreatedAt], [p].[CrimeCategory], [p].[DateOfBirth], [p].[FullName], [p].[Gender], [p].[PrisonerCode], [p].[SentenceEndDate], [p].[SentenceStartDate], [p].[Status], [p].[UpdatedAt]
FROM [FamilyPrisonerLinks] AS [f]
INNER JOIN [Prisoners] AS [p] ON [f].[PrisonerId] = [p].[PrisonerId]
WHERE [f].[UserId] = @userId AND [f].[IsVerified] = CAST(1 AS bit)
2026-03-17 12:05:17.535 +05:30 [INF] Executed DbCommand (3ms) [Parameters=[], CommandType='"Text"', CommandTimeout='30']
SELECT [v].[SlotId], [v].[CreatedAt], [v].[CreatedByAdminId], [v].[CurrentBookings], [v].[EndTime], [v].[IsActive], [v].[MaxCapacity], [v].[SlotDate], [v].[StartTime]
FROM [VisitSlots] AS [v]
WHERE [v].[IsActive] = CAST(1 AS bit) AND [v].[SlotDate] >= CONVERT(date, GETUTCDATE())
ORDER BY [v].[SlotDate], [v].[StartTime]
2026-03-17 12:05:17.538 +05:30 [INF] Executing ViewResult, running view BookVisit.
2026-03-17 12:05:17.546 +05:30 [INF] Executed ViewResult - view BookVisit executed in 8.7767ms.
2026-03-17 12:05:17.549 +05:30 [INF] Executed action PrisonerPortal.Controllers.FamilyController.BookVisit (PrisonerPortal) in 27.307ms
2026-03-17 12:05:17.551 +05:30 [INF] Executed endpoint 'PrisonerPortal.Controllers.FamilyController.BookVisit (PrisonerPortal)'
2026-03-17 12:05:17.552 +05:30 [INF] Request finished HTTP/1.1 GET http://localhost:5050/Family/BookVisit - 200 null text/html; charset=utf-8 41.4172ms
2026-03-17 12:05:17.568 +05:30 [INF] Request starting HTTP/1.1 GET http://localhost:5050/Notifications/GetUnreadCount - null null
2026-03-17 12:05:17.572 +05:30 [INF] Executing endpoint 'PrisonerPortal.Controllers.NotificationsController.GetUnreadCount (PrisonerPortal)'
2026-03-17 12:05:17.573 +05:30 [INF] Route matched with {action = "GetUnreadCount", controller = "Notifications"}. Executing controller action with signature Microsoft.AspNetCore.Mvc.IActionResult GetUnreadCount() on controller PrisonerPortal.Controllers.NotificationsController (PrisonerPortal).
2026-03-17 12:05:17.577 +05:30 [INF] Executed DbCommand (1ms) [Parameters=[@userId='?' (Size = 450)], CommandType='"Text"', CommandTimeout='30']
SELECT COUNT(*)
FROM [Notifications] AS [n]
WHERE [n].[UserId] = @userId AND [n].[IsRead] = CAST(0 AS bit)
2026-03-17 12:05:17.579 +05:30 [INF] Executing JsonResult, writing value of type '<>f__AnonymousType1`1[[System.Int32, System.Private.CoreLib, Version=10.0.0.0, Culture=neutral, PublicKeyToken=7cec85d7bea7798e]]'.
2026-03-17 12:05:17.580 +05:30 [INF] Executed action PrisonerPortal.Controllers.NotificationsController.GetUnreadCount (PrisonerPortal) in 4.669ms
2026-03-17 12:05:17.581 +05:30 [INF] Executed endpoint 'PrisonerPortal.Controllers.NotificationsController.GetUnreadCount (PrisonerPortal)'
2026-03-17 12:05:17.583 +05:30 [INF] Request finished HTTP/1.1 GET http://localhost:5050/Notifications/GetUnreadCount - 200 null application/json; charset=utf-8 14.7556ms
2026-03-17 12:05:23.276 +05:30 [INF] Request starting HTTP/1.1 GET http://localhost:5050/Family/MyAppointments - null null
2026-03-17 12:05:23.282 +05:30 [INF] Executing endpoint 'PrisonerPortal.Controllers.FamilyController.MyAppointments (PrisonerPortal)'
2026-03-17 12:05:23.290 +05:30 [INF] Route matched with {action = "MyAppointments", controller = "Family"}. Executing controller action with signature System.Threading.Tasks.Task`1[Microsoft.AspNetCore.Mvc.IActionResult] MyAppointments() on controller PrisonerPortal.Controllers.FamilyController (PrisonerPortal).
2026-03-17 12:05:23.294 +05:30 [INF] Executed DbCommand (1ms) [Parameters=[@p='?' (Size = 450)], CommandType='"Text"', CommandTimeout='30']
SELECT TOP(1) [a].[Id], [a].[AccessFailedCount], [a].[Address], [a].[ConcurrencyStamp], [a].[CreatedAt], [a].[Email], [a].[EmailConfirmed], [a].[FullName], [a].[IsActive], [a].[LockoutEnabled], [a].[LockoutEnd], [a].[NormalizedEmail], [a].[NormalizedUserName], [a].[PasswordHash], [a].[PhoneNumber], [a].[PhoneNumberConfirmed], [a].[Role], [a].[SecurityStamp], [a].[TwoFactorEnabled], [a].[UserName]
FROM [AspNetUsers] AS [a]
WHERE [a].[Id] = @p
2026-03-17 12:05:23.298 +05:30 [INF] Executed DbCommand (1ms) [Parameters=[@userId='?' (Size = 450)], CommandType='"Text"', CommandTimeout='30']
SELECT [a].[AppointmentId], [a].[AdminNotes], [a].[AppointmentCode], [a].[BookedAt], [a].[NumVisitors], [a].[PrisonerId], [a].[Purpose], [a].[RejectionReason], [a].[SlotId], [a].[Status], [a].[UpdatedAt], [a].[UserId], [a].[VisitorNames], [p].[PrisonerId], [p].[CaseNumber], [p].[CellBlock], [p].[CellNumber], [p].[CreatedAt], [p].[CrimeCategory], [p].[DateOfBirth], [p].[FullName], [p].[Gender], [p].[PrisonerCode], [p].[SentenceEndDate], [p].[SentenceStartDate], [p].[Status], [p].[UpdatedAt], [v].[SlotId], [v].[CreatedAt], [v].[CreatedByAdminId], [v].[CurrentBookings], [v].[EndTime], [v].[IsActive], [v].[MaxCapacity], [v].[SlotDate], [v].[StartTime]
FROM [Appointments] AS [a]
INNER JOIN [Prisoners] AS [p] ON [a].[PrisonerId] = [p].[PrisonerId]
INNER JOIN [VisitSlots] AS [v] ON [a].[SlotId] = [v].[SlotId]
WHERE [a].[UserId] = @userId
ORDER BY [a].[BookedAt] DESC
2026-03-17 12:05:23.303 +05:30 [INF] Executing ViewResult, running view MyAppointments.
2026-03-17 12:05:23.317 +05:30 [INF] Executed ViewResult - view MyAppointments executed in 15.8679ms.
2026-03-17 12:05:23.320 +05:30 [INF] Executed action PrisonerPortal.Controllers.FamilyController.MyAppointments (PrisonerPortal) in 28.7515ms
2026-03-17 12:05:23.323 +05:30 [INF] Executed endpoint 'PrisonerPortal.Controllers.FamilyController.MyAppointments (PrisonerPortal)'
2026-03-17 12:05:23.324 +05:30 [INF] Request finished HTTP/1.1 GET http://localhost:5050/Family/MyAppointments - 200 null text/html; charset=utf-8 47.2179ms
2026-03-17 12:05:23.327 +05:30 [INF] Request starting HTTP/1.1 GET http://localhost:5050/css/site.css?v=seqgy2E8WqM9es2uSck3zZTeEFYFhxuxOBVvoD-ron0 - null null
2026-03-17 12:05:23.330 +05:30 [INF] The file /css/site.css was not modified
2026-03-17 12:05:23.331 +05:30 [INF] Request finished HTTP/1.1 GET http://localhost:5050/css/site.css?v=seqgy2E8WqM9es2uSck3zZTeEFYFhxuxOBVvoD-ron0 - 304 null text/css 4.8608ms
2026-03-17 12:05:23.359 +05:30 [INF] Request starting HTTP/1.1 GET http://localhost:5050/Notifications/GetUnreadCount - null null
2026-03-17 12:05:23.362 +05:30 [INF] Executing endpoint 'PrisonerPortal.Controllers.NotificationsController.GetUnreadCount (PrisonerPortal)'
2026-03-17 12:05:23.364 +05:30 [INF] Route matched with {action = "GetUnreadCount", controller = "Notifications"}. Executing controller action with signature Microsoft.AspNetCore.Mvc.IActionResult GetUnreadCount() on controller PrisonerPortal.Controllers.NotificationsController (PrisonerPortal).
2026-03-17 12:05:23.368 +05:30 [INF] Executed DbCommand (1ms) [Parameters=[@userId='?' (Size = 450)], CommandType='"Text"', CommandTimeout='30']
SELECT COUNT(*)
FROM [Notifications] AS [n]
WHERE [n].[UserId] = @userId AND [n].[IsRead] = CAST(0 AS bit)
2026-03-17 12:05:23.371 +05:30 [INF] Executing JsonResult, writing value of type '<>f__AnonymousType1`1[[System.Int32, System.Private.CoreLib, Version=10.0.0.0, Culture=neutral, PublicKeyToken=7cec85d7bea7798e]]'.
2026-03-17 12:05:23.373 +05:30 [INF] Executed action PrisonerPortal.Controllers.NotificationsController.GetUnreadCount (PrisonerPortal) in 6.7234ms
2026-03-17 12:05:23.374 +05:30 [INF] Executed endpoint 'PrisonerPortal.Controllers.NotificationsController.GetUnreadCount (PrisonerPortal)'
2026-03-17 12:05:23.376 +05:30 [INF] Request finished HTTP/1.1 GET http://localhost:5050/Notifications/GetUnreadCount - 200 null application/json; charset=utf-8 16.7356ms
2026-03-17 12:05:27.642 +05:30 [INF] Request starting HTTP/1.1 GET http://localhost:5050/Family/BookVisit - null null
2026-03-17 12:05:27.647 +05:30 [INF] Executing endpoint 'PrisonerPortal.Controllers.FamilyController.BookVisit (PrisonerPortal)'
2026-03-17 12:05:27.649 +05:30 [INF] Route matched with {action = "BookVisit", controller = "Family"}. Executing controller action with signature System.Threading.Tasks.Task`1[Microsoft.AspNetCore.Mvc.IActionResult] BookVisit(System.Nullable`1[System.Int32]) on controller PrisonerPortal.Controllers.FamilyController (PrisonerPortal).
2026-03-17 12:05:27.651 +05:30 [INF] Executed DbCommand (1ms) [Parameters=[@p='?' (Size = 450)], CommandType='"Text"', CommandTimeout='30']
SELECT TOP(1) [a].[Id], [a].[AccessFailedCount], [a].[Address], [a].[ConcurrencyStamp], [a].[CreatedAt], [a].[Email], [a].[EmailConfirmed], [a].[FullName], [a].[IsActive], [a].[LockoutEnabled], [a].[LockoutEnd], [a].[NormalizedEmail], [a].[NormalizedUserName], [a].[PasswordHash], [a].[PhoneNumber], [a].[PhoneNumberConfirmed], [a].[Role], [a].[SecurityStamp], [a].[TwoFactorEnabled], [a].[UserName]
FROM [AspNetUsers] AS [a]
WHERE [a].[Id] = @p
2026-03-17 12:05:27.654 +05:30 [INF] Executed DbCommand (0ms) [Parameters=[@userId='?' (Size = 450)], CommandType='"Text"', CommandTimeout='30']
SELECT [f].[LinkId], [f].[IsVerified], [f].[LinkedAt], [f].[PrisonerId], [f].[Relationship], [f].[UserId], [f].[VerifiedByAdminId], [p].[PrisonerId], [p].[CaseNumber], [p].[CellBlock], [p].[CellNumber], [p].[CreatedAt], [p].[CrimeCategory], [p].[DateOfBirth], [p].[FullName], [p].[Gender], [p].[PrisonerCode], [p].[SentenceEndDate], [p].[SentenceStartDate], [p].[Status], [p].[UpdatedAt]
FROM [FamilyPrisonerLinks] AS [f]
INNER JOIN [Prisoners] AS [p] ON [f].[PrisonerId] = [p].[PrisonerId]
WHERE [f].[UserId] = @userId AND [f].[IsVerified] = CAST(1 AS bit)
2026-03-17 12:05:27.657 +05:30 [INF] Executed DbCommand (1ms) [Parameters=[], CommandType='"Text"', CommandTimeout='30']
SELECT [v].[SlotId], [v].[CreatedAt], [v].[CreatedByAdminId], [v].[CurrentBookings], [v].[EndTime], [v].[IsActive], [v].[MaxCapacity], [v].[SlotDate], [v].[StartTime]
FROM [VisitSlots] AS [v]
WHERE [v].[IsActive] = CAST(1 AS bit) AND [v].[SlotDate] >= CONVERT(date, GETUTCDATE())
ORDER BY [v].[SlotDate], [v].[StartTime]
2026-03-17 12:05:27.659 +05:30 [INF] Executing ViewResult, running view BookVisit.
2026-03-17 12:05:27.663 +05:30 [INF] Executed ViewResult - view BookVisit executed in 4.1507ms.
2026-03-17 12:05:27.665 +05:30 [INF] Executed action PrisonerPortal.Controllers.FamilyController.BookVisit (PrisonerPortal) in 14.8682ms
2026-03-17 12:05:27.666 +05:30 [INF] Executed endpoint 'PrisonerPortal.Controllers.FamilyController.BookVisit (PrisonerPortal)'
2026-03-17 12:05:27.667 +05:30 [INF] Request finished HTTP/1.1 GET http://localhost:5050/Family/BookVisit - 200 null text/html; charset=utf-8 25.4006ms
2026-03-17 12:05:27.692 +05:30 [INF] Request starting HTTP/1.1 GET http://localhost:5050/Notifications/GetUnreadCount - null null
2026-03-17 12:05:27.695 +05:30 [INF] Executing endpoint 'PrisonerPortal.Controllers.NotificationsController.GetUnreadCount (PrisonerPortal)'
2026-03-17 12:05:27.697 +05:30 [INF] Route matched with {action = "GetUnreadCount", controller = "Notifications"}. Executing controller action with signature Microsoft.AspNetCore.Mvc.IActionResult GetUnreadCount() on controller PrisonerPortal.Controllers.NotificationsController (PrisonerPortal).
2026-03-17 12:05:27.701 +05:30 [INF] Executed DbCommand (0ms) [Parameters=[@userId='?' (Size = 450)], CommandType='"Text"', CommandTimeout='30']
SELECT COUNT(*)
FROM [Notifications] AS [n]
WHERE [n].[UserId] = @userId AND [n].[IsRead] = CAST(0 AS bit)
2026-03-17 12:05:27.704 +05:30 [INF] Executing JsonResult, writing value of type '<>f__AnonymousType1`1[[System.Int32, System.Private.CoreLib, Version=10.0.0.0, Culture=neutral, PublicKeyToken=7cec85d7bea7798e]]'.
2026-03-17 12:05:27.705 +05:30 [INF] Executed action PrisonerPortal.Controllers.NotificationsController.GetUnreadCount (PrisonerPortal) in 5.643ms
2026-03-17 12:05:27.708 +05:30 [INF] Executed endpoint 'PrisonerPortal.Controllers.NotificationsController.GetUnreadCount (PrisonerPortal)'
2026-03-17 12:05:27.709 +05:30 [INF] Request finished HTTP/1.1 GET http://localhost:5050/Notifications/GetUnreadCount - 200 null application/json; charset=utf-8 17.1483ms
2026-03-17 12:05:47.374 +05:30 [INF] Request starting HTTP/1.1 POST http://localhost:5050/Family/BookVisit - application/x-www-form-urlencoded 337
2026-03-17 12:05:47.377 +05:30 [INF] Executing endpoint 'PrisonerPortal.Controllers.FamilyController.BookVisit (PrisonerPortal)'
2026-03-17 12:05:47.379 +05:30 [INF] Route matched with {action = "BookVisit", controller = "Family"}. Executing controller action with signature System.Threading.Tasks.Task`1[Microsoft.AspNetCore.Mvc.IActionResult] BookVisit(PrisonerPortal.Models.ViewModels.BookVisitViewModel) on controller PrisonerPortal.Controllers.FamilyController (PrisonerPortal).
2026-03-17 12:05:47.384 +05:30 [INF] Executed DbCommand (1ms) [Parameters=[@p='?' (Size = 450)], CommandType='"Text"', CommandTimeout='30']
SELECT TOP(1) [a].[Id], [a].[AccessFailedCount], [a].[Address], [a].[ConcurrencyStamp], [a].[CreatedAt], [a].[Email], [a].[EmailConfirmed], [a].[FullName], [a].[IsActive], [a].[LockoutEnabled], [a].[LockoutEnd], [a].[NormalizedEmail], [a].[NormalizedUserName], [a].[PasswordHash], [a].[PhoneNumber], [a].[PhoneNumberConfirmed], [a].[Role], [a].[SecurityStamp], [a].[TwoFactorEnabled], [a].[UserName]
FROM [AspNetUsers] AS [a]
WHERE [a].[Id] = @p
2026-03-17 12:05:47.389 +05:30 [ERR] An exception occurred while iterating over the results of a query for context type 'PrisonerPortal.Data.ApplicationDbContext'.
System.InvalidOperationException: The configured execution strategy 'SqlServerRetryingExecutionStrategy' does not support user-initiated transactions. Use the execution strategy returned by 'DbContext.Database.CreateExecutionStrategy()' to execute all the operations in the transaction as a retriable unit.
   at Microsoft.EntityFrameworkCore.Storage.ExecutionStrategy.OnFirstExecution()
   at Microsoft.EntityFrameworkCore.Storage.ExecutionStrategy.ExecuteAsync[TState,TResult](TState state, Func`4 operation, Func`4 verifySucceeded, CancellationToken cancellationToken)
   at Microsoft.EntityFrameworkCore.Query.Internal.SingleQueryingEnumerable`1.AsyncEnumerator.MoveNextAsync()
System.InvalidOperationException: The configured execution strategy 'SqlServerRetryingExecutionStrategy' does not support user-initiated transactions. Use the execution strategy returned by 'DbContext.Database.CreateExecutionStrategy()' to execute all the operations in the transaction as a retriable unit.
   at Microsoft.EntityFrameworkCore.Storage.ExecutionStrategy.OnFirstExecution()
   at Microsoft.EntityFrameworkCore.Storage.ExecutionStrategy.ExecuteAsync[TState,TResult](TState state, Func`4 operation, Func`4 verifySucceeded, CancellationToken cancellationToken)
   at Microsoft.EntityFrameworkCore.Query.Internal.SingleQueryingEnumerable`1.AsyncEnumerator.MoveNextAsync()
2026-03-17 12:05:47.482 +05:30 [INF] Executed DbCommand (1ms) [Parameters=[@userId='?' (Size = 450)], CommandType='"Text"', CommandTimeout='30']
SELECT [f].[LinkId], [f].[IsVerified], [f].[LinkedAt], [f].[PrisonerId], [f].[Relationship], [f].[UserId], [f].[VerifiedByAdminId], [p].[PrisonerId], [p].[CaseNumber], [p].[CellBlock], [p].[CellNumber], [p].[CreatedAt], [p].[CrimeCategory], [p].[DateOfBirth], [p].[FullName], [p].[Gender], [p].[PrisonerCode], [p].[SentenceEndDate], [p].[SentenceStartDate], [p].[Status], [p].[UpdatedAt]
FROM [FamilyPrisonerLinks] AS [f]
INNER JOIN [Prisoners] AS [p] ON [f].[PrisonerId] = [p].[PrisonerId]
WHERE [f].[UserId] = @userId AND [f].[IsVerified] = CAST(1 AS bit)
2026-03-17 12:05:47.488 +05:30 [INF] Executed DbCommand (1ms) [Parameters=[], CommandType='"Text"', CommandTimeout='30']
SELECT [v].[SlotId], [v].[CreatedAt], [v].[CreatedByAdminId], [v].[CurrentBookings], [v].[EndTime], [v].[IsActive], [v].[MaxCapacity], [v].[SlotDate], [v].[StartTime]
FROM [VisitSlots] AS [v]
WHERE [v].[IsActive] = CAST(1 AS bit) AND [v].[SlotDate] >= CONVERT(date, GETUTCDATE())
ORDER BY [v].[SlotDate], [v].[StartTime]
2026-03-17 12:05:47.493 +05:30 [INF] Executing ViewResult, running view BookVisit.
2026-03-17 12:05:47.499 +05:30 [INF] Executed ViewResult - view BookVisit executed in 6.213ms.
2026-03-17 12:05:47.503 +05:30 [INF] Executed action PrisonerPortal.Controllers.FamilyController.BookVisit (PrisonerPortal) in 121.9319ms
2026-03-17 12:05:47.509 +05:30 [INF] Executed endpoint 'PrisonerPortal.Controllers.FamilyController.BookVisit (PrisonerPortal)'
2026-03-17 12:05:47.510 +05:30 [INF] Request finished HTTP/1.1 POST http://localhost:5050/Family/BookVisit - 200 null text/html; charset=utf-8 135.7699ms
2026-03-17 12:05:47.525 +05:30 [INF] Request starting HTTP/1.1 GET http://localhost:5050/Notifications/GetUnreadCount - null null
2026-03-17 12:05:47.529 +05:30 [INF] Executing endpoint 'PrisonerPortal.Controllers.NotificationsController.GetUnreadCount (PrisonerPortal)'
2026-03-17 12:05:47.531 +05:30 [INF] Route matched with {action = "GetUnreadCount", controller = "Notifications"}. Executing controller action with signature Microsoft.AspNetCore.Mvc.IActionResult GetUnreadCount() on controller PrisonerPortal.Controllers.NotificationsController (PrisonerPortal).
2026-03-17 12:05:47.534 +05:30 [INF] Executed DbCommand (1ms) [Parameters=[@userId='?' (Size = 450)], CommandType='"Text"', CommandTimeout='30']
SELECT COUNT(*)
FROM [Notifications] AS [n]
WHERE [n].[UserId] = @userId AND [n].[IsRead] = CAST(0 AS bit)
2026-03-17 12:05:47.537 +05:30 [INF] Executing JsonResult, writing value of type '<>f__AnonymousType1`1[[System.Int32, System.Private.CoreLib, Version=10.0.0.0, Culture=neutral, PublicKeyToken=7cec85d7bea7798e]]'.
2026-03-17 12:05:47.539 +05:30 [INF] Executed action PrisonerPortal.Controllers.NotificationsController.GetUnreadCount (PrisonerPortal) in 6.3444ms
2026-03-17 12:05:47.540 +05:30 [INF] Executed endpoint 'PrisonerPortal.Controllers.NotificationsController.GetUnreadCount (PrisonerPortal)'
2026-03-17 12:05:47.541 +05:30 [INF] Request finished HTTP/1.1 GET http://localhost:5050/Notifications/GetUnreadCount - 200 null application/json; charset=utf-8 15.9547ms
2026-03-17 12:06:18.074 +05:30 [INF] Request starting HTTP/1.1 GET http://localhost:5050/Notifications/GetUnreadCount - null null
2026-03-17 12:06:18.091 +05:30 [INF] Executing endpoint 'PrisonerPortal.Controllers.NotificationsController.GetUnreadCount (PrisonerPortal)'
2026-03-17 12:06:18.094 +05:30 [INF] Route matched with {action = "GetUnreadCount", controller = "Notifications"}. Executing controller action with signature Microsoft.AspNetCore.Mvc.IActionResult GetUnreadCount() on controller PrisonerPortal.Controllers.NotificationsController (PrisonerPortal).
2026-03-17 12:06:18.106 +05:30 [INF] Executed DbCommand (6ms) [Parameters=[@userId='?' (Size = 450)], CommandType='"Text"', CommandTimeout='30']
SELECT COUNT(*)
FROM [Notifications] AS [n]
WHERE [n].[UserId] = @userId AND [n].[IsRead] = CAST(0 AS bit)
2026-03-17 12:06:18.110 +05:30 [INF] Executing JsonResult, writing value of type '<>f__AnonymousType1`1[[System.Int32, System.Private.CoreLib, Version=10.0.0.0, Culture=neutral, PublicKeyToken=7cec85d7bea7798e]]'.
2026-03-17 12:06:18.113 +05:30 [INF] Executed action PrisonerPortal.Controllers.NotificationsController.GetUnreadCount (PrisonerPortal) in 14.1811ms
2026-03-17 12:06:18.117 +05:30 [INF] Executed endpoint 'PrisonerPortal.Controllers.NotificationsController.GetUnreadCount (PrisonerPortal)'
2026-03-17 12:06:18.120 +05:30 [INF] Request finished HTTP/1.1 GET http://localhost:5050/Notifications/GetUnreadCount - 200 null application/json; charset=utf-8 46.0162ms
2026-03-17 12:06:48.066 +05:30 [INF] Request starting HTTP/1.1 GET http://localhost:5050/Notifications/GetUnreadCount - null null
2026-03-17 12:06:48.077 +05:30 [INF] Executing endpoint 'PrisonerPortal.Controllers.NotificationsController.GetUnreadCount (PrisonerPortal)'
2026-03-17 12:06:48.081 +05:30 [INF] Route matched with {action = "GetUnreadCount", controller = "Notifications"}. Executing controller action with signature Microsoft.AspNetCore.Mvc.IActionResult GetUnreadCount() on controller PrisonerPortal.Controllers.NotificationsController (PrisonerPortal).
2026-03-17 12:06:48.087 +05:30 [INF] Executed DbCommand (1ms) [Parameters=[@userId='?' (Size = 450)], CommandType='"Text"', CommandTimeout='30']
SELECT COUNT(*)
FROM [Notifications] AS [n]
WHERE [n].[UserId] = @userId AND [n].[IsRead] = CAST(0 AS bit)
2026-03-17 12:06:48.091 +05:30 [INF] Executing JsonResult, writing value of type '<>f__AnonymousType1`1[[System.Int32, System.Private.CoreLib, Version=10.0.0.0, Culture=neutral, PublicKeyToken=7cec85d7bea7798e]]'.
2026-03-17 12:06:48.094 +05:30 [INF] Executed action PrisonerPortal.Controllers.NotificationsController.GetUnreadCount (PrisonerPortal) in 8.5054ms
2026-03-17 12:06:48.099 +05:30 [INF] Executed endpoint 'PrisonerPortal.Controllers.NotificationsController.GetUnreadCount (PrisonerPortal)'
2026-03-17 12:06:48.104 +05:30 [INF] Request finished HTTP/1.1 GET http://localhost:5050/Notifications/GetUnreadCount - 200 null application/json; charset=utf-8 37.5096ms
2026-03-17 12:07:18.076 +05:30 [INF] Request starting HTTP/1.1 GET http://localhost:5050/Notifications/GetUnreadCount - null null
2026-03-17 12:07:18.082 +05:30 [INF] Executing endpoint 'PrisonerPortal.Controllers.NotificationsController.GetUnreadCount (PrisonerPortal)'
2026-03-17 12:07:18.085 +05:30 [INF] Route matched with {action = "GetUnreadCount", controller = "Notifications"}. Executing controller action with signature Microsoft.AspNetCore.Mvc.IActionResult GetUnreadCount() on controller PrisonerPortal.Controllers.NotificationsController (PrisonerPortal).
2026-03-17 12:07:18.093 +05:30 [INF] Executed DbCommand (5ms) [Parameters=[@userId='?' (Size = 450)], CommandType='"Text"', CommandTimeout='30']
SELECT COUNT(*)
FROM [Notifications] AS [n]
WHERE [n].[UserId] = @userId AND [n].[IsRead] = CAST(0 AS bit)
2026-03-17 12:07:18.099 +05:30 [INF] Executing JsonResult, writing value of type '<>f__AnonymousType1`1[[System.Int32, System.Private.CoreLib, Version=10.0.0.0, Culture=neutral, PublicKeyToken=7cec85d7bea7798e]]'.
2026-03-17 12:07:18.100 +05:30 [INF] Executed action PrisonerPortal.Controllers.NotificationsController.GetUnreadCount (PrisonerPortal) in 12.7307ms
2026-03-17 12:07:18.102 +05:30 [INF] Executed endpoint 'PrisonerPortal.Controllers.NotificationsController.GetUnreadCount (PrisonerPortal)'
2026-03-17 12:07:18.103 +05:30 [INF] Request finished HTTP/1.1 GET http://localhost:5050/Notifications/GetUnreadCount - 200 null application/json; charset=utf-8 26.5383ms
2026-03-17 12:07:48.077 +05:30 [INF] Request starting HTTP/1.1 GET http://localhost:5050/Notifications/GetUnreadCount - null null
2026-03-17 12:07:48.088 +05:30 [INF] Executing endpoint 'PrisonerPortal.Controllers.NotificationsController.GetUnreadCount (PrisonerPortal)'
2026-03-17 12:07:48.092 +05:30 [INF] Route matched with {action = "GetUnreadCount", controller = "Notifications"}. Executing controller action with signature Microsoft.AspNetCore.Mvc.IActionResult GetUnreadCount() on controller PrisonerPortal.Controllers.NotificationsController (PrisonerPortal).
2026-03-17 12:07:48.102 +05:30 [INF] Executed DbCommand (5ms) [Parameters=[@userId='?' (Size = 450)], CommandType='"Text"', CommandTimeout='30']
SELECT COUNT(*)
FROM [Notifications] AS [n]
WHERE [n].[UserId] = @userId AND [n].[IsRead] = CAST(0 AS bit)
2026-03-17 12:07:48.107 +05:30 [INF] Executing JsonResult, writing value of type '<>f__AnonymousType1`1[[System.Int32, System.Private.CoreLib, Version=10.0.0.0, Culture=neutral, PublicKeyToken=7cec85d7bea7798e]]'.
2026-03-17 12:07:48.111 +05:30 [INF] Executed action PrisonerPortal.Controllers.NotificationsController.GetUnreadCount (PrisonerPortal) in 13.9246ms
2026-03-17 12:07:48.113 +05:30 [INF] Executed endpoint 'PrisonerPortal.Controllers.NotificationsController.GetUnreadCount (PrisonerPortal)'
2026-03-17 12:07:48.115 +05:30 [INF] Request finished HTTP/1.1 GET http://localhost:5050/Notifications/GetUnreadCount - 200 null application/json; charset=utf-8 37.4789ms
2026-03-17 12:08:18.071 +05:30 [INF] Request starting HTTP/1.1 GET http://localhost:5050/Notifications/GetUnreadCount - null null
2026-03-17 12:08:18.084 +05:30 [INF] Executing endpoint 'PrisonerPortal.Controllers.NotificationsController.GetUnreadCount (PrisonerPortal)'
2026-03-17 12:08:18.089 +05:30 [INF] Route matched with {action = "GetUnreadCount", controller = "Notifications"}. Executing controller action with signature Microsoft.AspNetCore.Mvc.IActionResult GetUnreadCount() on controller PrisonerPortal.Controllers.NotificationsController (PrisonerPortal).
2026-03-17 12:08:18.094 +05:30 [INF] Executed DbCommand (1ms) [Parameters=[@userId='?' (Size = 450)], CommandType='"Text"', CommandTimeout='30']
SELECT COUNT(*)
FROM [Notifications] AS [n]
WHERE [n].[UserId] = @userId AND [n].[IsRead] = CAST(0 AS bit)
2026-03-17 12:08:18.097 +05:30 [INF] Executing JsonResult, writing value of type '<>f__AnonymousType1`1[[System.Int32, System.Private.CoreLib, Version=10.0.0.0, Culture=neutral, PublicKeyToken=7cec85d7bea7798e]]'.
2026-03-17 12:08:18.099 +05:30 [INF] Executed action PrisonerPortal.Controllers.NotificationsController.GetUnreadCount (PrisonerPortal) in 6.0205ms
2026-03-17 12:08:18.100 +05:30 [INF] Executed endpoint 'PrisonerPortal.Controllers.NotificationsController.GetUnreadCount (PrisonerPortal)'
2026-03-17 12:08:18.101 +05:30 [INF] Request finished HTTP/1.1 GET http://localhost:5050/Notifications/GetUnreadCount - 200 null application/json; charset=utf-8 30.4752ms
2026-03-17 12:08:48.078 +05:30 [INF] Request starting HTTP/1.1 GET http://localhost:5050/Notifications/GetUnreadCount - null null
2026-03-17 12:08:48.091 +05:30 [INF] Executing endpoint 'PrisonerPortal.Controllers.NotificationsController.GetUnreadCount (PrisonerPortal)'
2026-03-17 12:08:48.096 +05:30 [INF] Route matched with {action = "GetUnreadCount", controller = "Notifications"}. Executing controller action with signature Microsoft.AspNetCore.Mvc.IActionResult GetUnreadCount() on controller PrisonerPortal.Controllers.NotificationsController (PrisonerPortal).
2026-03-17 12:08:48.111 +05:30 [INF] Executed DbCommand (6ms) [Parameters=[@userId='?' (Size = 450)], CommandType='"Text"', CommandTimeout='30']
SELECT COUNT(*)
FROM [Notifications] AS [n]
WHERE [n].[UserId] = @userId AND [n].[IsRead] = CAST(0 AS bit)
2026-03-17 12:08:48.120 +05:30 [INF] Executing JsonResult, writing value of type '<>f__AnonymousType1`1[[System.Int32, System.Private.CoreLib, Version=10.0.0.0, Culture=neutral, PublicKeyToken=7cec85d7bea7798e]]'.
2026-03-17 12:08:48.124 +05:30 [INF] Executed action PrisonerPortal.Controllers.NotificationsController.GetUnreadCount (PrisonerPortal) in 20.017ms
2026-03-17 12:08:48.129 +05:30 [INF] Executed endpoint 'PrisonerPortal.Controllers.NotificationsController.GetUnreadCount (PrisonerPortal)'
2026-03-17 12:08:48.134 +05:30 [INF] Request finished HTTP/1.1 GET http://localhost:5050/Notifications/GetUnreadCount - 200 null application/json; charset=utf-8 55.5983ms
2026-03-17 12:09:18.069 +05:30 [INF] Request starting HTTP/1.1 GET http://localhost:5050/Notifications/GetUnreadCount - null null
2026-03-17 12:09:18.081 +05:30 [INF] Executing endpoint 'PrisonerPortal.Controllers.NotificationsController.GetUnreadCount (PrisonerPortal)'
2026-03-17 12:09:18.084 +05:30 [INF] Route matched with {action = "GetUnreadCount", controller = "Notifications"}. Executing controller action with signature Microsoft.AspNetCore.Mvc.IActionResult GetUnreadCount() on controller PrisonerPortal.Controllers.NotificationsController (PrisonerPortal).
2026-03-17 12:09:18.091 +05:30 [INF] Executed DbCommand (1ms) [Parameters=[@userId='?' (Size = 450)], CommandType='"Text"', CommandTimeout='30']
SELECT COUNT(*)
FROM [Notifications] AS [n]
WHERE [n].[UserId] = @userId AND [n].[IsRead] = CAST(0 AS bit)
2026-03-17 12:09:18.100 +05:30 [INF] Executing JsonResult, writing value of type '<>f__AnonymousType1`1[[System.Int32, System.Private.CoreLib, Version=10.0.0.0, Culture=neutral, PublicKeyToken=7cec85d7bea7798e]]'.
2026-03-17 12:09:18.105 +05:30 [INF] Executed action PrisonerPortal.Controllers.NotificationsController.GetUnreadCount (PrisonerPortal) in 15.01ms
2026-03-17 12:09:18.111 +05:30 [INF] Executed endpoint 'PrisonerPortal.Controllers.NotificationsController.GetUnreadCount (PrisonerPortal)'
2026-03-17 12:09:18.115 +05:30 [INF] Request finished HTTP/1.1 GET http://localhost:5050/Notifications/GetUnreadCount - 200 null application/json; charset=utf-8 46.2628ms
2026-03-17 12:10:19.080 +05:30 [INF] Request starting HTTP/1.1 GET http://localhost:5050/Notifications/GetUnreadCount - null null
2026-03-17 12:10:19.094 +05:30 [INF] Executing endpoint 'PrisonerPortal.Controllers.NotificationsController.GetUnreadCount (PrisonerPortal)'
2026-03-17 12:10:19.096 +05:30 [INF] Route matched with {action = "GetUnreadCount", controller = "Notifications"}. Executing controller action with signature Microsoft.AspNetCore.Mvc.IActionResult GetUnreadCount() on controller PrisonerPortal.Controllers.NotificationsController (PrisonerPortal).
2026-03-17 12:10:19.107 +05:30 [INF] Executed DbCommand (4ms) [Parameters=[@userId='?' (Size = 450)], CommandType='"Text"', CommandTimeout='30']
SELECT COUNT(*)
FROM [Notifications] AS [n]
WHERE [n].[UserId] = @userId AND [n].[IsRead] = CAST(0 AS bit)
2026-03-17 12:10:19.113 +05:30 [INF] Executing JsonResult, writing value of type '<>f__AnonymousType1`1[[System.Int32, System.Private.CoreLib, Version=10.0.0.0, Culture=neutral, PublicKeyToken=7cec85d7bea7798e]]'.
2026-03-17 12:10:19.115 +05:30 [INF] Executed action PrisonerPortal.Controllers.NotificationsController.GetUnreadCount (PrisonerPortal) in 13.4946ms
2026-03-17 12:10:19.117 +05:30 [INF] Executed endpoint 'PrisonerPortal.Controllers.NotificationsController.GetUnreadCount (PrisonerPortal)'
2026-03-17 12:10:19.118 +05:30 [INF] Request finished HTTP/1.1 GET http://localhost:5050/Notifications/GetUnreadCount - 200 null application/json; charset=utf-8 38.3805ms
2026-03-17 12:11:20.073 +05:30 [INF] Request starting HTTP/1.1 GET http://localhost:5050/Notifications/GetUnreadCount - null null
2026-03-17 12:11:20.097 +05:30 [INF] Executing endpoint 'PrisonerPortal.Controllers.NotificationsController.GetUnreadCount (PrisonerPortal)'
2026-03-17 12:11:20.103 +05:30 [INF] Route matched with {action = "GetUnreadCount", controller = "Notifications"}. Executing controller action with signature Microsoft.AspNetCore.Mvc.IActionResult GetUnreadCount() on controller PrisonerPortal.Controllers.NotificationsController (PrisonerPortal).
2026-03-17 12:11:20.137 +05:30 [INF] Executed DbCommand (10ms) [Parameters=[@userId='?' (Size = 450)], CommandType='"Text"', CommandTimeout='30']
SELECT COUNT(*)
FROM [Notifications] AS [n]
WHERE [n].[UserId] = @userId AND [n].[IsRead] = CAST(0 AS bit)
2026-03-17 12:11:20.151 +05:30 [INF] Executing JsonResult, writing value of type '<>f__AnonymousType1`1[[System.Int32, System.Private.CoreLib, Version=10.0.0.0, Culture=neutral, PublicKeyToken=7cec85d7bea7798e]]'.
2026-03-17 12:11:20.156 +05:30 [INF] Executed action PrisonerPortal.Controllers.NotificationsController.GetUnreadCount (PrisonerPortal) in 33.143ms
2026-03-17 12:11:20.167 +05:30 [INF] Executed endpoint 'PrisonerPortal.Controllers.NotificationsController.GetUnreadCount (PrisonerPortal)'
2026-03-17 12:11:20.172 +05:30 [INF] Request finished HTTP/1.1 GET http://localhost:5050/Notifications/GetUnreadCount - 200 null application/json; charset=utf-8 98.2868ms
2026-03-17 12:12:21.079 +05:30 [INF] Request starting HTTP/1.1 GET http://localhost:5050/Notifications/GetUnreadCount - null null
2026-03-17 12:12:21.094 +05:30 [INF] Executing endpoint 'PrisonerPortal.Controllers.NotificationsController.GetUnreadCount (PrisonerPortal)'
2026-03-17 12:12:21.099 +05:30 [INF] Route matched with {action = "GetUnreadCount", controller = "Notifications"}. Executing controller action with signature Microsoft.AspNetCore.Mvc.IActionResult GetUnreadCount() on controller PrisonerPortal.Controllers.NotificationsController (PrisonerPortal).
2026-03-17 12:12:21.131 +05:30 [INF] Executed DbCommand (16ms) [Parameters=[@userId='?' (Size = 450)], CommandType='"Text"', CommandTimeout='30']
SELECT COUNT(*)
FROM [Notifications] AS [n]
WHERE [n].[UserId] = @userId AND [n].[IsRead] = CAST(0 AS bit)
2026-03-17 12:12:21.149 +05:30 [INF] Executing JsonResult, writing value of type '<>f__AnonymousType1`1[[System.Int32, System.Private.CoreLib, Version=10.0.0.0, Culture=neutral, PublicKeyToken=7cec85d7bea7798e]]'.
2026-03-17 12:12:21.159 +05:30 [INF] Executed action PrisonerPortal.Controllers.NotificationsController.GetUnreadCount (PrisonerPortal) in 47.7557ms
2026-03-17 12:12:21.172 +05:30 [INF] Executed endpoint 'PrisonerPortal.Controllers.NotificationsController.GetUnreadCount (PrisonerPortal)'
2026-03-17 12:12:21.182 +05:30 [INF] Request finished HTTP/1.1 GET http://localhost:5050/Notifications/GetUnreadCount - 200 null application/json; charset=utf-8 103.6817ms
2026-03-17 12:13:22.076 +05:30 [INF] Request starting HTTP/1.1 GET http://localhost:5050/Notifications/GetUnreadCount - null null
2026-03-17 12:13:22.097 +05:30 [INF] Executing endpoint 'PrisonerPortal.Controllers.NotificationsController.GetUnreadCount (PrisonerPortal)'
2026-03-17 12:13:22.104 +05:30 [INF] Route matched with {action = "GetUnreadCount", controller = "Notifications"}. Executing controller action with signature Microsoft.AspNetCore.Mvc.IActionResult GetUnreadCount() on controller PrisonerPortal.Controllers.NotificationsController (PrisonerPortal).
2026-03-17 12:13:22.140 +05:30 [INF] Executed DbCommand (19ms) [Parameters=[@userId='?' (Size = 450)], CommandType='"Text"', CommandTimeout='30']
SELECT COUNT(*)
FROM [Notifications] AS [n]
WHERE [n].[UserId] = @userId AND [n].[IsRead] = CAST(0 AS bit)
2026-03-17 12:13:22.156 +05:30 [INF] Executing JsonResult, writing value of type '<>f__AnonymousType1`1[[System.Int32, System.Private.CoreLib, Version=10.0.0.0, Culture=neutral, PublicKeyToken=7cec85d7bea7798e]]'.
2026-03-17 12:13:22.163 +05:30 [INF] Executed action PrisonerPortal.Controllers.NotificationsController.GetUnreadCount (PrisonerPortal) in 47.1671ms
2026-03-17 12:13:22.173 +05:30 [INF] Executed endpoint 'PrisonerPortal.Controllers.NotificationsController.GetUnreadCount (PrisonerPortal)'
2026-03-17 12:13:22.186 +05:30 [INF] Request finished HTTP/1.1 GET http://localhost:5050/Notifications/GetUnreadCount - 200 null application/json; charset=utf-8 110.5332ms
2026-03-17 12:14:23.073 +05:30 [INF] Request starting HTTP/1.1 GET http://localhost:5050/Notifications/GetUnreadCount - null null
2026-03-17 12:14:23.090 +05:30 [INF] Executing endpoint 'PrisonerPortal.Controllers.NotificationsController.GetUnreadCount (PrisonerPortal)'
2026-03-17 12:14:23.094 +05:30 [INF] Route matched with {action = "GetUnreadCount", controller = "Notifications"}. Executing controller action with signature Microsoft.AspNetCore.Mvc.IActionResult GetUnreadCount() on controller PrisonerPortal.Controllers.NotificationsController (PrisonerPortal).
2026-03-17 12:14:23.120 +05:30 [INF] Executed DbCommand (15ms) [Parameters=[@userId='?' (Size = 450)], CommandType='"Text"', CommandTimeout='30']
SELECT COUNT(*)
FROM [Notifications] AS [n]
WHERE [n].[UserId] = @userId AND [n].[IsRead] = CAST(0 AS bit)
2026-03-17 12:14:23.137 +05:30 [INF] Executing JsonResult, writing value of type '<>f__AnonymousType1`1[[System.Int32, System.Private.CoreLib, Version=10.0.0.0, Culture=neutral, PublicKeyToken=7cec85d7bea7798e]]'.
2026-03-17 12:14:23.145 +05:30 [INF] Executed action PrisonerPortal.Controllers.NotificationsController.GetUnreadCount (PrisonerPortal) in 41.6262ms
2026-03-17 12:14:23.155 +05:30 [INF] Executed endpoint 'PrisonerPortal.Controllers.NotificationsController.GetUnreadCount (PrisonerPortal)'
2026-03-17 12:14:23.158 +05:30 [INF] Request finished HTTP/1.1 GET http://localhost:5050/Notifications/GetUnreadCount - 200 null application/json; charset=utf-8 85.3279ms
2026-03-17 12:15:24.075 +05:30 [INF] Request starting HTTP/1.1 GET http://localhost:5050/Notifications/GetUnreadCount - null null
2026-03-17 12:15:24.086 +05:30 [INF] Executing endpoint 'PrisonerPortal.Controllers.NotificationsController.GetUnreadCount (PrisonerPortal)'
2026-03-17 12:15:24.092 +05:30 [INF] Route matched with {action = "GetUnreadCount", controller = "Notifications"}. Executing controller action with signature Microsoft.AspNetCore.Mvc.IActionResult GetUnreadCount() on controller PrisonerPortal.Controllers.NotificationsController (PrisonerPortal).
2026-03-17 12:15:24.114 +05:30 [INF] Executed DbCommand (16ms) [Parameters=[@userId='?' (Size = 450)], CommandType='"Text"', CommandTimeout='30']
SELECT COUNT(*)
FROM [Notifications] AS [n]
WHERE [n].[UserId] = @userId AND [n].[IsRead] = CAST(0 AS bit)
2026-03-17 12:15:24.126 +05:30 [INF] Executing JsonResult, writing value of type '<>f__AnonymousType1`1[[System.Int32, System.Private.CoreLib, Version=10.0.0.0, Culture=neutral, PublicKeyToken=7cec85d7bea7798e]]'.
2026-03-17 12:15:24.135 +05:30 [INF] Executed action PrisonerPortal.Controllers.NotificationsController.GetUnreadCount (PrisonerPortal) in 40.1509ms
2026-03-17 12:15:24.144 +05:30 [INF] Executed endpoint 'PrisonerPortal.Controllers.NotificationsController.GetUnreadCount (PrisonerPortal)'
2026-03-17 12:15:24.151 +05:30 [INF] Request finished HTTP/1.1 GET http://localhost:5050/Notifications/GetUnreadCount - 200 null application/json; charset=utf-8 75.9386ms
2026-03-17 12:16:25.075 +05:30 [INF] Request starting HTTP/1.1 GET http://localhost:5050/Notifications/GetUnreadCount - null null
2026-03-17 12:16:25.087 +05:30 [INF] Executing endpoint 'PrisonerPortal.Controllers.NotificationsController.GetUnreadCount (PrisonerPortal)'
2026-03-17 12:16:25.096 +05:30 [INF] Route matched with {action = "GetUnreadCount", controller = "Notifications"}. Executing controller action with signature Microsoft.AspNetCore.Mvc.IActionResult GetUnreadCount() on controller PrisonerPortal.Controllers.NotificationsController (PrisonerPortal).
2026-03-17 12:16:25.118 +05:30 [INF] Executed DbCommand (9ms) [Parameters=[@userId='?' (Size = 450)], CommandType='"Text"', CommandTimeout='30']
SELECT COUNT(*)
FROM [Notifications] AS [n]
WHERE [n].[UserId] = @userId AND [n].[IsRead] = CAST(0 AS bit)
2026-03-17 12:16:25.134 +05:30 [INF] Executing JsonResult, writing value of type '<>f__AnonymousType1`1[[System.Int32, System.Private.CoreLib, Version=10.0.0.0, Culture=neutral, PublicKeyToken=7cec85d7bea7798e]]'.
2026-03-17 12:16:25.144 +05:30 [INF] Executed action PrisonerPortal.Controllers.NotificationsController.GetUnreadCount (PrisonerPortal) in 39.7547ms
2026-03-17 12:16:25.154 +05:30 [INF] Executed endpoint 'PrisonerPortal.Controllers.NotificationsController.GetUnreadCount (PrisonerPortal)'
2026-03-17 12:16:25.165 +05:30 [INF] Request finished HTTP/1.1 GET http://localhost:5050/Notifications/GetUnreadCount - 200 null application/json; charset=utf-8 90.0737ms
2026-03-17 12:17:26.067 +05:30 [INF] Request starting HTTP/1.1 GET http://localhost:5050/Notifications/GetUnreadCount - null null
2026-03-17 12:17:26.085 +05:30 [INF] Executing endpoint 'PrisonerPortal.Controllers.NotificationsController.GetUnreadCount (PrisonerPortal)'
2026-03-17 12:17:26.097 +05:30 [INF] Route matched with {action = "GetUnreadCount", controller = "Notifications"}. Executing controller action with signature Microsoft.AspNetCore.Mvc.IActionResult GetUnreadCount() on controller PrisonerPortal.Controllers.NotificationsController (PrisonerPortal).
2026-03-17 12:17:26.127 +05:30 [INF] Executed DbCommand (16ms) [Parameters=[@userId='?' (Size = 450)], CommandType='"Text"', CommandTimeout='30']
SELECT COUNT(*)
FROM [Notifications] AS [n]
WHERE [n].[UserId] = @userId AND [n].[IsRead] = CAST(0 AS bit)
2026-03-17 12:17:26.145 +05:30 [INF] Executing JsonResult, writing value of type '<>f__AnonymousType1`1[[System.Int32, System.Private.CoreLib, Version=10.0.0.0, Culture=neutral, PublicKeyToken=7cec85d7bea7798e]]'.
2026-03-17 12:17:26.153 +05:30 [INF] Executed action PrisonerPortal.Controllers.NotificationsController.GetUnreadCount (PrisonerPortal) in 44.7058ms
2026-03-17 12:17:26.164 +05:30 [INF] Executed endpoint 'PrisonerPortal.Controllers.NotificationsController.GetUnreadCount (PrisonerPortal)'
2026-03-17 12:17:26.175 +05:30 [INF] Request finished HTTP/1.1 GET http://localhost:5050/Notifications/GetUnreadCount - 200 null application/json; charset=utf-8 107.9533ms
2026-03-17 12:18:27.082 +05:30 [INF] Request starting HTTP/1.1 GET http://localhost:5050/Notifications/GetUnreadCount - null null
2026-03-17 12:18:27.143 +05:30 [INF] Executing endpoint 'PrisonerPortal.Controllers.NotificationsController.GetUnreadCount (PrisonerPortal)'
2026-03-17 12:18:27.149 +05:30 [INF] Route matched with {action = "GetUnreadCount", controller = "Notifications"}. Executing controller action with signature Microsoft.AspNetCore.Mvc.IActionResult GetUnreadCount() on controller PrisonerPortal.Controllers.NotificationsController (PrisonerPortal).
2026-03-17 12:18:27.178 +05:30 [INF] Executed DbCommand (7ms) [Parameters=[@userId='?' (Size = 450)], CommandType='"Text"', CommandTimeout='30']
SELECT COUNT(*)
FROM [Notifications] AS [n]
WHERE [n].[UserId] = @userId AND [n].[IsRead] = CAST(0 AS bit)
2026-03-17 12:18:27.203 +05:30 [INF] Executing JsonResult, writing value of type '<>f__AnonymousType1`1[[System.Int32, System.Private.CoreLib, Version=10.0.0.0, Culture=neutral, PublicKeyToken=7cec85d7bea7798e]]'.
2026-03-17 12:18:27.212 +05:30 [INF] Executed action PrisonerPortal.Controllers.NotificationsController.GetUnreadCount (PrisonerPortal) in 41.6162ms
2026-03-17 12:18:27.226 +05:30 [INF] Executed endpoint 'PrisonerPortal.Controllers.NotificationsController.GetUnreadCount (PrisonerPortal)'
2026-03-17 12:18:27.239 +05:30 [INF] Request finished HTTP/1.1 GET http://localhost:5050/Notifications/GetUnreadCount - 200 null application/json; charset=utf-8 158.1984ms
2026-03-17 12:19:21.124 +05:30 [INF] Request starting HTTP/1.1 GET http://localhost:5050/Notifications/GetUnreadCount - null null
2026-03-17 12:19:21.215 +05:30 [INF] Executing endpoint 'PrisonerPortal.Controllers.NotificationsController.GetUnreadCount (PrisonerPortal)'
2026-03-17 12:19:21.226 +05:30 [INF] Route matched with {action = "GetUnreadCount", controller = "Notifications"}. Executing controller action with signature Microsoft.AspNetCore.Mvc.IActionResult GetUnreadCount() on controller PrisonerPortal.Controllers.NotificationsController (PrisonerPortal).
2026-03-17 12:19:21.292 +05:30 [INF] Executed DbCommand (16ms) [Parameters=[@userId='?' (Size = 450)], CommandType='"Text"', CommandTimeout='30']
SELECT COUNT(*)
FROM [Notifications] AS [n]
WHERE [n].[UserId] = @userId AND [n].[IsRead] = CAST(0 AS bit)
2026-03-17 12:19:21.304 +05:30 [INF] Executing JsonResult, writing value of type '<>f__AnonymousType1`1[[System.Int32, System.Private.CoreLib, Version=10.0.0.0, Culture=neutral, PublicKeyToken=7cec85d7bea7798e]]'.
2026-03-17 12:19:21.308 +05:30 [INF] Executed action PrisonerPortal.Controllers.NotificationsController.GetUnreadCount (PrisonerPortal) in 35.5303ms
2026-03-17 12:19:21.319 +05:30 [INF] Executed endpoint 'PrisonerPortal.Controllers.NotificationsController.GetUnreadCount (PrisonerPortal)'
2026-03-17 12:19:21.324 +05:30 [INF] Request finished HTTP/1.1 GET http://localhost:5050/Notifications/GetUnreadCount - 200 null application/json; charset=utf-8 200.1838ms
2026-03-17 12:29:19.703 +05:30 [INF] User profile is available. Using 'C:\Users\HP\AppData\Local\ASP.NET\DataProtection-Keys' as key repository and Windows DPAPI to encrypt keys at rest.
2026-03-17 12:29:29.249 +05:30 [INF] Executed DbCommand (230ms) [Parameters=[], CommandType='"Text"', CommandTimeout='30']
SELECT 1
2026-03-17 12:29:29.418 +05:30 [INF] Acquiring an exclusive lock for migration application. See https://aka.ms/efcore-docs-migrations-lock for more information if this takes too long.
2026-03-17 12:29:29.693 +05:30 [INF] Executed DbCommand (231ms) [Parameters=[], CommandType='"Text"', CommandTimeout='30']
DECLARE @result int;
EXEC @result = sp_getapplock @Resource = '__EFMigrationsLock', @LockOwner = 'Session', @LockMode = 'Exclusive';
SELECT @result
2026-03-17 12:29:30.363 +05:30 [INF] Executed DbCommand (28ms) [Parameters=[], CommandType='"Text"', CommandTimeout='30']
IF OBJECT_ID(N'[__EFMigrationsHistory]') IS NULL
BEGIN
    CREATE TABLE [__EFMigrationsHistory] (
        [MigrationId] nvarchar(150) NOT NULL,
        [ProductVersion] nvarchar(32) NOT NULL,
        CONSTRAINT [PK___EFMigrationsHistory] PRIMARY KEY ([MigrationId])
    );
END;
2026-03-17 12:29:30.546 +05:30 [INF] Executed DbCommand (3ms) [Parameters=[], CommandType='"Text"', CommandTimeout='30']
SELECT 1
2026-03-17 12:29:30.581 +05:30 [INF] Executed DbCommand (4ms) [Parameters=[], CommandType='"Text"', CommandTimeout='30']
SELECT OBJECT_ID(N'[__EFMigrationsHistory]');
2026-03-17 12:29:30.701 +05:30 [INF] Executed DbCommand (70ms) [Parameters=[], CommandType='"Text"', CommandTimeout='30']
SELECT [MigrationId], [ProductVersion]
FROM [__EFMigrationsHistory]
ORDER BY [MigrationId];
2026-03-17 12:29:30.822 +05:30 [INF] No migrations were applied. The database is already up to date.
2026-03-17 12:29:30.862 +05:30 [INF] Executed DbCommand (18ms) [Parameters=[], CommandType='"Text"', CommandTimeout='30']
DECLARE @result int;
EXEC @result = sp_releaseapplock @Resource = '__EFMigrationsLock', @LockOwner = 'Session';
SELECT @result
2026-03-17 12:29:33.465 +05:30 [INF] Executed DbCommand (149ms) [Parameters=[@normalizedName='?' (Size = 256)], CommandType='"Text"', CommandTimeout='30']
SELECT TOP(1) [a].[Id], [a].[ConcurrencyStamp], [a].[Name], [a].[NormalizedName]
FROM [AspNetRoles] AS [a]
WHERE [a].[NormalizedName] = @normalizedName
2026-03-17 12:29:34.023 +05:30 [INF] Executed DbCommand (5ms) [Parameters=[@normalizedName='?' (Size = 256)], CommandType='"Text"', CommandTimeout='30']
SELECT TOP(1) [a].[Id], [a].[ConcurrencyStamp], [a].[Name], [a].[NormalizedName]
FROM [AspNetRoles] AS [a]
WHERE [a].[NormalizedName] = @normalizedName
2026-03-17 12:29:34.295 +05:30 [INF] Executed DbCommand (37ms) [Parameters=[@normalizedEmail='?' (Size = 256)], CommandType='"Text"', CommandTimeout='30']
SELECT TOP(2) [a].[Id], [a].[AccessFailedCount], [a].[Address], [a].[ConcurrencyStamp], [a].[CreatedAt], [a].[Email], [a].[EmailConfirmed], [a].[FullName], [a].[IsActive], [a].[LockoutEnabled], [a].[LockoutEnd], [a].[NormalizedEmail], [a].[NormalizedUserName], [a].[PasswordHash], [a].[PhoneNumber], [a].[PhoneNumberConfirmed], [a].[Role], [a].[SecurityStamp], [a].[TwoFactorEnabled], [a].[UserName]
FROM [AspNetUsers] AS [a]
WHERE [a].[NormalizedEmail] = @normalizedEmail
2026-03-17 12:29:34.833 +05:30 [INF] Executed DbCommand (3ms) [Parameters=[@normalizedEmail='?' (Size = 256)], CommandType='"Text"', CommandTimeout='30']
SELECT TOP(2) [a].[Id], [a].[AccessFailedCount], [a].[Address], [a].[ConcurrencyStamp], [a].[CreatedAt], [a].[Email], [a].[EmailConfirmed], [a].[FullName], [a].[IsActive], [a].[LockoutEnabled], [a].[LockoutEnd], [a].[NormalizedEmail], [a].[NormalizedUserName], [a].[PasswordHash], [a].[PhoneNumber], [a].[PhoneNumberConfirmed], [a].[Role], [a].[SecurityStamp], [a].[TwoFactorEnabled], [a].[UserName]
FROM [AspNetUsers] AS [a]
WHERE [a].[NormalizedEmail] = @normalizedEmail
2026-03-17 12:29:35.098 +05:30 [INF] Executed DbCommand (40ms) [Parameters=[], CommandType='"Text"', CommandTimeout='30']
SELECT CASE
    WHEN EXISTS (
        SELECT 1
        FROM [Prisoners] AS [p]) THEN CAST(1 AS bit)
    ELSE CAST(0 AS bit)
END
2026-03-17 12:29:35.145 +05:30 [INF] Executed DbCommand (3ms) [Parameters=[@normalizedEmail='?' (Size = 256)], CommandType='"Text"', CommandTimeout='30']
SELECT TOP(2) [a].[Id], [a].[AccessFailedCount], [a].[Address], [a].[ConcurrencyStamp], [a].[CreatedAt], [a].[Email], [a].[EmailConfirmed], [a].[FullName], [a].[IsActive], [a].[LockoutEnabled], [a].[LockoutEnd], [a].[NormalizedEmail], [a].[NormalizedUserName], [a].[PasswordHash], [a].[PhoneNumber], [a].[PhoneNumberConfirmed], [a].[Role], [a].[SecurityStamp], [a].[TwoFactorEnabled], [a].[UserName]
FROM [AspNetUsers] AS [a]
WHERE [a].[NormalizedEmail] = @normalizedEmail
2026-03-17 12:29:35.285 +05:30 [INF] Executed DbCommand (28ms) [Parameters=[], CommandType='"Text"', CommandTimeout='30']
SELECT CASE
    WHEN EXISTS (
        SELECT 1
        FROM [VisitSlots] AS [v]) THEN CAST(1 AS bit)
    ELSE CAST(0 AS bit)
END
2026-03-17 12:29:35.694 +05:30 [INF] ✅ Database ready and seeded.
2026-03-17 12:29:35.742 +05:30 [INF] ✅ App running at http://localhost:5050
2026-03-17 12:29:35.749 +05:30 [INF] ✅ Login: admin@prisonerportal.gov / Admin@123!
2026-03-17 12:29:36.892 +05:30 [INF] Now listening on: http://localhost:5050
2026-03-17 12:29:36.917 +05:30 [INF] Application started. Press Ctrl+C to shut down.
2026-03-17 12:29:36.928 +05:30 [INF] Hosting environment: Development
2026-03-17 12:29:36.940 +05:30 [INF] Content root path: C:\Users\HP\Desktop\Adarsh Yadav Project\PrisonerPortal
2026-03-17 12:29:37.445 +05:30 [INF] Request starting HTTP/1.1 GET http://localhost:5050/Account/Login - null null
2026-03-17 12:29:37.866 +05:30 [INF] Executing endpoint 'PrisonerPortal.Controllers.AccountController.Login (PrisonerPortal)'
2026-03-17 12:29:37.947 +05:30 [INF] Route matched with {action = "Login", controller = "Account"}. Executing controller action with signature Microsoft.AspNetCore.Mvc.IActionResult Login() on controller PrisonerPortal.Controllers.AccountController (PrisonerPortal).
2026-03-17 12:30:11.920 +05:30 [INF] Executing ViewResult, running view Login.
2026-03-17 12:30:20.605 +05:30 [INF] Executed ViewResult - view Login executed in 42540.706ms.
2026-03-17 12:30:20.705 +05:30 [INF] Executed action PrisonerPortal.Controllers.AccountController.Login (PrisonerPortal) in 42730.1061ms
2026-03-17 12:30:20.707 +05:30 [INF] Request starting HTTP/1.1 GET http://localhost:5050/js/site.js?v=zIkpxiSb20xI1GzbX49ogguRCWNfYaxVh_KTD9brSds - null null
2026-03-17 12:30:20.707 +05:30 [INF] Request starting HTTP/1.1 GET http://localhost:5050/css/components.css?v=elf4DFhCVIE8d9eGP2egurRhUBwkdM7IqUaeO1X2ZPo - null null
2026-03-17 12:30:20.714 +05:30 [INF] Request starting HTTP/1.1 GET http://localhost:5050/css/site.css?v=seqgy2E8WqM9es2uSck3zZTeEFYFhxuxOBVvoD-ron0 - null null
2026-03-17 12:30:20.753 +05:30 [INF] Request starting HTTP/1.1 GET http://localhost:5050/lib/jquery-validation-unobtrusive/dist/jquery.validate.unobtrusive.min.js - null null
2026-03-17 12:30:20.762 +05:30 [INF] Request starting HTTP/1.1 GET http://localhost:5050/lib/jquery-validation/dist/jquery.validate.min.js - null null
2026-03-17 12:30:20.787 +05:30 [INF] Executed endpoint 'PrisonerPortal.Controllers.AccountController.Login (PrisonerPortal)'
2026-03-17 12:30:20.909 +05:30 [INF] The file /js/site.js was not modified
2026-03-17 12:30:20.914 +05:30 [INF] The file /css/components.css was not modified
2026-03-17 12:30:20.953 +05:30 [INF] The file /css/site.css was not modified
2026-03-17 12:30:21.010 +05:30 [INF] The file /lib/jquery-validation-unobtrusive/dist/jquery.validate.unobtrusive.min.js was not modified
2026-03-17 12:30:21.042 +05:30 [INF] The file /lib/jquery-validation/dist/jquery.validate.min.js was not modified
2026-03-17 12:30:21.081 +05:30 [INF] Request finished HTTP/1.1 GET http://localhost:5050/js/site.js?v=zIkpxiSb20xI1GzbX49ogguRCWNfYaxVh_KTD9brSds - 304 null text/javascript 368.4194ms
2026-03-17 12:30:21.088 +05:30 [INF] Request finished HTTP/1.1 GET http://localhost:5050/css/components.css?v=elf4DFhCVIE8d9eGP2egurRhUBwkdM7IqUaeO1X2ZPo - 304 null text/css 380.9767ms
2026-03-17 12:30:21.097 +05:30 [INF] Request finished HTTP/1.1 GET http://localhost:5050/Account/Login - 200 null text/html; charset=utf-8 43669.3866ms
2026-03-17 12:30:21.103 +05:30 [INF] Request finished HTTP/1.1 GET http://localhost:5050/css/site.css?v=seqgy2E8WqM9es2uSck3zZTeEFYFhxuxOBVvoD-ron0 - 304 null text/css 387.9651ms
2026-03-17 12:30:21.119 +05:30 [INF] Request finished HTTP/1.1 GET http://localhost:5050/lib/jquery-validation-unobtrusive/dist/jquery.validate.unobtrusive.min.js - 304 null text/javascript 366.7068ms
2026-03-17 12:30:21.140 +05:30 [INF] Request finished HTTP/1.1 GET http://localhost:5050/lib/jquery-validation/dist/jquery.validate.min.js - 304 null text/javascript 376.637ms
2026-03-17 12:30:21.285 +05:30 [INF] Request starting HTTP/1.1 GET http://localhost:5050/js/auth.js?v=vFieu_vdInS-_NST3h1ILrWgllVMY1VPgyTgpG3Dmrc - null null
2026-03-17 12:30:21.442 +05:30 [INF] The file /js/auth.js was not modified
2026-03-17 12:30:21.455 +05:30 [INF] Request finished HTTP/1.1 GET http://localhost:5050/js/auth.js?v=vFieu_vdInS-_NST3h1ILrWgllVMY1VPgyTgpG3Dmrc - 304 null text/javascript 168.2118ms
2026-03-17 12:30:28.219 +05:30 [INF] Request starting HTTP/1.1 POST http://localhost:5050/ - application/x-www-form-urlencoded 248
2026-03-17 12:30:28.281 +05:30 [INF] Executing endpoint 'PrisonerPortal.Controllers.AccountController.Login (PrisonerPortal)'
2026-03-17 12:30:28.430 +05:30 [INF] Route matched with {action = "Login", controller = "Account"}. Executing controller action with signature System.Threading.Tasks.Task`1[Microsoft.AspNetCore.Mvc.IActionResult] Login(PrisonerPortal.Models.ViewModels.LoginViewModel) on controller PrisonerPortal.Controllers.AccountController (PrisonerPortal).
2026-03-17 12:30:29.179 +05:30 [INF] Executed DbCommand (50ms) [Parameters=[@normalizedEmail='?' (Size = 256)], CommandType='"Text"', CommandTimeout='30']
SELECT TOP(2) [a].[Id], [a].[AccessFailedCount], [a].[Address], [a].[ConcurrencyStamp], [a].[CreatedAt], [a].[Email], [a].[EmailConfirmed], [a].[FullName], [a].[IsActive], [a].[LockoutEnabled], [a].[LockoutEnd], [a].[NormalizedEmail], [a].[NormalizedUserName], [a].[PasswordHash], [a].[PhoneNumber], [a].[PhoneNumberConfirmed], [a].[Role], [a].[SecurityStamp], [a].[TwoFactorEnabled], [a].[UserName]
FROM [AspNetUsers] AS [a]
WHERE [a].[NormalizedEmail] = @normalizedEmail
2026-03-17 12:30:29.442 +05:30 [INF] Executed DbCommand (18ms) [Parameters=[@normalizedUserName='?' (Size = 256)], CommandType='"Text"', CommandTimeout='30']
SELECT TOP(1) [a].[Id], [a].[AccessFailedCount], [a].[Address], [a].[ConcurrencyStamp], [a].[CreatedAt], [a].[Email], [a].[EmailConfirmed], [a].[FullName], [a].[IsActive], [a].[LockoutEnabled], [a].[LockoutEnd], [a].[NormalizedEmail], [a].[NormalizedUserName], [a].[PasswordHash], [a].[PhoneNumber], [a].[PhoneNumberConfirmed], [a].[Role], [a].[SecurityStamp], [a].[TwoFactorEnabled], [a].[UserName]
FROM [AspNetUsers] AS [a]
WHERE [a].[NormalizedUserName] = @normalizedUserName
2026-03-17 12:30:30.730 +05:30 [INF] Executed DbCommand (17ms) [Parameters=[@user_Id='?' (Size = 450)], CommandType='"Text"', CommandTimeout='30']
SELECT [a].[Id], [a].[ClaimType], [a].[ClaimValue], [a].[UserId]
FROM [AspNetUserClaims] AS [a]
WHERE [a].[UserId] = @user_Id
2026-03-17 12:30:31.144 +05:30 [INF] Executed DbCommand (42ms) [Parameters=[@userId='?' (Size = 450)], CommandType='"Text"', CommandTimeout='30']
SELECT [a0].[Name]
FROM [AspNetUserRoles] AS [a]
INNER JOIN [AspNetRoles] AS [a0] ON [a].[RoleId] = [a0].[Id]
WHERE [a].[UserId] = @userId
2026-03-17 12:30:31.208 +05:30 [INF] Executed DbCommand (14ms) [Parameters=[@normalizedName='?' (Size = 256)], CommandType='"Text"', CommandTimeout='30']
SELECT TOP(1) [a].[Id], [a].[ConcurrencyStamp], [a].[Name], [a].[NormalizedName]
FROM [AspNetRoles] AS [a]
WHERE [a].[NormalizedName] = @normalizedName
2026-03-17 12:30:31.368 +05:30 [INF] Executed DbCommand (12ms) [Parameters=[@role_Id='?' (Size = 450)], CommandType='"Text"', CommandTimeout='30']
SELECT [a].[ClaimType], [a].[ClaimValue]
FROM [AspNetRoleClaims] AS [a]
WHERE [a].[RoleId] = @role_Id
2026-03-17 12:30:31.455 +05:30 [INF] AuthenticationScheme: Identity.Application signed in.
2026-03-17 12:30:32.664 +05:30 [INF] Executed DbCommand (50ms) [Parameters=[@p0='?' (Size = 4000), @p1='?' (Size = 4000), @p2='?' (Size = 4000), @p3='?' (Size = 4000), @p4='?' (Size = 4000), @p5='?' (Size = 4000), @p6='?' (DbType = DateTime2), @p7='?' (Size = 450)], CommandType='"Text"', CommandTimeout='30']
SET IMPLICIT_TRANSACTIONS OFF;
SET NOCOUNT ON;
INSERT INTO [AuditLogs] ([Action], [EntityId], [EntityType], [IPAddress], [NewValues], [OldValues], [Timestamp], [UserId])
OUTPUT INSERTED.[LogId]
VALUES (@p0, @p1, @p2, @p3, @p4, @p5, @p6, @p7);
2026-03-17 12:30:32.989 +05:30 [INF] Executing RedirectResult, redirecting to /Family/Dashboard.
2026-03-17 12:30:33.007 +05:30 [INF] Executed action PrisonerPortal.Controllers.AccountController.Login (PrisonerPortal) in 4554.9336ms
2026-03-17 12:30:33.029 +05:30 [INF] Executed endpoint 'PrisonerPortal.Controllers.AccountController.Login (PrisonerPortal)'
2026-03-17 12:30:33.082 +05:30 [INF] Request finished HTTP/1.1 POST http://localhost:5050/ - 302 0 null 4862.8394ms
2026-03-17 12:30:33.116 +05:30 [INF] Request starting HTTP/1.1 GET http://localhost:5050/Family/Dashboard - null null
2026-03-17 12:30:33.248 +05:30 [INF] Executing endpoint 'PrisonerPortal.Controllers.FamilyController.Dashboard (PrisonerPortal)'
2026-03-17 12:30:33.313 +05:30 [INF] Route matched with {action = "Dashboard", controller = "Family"}. Executing controller action with signature System.Threading.Tasks.Task`1[Microsoft.AspNetCore.Mvc.IActionResult] Dashboard() on controller PrisonerPortal.Controllers.FamilyController (PrisonerPortal).
2026-03-17 12:30:34.666 +05:30 [INF] Executed DbCommand (12ms) [Parameters=[@p='?' (Size = 450)], CommandType='"Text"', CommandTimeout='30']
SELECT TOP(1) [a].[Id], [a].[AccessFailedCount], [a].[Address], [a].[ConcurrencyStamp], [a].[CreatedAt], [a].[Email], [a].[EmailConfirmed], [a].[FullName], [a].[IsActive], [a].[LockoutEnabled], [a].[LockoutEnd], [a].[NormalizedEmail], [a].[NormalizedUserName], [a].[PasswordHash], [a].[PhoneNumber], [a].[PhoneNumberConfirmed], [a].[Role], [a].[SecurityStamp], [a].[TwoFactorEnabled], [a].[UserName]
FROM [AspNetUsers] AS [a]
WHERE [a].[Id] = @p
2026-03-17 12:30:35.167 +05:30 [INF] Executed DbCommand (55ms) [Parameters=[@userId='?' (Size = 450)], CommandType='"Text"', CommandTimeout='30']
SELECT [f].[LinkId], [f].[IsVerified], [f].[LinkedAt], [f].[PrisonerId], [f].[Relationship], [f].[UserId], [f].[VerifiedByAdminId], [p].[PrisonerId], [p].[CaseNumber], [p].[CellBlock], [p].[CellNumber], [p].[CreatedAt], [p].[CrimeCategory], [p].[DateOfBirth], [p].[FullName], [p].[Gender], [p].[PrisonerCode], [p].[SentenceEndDate], [p].[SentenceStartDate], [p].[Status], [p].[UpdatedAt]
FROM [FamilyPrisonerLinks] AS [f]
INNER JOIN [Prisoners] AS [p] ON [f].[PrisonerId] = [p].[PrisonerId]
WHERE [f].[UserId] = @userId AND [f].[IsVerified] = CAST(1 AS bit)
2026-03-17 12:30:36.220 +05:30 [INF] Executed DbCommand (59ms) [Parameters=[@userId='?' (Size = 450)], CommandType='"Text"', CommandTimeout='30']
SELECT [a].[AppointmentId], [a].[AdminNotes], [a].[AppointmentCode], [a].[BookedAt], [a].[NumVisitors], [a].[PrisonerId], [a].[Purpose], [a].[RejectionReason], [a].[SlotId], [a].[Status], [a].[UpdatedAt], [a].[UserId], [a].[VisitorNames], [p].[PrisonerId], [p].[CaseNumber], [p].[CellBlock], [p].[CellNumber], [p].[CreatedAt], [p].[CrimeCategory], [p].[DateOfBirth], [p].[FullName], [p].[Gender], [p].[PrisonerCode], [p].[SentenceEndDate], [p].[SentenceStartDate], [p].[Status], [p].[UpdatedAt], [v].[SlotId], [v].[CreatedAt], [v].[CreatedByAdminId], [v].[CurrentBookings], [v].[EndTime], [v].[IsActive], [v].[MaxCapacity], [v].[SlotDate], [v].[StartTime]
FROM [Appointments] AS [a]
INNER JOIN [Prisoners] AS [p] ON [a].[PrisonerId] = [p].[PrisonerId]
INNER JOIN [VisitSlots] AS [v] ON [a].[SlotId] = [v].[SlotId]
WHERE [a].[UserId] = @userId
ORDER BY [a].[BookedAt] DESC
2026-03-17 12:30:36.600 +05:30 [INF] Executed DbCommand (28ms) [Parameters=[@userId='?' (Size = 450)], CommandType='"Text"', CommandTimeout='30']
SELECT [s].[RequestId], [s].[AdminResponse], [s].[AssignedAdminId], [s].[Category], [s].[CreatedAt], [s].[Description], [s].[Priority], [s].[PrisonerId], [s].[RequestCode], [s].[ResolvedAt], [s].[Status], [s].[Subject], [s].[UpdatedAt], [s].[UserId], [p].[PrisonerId], [p].[CaseNumber], [p].[CellBlock], [p].[CellNumber], [p].[CreatedAt], [p].[CrimeCategory], [p].[DateOfBirth], [p].[FullName], [p].[Gender], [p].[PrisonerCode], [p].[SentenceEndDate], [p].[SentenceStartDate], [p].[Status], [p].[UpdatedAt]
FROM [SupportRequests] AS [s]
INNER JOIN [Prisoners] AS [p] ON [s].[PrisonerId] = [p].[PrisonerId]
WHERE [s].[UserId] = @userId
ORDER BY [s].[CreatedAt] DESC
2026-03-17 12:30:37.008 +05:30 [INF] Executing ViewResult, running view Dashboard.
2026-03-17 12:30:37.691 +05:30 [INF] Executed ViewResult - view Dashboard executed in 699.0807ms.
2026-03-17 12:30:37.706 +05:30 [INF] Executed action PrisonerPortal.Controllers.FamilyController.Dashboard (PrisonerPortal) in 4374.4098ms
2026-03-17 12:30:37.721 +05:30 [INF] Executed endpoint 'PrisonerPortal.Controllers.FamilyController.Dashboard (PrisonerPortal)'
2026-03-17 12:30:37.741 +05:30 [INF] Request finished HTTP/1.1 GET http://localhost:5050/Family/Dashboard - 200 null text/html; charset=utf-8 4624.3471ms
2026-03-17 12:30:37.880 +05:30 [INF] Request starting HTTP/1.1 GET http://localhost:5050/Notifications/GetUnreadCount - null null
2026-03-17 12:30:38.006 +05:30 [INF] Executing endpoint 'PrisonerPortal.Controllers.NotificationsController.GetUnreadCount (PrisonerPortal)'
2026-03-17 12:30:38.070 +05:30 [INF] Route matched with {action = "GetUnreadCount", controller = "Notifications"}. Executing controller action with signature Microsoft.AspNetCore.Mvc.IActionResult GetUnreadCount() on controller PrisonerPortal.Controllers.NotificationsController (PrisonerPortal).
2026-03-17 12:30:38.488 +05:30 [INF] Executed DbCommand (36ms) [Parameters=[@userId='?' (Size = 450)], CommandType='"Text"', CommandTimeout='30']
SELECT COUNT(*)
FROM [Notifications] AS [n]
WHERE [n].[UserId] = @userId AND [n].[IsRead] = CAST(0 AS bit)
2026-03-17 12:30:38.551 +05:30 [INF] Executing JsonResult, writing value of type '<>f__AnonymousType1`1[[System.Int32, System.Private.CoreLib, Version=10.0.0.0, Culture=neutral, PublicKeyToken=7cec85d7bea7798e]]'.
2026-03-17 12:30:39.147 +05:30 [INF] Executed action PrisonerPortal.Controllers.NotificationsController.GetUnreadCount (PrisonerPortal) in 972.0698ms
2026-03-17 12:30:39.162 +05:30 [INF] Executed endpoint 'PrisonerPortal.Controllers.NotificationsController.GetUnreadCount (PrisonerPortal)'
2026-03-17 12:30:39.174 +05:30 [INF] Request finished HTTP/1.1 GET http://localhost:5050/Notifications/GetUnreadCount - 200 null application/json; charset=utf-8 1294.2603ms
2026-03-17 12:30:46.084 +05:30 [INF] Request starting HTTP/1.1 GET http://localhost:5050/Family/BookVisit - null null
2026-03-17 12:30:46.229 +05:30 [INF] Executing endpoint 'PrisonerPortal.Controllers.FamilyController.BookVisit (PrisonerPortal)'
2026-03-17 12:30:46.304 +05:30 [INF] Route matched with {action = "BookVisit", controller = "Family"}. Executing controller action with signature System.Threading.Tasks.Task`1[Microsoft.AspNetCore.Mvc.IActionResult] BookVisit(System.Nullable`1[System.Int32]) on controller PrisonerPortal.Controllers.FamilyController (PrisonerPortal).
2026-03-17 12:30:46.366 +05:30 [INF] Executed DbCommand (5ms) [Parameters=[@p='?' (Size = 450)], CommandType='"Text"', CommandTimeout='30']
SELECT TOP(1) [a].[Id], [a].[AccessFailedCount], [a].[Address], [a].[ConcurrencyStamp], [a].[CreatedAt], [a].[Email], [a].[EmailConfirmed], [a].[FullName], [a].[IsActive], [a].[LockoutEnabled], [a].[LockoutEnd], [a].[NormalizedEmail], [a].[NormalizedUserName], [a].[PasswordHash], [a].[PhoneNumber], [a].[PhoneNumberConfirmed], [a].[Role], [a].[SecurityStamp], [a].[TwoFactorEnabled], [a].[UserName]
FROM [AspNetUsers] AS [a]
WHERE [a].[Id] = @p
2026-03-17 12:30:46.399 +05:30 [INF] Executed DbCommand (5ms) [Parameters=[@userId='?' (Size = 450)], CommandType='"Text"', CommandTimeout='30']
SELECT [f].[LinkId], [f].[IsVerified], [f].[LinkedAt], [f].[PrisonerId], [f].[Relationship], [f].[UserId], [f].[VerifiedByAdminId], [p].[PrisonerId], [p].[CaseNumber], [p].[CellBlock], [p].[CellNumber], [p].[CreatedAt], [p].[CrimeCategory], [p].[DateOfBirth], [p].[FullName], [p].[Gender], [p].[PrisonerCode], [p].[SentenceEndDate], [p].[SentenceStartDate], [p].[Status], [p].[UpdatedAt]
FROM [FamilyPrisonerLinks] AS [f]
INNER JOIN [Prisoners] AS [p] ON [f].[PrisonerId] = [p].[PrisonerId]
WHERE [f].[UserId] = @userId AND [f].[IsVerified] = CAST(1 AS bit)
2026-03-17 12:30:46.613 +05:30 [INF] Executed DbCommand (35ms) [Parameters=[], CommandType='"Text"', CommandTimeout='30']
SELECT [v].[SlotId], [v].[CreatedAt], [v].[CreatedByAdminId], [v].[CurrentBookings], [v].[EndTime], [v].[IsActive], [v].[MaxCapacity], [v].[SlotDate], [v].[StartTime]
FROM [VisitSlots] AS [v]
WHERE [v].[IsActive] = CAST(1 AS bit) AND [v].[SlotDate] >= CONVERT(date, GETUTCDATE())
ORDER BY [v].[SlotDate], [v].[StartTime]
2026-03-17 12:30:46.820 +05:30 [INF] Executing ViewResult, running view BookVisit.
2026-03-17 12:30:47.306 +05:30 [INF] Executed ViewResult - view BookVisit executed in 501.6791ms.
2026-03-17 12:30:47.320 +05:30 [INF] Executed action PrisonerPortal.Controllers.FamilyController.BookVisit (PrisonerPortal) in 996.4473ms
2026-03-17 12:30:47.340 +05:30 [INF] Executed endpoint 'PrisonerPortal.Controllers.FamilyController.BookVisit (PrisonerPortal)'
2026-03-17 12:30:47.371 +05:30 [INF] Request finished HTTP/1.1 GET http://localhost:5050/Family/BookVisit - 200 null text/html; charset=utf-8 1285.671ms
2026-03-17 12:30:47.489 +05:30 [INF] Request starting HTTP/1.1 GET http://localhost:5050/Notifications/GetUnreadCount - null null
2026-03-17 12:30:47.547 +05:30 [INF] Executing endpoint 'PrisonerPortal.Controllers.NotificationsController.GetUnreadCount (PrisonerPortal)'
2026-03-17 12:30:47.559 +05:30 [INF] Route matched with {action = "GetUnreadCount", controller = "Notifications"}. Executing controller action with signature Microsoft.AspNetCore.Mvc.IActionResult GetUnreadCount() on controller PrisonerPortal.Controllers.NotificationsController (PrisonerPortal).
2026-03-17 12:30:47.629 +05:30 [INF] Executed DbCommand (3ms) [Parameters=[@userId='?' (Size = 450)], CommandType='"Text"', CommandTimeout='30']
SELECT COUNT(*)
FROM [Notifications] AS [n]
WHERE [n].[UserId] = @userId AND [n].[IsRead] = CAST(0 AS bit)
2026-03-17 12:30:47.663 +05:30 [INF] Executing JsonResult, writing value of type '<>f__AnonymousType1`1[[System.Int32, System.Private.CoreLib, Version=10.0.0.0, Culture=neutral, PublicKeyToken=7cec85d7bea7798e]]'.
2026-03-17 12:30:47.676 +05:30 [INF] Executed action PrisonerPortal.Controllers.NotificationsController.GetUnreadCount (PrisonerPortal) in 64.1358ms
2026-03-17 12:30:47.688 +05:30 [INF] Executed endpoint 'PrisonerPortal.Controllers.NotificationsController.GetUnreadCount (PrisonerPortal)'
2026-03-17 12:30:47.707 +05:30 [INF] Request finished HTTP/1.1 GET http://localhost:5050/Notifications/GetUnreadCount - 200 null application/json; charset=utf-8 218.5447ms
2026-03-17 12:31:02.602 +05:30 [INF] Request starting HTTP/1.1 POST http://localhost:5050/Family/BookVisit - application/x-www-form-urlencoded 337
2026-03-17 12:31:02.633 +05:30 [INF] Executing endpoint 'PrisonerPortal.Controllers.FamilyController.BookVisit (PrisonerPortal)'
2026-03-17 12:31:02.837 +05:30 [INF] Route matched with {action = "BookVisit", controller = "Family"}. Executing controller action with signature System.Threading.Tasks.Task`1[Microsoft.AspNetCore.Mvc.IActionResult] BookVisit(PrisonerPortal.Models.ViewModels.BookVisitViewModel) on controller PrisonerPortal.Controllers.FamilyController (PrisonerPortal).
2026-03-17 12:31:02.949 +05:30 [INF] Executed DbCommand (3ms) [Parameters=[@p='?' (Size = 450)], CommandType='"Text"', CommandTimeout='30']
SELECT TOP(1) [a].[Id], [a].[AccessFailedCount], [a].[Address], [a].[ConcurrencyStamp], [a].[CreatedAt], [a].[Email], [a].[EmailConfirmed], [a].[FullName], [a].[IsActive], [a].[LockoutEnabled], [a].[LockoutEnd], [a].[NormalizedEmail], [a].[NormalizedUserName], [a].[PasswordHash], [a].[PhoneNumber], [a].[PhoneNumberConfirmed], [a].[Role], [a].[SecurityStamp], [a].[TwoFactorEnabled], [a].[UserName]
FROM [AspNetUsers] AS [a]
WHERE [a].[Id] = @p
2026-03-17 12:31:03.247 +05:30 [ERR] An exception occurred while iterating over the results of a query for context type 'PrisonerPortal.Data.ApplicationDbContext'.
System.InvalidOperationException: The configured execution strategy 'SqlServerRetryingExecutionStrategy' does not support user-initiated transactions. Use the execution strategy returned by 'DbContext.Database.CreateExecutionStrategy()' to execute all the operations in the transaction as a retriable unit.
   at Microsoft.EntityFrameworkCore.Storage.ExecutionStrategy.OnFirstExecution()
   at Microsoft.EntityFrameworkCore.Storage.ExecutionStrategy.ExecuteAsync[TState,TResult](TState state, Func`4 operation, Func`4 verifySucceeded, CancellationToken cancellationToken)
   at Microsoft.EntityFrameworkCore.Query.Internal.SingleQueryingEnumerable`1.AsyncEnumerator.MoveNextAsync()
System.InvalidOperationException: The configured execution strategy 'SqlServerRetryingExecutionStrategy' does not support user-initiated transactions. Use the execution strategy returned by 'DbContext.Database.CreateExecutionStrategy()' to execute all the operations in the transaction as a retriable unit.
   at Microsoft.EntityFrameworkCore.Storage.ExecutionStrategy.OnFirstExecution()
   at Microsoft.EntityFrameworkCore.Storage.ExecutionStrategy.ExecuteAsync[TState,TResult](TState state, Func`4 operation, Func`4 verifySucceeded, CancellationToken cancellationToken)
   at Microsoft.EntityFrameworkCore.Query.Internal.SingleQueryingEnumerable`1.AsyncEnumerator.MoveNextAsync()
2026-03-17 12:31:03.324 +05:30 [INF] Executed DbCommand (3ms) [Parameters=[@userId='?' (Size = 450)], CommandType='"Text"', CommandTimeout='30']
SELECT [f].[LinkId], [f].[IsVerified], [f].[LinkedAt], [f].[PrisonerId], [f].[Relationship], [f].[UserId], [f].[VerifiedByAdminId], [p].[PrisonerId], [p].[CaseNumber], [p].[CellBlock], [p].[CellNumber], [p].[CreatedAt], [p].[CrimeCategory], [p].[DateOfBirth], [p].[FullName], [p].[Gender], [p].[PrisonerCode], [p].[SentenceEndDate], [p].[SentenceStartDate], [p].[Status], [p].[UpdatedAt]
FROM [FamilyPrisonerLinks] AS [f]
INNER JOIN [Prisoners] AS [p] ON [f].[PrisonerId] = [p].[PrisonerId]
WHERE [f].[UserId] = @userId AND [f].[IsVerified] = CAST(1 AS bit)
2026-03-17 12:31:03.353 +05:30 [INF] Executed DbCommand (4ms) [Parameters=[], CommandType='"Text"', CommandTimeout='30']
SELECT [v].[SlotId], [v].[CreatedAt], [v].[CreatedByAdminId], [v].[CurrentBookings], [v].[EndTime], [v].[IsActive], [v].[MaxCapacity], [v].[SlotDate], [v].[StartTime]
FROM [VisitSlots] AS [v]
WHERE [v].[IsActive] = CAST(1 AS bit) AND [v].[SlotDate] >= CONVERT(date, GETUTCDATE())
ORDER BY [v].[SlotDate], [v].[StartTime]
2026-03-17 12:31:03.385 +05:30 [INF] Executing ViewResult, running view BookVisit.
2026-03-17 12:31:03.451 +05:30 [INF] Executed ViewResult - view BookVisit executed in 66.0074ms.
2026-03-17 12:31:03.464 +05:30 [INF] Executed action PrisonerPortal.Controllers.FamilyController.BookVisit (PrisonerPortal) in 610.7566ms
2026-03-17 12:31:03.482 +05:30 [INF] Executed endpoint 'PrisonerPortal.Controllers.FamilyController.BookVisit (PrisonerPortal)'
2026-03-17 12:31:03.502 +05:30 [INF] Request finished HTTP/1.1 POST http://localhost:5050/Family/BookVisit - 200 null text/html; charset=utf-8 900.1036ms
2026-03-17 12:31:03.653 +05:30 [INF] Request starting HTTP/1.1 GET http://localhost:5050/Notifications/GetUnreadCount - null null
2026-03-17 12:31:03.726 +05:30 [INF] Executing endpoint 'PrisonerPortal.Controllers.NotificationsController.GetUnreadCount (PrisonerPortal)'
2026-03-17 12:31:03.737 +05:30 [INF] Route matched with {action = "GetUnreadCount", controller = "Notifications"}. Executing controller action with signature Microsoft.AspNetCore.Mvc.IActionResult GetUnreadCount() on controller PrisonerPortal.Controllers.NotificationsController (PrisonerPortal).
2026-03-17 12:31:03.783 +05:30 [INF] Executed DbCommand (3ms) [Parameters=[@userId='?' (Size = 450)], CommandType='"Text"', CommandTimeout='30']
SELECT COUNT(*)
FROM [Notifications] AS [n]
WHERE [n].[UserId] = @userId AND [n].[IsRead] = CAST(0 AS bit)
2026-03-17 12:31:03.817 +05:30 [INF] Executing JsonResult, writing value of type '<>f__AnonymousType1`1[[System.Int32, System.Private.CoreLib, Version=10.0.0.0, Culture=neutral, PublicKeyToken=7cec85d7bea7798e]]'.
2026-03-17 12:31:03.845 +05:30 [INF] Executed action PrisonerPortal.Controllers.NotificationsController.GetUnreadCount (PrisonerPortal) in 73.5872ms
2026-03-17 12:31:03.870 +05:30 [INF] Executed endpoint 'PrisonerPortal.Controllers.NotificationsController.GetUnreadCount (PrisonerPortal)'
2026-03-17 12:31:03.884 +05:30 [INF] Request finished HTTP/1.1 GET http://localhost:5050/Notifications/GetUnreadCount - 200 null application/json; charset=utf-8 231.4664ms
2026-03-17 12:31:33.670 +05:30 [INF] Request starting HTTP/1.1 GET http://localhost:5050/Notifications/GetUnreadCount - null null
2026-03-17 12:31:33.705 +05:30 [INF] Executing endpoint 'PrisonerPortal.Controllers.NotificationsController.GetUnreadCount (PrisonerPortal)'
2026-03-17 12:31:33.719 +05:30 [INF] Route matched with {action = "GetUnreadCount", controller = "Notifications"}. Executing controller action with signature Microsoft.AspNetCore.Mvc.IActionResult GetUnreadCount() on controller PrisonerPortal.Controllers.NotificationsController (PrisonerPortal).
2026-03-17 12:31:33.768 +05:30 [INF] Executed DbCommand (20ms) [Parameters=[@userId='?' (Size = 450)], CommandType='"Text"', CommandTimeout='30']
SELECT COUNT(*)
FROM [Notifications] AS [n]
WHERE [n].[UserId] = @userId AND [n].[IsRead] = CAST(0 AS bit)
2026-03-17 12:31:33.789 +05:30 [INF] Executing JsonResult, writing value of type '<>f__AnonymousType1`1[[System.Int32, System.Private.CoreLib, Version=10.0.0.0, Culture=neutral, PublicKeyToken=7cec85d7bea7798e]]'.
2026-03-17 12:31:33.800 +05:30 [INF] Executed action PrisonerPortal.Controllers.NotificationsController.GetUnreadCount (PrisonerPortal) in 60.337ms
2026-03-17 12:31:33.817 +05:30 [INF] Executed endpoint 'PrisonerPortal.Controllers.NotificationsController.GetUnreadCount (PrisonerPortal)'
2026-03-17 12:31:33.831 +05:30 [INF] Request finished HTTP/1.1 GET http://localhost:5050/Notifications/GetUnreadCount - 200 null application/json; charset=utf-8 160.4527ms
2026-03-17 12:32:04.075 +05:30 [INF] Request starting HTTP/1.1 GET http://localhost:5050/Notifications/GetUnreadCount - null null
2026-03-17 12:32:04.097 +05:30 [INF] Executing endpoint 'PrisonerPortal.Controllers.NotificationsController.GetUnreadCount (PrisonerPortal)'
2026-03-17 12:32:04.104 +05:30 [INF] Route matched with {action = "GetUnreadCount", controller = "Notifications"}. Executing controller action with signature Microsoft.AspNetCore.Mvc.IActionResult GetUnreadCount() on controller PrisonerPortal.Controllers.NotificationsController (PrisonerPortal).
2026-03-17 12:32:04.122 +05:30 [INF] Executed DbCommand (3ms) [Parameters=[@userId='?' (Size = 450)], CommandType='"Text"', CommandTimeout='30']
SELECT COUNT(*)
FROM [Notifications] AS [n]
WHERE [n].[UserId] = @userId AND [n].[IsRead] = CAST(0 AS bit)
2026-03-17 12:32:04.138 +05:30 [INF] Executing JsonResult, writing value of type '<>f__AnonymousType1`1[[System.Int32, System.Private.CoreLib, Version=10.0.0.0, Culture=neutral, PublicKeyToken=7cec85d7bea7798e]]'.
2026-03-17 12:32:04.148 +05:30 [INF] Executed action PrisonerPortal.Controllers.NotificationsController.GetUnreadCount (PrisonerPortal) in 30.5067ms
2026-03-17 12:32:04.156 +05:30 [INF] Executed endpoint 'PrisonerPortal.Controllers.NotificationsController.GetUnreadCount (PrisonerPortal)'
2026-03-17 12:32:04.165 +05:30 [INF] Request finished HTTP/1.1 GET http://localhost:5050/Notifications/GetUnreadCount - 200 null application/json; charset=utf-8 89.8648ms
2026-03-17 12:32:34.073 +05:30 [INF] Request starting HTTP/1.1 GET http://localhost:5050/Notifications/GetUnreadCount - null null
2026-03-17 12:32:34.102 +05:30 [INF] Executing endpoint 'PrisonerPortal.Controllers.NotificationsController.GetUnreadCount (PrisonerPortal)'
2026-03-17 12:32:34.108 +05:30 [INF] Route matched with {action = "GetUnreadCount", controller = "Notifications"}. Executing controller action with signature Microsoft.AspNetCore.Mvc.IActionResult GetUnreadCount() on controller PrisonerPortal.Controllers.NotificationsController (PrisonerPortal).
2026-03-17 12:32:34.138 +05:30 [INF] Executed DbCommand (14ms) [Parameters=[@userId='?' (Size = 450)], CommandType='"Text"', CommandTimeout='30']
SELECT COUNT(*)
FROM [Notifications] AS [n]
WHERE [n].[UserId] = @userId AND [n].[IsRead] = CAST(0 AS bit)
2026-03-17 12:32:34.155 +05:30 [INF] Executing JsonResult, writing value of type '<>f__AnonymousType1`1[[System.Int32, System.Private.CoreLib, Version=10.0.0.0, Culture=neutral, PublicKeyToken=7cec85d7bea7798e]]'.
2026-03-17 12:32:34.165 +05:30 [INF] Executed action PrisonerPortal.Controllers.NotificationsController.GetUnreadCount (PrisonerPortal) in 43.1373ms
2026-03-17 12:32:34.172 +05:30 [INF] Executed endpoint 'PrisonerPortal.Controllers.NotificationsController.GetUnreadCount (PrisonerPortal)'
2026-03-17 12:32:34.179 +05:30 [INF] Request finished HTTP/1.1 GET http://localhost:5050/Notifications/GetUnreadCount - 200 null application/json; charset=utf-8 105.3143ms
2026-03-17 12:33:04.068 +05:30 [INF] Request starting HTTP/1.1 GET http://localhost:5050/Notifications/GetUnreadCount - null null
2026-03-17 12:33:04.093 +05:30 [INF] Executing endpoint 'PrisonerPortal.Controllers.NotificationsController.GetUnreadCount (PrisonerPortal)'
2026-03-17 12:33:04.101 +05:30 [INF] Route matched with {action = "GetUnreadCount", controller = "Notifications"}. Executing controller action with signature Microsoft.AspNetCore.Mvc.IActionResult GetUnreadCount() on controller PrisonerPortal.Controllers.NotificationsController (PrisonerPortal).
2026-03-17 12:33:04.131 +05:30 [INF] Executed DbCommand (7ms) [Parameters=[@userId='?' (Size = 450)], CommandType='"Text"', CommandTimeout='30']
SELECT COUNT(*)
FROM [Notifications] AS [n]
WHERE [n].[UserId] = @userId AND [n].[IsRead] = CAST(0 AS bit)
2026-03-17 12:33:04.153 +05:30 [INF] Executing JsonResult, writing value of type '<>f__AnonymousType1`1[[System.Int32, System.Private.CoreLib, Version=10.0.0.0, Culture=neutral, PublicKeyToken=7cec85d7bea7798e]]'.
2026-03-17 12:33:04.163 +05:30 [INF] Executed action PrisonerPortal.Controllers.NotificationsController.GetUnreadCount (PrisonerPortal) in 44.2484ms
2026-03-17 12:33:04.172 +05:30 [INF] Executed endpoint 'PrisonerPortal.Controllers.NotificationsController.GetUnreadCount (PrisonerPortal)'
2026-03-17 12:33:04.178 +05:30 [INF] Request finished HTTP/1.1 GET http://localhost:5050/Notifications/GetUnreadCount - 200 null application/json; charset=utf-8 109.6241ms
2026-03-17 12:33:34.076 +05:30 [INF] Request starting HTTP/1.1 GET http://localhost:5050/Notifications/GetUnreadCount - null null
2026-03-17 12:33:34.087 +05:30 [INF] Executing endpoint 'PrisonerPortal.Controllers.NotificationsController.GetUnreadCount (PrisonerPortal)'
2026-03-17 12:33:34.095 +05:30 [INF] Route matched with {action = "GetUnreadCount", controller = "Notifications"}. Executing controller action with signature Microsoft.AspNetCore.Mvc.IActionResult GetUnreadCount() on controller PrisonerPortal.Controllers.NotificationsController (PrisonerPortal).
2026-03-17 12:33:34.114 +05:30 [INF] Executed DbCommand (5ms) [Parameters=[@userId='?' (Size = 450)], CommandType='"Text"', CommandTimeout='30']
SELECT COUNT(*)
FROM [Notifications] AS [n]
WHERE [n].[UserId] = @userId AND [n].[IsRead] = CAST(0 AS bit)
2026-03-17 12:33:34.123 +05:30 [INF] Executing JsonResult, writing value of type '<>f__AnonymousType1`1[[System.Int32, System.Private.CoreLib, Version=10.0.0.0, Culture=neutral, PublicKeyToken=7cec85d7bea7798e]]'.
2026-03-17 12:33:34.132 +05:30 [INF] Executed action PrisonerPortal.Controllers.NotificationsController.GetUnreadCount (PrisonerPortal) in 29.1507ms
2026-03-17 12:33:34.137 +05:30 [INF] Executed endpoint 'PrisonerPortal.Controllers.NotificationsController.GetUnreadCount (PrisonerPortal)'
2026-03-17 12:33:34.146 +05:30 [INF] Request finished HTTP/1.1 GET http://localhost:5050/Notifications/GetUnreadCount - 200 null application/json; charset=utf-8 69.7887ms
2026-03-17 12:34:04.069 +05:30 [INF] Request starting HTTP/1.1 GET http://localhost:5050/Notifications/GetUnreadCount - null null
2026-03-17 12:34:04.086 +05:30 [INF] Executing endpoint 'PrisonerPortal.Controllers.NotificationsController.GetUnreadCount (PrisonerPortal)'
2026-03-17 12:34:04.092 +05:30 [INF] Route matched with {action = "GetUnreadCount", controller = "Notifications"}. Executing controller action with signature Microsoft.AspNetCore.Mvc.IActionResult GetUnreadCount() on controller PrisonerPortal.Controllers.NotificationsController (PrisonerPortal).
2026-03-17 12:34:04.118 +05:30 [INF] Executed DbCommand (12ms) [Parameters=[@userId='?' (Size = 450)], CommandType='"Text"', CommandTimeout='30']
SELECT COUNT(*)
FROM [Notifications] AS [n]
WHERE [n].[UserId] = @userId AND [n].[IsRead] = CAST(0 AS bit)
2026-03-17 12:34:04.135 +05:30 [INF] Executing JsonResult, writing value of type '<>f__AnonymousType1`1[[System.Int32, System.Private.CoreLib, Version=10.0.0.0, Culture=neutral, PublicKeyToken=7cec85d7bea7798e]]'.
2026-03-17 12:34:04.144 +05:30 [INF] Executed action PrisonerPortal.Controllers.NotificationsController.GetUnreadCount (PrisonerPortal) in 42.8113ms
2026-03-17 12:34:04.154 +05:30 [INF] Executed endpoint 'PrisonerPortal.Controllers.NotificationsController.GetUnreadCount (PrisonerPortal)'
2026-03-17 12:34:04.163 +05:30 [INF] Request finished HTTP/1.1 GET http://localhost:5050/Notifications/GetUnreadCount - 200 null application/json; charset=utf-8 93.9383ms
2026-03-17 12:34:34.076 +05:30 [INF] Request starting HTTP/1.1 GET http://localhost:5050/Notifications/GetUnreadCount - null null
2026-03-17 12:34:34.093 +05:30 [INF] Executing endpoint 'PrisonerPortal.Controllers.NotificationsController.GetUnreadCount (PrisonerPortal)'
2026-03-17 12:34:34.099 +05:30 [INF] Route matched with {action = "GetUnreadCount", controller = "Notifications"}. Executing controller action with signature Microsoft.AspNetCore.Mvc.IActionResult GetUnreadCount() on controller PrisonerPortal.Controllers.NotificationsController (PrisonerPortal).
2026-03-17 12:34:34.115 +05:30 [INF] Executed DbCommand (1ms) [Parameters=[@userId='?' (Size = 450)], CommandType='"Text"', CommandTimeout='30']
SELECT COUNT(*)
FROM [Notifications] AS [n]
WHERE [n].[UserId] = @userId AND [n].[IsRead] = CAST(0 AS bit)
2026-03-17 12:34:34.133 +05:30 [INF] Executing JsonResult, writing value of type '<>f__AnonymousType1`1[[System.Int32, System.Private.CoreLib, Version=10.0.0.0, Culture=neutral, PublicKeyToken=7cec85d7bea7798e]]'.
2026-03-17 12:34:34.141 +05:30 [INF] Executed action PrisonerPortal.Controllers.NotificationsController.GetUnreadCount (PrisonerPortal) in 30.3465ms
2026-03-17 12:34:34.152 +05:30 [INF] Executed endpoint 'PrisonerPortal.Controllers.NotificationsController.GetUnreadCount (PrisonerPortal)'
2026-03-17 12:34:34.162 +05:30 [INF] Request finished HTTP/1.1 GET http://localhost:5050/Notifications/GetUnreadCount - 200 null application/json; charset=utf-8 86.3768ms
2026-03-17 12:35:28.084 +05:30 [INF] Request starting HTTP/1.1 GET http://localhost:5050/Notifications/GetUnreadCount - null null
2026-03-17 12:35:28.110 +05:30 [INF] Executing endpoint 'PrisonerPortal.Controllers.NotificationsController.GetUnreadCount (PrisonerPortal)'
2026-03-17 12:35:28.117 +05:30 [INF] Route matched with {action = "GetUnreadCount", controller = "Notifications"}. Executing controller action with signature Microsoft.AspNetCore.Mvc.IActionResult GetUnreadCount() on controller PrisonerPortal.Controllers.NotificationsController (PrisonerPortal).
2026-03-17 12:35:28.146 +05:30 [INF] Executed DbCommand (10ms) [Parameters=[@userId='?' (Size = 450)], CommandType='"Text"', CommandTimeout='30']
SELECT COUNT(*)
FROM [Notifications] AS [n]
WHERE [n].[UserId] = @userId AND [n].[IsRead] = CAST(0 AS bit)
2026-03-17 12:35:28.162 +05:30 [INF] Executing JsonResult, writing value of type '<>f__AnonymousType1`1[[System.Int32, System.Private.CoreLib, Version=10.0.0.0, Culture=neutral, PublicKeyToken=7cec85d7bea7798e]]'.
2026-03-17 12:35:28.169 +05:30 [INF] Executed action PrisonerPortal.Controllers.NotificationsController.GetUnreadCount (PrisonerPortal) in 36.307ms
2026-03-17 12:35:28.181 +05:30 [INF] Executed endpoint 'PrisonerPortal.Controllers.NotificationsController.GetUnreadCount (PrisonerPortal)'
2026-03-17 12:35:28.190 +05:30 [INF] Request finished HTTP/1.1 GET http://localhost:5050/Notifications/GetUnreadCount - 200 null application/json; charset=utf-8 106.2048ms
2026-03-17 12:36:28.075 +05:30 [INF] Request starting HTTP/1.1 GET http://localhost:5050/Notifications/GetUnreadCount - null null
2026-03-17 12:36:28.095 +05:30 [INF] Executing endpoint 'PrisonerPortal.Controllers.NotificationsController.GetUnreadCount (PrisonerPortal)'
2026-03-17 12:36:28.105 +05:30 [INF] Route matched with {action = "GetUnreadCount", controller = "Notifications"}. Executing controller action with signature Microsoft.AspNetCore.Mvc.IActionResult GetUnreadCount() on controller PrisonerPortal.Controllers.NotificationsController (PrisonerPortal).
2026-03-17 12:36:28.143 +05:30 [INF] Executed DbCommand (18ms) [Parameters=[@userId='?' (Size = 450)], CommandType='"Text"', CommandTimeout='30']
SELECT COUNT(*)
FROM [Notifications] AS [n]
WHERE [n].[UserId] = @userId AND [n].[IsRead] = CAST(0 AS bit)
2026-03-17 12:36:28.158 +05:30 [INF] Executing JsonResult, writing value of type '<>f__AnonymousType1`1[[System.Int32, System.Private.CoreLib, Version=10.0.0.0, Culture=neutral, PublicKeyToken=7cec85d7bea7798e]]'.
2026-03-17 12:36:28.166 +05:30 [INF] Executed action PrisonerPortal.Controllers.NotificationsController.GetUnreadCount (PrisonerPortal) in 45.7636ms
2026-03-17 12:36:28.176 +05:30 [INF] Executed endpoint 'PrisonerPortal.Controllers.NotificationsController.GetUnreadCount (PrisonerPortal)'
2026-03-17 12:36:28.184 +05:30 [INF] Request finished HTTP/1.1 GET http://localhost:5050/Notifications/GetUnreadCount - 200 null application/json; charset=utf-8 108.9985ms
2026-03-17 12:37:28.074 +05:30 [INF] Request starting HTTP/1.1 GET http://localhost:5050/Notifications/GetUnreadCount - null null
2026-03-17 12:37:28.095 +05:30 [INF] Executing endpoint 'PrisonerPortal.Controllers.NotificationsController.GetUnreadCount (PrisonerPortal)'
2026-03-17 12:37:28.108 +05:30 [INF] Route matched with {action = "GetUnreadCount", controller = "Notifications"}. Executing controller action with signature Microsoft.AspNetCore.Mvc.IActionResult GetUnreadCount() on controller PrisonerPortal.Controllers.NotificationsController (PrisonerPortal).
2026-03-17 12:37:28.144 +05:30 [INF] Executed DbCommand (17ms) [Parameters=[@userId='?' (Size = 450)], CommandType='"Text"', CommandTimeout='30']
SELECT COUNT(*)
FROM [Notifications] AS [n]
WHERE [n].[UserId] = @userId AND [n].[IsRead] = CAST(0 AS bit)
2026-03-17 12:37:28.158 +05:30 [INF] Executing JsonResult, writing value of type '<>f__AnonymousType1`1[[System.Int32, System.Private.CoreLib, Version=10.0.0.0, Culture=neutral, PublicKeyToken=7cec85d7bea7798e]]'.
2026-03-17 12:37:28.166 +05:30 [INF] Executed action PrisonerPortal.Controllers.NotificationsController.GetUnreadCount (PrisonerPortal) in 41.5614ms
2026-03-17 12:37:28.174 +05:30 [INF] Executed endpoint 'PrisonerPortal.Controllers.NotificationsController.GetUnreadCount (PrisonerPortal)'
2026-03-17 12:37:28.184 +05:30 [INF] Request finished HTTP/1.1 GET http://localhost:5050/Notifications/GetUnreadCount - 200 null application/json; charset=utf-8 110.0011ms
2026-03-17 12:38:28.075 +05:30 [INF] Request starting HTTP/1.1 GET http://localhost:5050/Notifications/GetUnreadCount - null null
2026-03-17 12:38:28.098 +05:30 [INF] Executing endpoint 'PrisonerPortal.Controllers.NotificationsController.GetUnreadCount (PrisonerPortal)'
2026-03-17 12:38:28.105 +05:30 [INF] Route matched with {action = "GetUnreadCount", controller = "Notifications"}. Executing controller action with signature Microsoft.AspNetCore.Mvc.IActionResult GetUnreadCount() on controller PrisonerPortal.Controllers.NotificationsController (PrisonerPortal).
2026-03-17 12:38:28.139 +05:30 [INF] Executed DbCommand (17ms) [Parameters=[@userId='?' (Size = 450)], CommandType='"Text"', CommandTimeout='30']
SELECT COUNT(*)
FROM [Notifications] AS [n]
WHERE [n].[UserId] = @userId AND [n].[IsRead] = CAST(0 AS bit)
2026-03-17 12:38:28.158 +05:30 [INF] Executing JsonResult, writing value of type '<>f__AnonymousType1`1[[System.Int32, System.Private.CoreLib, Version=10.0.0.0, Culture=neutral, PublicKeyToken=7cec85d7bea7798e]]'.
2026-03-17 12:38:28.170 +05:30 [INF] Executed action PrisonerPortal.Controllers.NotificationsController.GetUnreadCount (PrisonerPortal) in 51.1931ms
2026-03-17 12:38:28.180 +05:30 [INF] Executed endpoint 'PrisonerPortal.Controllers.NotificationsController.GetUnreadCount (PrisonerPortal)'
2026-03-17 12:38:28.188 +05:30 [INF] Request finished HTTP/1.1 GET http://localhost:5050/Notifications/GetUnreadCount - 200 null application/json; charset=utf-8 113.7418ms
