2026-03-19 00:02:42.156 +05:30 [INF] Executed DbCommand (38ms) [Parameters=[], CommandType='"Text"', CommandTimeout='30']
SELECT 1
2026-03-19 00:02:42.302 +05:30 [INF] Executed DbCommand (37ms) [Parameters=[], CommandType='"Text"', CommandTimeout='30']
SELECT OBJECT_ID(N'[__EFMigrationsHistory]');
2026-03-19 00:02:42.359 +05:30 [INF] Executed DbCommand (22ms) [Parameters=[], CommandType='"Text"', CommandTimeout='30']
SELECT [MigrationId], [ProductVersion]
FROM [__EFMigrationsHistory]
ORDER BY [MigrationId];
2026-03-19 00:02:42.409 +05:30 [INF] User profile is available. Using 'C:\Users\HP\AppData\Local\ASP.NET\DataProtection-Keys' as key repository and Windows DPAPI to encrypt keys at rest.
2026-03-19 00:02:43.245 +05:30 [INF] Executed DbCommand (74ms) [Parameters=[@normalizedName='?' (Size = 256)], CommandType='"Text"', CommandTimeout='30']
SELECT TOP(1) [a].[Id], [a].[ConcurrencyStamp], [a].[Name], [a].[NormalizedName]
FROM [AspNetRoles] AS [a]
WHERE [a].[NormalizedName] = @normalizedName
2026-03-19 00:02:43.387 +05:30 [INF] Executed DbCommand (2ms) [Parameters=[@normalizedName='?' (Size = 256)], CommandType='"Text"', CommandTimeout='30']
SELECT TOP(1) [a].[Id], [a].[ConcurrencyStamp], [a].[Name], [a].[NormalizedName]
FROM [AspNetRoles] AS [a]
WHERE [a].[NormalizedName] = @normalizedName
2026-03-19 00:02:43.476 +05:30 [INF] Executed DbCommand (25ms) [Parameters=[@normalizedEmail='?' (Size = 256)], CommandType='"Text"', CommandTimeout='30']
SELECT TOP(2) [a].[Id], [a].[AccessFailedCount], [a].[Address], [a].[ConcurrencyStamp], [a].[CreatedAt], [a].[Email], [a].[EmailConfirmed], [a].[FullName], [a].[IsActive], [a].[LockoutEnabled], [a].[LockoutEnd], [a].[NormalizedEmail], [a].[NormalizedUserName], [a].[PasswordHash], [a].[PhoneNumber], [a].[PhoneNumberConfirmed], [a].[Role], [a].[SecurityStamp], [a].[TwoFactorEnabled], [a].[UserName]
FROM [AspNetUsers] AS [a]
WHERE [a].[NormalizedEmail] = @normalizedEmail
2026-03-19 00:02:43.614 +05:30 [INF] Executed DbCommand (2ms) [Parameters=[@normalizedEmail='?' (Size = 256)], CommandType='"Text"', CommandTimeout='30']
SELECT TOP(2) [a].[Id], [a].[AccessFailedCount], [a].[Address], [a].[ConcurrencyStamp], [a].[CreatedAt], [a].[Email], [a].[EmailConfirmed], [a].[FullName], [a].[IsActive], [a].[LockoutEnabled], [a].[LockoutEnd], [a].[NormalizedEmail], [a].[NormalizedUserName], [a].[PasswordHash], [a].[PhoneNumber], [a].[PhoneNumberConfirmed], [a].[Role], [a].[SecurityStamp], [a].[TwoFactorEnabled], [a].[UserName]
FROM [AspNetUsers] AS [a]
WHERE [a].[NormalizedEmail] = @normalizedEmail
2026-03-19 00:02:43.699 +05:30 [INF] Executed DbCommand (24ms) [Parameters=[], CommandType='"Text"', CommandTimeout='30']
SELECT CASE
    WHEN EXISTS (
        SELECT 1
        FROM [Prisoners] AS [p]) THEN CAST(1 AS bit)
    ELSE CAST(0 AS bit)
END
2026-03-19 00:02:43.717 +05:30 [INF] Executed DbCommand (2ms) [Parameters=[@normalizedEmail='?' (Size = 256)], CommandType='"Text"', CommandTimeout='30']
SELECT TOP(2) [a].[Id], [a].[AccessFailedCount], [a].[Address], [a].[ConcurrencyStamp], [a].[CreatedAt], [a].[Email], [a].[EmailConfirmed], [a].[FullName], [a].[IsActive], [a].[LockoutEnabled], [a].[LockoutEnd], [a].[NormalizedEmail], [a].[NormalizedUserName], [a].[PasswordHash], [a].[PhoneNumber], [a].[PhoneNumberConfirmed], [a].[Role], [a].[SecurityStamp], [a].[TwoFactorEnabled], [a].[UserName]
FROM [AspNetUsers] AS [a]
WHERE [a].[NormalizedEmail] = @normalizedEmail
2026-03-19 00:02:43.778 +05:30 [INF] Executed DbCommand (9ms) [Parameters=[], CommandType='"Text"', CommandTimeout='30']
SELECT CASE
    WHEN EXISTS (
        SELECT 1
        FROM [VisitSlots] AS [v]) THEN CAST(1 AS bit)
    ELSE CAST(0 AS bit)
END
2026-03-19 00:02:43.893 +05:30 [INF] Executed DbCommand (1ms) [Parameters=[@normalizedEmail='?' (Size = 256)], CommandType='"Text"', CommandTimeout='30']
SELECT TOP(2) [a].[Id], [a].[AccessFailedCount], [a].[Address], [a].[ConcurrencyStamp], [a].[CreatedAt], [a].[Email], [a].[EmailConfirmed], [a].[FullName], [a].[IsActive], [a].[LockoutEnabled], [a].[LockoutEnd], [a].[NormalizedEmail], [a].[NormalizedUserName], [a].[PasswordHash], [a].[PhoneNumber], [a].[PhoneNumberConfirmed], [a].[Role], [a].[SecurityStamp], [a].[TwoFactorEnabled], [a].[UserName]
FROM [AspNetUsers] AS [a]
WHERE [a].[NormalizedEmail] = @normalizedEmail
2026-03-19 00:02:43.916 +05:30 [WRN] The query uses the 'First'/'FirstOrDefault' operator without 'OrderBy' and filter operators. This may lead to unpredictable results.
2026-03-19 00:02:43.978 +05:30 [INF] Executed DbCommand (23ms) [Parameters=[], CommandType='"Text"', CommandTimeout='30']
SELECT TOP(1) [p].[PrisonerId], [p].[CaseNumber], [p].[CellBlock], [p].[CellNumber], [p].[CreatedAt], [p].[CrimeCategory], [p].[DateOfBirth], [p].[FullName], [p].[Gender], [p].[PrisonerCode], [p].[SentenceEndDate], [p].[SentenceStartDate], [p].[Status], [p].[UpdatedAt]
FROM [Prisoners] AS [p]
2026-03-19 00:02:44.113 +05:30 [INF] Executed DbCommand (25ms) [Parameters=[@familyUser_Id='?' (Size = 450), @samplePrisoner_PrisonerId='?' (DbType = Int32)], CommandType='"Text"', CommandTimeout='30']
SELECT CASE
    WHEN EXISTS (
        SELECT 1
        FROM [FamilyPrisonerLinks] AS [f]
        WHERE [f].[UserId] = @familyUser_Id AND [f].[PrisonerId] = @samplePrisoner_PrisonerId) THEN CAST(1 AS bit)
    ELSE CAST(0 AS bit)
END
2026-03-19 00:02:44.177 +05:30 [INF] Executed DbCommand (12ms) [Parameters=[@familyUser_Id='?' (Size = 450)], CommandType='"Text"', CommandTimeout='30']
SELECT CASE
    WHEN EXISTS (
        SELECT 1
        FROM [Appointments] AS [a]
        WHERE [a].[UserId] = @familyUser_Id) THEN CAST(1 AS bit)
    ELSE CAST(0 AS bit)
END
2026-03-19 00:02:44.208 +05:30 [WRN] The query uses the 'First'/'FirstOrDefault' operator without 'OrderBy' and filter operators. This may lead to unpredictable results.
2026-03-19 00:02:44.254 +05:30 [INF] Executed DbCommand (6ms) [Parameters=[], CommandType='"Text"', CommandTimeout='30']
SELECT TOP(1) [v].[SlotId], [v].[CreatedAt], [v].[CreatedByAdminId], [v].[CurrentBookings], [v].[EndTime], [v].[IsActive], [v].[MaxCapacity], [v].[SlotDate], [v].[StartTime]
FROM [VisitSlots] AS [v]
2026-03-19 00:02:44.342 +05:30 [INF] ✅ Database ready and seeded.
2026-03-19 00:02:44.368 +05:30 [INF] ✅ App running at http://localhost:5050
2026-03-19 00:02:44.371 +05:30 [INF] ✅ Login: admin@prisonerportal.gov / Admin@123!
2026-03-19 00:02:44.748 +05:30 [INF] Now listening on: http://localhost:5050
2026-03-19 00:02:44.772 +05:30 [INF] Application started. Press Ctrl+C to shut down.
2026-03-19 00:02:44.783 +05:30 [INF] Hosting environment: Development
2026-03-19 00:02:44.792 +05:30 [INF] Content root path: C:\Users\HP\Desktop\Adarsh Yadav Project\PrisonerPortal
2026-03-19 00:02:45.033 +05:30 [INF] Request starting HTTP/1.1 GET http://localhost:5050/Account/Login - null null
2026-03-19 00:02:45.265 +05:30 [INF] Executing endpoint 'PrisonerPortal.Controllers.AccountController.Login (PrisonerPortal)'
2026-03-19 00:02:45.326 +05:30 [INF] Route matched with {action = "Login", controller = "Account"}. Executing controller action with signature Microsoft.AspNetCore.Mvc.IActionResult Login(System.String) on controller PrisonerPortal.Controllers.AccountController (PrisonerPortal).
2026-03-19 00:02:45.397 +05:30 [INF] Executing RedirectResult, redirecting to /Admin/Dashboard.
2026-03-19 00:02:45.437 +05:30 [INF] Executed action PrisonerPortal.Controllers.AccountController.Login (PrisonerPortal) in 78.3512ms
2026-03-19 00:02:45.452 +05:30 [INF] Executed endpoint 'PrisonerPortal.Controllers.AccountController.Login (PrisonerPortal)'
2026-03-19 00:02:45.500 +05:30 [INF] Request finished HTTP/1.1 GET http://localhost:5050/Account/Login - 302 0 null 478.8723ms
2026-03-19 00:02:45.526 +05:30 [INF] Request starting HTTP/1.1 GET http://localhost:5050/Admin/Dashboard - null null
2026-03-19 00:02:45.591 +05:30 [INF] Executing endpoint 'PrisonerPortal.Controllers.AdminController.Dashboard (PrisonerPortal)'
2026-03-19 00:02:45.635 +05:30 [INF] Route matched with {action = "Dashboard", controller = "Admin"}. Executing controller action with signature System.Threading.Tasks.Task`1[Microsoft.AspNetCore.Mvc.IActionResult] Dashboard() on controller PrisonerPortal.Controllers.AdminController (PrisonerPortal).
2026-03-19 00:02:45.867 +05:30 [INF] Executed DbCommand (5ms) [Parameters=[], CommandType='"Text"', CommandTimeout='30']
SELECT COUNT(*)
FROM [AspNetUsers] AS [a]
WHERE [a].[IsActive] = CAST(1 AS bit) AND [a].[Role] = N'Family'
2026-03-19 00:02:45.934 +05:30 [INF] Executed DbCommand (3ms) [Parameters=[], CommandType='"Text"', CommandTimeout='30']
SELECT COUNT(*)
FROM [Prisoners] AS [p]
WHERE [p].[Status] = N'Active'
2026-03-19 00:02:46.197 +05:30 [INF] Executed DbCommand (29ms) [Parameters=[], CommandType='"Text"', CommandTimeout='30']
SELECT COUNT(*)
FROM [Appointments] AS [a]
INNER JOIN [VisitSlots] AS [v] ON [a].[SlotId] = [v].[SlotId]
WHERE CONVERT(date, [v].[SlotDate]) = CONVERT(date, GETDATE()) AND [a].[Status] IN (N'Approved', N'Pending')
2026-03-19 00:02:46.259 +05:30 [INF] Executed DbCommand (9ms) [Parameters=[], CommandType='"Text"', CommandTimeout='30']
SELECT COUNT(*)
FROM [SupportRequests] AS [s]
WHERE [s].[Status] IN (N'Open', N'InProgress')
2026-03-19 00:02:46.575 +05:30 [INF] Executed DbCommand (28ms) [Parameters=[@p='?' (DbType = Int32)], CommandType='"Text"', CommandTimeout='30']
SELECT [a1].[AppointmentId], [a1].[AdminNotes], [a1].[AppointmentCode], [a1].[BookedAt], [a1].[NumVisitors], [a1].[PrisonerId], [a1].[Purpose], [a1].[RejectionReason], [a1].[SlotId], [a1].[Status], [a1].[UpdatedAt], [a1].[UserId], [a1].[VisitorNames], [a0].[Id], [a0].[AccessFailedCount], [a0].[Address], [a0].[ConcurrencyStamp], [a0].[CreatedAt], [a0].[Email], [a0].[EmailConfirmed], [a0].[FullName], [a0].[IsActive], [a0].[LockoutEnabled], [a0].[LockoutEnd], [a0].[NormalizedEmail], [a0].[NormalizedUserName], [a0].[PasswordHash], [a0].[PhoneNumber], [a0].[PhoneNumberConfirmed], [a0].[Role], [a0].[SecurityStamp], [a0].[TwoFactorEnabled], [a0].[UserName], [p].[PrisonerId], [p].[CaseNumber], [p].[CellBlock], [p].[CellNumber], [p].[CreatedAt], [p].[CrimeCategory], [p].[DateOfBirth], [p].[FullName], [p].[Gender], [p].[PrisonerCode], [p].[SentenceEndDate], [p].[SentenceStartDate], [p].[Status], [p].[UpdatedAt], [v].[SlotId], [v].[CreatedAt], [v].[CreatedByAdminId], [v].[CurrentBookings], [v].[EndTime], [v].[IsActive], [v].[MaxCapacity], [v].[SlotDate], [v].[StartTime]
FROM (
    SELECT TOP(@p) [a].[AppointmentId], [a].[AdminNotes], [a].[AppointmentCode], [a].[BookedAt], [a].[NumVisitors], [a].[PrisonerId], [a].[Purpose], [a].[RejectionReason], [a].[SlotId], [a].[Status], [a].[UpdatedAt], [a].[UserId], [a].[VisitorNames]
    FROM [Appointments] AS [a]
    WHERE [a].[Status] = N'Pending'
    ORDER BY [a].[BookedAt] DESC
) AS [a1]
INNER JOIN [AspNetUsers] AS [a0] ON [a1].[UserId] = [a0].[Id]
INNER JOIN [Prisoners] AS [p] ON [a1].[PrisonerId] = [p].[PrisonerId]
INNER JOIN [VisitSlots] AS [v] ON [a1].[SlotId] = [v].[SlotId]
ORDER BY [a1].[BookedAt] DESC
2026-03-19 00:02:46.782 +05:30 [INF] Executed DbCommand (15ms) [Parameters=[@p='?' (DbType = Int32)], CommandType='"Text"', CommandTimeout='30']
SELECT [s0].[RequestId], [s0].[AdminResponse], [s0].[AssignedAdminId], [s0].[Category], [s0].[CreatedAt], [s0].[Description], [s0].[Priority], [s0].[PrisonerId], [s0].[RequestCode], [s0].[ResolvedAt], [s0].[Status], [s0].[Subject], [s0].[UpdatedAt], [s0].[UserId], [a].[Id], [a].[AccessFailedCount], [a].[Address], [a].[ConcurrencyStamp], [a].[CreatedAt], [a].[Email], [a].[EmailConfirmed], [a].[FullName], [a].[IsActive], [a].[LockoutEnabled], [a].[LockoutEnd], [a].[NormalizedEmail], [a].[NormalizedUserName], [a].[PasswordHash], [a].[PhoneNumber], [a].[PhoneNumberConfirmed], [a].[Role], [a].[SecurityStamp], [a].[TwoFactorEnabled], [a].[UserName], [p].[PrisonerId], [p].[CaseNumber], [p].[CellBlock], [p].[CellNumber], [p].[CreatedAt], [p].[CrimeCategory], [p].[DateOfBirth], [p].[FullName], [p].[Gender], [p].[PrisonerCode], [p].[SentenceEndDate], [p].[SentenceStartDate], [p].[Status], [p].[UpdatedAt]
FROM (
    SELECT TOP(@p) [s].[RequestId], [s].[AdminResponse], [s].[AssignedAdminId], [s].[Category], [s].[CreatedAt], [s].[Description], [s].[Priority], [s].[PrisonerId], [s].[RequestCode], [s].[ResolvedAt], [s].[Status], [s].[Subject], [s].[UpdatedAt], [s].[UserId]
    FROM [SupportRequests] AS [s]
    WHERE [s].[Status] IN (N'Open', N'InProgress')
    ORDER BY [s].[CreatedAt] DESC
) AS [s0]
INNER JOIN [AspNetUsers] AS [a] ON [s0].[UserId] = [a].[Id]
LEFT JOIN [Prisoners] AS [p] ON [s0].[PrisonerId] = [p].[PrisonerId]
ORDER BY [s0].[CreatedAt] DESC
2026-03-19 00:02:47.079 +05:30 [INF] Executed DbCommand (28ms) [Parameters=[@p='?' (DbType = Int32)], CommandType='"Text"', CommandTimeout='30']
SELECT [f0].[LinkId], [f0].[IsVerified], [f0].[LinkedAt], [f0].[PrisonerId], [f0].[Relationship], [f0].[UserId], [f0].[VerifiedByAdminId], [a].[Id], [a].[AccessFailedCount], [a].[Address], [a].[ConcurrencyStamp], [a].[CreatedAt], [a].[Email], [a].[EmailConfirmed], [a].[FullName], [a].[IsActive], [a].[LockoutEnabled], [a].[LockoutEnd], [a].[NormalizedEmail], [a].[NormalizedUserName], [a].[PasswordHash], [a].[PhoneNumber], [a].[PhoneNumberConfirmed], [a].[Role], [a].[SecurityStamp], [a].[TwoFactorEnabled], [a].[UserName], [p].[PrisonerId], [p].[CaseNumber], [p].[CellBlock], [p].[CellNumber], [p].[CreatedAt], [p].[CrimeCategory], [p].[DateOfBirth], [p].[FullName], [p].[Gender], [p].[PrisonerCode], [p].[SentenceEndDate], [p].[SentenceStartDate], [p].[Status], [p].[UpdatedAt]
FROM (
    SELECT TOP(@p) [f].[LinkId], [f].[IsVerified], [f].[LinkedAt], [f].[PrisonerId], [f].[Relationship], [f].[UserId], [f].[VerifiedByAdminId]
    FROM [FamilyPrisonerLinks] AS [f]
    WHERE [f].[IsVerified] = CAST(0 AS bit)
    ORDER BY [f].[LinkedAt] DESC
) AS [f0]
INNER JOIN [AspNetUsers] AS [a] ON [f0].[UserId] = [a].[Id]
INNER JOIN [Prisoners] AS [p] ON [f0].[PrisonerId] = [p].[PrisonerId]
ORDER BY [f0].[LinkedAt] DESC
2026-03-19 00:02:47.187 +05:30 [INF] Executed DbCommand (5ms) [Parameters=[@p='?' (DbType = Int32)], CommandType='"Text"', CommandTimeout='30']
SELECT TOP(@p) [a].[Id], [a].[AccessFailedCount], [a].[Address], [a].[ConcurrencyStamp], [a].[CreatedAt], [a].[Email], [a].[EmailConfirmed], [a].[FullName], [a].[IsActive], [a].[LockoutEnabled], [a].[LockoutEnd], [a].[NormalizedEmail], [a].[NormalizedUserName], [a].[PasswordHash], [a].[PhoneNumber], [a].[PhoneNumberConfirmed], [a].[Role], [a].[SecurityStamp], [a].[TwoFactorEnabled], [a].[UserName]
FROM [AspNetUsers] AS [a]
ORDER BY [a].[CreatedAt] DESC
2026-03-19 00:02:47.277 +05:30 [INF] Executing ViewResult, running view Dashboard.
2026-03-19 00:02:47.636 +05:30 [INF] Executed ViewResult - view Dashboard executed in 392.4116ms.
2026-03-19 00:02:47.650 +05:30 [INF] Executed action PrisonerPortal.Controllers.AdminController.Dashboard (PrisonerPortal) in 2003.2523ms
2026-03-19 00:02:47.665 +05:30 [INF] Executed endpoint 'PrisonerPortal.Controllers.AdminController.Dashboard (PrisonerPortal)'
2026-03-19 00:02:47.715 +05:30 [INF] Request finished HTTP/1.1 GET http://localhost:5050/Admin/Dashboard - 200 null text/html; charset=utf-8 2189.0202ms
2026-03-19 00:02:48.049 +05:30 [INF] Request starting HTTP/1.1 GET http://localhost:5050/Notifications/GetUnreadCount - null null
2026-03-19 00:02:48.165 +05:30 [INF] Executing endpoint 'PrisonerPortal.Controllers.NotificationsController.GetUnreadCount (PrisonerPortal)'
2026-03-19 00:02:48.179 +05:30 [INF] Route matched with {action = "GetUnreadCount", controller = "Notifications"}. Executing controller action with signature Microsoft.AspNetCore.Mvc.IActionResult GetUnreadCount() on controller PrisonerPortal.Controllers.NotificationsController (PrisonerPortal).
2026-03-19 00:02:48.513 +05:30 [INF] Executed DbCommand (8ms) [Parameters=[@userId='?' (Size = 450)], CommandType='"Text"', CommandTimeout='30']
SELECT COUNT(*)
FROM [Notifications] AS [n]
WHERE [n].[UserId] = @userId AND [n].[IsRead] = CAST(0 AS bit)
2026-03-19 00:02:48.544 +05:30 [INF] Executing JsonResult, writing value of type '<>f__AnonymousType2`1[[System.Int32, System.Private.CoreLib, Version=10.0.0.0, Culture=neutral, PublicKeyToken=7cec85d7bea7798e]]'.
2026-03-19 00:02:48.713 +05:30 [INF] Executed action PrisonerPortal.Controllers.NotificationsController.GetUnreadCount (PrisonerPortal) in 528.5522ms
2026-03-19 00:02:48.728 +05:30 [INF] Executed endpoint 'PrisonerPortal.Controllers.NotificationsController.GetUnreadCount (PrisonerPortal)'
2026-03-19 00:02:48.737 +05:30 [INF] Request finished HTTP/1.1 GET http://localhost:5050/Notifications/GetUnreadCount - 200 null application/json; charset=utf-8 688.4605ms
2026-03-19 00:02:53.279 +05:30 [INF] Request starting HTTP/1.1 GET http://localhost:5050/Admin/Users - null null
2026-03-19 00:02:53.329 +05:30 [INF] Executing endpoint 'PrisonerPortal.Controllers.AdminController.Users (PrisonerPortal)'
2026-03-19 00:02:53.379 +05:30 [INF] Route matched with {action = "Users", controller = "Admin"}. Executing controller action with signature System.Threading.Tasks.Task`1[Microsoft.AspNetCore.Mvc.IActionResult] Users(System.String, System.String) on controller PrisonerPortal.Controllers.AdminController (PrisonerPortal).
2026-03-19 00:02:53.480 +05:30 [INF] Executed DbCommand (4ms) [Parameters=[], CommandType='"Text"', CommandTimeout='30']
SELECT [a].[Id], [a].[AccessFailedCount], [a].[Address], [a].[ConcurrencyStamp], [a].[CreatedAt], [a].[Email], [a].[EmailConfirmed], [a].[FullName], [a].[IsActive], [a].[LockoutEnabled], [a].[LockoutEnd], [a].[NormalizedEmail], [a].[NormalizedUserName], [a].[PasswordHash], [a].[PhoneNumber], [a].[PhoneNumberConfirmed], [a].[Role], [a].[SecurityStamp], [a].[TwoFactorEnabled], [a].[UserName]
FROM [AspNetUsers] AS [a]
ORDER BY [a].[CreatedAt] DESC
2026-03-19 00:02:53.511 +05:30 [INF] Executing ViewResult, running view Users.
2026-03-19 00:02:53.605 +05:30 [INF] Executed ViewResult - view Users executed in 105.1893ms.
2026-03-19 00:02:53.616 +05:30 [INF] Executed action PrisonerPortal.Controllers.AdminController.Users (PrisonerPortal) in 224.1395ms
2026-03-19 00:02:53.628 +05:30 [INF] Executed endpoint 'PrisonerPortal.Controllers.AdminController.Users (PrisonerPortal)'
2026-03-19 00:02:53.639 +05:30 [INF] Request finished HTTP/1.1 GET http://localhost:5050/Admin/Users - 200 null text/html; charset=utf-8 359.7322ms
2026-03-19 00:02:53.706 +05:30 [INF] Request starting HTTP/1.1 GET http://localhost:5050/Notifications/GetUnreadCount - null null
2026-03-19 00:02:53.738 +05:30 [INF] Executing endpoint 'PrisonerPortal.Controllers.NotificationsController.GetUnreadCount (PrisonerPortal)'
2026-03-19 00:02:53.749 +05:30 [INF] Route matched with {action = "GetUnreadCount", controller = "Notifications"}. Executing controller action with signature Microsoft.AspNetCore.Mvc.IActionResult GetUnreadCount() on controller PrisonerPortal.Controllers.NotificationsController (PrisonerPortal).
2026-03-19 00:02:53.778 +05:30 [INF] Executed DbCommand (2ms) [Parameters=[@userId='?' (Size = 450)], CommandType='"Text"', CommandTimeout='30']
SELECT COUNT(*)
FROM [Notifications] AS [n]
WHERE [n].[UserId] = @userId AND [n].[IsRead] = CAST(0 AS bit)
2026-03-19 00:02:53.796 +05:30 [INF] Executing JsonResult, writing value of type '<>f__AnonymousType2`1[[System.Int32, System.Private.CoreLib, Version=10.0.0.0, Culture=neutral, PublicKeyToken=7cec85d7bea7798e]]'.
2026-03-19 00:02:53.804 +05:30 [INF] Executed action PrisonerPortal.Controllers.NotificationsController.GetUnreadCount (PrisonerPortal) in 38.5327ms
2026-03-19 00:02:53.816 +05:30 [INF] Executed endpoint 'PrisonerPortal.Controllers.NotificationsController.GetUnreadCount (PrisonerPortal)'
2026-03-19 00:02:53.828 +05:30 [INF] Request finished HTTP/1.1 GET http://localhost:5050/Notifications/GetUnreadCount - 200 null application/json; charset=utf-8 121.9627ms
2026-03-19 00:02:58.018 +05:30 [INF] Request starting HTTP/1.1 GET http://localhost:5050/Account/Profile - null null
2026-03-19 00:02:58.063 +05:30 [INF] Executing endpoint 'PrisonerPortal.Controllers.AccountController.Profile (PrisonerPortal)'
2026-03-19 00:02:58.100 +05:30 [INF] Route matched with {action = "Profile", controller = "Account"}. Executing controller action with signature System.Threading.Tasks.Task`1[Microsoft.AspNetCore.Mvc.IActionResult] Profile() on controller PrisonerPortal.Controllers.AccountController (PrisonerPortal).
2026-03-19 00:02:58.214 +05:30 [INF] Executed DbCommand (4ms) [Parameters=[@p='?' (Size = 450)], CommandType='"Text"', CommandTimeout='30']
SELECT TOP(1) [a].[Id], [a].[AccessFailedCount], [a].[Address], [a].[ConcurrencyStamp], [a].[CreatedAt], [a].[Email], [a].[EmailConfirmed], [a].[FullName], [a].[IsActive], [a].[LockoutEnabled], [a].[LockoutEnd], [a].[NormalizedEmail], [a].[NormalizedUserName], [a].[PasswordHash], [a].[PhoneNumber], [a].[PhoneNumberConfirmed], [a].[Role], [a].[SecurityStamp], [a].[TwoFactorEnabled], [a].[UserName]
FROM [AspNetUsers] AS [a]
WHERE [a].[Id] = @p
2026-03-19 00:02:58.246 +05:30 [INF] Executing ViewResult, running view Profile.
2026-03-19 00:02:58.398 +05:30 [INF] Executed ViewResult - view Profile executed in 158.7239ms.
2026-03-19 00:02:58.409 +05:30 [INF] Executed action PrisonerPortal.Controllers.AccountController.Profile (PrisonerPortal) in 289.4229ms
2026-03-19 00:02:58.419 +05:30 [INF] Executed endpoint 'PrisonerPortal.Controllers.AccountController.Profile (PrisonerPortal)'
2026-03-19 00:02:58.431 +05:30 [INF] Request finished HTTP/1.1 GET http://localhost:5050/Account/Profile - 200 null text/html; charset=utf-8 412.57ms
2026-03-19 00:02:58.483 +05:30 [INF] Request starting HTTP/1.1 GET http://localhost:5050/Notifications/GetUnreadCount - null null
2026-03-19 00:02:58.509 +05:30 [INF] Executing endpoint 'PrisonerPortal.Controllers.NotificationsController.GetUnreadCount (PrisonerPortal)'
2026-03-19 00:02:58.517 +05:30 [INF] Route matched with {action = "GetUnreadCount", controller = "Notifications"}. Executing controller action with signature Microsoft.AspNetCore.Mvc.IActionResult GetUnreadCount() on controller PrisonerPortal.Controllers.NotificationsController (PrisonerPortal).
2026-03-19 00:02:58.539 +05:30 [INF] Executed DbCommand (2ms) [Parameters=[@userId='?' (Size = 450)], CommandType='"Text"', CommandTimeout='30']
SELECT COUNT(*)
FROM [Notifications] AS [n]
WHERE [n].[UserId] = @userId AND [n].[IsRead] = CAST(0 AS bit)
2026-03-19 00:02:58.554 +05:30 [INF] Executing JsonResult, writing value of type '<>f__AnonymousType2`1[[System.Int32, System.Private.CoreLib, Version=10.0.0.0, Culture=neutral, PublicKeyToken=7cec85d7bea7798e]]'.
2026-03-19 00:02:58.576 +05:30 [INF] Executed action PrisonerPortal.Controllers.NotificationsController.GetUnreadCount (PrisonerPortal) in 45.6781ms
2026-03-19 00:02:58.596 +05:30 [INF] Executed endpoint 'PrisonerPortal.Controllers.NotificationsController.GetUnreadCount (PrisonerPortal)'
2026-03-19 00:02:58.610 +05:30 [INF] Request finished HTTP/1.1 GET http://localhost:5050/Notifications/GetUnreadCount - 200 null application/json; charset=utf-8 126.4627ms
2026-03-19 00:03:00.925 +05:30 [INF] Request starting HTTP/1.1 GET http://localhost:5050/Account/ChangePassword - null null
2026-03-19 00:03:00.946 +05:30 [INF] Executing endpoint 'PrisonerPortal.Controllers.AccountController.ChangePassword (PrisonerPortal)'
2026-03-19 00:03:00.964 +05:30 [INF] Route matched with {action = "ChangePassword", controller = "Account"}. Executing controller action with signature Microsoft.AspNetCore.Mvc.IActionResult ChangePassword() on controller PrisonerPortal.Controllers.AccountController (PrisonerPortal).
2026-03-19 00:03:00.996 +05:30 [INF] Executing ViewResult, running view ChangePassword.
2026-03-19 00:03:01.075 +05:30 [INF] Executed ViewResult - view ChangePassword executed in 86.9623ms.
2026-03-19 00:03:01.087 +05:30 [INF] Executed action PrisonerPortal.Controllers.AccountController.ChangePassword (PrisonerPortal) in 105.116ms
2026-03-19 00:03:01.095 +05:30 [INF] Executed endpoint 'PrisonerPortal.Controllers.AccountController.ChangePassword (PrisonerPortal)'
2026-03-19 00:03:01.108 +05:30 [INF] Request finished HTTP/1.1 GET http://localhost:5050/Account/ChangePassword - 200 null text/html; charset=utf-8 182.8632ms
2026-03-19 00:03:01.197 +05:30 [INF] Request starting HTTP/1.1 GET http://localhost:5050/Notifications/GetUnreadCount - null null
2026-03-19 00:03:01.215 +05:30 [INF] Executing endpoint 'PrisonerPortal.Controllers.NotificationsController.GetUnreadCount (PrisonerPortal)'
2026-03-19 00:03:01.225 +05:30 [INF] Route matched with {action = "GetUnreadCount", controller = "Notifications"}. Executing controller action with signature Microsoft.AspNetCore.Mvc.IActionResult GetUnreadCount() on controller PrisonerPortal.Controllers.NotificationsController (PrisonerPortal).
2026-03-19 00:03:01.244 +05:30 [INF] Executed DbCommand (1ms) [Parameters=[@userId='?' (Size = 450)], CommandType='"Text"', CommandTimeout='30']
SELECT COUNT(*)
FROM [Notifications] AS [n]
WHERE [n].[UserId] = @userId AND [n].[IsRead] = CAST(0 AS bit)
2026-03-19 00:03:01.259 +05:30 [INF] Executing JsonResult, writing value of type '<>f__AnonymousType2`1[[System.Int32, System.Private.CoreLib, Version=10.0.0.0, Culture=neutral, PublicKeyToken=7cec85d7bea7798e]]'.
2026-03-19 00:03:01.265 +05:30 [INF] Executed action PrisonerPortal.Controllers.NotificationsController.GetUnreadCount (PrisonerPortal) in 28.6903ms
2026-03-19 00:03:01.278 +05:30 [INF] Executed endpoint 'PrisonerPortal.Controllers.NotificationsController.GetUnreadCount (PrisonerPortal)'
2026-03-19 00:03:01.292 +05:30 [INF] Request finished HTTP/1.1 GET http://localhost:5050/Notifications/GetUnreadCount - 200 null application/json; charset=utf-8 94.5857ms
2026-03-19 00:03:29.848 +05:30 [INF] Request starting HTTP/1.1 POST http://localhost:5050/Account/ChangePassword - application/x-www-form-urlencoded 304
2026-03-19 00:03:29.866 +05:30 [INF] Executing endpoint 'PrisonerPortal.Controllers.AccountController.ChangePassword (PrisonerPortal)'
2026-03-19 00:03:29.910 +05:30 [INF] Route matched with {action = "ChangePassword", controller = "Account"}. Executing controller action with signature System.Threading.Tasks.Task`1[Microsoft.AspNetCore.Mvc.IActionResult] ChangePassword(PrisonerPortal.Models.ViewModels.ChangePasswordViewModel) on controller PrisonerPortal.Controllers.AccountController (PrisonerPortal).
2026-03-19 00:03:29.988 +05:30 [INF] Executed DbCommand (1ms) [Parameters=[@p='?' (Size = 450)], CommandType='"Text"', CommandTimeout='30']
SELECT TOP(1) [a].[Id], [a].[AccessFailedCount], [a].[Address], [a].[ConcurrencyStamp], [a].[CreatedAt], [a].[Email], [a].[EmailConfirmed], [a].[FullName], [a].[IsActive], [a].[LockoutEnabled], [a].[LockoutEnd], [a].[NormalizedEmail], [a].[NormalizedUserName], [a].[PasswordHash], [a].[PhoneNumber], [a].[PhoneNumberConfirmed], [a].[Role], [a].[SecurityStamp], [a].[TwoFactorEnabled], [a].[UserName]
FROM [AspNetUsers] AS [a]
WHERE [a].[Id] = @p
2026-03-19 00:03:30.713 +05:30 [INF] Executed DbCommand (12ms) [Parameters=[@normalizedUserName='?' (Size = 256)], CommandType='"Text"', CommandTimeout='30']
SELECT TOP(1) [a].[Id], [a].[AccessFailedCount], [a].[Address], [a].[ConcurrencyStamp], [a].[CreatedAt], [a].[Email], [a].[EmailConfirmed], [a].[FullName], [a].[IsActive], [a].[LockoutEnabled], [a].[LockoutEnd], [a].[NormalizedEmail], [a].[NormalizedUserName], [a].[PasswordHash], [a].[PhoneNumber], [a].[PhoneNumberConfirmed], [a].[Role], [a].[SecurityStamp], [a].[TwoFactorEnabled], [a].[UserName]
FROM [AspNetUsers] AS [a]
WHERE [a].[NormalizedUserName] = @normalizedUserName
2026-03-19 00:03:30.754 +05:30 [INF] Executed DbCommand (10ms) [Parameters=[@normalizedEmail='?' (Size = 256)], CommandType='"Text"', CommandTimeout='30']
SELECT TOP(2) [a].[Id], [a].[AccessFailedCount], [a].[Address], [a].[ConcurrencyStamp], [a].[CreatedAt], [a].[Email], [a].[EmailConfirmed], [a].[FullName], [a].[IsActive], [a].[LockoutEnabled], [a].[LockoutEnd], [a].[NormalizedEmail], [a].[NormalizedUserName], [a].[PasswordHash], [a].[PhoneNumber], [a].[PhoneNumberConfirmed], [a].[Role], [a].[SecurityStamp], [a].[TwoFactorEnabled], [a].[UserName]
FROM [AspNetUsers] AS [a]
WHERE [a].[NormalizedEmail] = @normalizedEmail
2026-03-19 00:03:31.059 +05:30 [INF] Executed DbCommand (33ms) [Parameters=[@p19='?' (Size = 450), @p0='?' (DbType = Int32), @p1='?' (Size = 500), @p2='?' (Size = 4000), @p20='?' (Size = 4000), @p3='?' (DbType = DateTime2), @p4='?' (Size = 256), @p5='?' (DbType = Boolean), @p6='?' (Size = 150), @p7='?' (DbType = Boolean), @p8='?' (DbType = Boolean), @p9='?' (DbType = DateTimeOffset), @p10='?' (Size = 256), @p11='?' (Size = 256), @p12='?' (Size = 4000), @p13='?' (Size = 4000), @p14='?' (DbType = Boolean), @p15='?' (Size = 4000), @p16='?' (Size = 4000), @p17='?' (DbType = Boolean), @p18='?' (Size = 256)], CommandType='"Text"', CommandTimeout='30']
SET IMPLICIT_TRANSACTIONS OFF;
SET NOCOUNT ON;
UPDATE [AspNetUsers] SET [AccessFailedCount] = @p0, [Address] = @p1, [ConcurrencyStamp] = @p2, [CreatedAt] = @p3, [Email] = @p4, [EmailConfirmed] = @p5, [FullName] = @p6, [IsActive] = @p7, [LockoutEnabled] = @p8, [LockoutEnd] = @p9, [NormalizedEmail] = @p10, [NormalizedUserName] = @p11, [PasswordHash] = @p12, [PhoneNumber] = @p13, [PhoneNumberConfirmed] = @p14, [Role] = @p15, [SecurityStamp] = @p16, [TwoFactorEnabled] = @p17, [UserName] = @p18
OUTPUT 1
WHERE [Id] = @p19 AND [ConcurrencyStamp] = @p20;
2026-03-19 00:03:31.198 +05:30 [INF] Executed DbCommand (9ms) [Parameters=[@user_Id='?' (Size = 450)], CommandType='"Text"', CommandTimeout='30']
SELECT [a].[Id], [a].[ClaimType], [a].[ClaimValue], [a].[UserId]
FROM [AspNetUserClaims] AS [a]
WHERE [a].[UserId] = @user_Id
2026-03-19 00:03:31.210 +05:30 [INF] Request starting HTTP/1.1 GET http://localhost:5050/Notifications/GetUnreadCount - null null
2026-03-19 00:03:31.236 +05:30 [INF] Executing endpoint 'PrisonerPortal.Controllers.NotificationsController.GetUnreadCount (PrisonerPortal)'
2026-03-19 00:03:31.244 +05:30 [INF] Route matched with {action = "GetUnreadCount", controller = "Notifications"}. Executing controller action with signature Microsoft.AspNetCore.Mvc.IActionResult GetUnreadCount() on controller PrisonerPortal.Controllers.NotificationsController (PrisonerPortal).
2026-03-19 00:03:31.274 +05:30 [INF] Executed DbCommand (12ms) [Parameters=[@userId='?' (Size = 450)], CommandType='"Text"', CommandTimeout='30']
SELECT COUNT(*)
FROM [Notifications] AS [n]
WHERE [n].[UserId] = @userId AND [n].[IsRead] = CAST(0 AS bit)
2026-03-19 00:03:31.287 +05:30 [INF] Executing JsonResult, writing value of type '<>f__AnonymousType2`1[[System.Int32, System.Private.CoreLib, Version=10.0.0.0, Culture=neutral, PublicKeyToken=7cec85d7bea7798e]]'.
2026-03-19 00:03:31.295 +05:30 [INF] Executed action PrisonerPortal.Controllers.NotificationsController.GetUnreadCount (PrisonerPortal) in 38.2776ms
2026-03-19 00:03:31.304 +05:30 [INF] Executed endpoint 'PrisonerPortal.Controllers.NotificationsController.GetUnreadCount (PrisonerPortal)'
2026-03-19 00:03:31.312 +05:30 [INF] Request finished HTTP/1.1 GET http://localhost:5050/Notifications/GetUnreadCount - 200 null application/json; charset=utf-8 101.8134ms
2026-03-19 00:03:31.355 +05:30 [INF] Executed DbCommand (26ms) [Parameters=[@userId='?' (Size = 450)], CommandType='"Text"', CommandTimeout='30']
SELECT [a0].[Name]
FROM [AspNetUserRoles] AS [a]
INNER JOIN [AspNetRoles] AS [a0] ON [a].[RoleId] = [a0].[Id]
WHERE [a].[UserId] = @userId
2026-03-19 00:03:31.390 +05:30 [INF] Executed DbCommand (10ms) [Parameters=[@normalizedName='?' (Size = 256)], CommandType='"Text"', CommandTimeout='30']
SELECT TOP(1) [a].[Id], [a].[ConcurrencyStamp], [a].[Name], [a].[NormalizedName]
FROM [AspNetRoles] AS [a]
WHERE [a].[NormalizedName] = @normalizedName
2026-03-19 00:03:31.477 +05:30 [INF] Executed DbCommand (7ms) [Parameters=[@role_Id='?' (Size = 450)], CommandType='"Text"', CommandTimeout='30']
SELECT [a].[ClaimType], [a].[ClaimValue]
FROM [AspNetRoleClaims] AS [a]
WHERE [a].[RoleId] = @role_Id
2026-03-19 00:03:31.509 +05:30 [INF] AuthenticationScheme: Identity.Application signed in.
2026-03-19 00:03:31.532 +05:30 [INF] Executing RedirectResult, redirecting to /Account/Profile.
2026-03-19 00:03:31.593 +05:30 [INF] Executed action PrisonerPortal.Controllers.AccountController.ChangePassword (PrisonerPortal) in 1666.5012ms
2026-03-19 00:03:31.607 +05:30 [INF] Executed endpoint 'PrisonerPortal.Controllers.AccountController.ChangePassword (PrisonerPortal)'
2026-03-19 00:03:31.618 +05:30 [INF] Request finished HTTP/1.1 POST http://localhost:5050/Account/ChangePassword - 302 0 null 1769.8495ms
2026-03-19 00:03:31.640 +05:30 [INF] Request starting HTTP/1.1 GET http://localhost:5050/Account/Profile - null null
2026-03-19 00:03:31.666 +05:30 [INF] Executing endpoint 'PrisonerPortal.Controllers.AccountController.Profile (PrisonerPortal)'
2026-03-19 00:03:31.674 +05:30 [INF] Route matched with {action = "Profile", controller = "Account"}. Executing controller action with signature System.Threading.Tasks.Task`1[Microsoft.AspNetCore.Mvc.IActionResult] Profile() on controller PrisonerPortal.Controllers.AccountController (PrisonerPortal).
2026-03-19 00:03:31.706 +05:30 [INF] Executed DbCommand (10ms) [Parameters=[@p='?' (Size = 450)], CommandType='"Text"', CommandTimeout='30']
SELECT TOP(1) [a].[Id], [a].[AccessFailedCount], [a].[Address], [a].[ConcurrencyStamp], [a].[CreatedAt], [a].[Email], [a].[EmailConfirmed], [a].[FullName], [a].[IsActive], [a].[LockoutEnabled], [a].[LockoutEnd], [a].[NormalizedEmail], [a].[NormalizedUserName], [a].[PasswordHash], [a].[PhoneNumber], [a].[PhoneNumberConfirmed], [a].[Role], [a].[SecurityStamp], [a].[TwoFactorEnabled], [a].[UserName]
FROM [AspNetUsers] AS [a]
WHERE [a].[Id] = @p
2026-03-19 00:03:31.723 +05:30 [INF] Executing ViewResult, running view Profile.
2026-03-19 00:03:31.797 +05:30 [INF] Executed ViewResult - view Profile executed in 74.1895ms.
2026-03-19 00:03:31.807 +05:30 [INF] Executed action PrisonerPortal.Controllers.AccountController.Profile (PrisonerPortal) in 118.3187ms
2026-03-19 00:03:31.812 +05:30 [INF] Executed endpoint 'PrisonerPortal.Controllers.AccountController.Profile (PrisonerPortal)'
2026-03-19 00:03:31.818 +05:30 [INF] Request finished HTTP/1.1 GET http://localhost:5050/Account/Profile - 200 null text/html; charset=utf-8 177.9392ms
2026-03-19 00:03:31.940 +05:30 [INF] Request starting HTTP/1.1 GET http://localhost:5050/Notifications/GetUnreadCount - null null
2026-03-19 00:03:31.957 +05:30 [INF] Executing endpoint 'PrisonerPortal.Controllers.NotificationsController.GetUnreadCount (PrisonerPortal)'
2026-03-19 00:03:31.967 +05:30 [INF] Route matched with {action = "GetUnreadCount", controller = "Notifications"}. Executing controller action with signature Microsoft.AspNetCore.Mvc.IActionResult GetUnreadCount() on controller PrisonerPortal.Controllers.NotificationsController (PrisonerPortal).
2026-03-19 00:03:32.014 +05:30 [INF] Executed DbCommand (28ms) [Parameters=[@userId='?' (Size = 450)], CommandType='"Text"', CommandTimeout='30']
SELECT COUNT(*)
FROM [Notifications] AS [n]
WHERE [n].[UserId] = @userId AND [n].[IsRead] = CAST(0 AS bit)
2026-03-19 00:03:32.031 +05:30 [INF] Executing JsonResult, writing value of type '<>f__AnonymousType2`1[[System.Int32, System.Private.CoreLib, Version=10.0.0.0, Culture=neutral, PublicKeyToken=7cec85d7bea7798e]]'.
2026-03-19 00:03:32.036 +05:30 [INF] Executed action PrisonerPortal.Controllers.NotificationsController.GetUnreadCount (PrisonerPortal) in 56.0782ms
2026-03-19 00:03:32.045 +05:30 [INF] Executed endpoint 'PrisonerPortal.Controllers.NotificationsController.GetUnreadCount (PrisonerPortal)'
2026-03-19 00:03:32.052 +05:30 [INF] Request finished HTTP/1.1 GET http://localhost:5050/Notifications/GetUnreadCount - 200 null application/json; charset=utf-8 112.0848ms
2026-03-19 00:03:55.381 +05:30 [INF] Request starting HTTP/1.1 POST http://localhost:5050/Account/Profile - application/x-www-form-urlencoded 297
2026-03-19 00:03:55.407 +05:30 [INF] Executing endpoint 'PrisonerPortal.Controllers.AccountController.Profile (PrisonerPortal)'
2026-03-19 00:03:55.446 +05:30 [INF] Route matched with {action = "Profile", controller = "Account"}. Executing controller action with signature System.Threading.Tasks.Task`1[Microsoft.AspNetCore.Mvc.IActionResult] Profile(PrisonerPortal.Models.ViewModels.UserProfileViewModel) on controller PrisonerPortal.Controllers.AccountController (PrisonerPortal).
2026-03-19 00:03:55.487 +05:30 [INF] Executed DbCommand (9ms) [Parameters=[@p='?' (Size = 450)], CommandType='"Text"', CommandTimeout='30']
SELECT TOP(1) [a].[Id], [a].[AccessFailedCount], [a].[Address], [a].[ConcurrencyStamp], [a].[CreatedAt], [a].[Email], [a].[EmailConfirmed], [a].[FullName], [a].[IsActive], [a].[LockoutEnabled], [a].[LockoutEnd], [a].[NormalizedEmail], [a].[NormalizedUserName], [a].[PasswordHash], [a].[PhoneNumber], [a].[PhoneNumberConfirmed], [a].[Role], [a].[SecurityStamp], [a].[TwoFactorEnabled], [a].[UserName]
FROM [AspNetUsers] AS [a]
WHERE [a].[Id] = @p
2026-03-19 00:03:55.524 +05:30 [INF] Executed DbCommand (11ms) [Parameters=[@normalizedUserName='?' (Size = 256)], CommandType='"Text"', CommandTimeout='30']
SELECT TOP(1) [a].[Id], [a].[AccessFailedCount], [a].[Address], [a].[ConcurrencyStamp], [a].[CreatedAt], [a].[Email], [a].[EmailConfirmed], [a].[FullName], [a].[IsActive], [a].[LockoutEnabled], [a].[LockoutEnd], [a].[NormalizedEmail], [a].[NormalizedUserName], [a].[PasswordHash], [a].[PhoneNumber], [a].[PhoneNumberConfirmed], [a].[Role], [a].[SecurityStamp], [a].[TwoFactorEnabled], [a].[UserName]
FROM [AspNetUsers] AS [a]
WHERE [a].[NormalizedUserName] = @normalizedUserName
2026-03-19 00:03:55.552 +05:30 [INF] Executed DbCommand (9ms) [Parameters=[@normalizedEmail='?' (Size = 256)], CommandType='"Text"', CommandTimeout='30']
SELECT TOP(2) [a].[Id], [a].[AccessFailedCount], [a].[Address], [a].[ConcurrencyStamp], [a].[CreatedAt], [a].[Email], [a].[EmailConfirmed], [a].[FullName], [a].[IsActive], [a].[LockoutEnabled], [a].[LockoutEnd], [a].[NormalizedEmail], [a].[NormalizedUserName], [a].[PasswordHash], [a].[PhoneNumber], [a].[PhoneNumberConfirmed], [a].[Role], [a].[SecurityStamp], [a].[TwoFactorEnabled], [a].[UserName]
FROM [AspNetUsers] AS [a]
WHERE [a].[NormalizedEmail] = @normalizedEmail
2026-03-19 00:03:55.611 +05:30 [INF] Executed DbCommand (33ms) [Parameters=[@p19='?' (Size = 450), @p0='?' (DbType = Int32), @p1='?' (Size = 500), @p2='?' (Size = 4000), @p20='?' (Size = 4000), @p3='?' (DbType = DateTime2), @p4='?' (Size = 256), @p5='?' (DbType = Boolean), @p6='?' (Size = 150), @p7='?' (DbType = Boolean), @p8='?' (DbType = Boolean), @p9='?' (DbType = DateTimeOffset), @p10='?' (Size = 256), @p11='?' (Size = 256), @p12='?' (Size = 4000), @p13='?' (Size = 4000), @p14='?' (DbType = Boolean), @p15='?' (Size = 4000), @p16='?' (Size = 4000), @p17='?' (DbType = Boolean), @p18='?' (Size = 256)], CommandType='"Text"', CommandTimeout='30']
SET IMPLICIT_TRANSACTIONS OFF;
SET NOCOUNT ON;
UPDATE [AspNetUsers] SET [AccessFailedCount] = @p0, [Address] = @p1, [ConcurrencyStamp] = @p2, [CreatedAt] = @p3, [Email] = @p4, [EmailConfirmed] = @p5, [FullName] = @p6, [IsActive] = @p7, [LockoutEnabled] = @p8, [LockoutEnd] = @p9, [NormalizedEmail] = @p10, [NormalizedUserName] = @p11, [PasswordHash] = @p12, [PhoneNumber] = @p13, [PhoneNumberConfirmed] = @p14, [Role] = @p15, [SecurityStamp] = @p16, [TwoFactorEnabled] = @p17, [UserName] = @p18
OUTPUT 1
WHERE [Id] = @p19 AND [ConcurrencyStamp] = @p20;
2026-03-19 00:03:55.642 +05:30 [INF] Executing RedirectResult, redirecting to /Account/Profile.
2026-03-19 00:03:55.652 +05:30 [INF] Executed action PrisonerPortal.Controllers.AccountController.Profile (PrisonerPortal) in 191.7502ms
2026-03-19 00:03:55.665 +05:30 [INF] Executed endpoint 'PrisonerPortal.Controllers.AccountController.Profile (PrisonerPortal)'
2026-03-19 00:03:55.677 +05:30 [INF] Request finished HTTP/1.1 POST http://localhost:5050/Account/Profile - 302 0 null 295.9204ms
2026-03-19 00:03:55.704 +05:30 [INF] Request starting HTTP/1.1 GET http://localhost:5050/Account/Profile - null null
2026-03-19 00:03:55.737 +05:30 [INF] Executing endpoint 'PrisonerPortal.Controllers.AccountController.Profile (PrisonerPortal)'
2026-03-19 00:03:55.750 +05:30 [INF] Route matched with {action = "Profile", controller = "Account"}. Executing controller action with signature System.Threading.Tasks.Task`1[Microsoft.AspNetCore.Mvc.IActionResult] Profile() on controller PrisonerPortal.Controllers.AccountController (PrisonerPortal).
2026-03-19 00:03:55.781 +05:30 [INF] Executed DbCommand (2ms) [Parameters=[@p='?' (Size = 450)], CommandType='"Text"', CommandTimeout='30']
SELECT TOP(1) [a].[Id], [a].[AccessFailedCount], [a].[Address], [a].[ConcurrencyStamp], [a].[CreatedAt], [a].[Email], [a].[EmailConfirmed], [a].[FullName], [a].[IsActive], [a].[LockoutEnabled], [a].[LockoutEnd], [a].[NormalizedEmail], [a].[NormalizedUserName], [a].[PasswordHash], [a].[PhoneNumber], [a].[PhoneNumberConfirmed], [a].[Role], [a].[SecurityStamp], [a].[TwoFactorEnabled], [a].[UserName]
FROM [AspNetUsers] AS [a]
WHERE [a].[Id] = @p
2026-03-19 00:03:55.803 +05:30 [INF] Executing ViewResult, running view Profile.
2026-03-19 00:03:55.825 +05:30 [INF] Executed ViewResult - view Profile executed in 22.1785ms.
2026-03-19 00:03:55.838 +05:30 [INF] Executed action PrisonerPortal.Controllers.AccountController.Profile (PrisonerPortal) in 61.67ms
2026-03-19 00:03:55.847 +05:30 [INF] Executed endpoint 'PrisonerPortal.Controllers.AccountController.Profile (PrisonerPortal)'
2026-03-19 00:03:55.860 +05:30 [INF] Request finished HTTP/1.1 GET http://localhost:5050/Account/Profile - 200 null text/html; charset=utf-8 155.5166ms
2026-03-19 00:03:55.939 +05:30 [INF] Request starting HTTP/1.1 GET http://localhost:5050/Notifications/GetUnreadCount - null null
2026-03-19 00:03:55.955 +05:30 [INF] Executing endpoint 'PrisonerPortal.Controllers.NotificationsController.GetUnreadCount (PrisonerPortal)'
2026-03-19 00:03:55.960 +05:30 [INF] Route matched with {action = "GetUnreadCount", controller = "Notifications"}. Executing controller action with signature Microsoft.AspNetCore.Mvc.IActionResult GetUnreadCount() on controller PrisonerPortal.Controllers.NotificationsController (PrisonerPortal).
2026-03-19 00:03:55.987 +05:30 [INF] Executed DbCommand (9ms) [Parameters=[@userId='?' (Size = 450)], CommandType='"Text"', CommandTimeout='30']
SELECT COUNT(*)
FROM [Notifications] AS [n]
WHERE [n].[UserId] = @userId AND [n].[IsRead] = CAST(0 AS bit)
2026-03-19 00:03:56.006 +05:30 [INF] Executing JsonResult, writing value of type '<>f__AnonymousType2`1[[System.Int32, System.Private.CoreLib, Version=10.0.0.0, Culture=neutral, PublicKeyToken=7cec85d7bea7798e]]'.
2026-03-19 00:03:56.014 +05:30 [INF] Executed action PrisonerPortal.Controllers.NotificationsController.GetUnreadCount (PrisonerPortal) in 40.7763ms
2026-03-19 00:03:56.023 +05:30 [INF] Executed endpoint 'PrisonerPortal.Controllers.NotificationsController.GetUnreadCount (PrisonerPortal)'
2026-03-19 00:03:56.027 +05:30 [INF] Request finished HTTP/1.1 GET http://localhost:5050/Notifications/GetUnreadCount - 200 null application/json; charset=utf-8 88.8024ms
2026-03-19 00:03:57.127 +05:30 [INF] Request starting HTTP/1.1 POST http://localhost:5050/Account/Profile - application/x-www-form-urlencoded 297
2026-03-19 00:03:57.146 +05:30 [INF] Executing endpoint 'PrisonerPortal.Controllers.AccountController.Profile (PrisonerPortal)'
2026-03-19 00:03:57.158 +05:30 [INF] Route matched with {action = "Profile", controller = "Account"}. Executing controller action with signature System.Threading.Tasks.Task`1[Microsoft.AspNetCore.Mvc.IActionResult] Profile(PrisonerPortal.Models.ViewModels.UserProfileViewModel) on controller PrisonerPortal.Controllers.AccountController (PrisonerPortal).
2026-03-19 00:03:57.181 +05:30 [INF] Executed DbCommand (2ms) [Parameters=[@p='?' (Size = 450)], CommandType='"Text"', CommandTimeout='30']
SELECT TOP(1) [a].[Id], [a].[AccessFailedCount], [a].[Address], [a].[ConcurrencyStamp], [a].[CreatedAt], [a].[Email], [a].[EmailConfirmed], [a].[FullName], [a].[IsActive], [a].[LockoutEnabled], [a].[LockoutEnd], [a].[NormalizedEmail], [a].[NormalizedUserName], [a].[PasswordHash], [a].[PhoneNumber], [a].[PhoneNumberConfirmed], [a].[Role], [a].[SecurityStamp], [a].[TwoFactorEnabled], [a].[UserName]
FROM [AspNetUsers] AS [a]
WHERE [a].[Id] = @p
2026-03-19 00:03:57.211 +05:30 [INF] Executed DbCommand (1ms) [Parameters=[@normalizedUserName='?' (Size = 256)], CommandType='"Text"', CommandTimeout='30']
SELECT TOP(1) [a].[Id], [a].[AccessFailedCount], [a].[Address], [a].[ConcurrencyStamp], [a].[CreatedAt], [a].[Email], [a].[EmailConfirmed], [a].[FullName], [a].[IsActive], [a].[LockoutEnabled], [a].[LockoutEnd], [a].[NormalizedEmail], [a].[NormalizedUserName], [a].[PasswordHash], [a].[PhoneNumber], [a].[PhoneNumberConfirmed], [a].[Role], [a].[SecurityStamp], [a].[TwoFactorEnabled], [a].[UserName]
FROM [AspNetUsers] AS [a]
WHERE [a].[NormalizedUserName] = @normalizedUserName
2026-03-19 00:03:57.236 +05:30 [INF] Executed DbCommand (3ms) [Parameters=[@normalizedEmail='?' (Size = 256)], CommandType='"Text"', CommandTimeout='30']
SELECT TOP(2) [a].[Id], [a].[AccessFailedCount], [a].[Address], [a].[ConcurrencyStamp], [a].[CreatedAt], [a].[Email], [a].[EmailConfirmed], [a].[FullName], [a].[IsActive], [a].[LockoutEnabled], [a].[LockoutEnd], [a].[NormalizedEmail], [a].[NormalizedUserName], [a].[PasswordHash], [a].[PhoneNumber], [a].[PhoneNumberConfirmed], [a].[Role], [a].[SecurityStamp], [a].[TwoFactorEnabled], [a].[UserName]
FROM [AspNetUsers] AS [a]
WHERE [a].[NormalizedEmail] = @normalizedEmail
2026-03-19 00:03:57.278 +05:30 [INF] Executed DbCommand (19ms) [Parameters=[@p19='?' (Size = 450), @p0='?' (DbType = Int32), @p1='?' (Size = 500), @p2='?' (Size = 4000), @p20='?' (Size = 4000), @p3='?' (DbType = DateTime2), @p4='?' (Size = 256), @p5='?' (DbType = Boolean), @p6='?' (Size = 150), @p7='?' (DbType = Boolean), @p8='?' (DbType = Boolean), @p9='?' (DbType = DateTimeOffset), @p10='?' (Size = 256), @p11='?' (Size = 256), @p12='?' (Size = 4000), @p13='?' (Size = 4000), @p14='?' (DbType = Boolean), @p15='?' (Size = 4000), @p16='?' (Size = 4000), @p17='?' (DbType = Boolean), @p18='?' (Size = 256)], CommandType='"Text"', CommandTimeout='30']
SET IMPLICIT_TRANSACTIONS OFF;
SET NOCOUNT ON;
UPDATE [AspNetUsers] SET [AccessFailedCount] = @p0, [Address] = @p1, [ConcurrencyStamp] = @p2, [CreatedAt] = @p3, [Email] = @p4, [EmailConfirmed] = @p5, [FullName] = @p6, [IsActive] = @p7, [LockoutEnabled] = @p8, [LockoutEnd] = @p9, [NormalizedEmail] = @p10, [NormalizedUserName] = @p11, [PasswordHash] = @p12, [PhoneNumber] = @p13, [PhoneNumberConfirmed] = @p14, [Role] = @p15, [SecurityStamp] = @p16, [TwoFactorEnabled] = @p17, [UserName] = @p18
OUTPUT 1
WHERE [Id] = @p19 AND [ConcurrencyStamp] = @p20;
2026-03-19 00:03:57.298 +05:30 [INF] Executing RedirectResult, redirecting to /Account/Profile.
2026-03-19 00:03:57.309 +05:30 [INF] Executed action PrisonerPortal.Controllers.AccountController.Profile (PrisonerPortal) in 133.8829ms
2026-03-19 00:03:57.316 +05:30 [INF] Executed endpoint 'PrisonerPortal.Controllers.AccountController.Profile (PrisonerPortal)'
2026-03-19 00:03:57.327 +05:30 [INF] Request finished HTTP/1.1 POST http://localhost:5050/Account/Profile - 302 0 null 199.923ms
2026-03-19 00:03:57.353 +05:30 [INF] Request starting HTTP/1.1 GET http://localhost:5050/Account/Profile - null null
2026-03-19 00:03:57.372 +05:30 [INF] Executing endpoint 'PrisonerPortal.Controllers.AccountController.Profile (PrisonerPortal)'
2026-03-19 00:03:57.380 +05:30 [INF] Route matched with {action = "Profile", controller = "Account"}. Executing controller action with signature System.Threading.Tasks.Task`1[Microsoft.AspNetCore.Mvc.IActionResult] Profile() on controller PrisonerPortal.Controllers.AccountController (PrisonerPortal).
2026-03-19 00:03:57.403 +05:30 [INF] Executed DbCommand (3ms) [Parameters=[@p='?' (Size = 450)], CommandType='"Text"', CommandTimeout='30']
SELECT TOP(1) [a].[Id], [a].[AccessFailedCount], [a].[Address], [a].[ConcurrencyStamp], [a].[CreatedAt], [a].[Email], [a].[EmailConfirmed], [a].[FullName], [a].[IsActive], [a].[LockoutEnabled], [a].[LockoutEnd], [a].[NormalizedEmail], [a].[NormalizedUserName], [a].[PasswordHash], [a].[PhoneNumber], [a].[PhoneNumberConfirmed], [a].[Role], [a].[SecurityStamp], [a].[TwoFactorEnabled], [a].[UserName]
FROM [AspNetUsers] AS [a]
WHERE [a].[Id] = @p
2026-03-19 00:03:57.413 +05:30 [INF] Executing ViewResult, running view Profile.
2026-03-19 00:03:57.426 +05:30 [INF] Executed ViewResult - view Profile executed in 12.7925ms.
2026-03-19 00:03:57.433 +05:30 [INF] Executed action PrisonerPortal.Controllers.AccountController.Profile (PrisonerPortal) in 37.6933ms
2026-03-19 00:03:57.443 +05:30 [INF] Executed endpoint 'PrisonerPortal.Controllers.AccountController.Profile (PrisonerPortal)'
2026-03-19 00:03:57.453 +05:30 [INF] Request finished HTTP/1.1 GET http://localhost:5050/Account/Profile - 200 null text/html; charset=utf-8 99.544ms
2026-03-19 00:03:57.529 +05:30 [INF] Request starting HTTP/1.1 GET http://localhost:5050/Notifications/GetUnreadCount - null null
2026-03-19 00:03:57.545 +05:30 [INF] Executing endpoint 'PrisonerPortal.Controllers.NotificationsController.GetUnreadCount (PrisonerPortal)'
2026-03-19 00:03:57.556 +05:30 [INF] Route matched with {action = "GetUnreadCount", controller = "Notifications"}. Executing controller action with signature Microsoft.AspNetCore.Mvc.IActionResult GetUnreadCount() on controller PrisonerPortal.Controllers.NotificationsController (PrisonerPortal).
2026-03-19 00:03:57.574 +05:30 [INF] Executed DbCommand (2ms) [Parameters=[@userId='?' (Size = 450)], CommandType='"Text"', CommandTimeout='30']
SELECT COUNT(*)
FROM [Notifications] AS [n]
WHERE [n].[UserId] = @userId AND [n].[IsRead] = CAST(0 AS bit)
2026-03-19 00:03:57.592 +05:30 [INF] Executing JsonResult, writing value of type '<>f__AnonymousType2`1[[System.Int32, System.Private.CoreLib, Version=10.0.0.0, Culture=neutral, PublicKeyToken=7cec85d7bea7798e]]'.
2026-03-19 00:03:57.601 +05:30 [INF] Executed action PrisonerPortal.Controllers.NotificationsController.GetUnreadCount (PrisonerPortal) in 34.7664ms
2026-03-19 00:03:57.609 +05:30 [INF] Executed endpoint 'PrisonerPortal.Controllers.NotificationsController.GetUnreadCount (PrisonerPortal)'
2026-03-19 00:03:57.612 +05:30 [INF] Request finished HTTP/1.1 GET http://localhost:5050/Notifications/GetUnreadCount - 200 null application/json; charset=utf-8 83.4359ms
2026-03-19 00:04:00.365 +05:30 [INF] Request starting HTTP/1.1 GET http://localhost:5050/Admin/Dashboard - null null
2026-03-19 00:04:00.386 +05:30 [INF] Executing endpoint 'PrisonerPortal.Controllers.AdminController.Dashboard (PrisonerPortal)'
2026-03-19 00:04:00.392 +05:30 [INF] Route matched with {action = "Dashboard", controller = "Admin"}. Executing controller action with signature System.Threading.Tasks.Task`1[Microsoft.AspNetCore.Mvc.IActionResult] Dashboard() on controller PrisonerPortal.Controllers.AdminController (PrisonerPortal).
2026-03-19 00:04:00.438 +05:30 [INF] Executed DbCommand (9ms) [Parameters=[], CommandType='"Text"', CommandTimeout='30']
SELECT COUNT(*)
FROM [AspNetUsers] AS [a]
WHERE [a].[IsActive] = CAST(1 AS bit) AND [a].[Role] = N'Family'
2026-03-19 00:04:00.473 +05:30 [INF] Executed DbCommand (9ms) [Parameters=[], CommandType='"Text"', CommandTimeout='30']
SELECT COUNT(*)
FROM [Prisoners] AS [p]
WHERE [p].[Status] = N'Active'
2026-03-19 00:04:00.515 +05:30 [INF] Executed DbCommand (15ms) [Parameters=[], CommandType='"Text"', CommandTimeout='30']
SELECT COUNT(*)
FROM [Appointments] AS [a]
INNER JOIN [VisitSlots] AS [v] ON [a].[SlotId] = [v].[SlotId]
WHERE CONVERT(date, [v].[SlotDate]) = CONVERT(date, GETDATE()) AND [a].[Status] IN (N'Approved', N'Pending')
2026-03-19 00:04:00.548 +05:30 [INF] Executed DbCommand (8ms) [Parameters=[], CommandType='"Text"', CommandTimeout='30']
SELECT COUNT(*)
FROM [SupportRequests] AS [s]
WHERE [s].[Status] IN (N'Open', N'InProgress')
2026-03-19 00:04:00.597 +05:30 [INF] Executed DbCommand (23ms) [Parameters=[@p='?' (DbType = Int32)], CommandType='"Text"', CommandTimeout='30']
SELECT [a1].[AppointmentId], [a1].[AdminNotes], [a1].[AppointmentCode], [a1].[BookedAt], [a1].[NumVisitors], [a1].[PrisonerId], [a1].[Purpose], [a1].[RejectionReason], [a1].[SlotId], [a1].[Status], [a1].[UpdatedAt], [a1].[UserId], [a1].[VisitorNames], [a0].[Id], [a0].[AccessFailedCount], [a0].[Address], [a0].[ConcurrencyStamp], [a0].[CreatedAt], [a0].[Email], [a0].[EmailConfirmed], [a0].[FullName], [a0].[IsActive], [a0].[LockoutEnabled], [a0].[LockoutEnd], [a0].[NormalizedEmail], [a0].[NormalizedUserName], [a0].[PasswordHash], [a0].[PhoneNumber], [a0].[PhoneNumberConfirmed], [a0].[Role], [a0].[SecurityStamp], [a0].[TwoFactorEnabled], [a0].[UserName], [p].[PrisonerId], [p].[CaseNumber], [p].[CellBlock], [p].[CellNumber], [p].[CreatedAt], [p].[CrimeCategory], [p].[DateOfBirth], [p].[FullName], [p].[Gender], [p].[PrisonerCode], [p].[SentenceEndDate], [p].[SentenceStartDate], [p].[Status], [p].[UpdatedAt], [v].[SlotId], [v].[CreatedAt], [v].[CreatedByAdminId], [v].[CurrentBookings], [v].[EndTime], [v].[IsActive], [v].[MaxCapacity], [v].[SlotDate], [v].[StartTime]
FROM (
    SELECT TOP(@p) [a].[AppointmentId], [a].[AdminNotes], [a].[AppointmentCode], [a].[BookedAt], [a].[NumVisitors], [a].[PrisonerId], [a].[Purpose], [a].[RejectionReason], [a].[SlotId], [a].[Status], [a].[UpdatedAt], [a].[UserId], [a].[VisitorNames]
    FROM [Appointments] AS [a]
    WHERE [a].[Status] = N'Pending'
    ORDER BY [a].[BookedAt] DESC
) AS [a1]
INNER JOIN [AspNetUsers] AS [a0] ON [a1].[UserId] = [a0].[Id]
INNER JOIN [Prisoners] AS [p] ON [a1].[PrisonerId] = [p].[PrisonerId]
INNER JOIN [VisitSlots] AS [v] ON [a1].[SlotId] = [v].[SlotId]
ORDER BY [a1].[BookedAt] DESC
2026-03-19 00:04:00.639 +05:30 [INF] Executed DbCommand (17ms) [Parameters=[@p='?' (DbType = Int32)], CommandType='"Text"', CommandTimeout='30']
SELECT [s0].[RequestId], [s0].[AdminResponse], [s0].[AssignedAdminId], [s0].[Category], [s0].[CreatedAt], [s0].[Description], [s0].[Priority], [s0].[PrisonerId], [s0].[RequestCode], [s0].[ResolvedAt], [s0].[Status], [s0].[Subject], [s0].[UpdatedAt], [s0].[UserId], [a].[Id], [a].[AccessFailedCount], [a].[Address], [a].[ConcurrencyStamp], [a].[CreatedAt], [a].[Email], [a].[EmailConfirmed], [a].[FullName], [a].[IsActive], [a].[LockoutEnabled], [a].[LockoutEnd], [a].[NormalizedEmail], [a].[NormalizedUserName], [a].[PasswordHash], [a].[PhoneNumber], [a].[PhoneNumberConfirmed], [a].[Role], [a].[SecurityStamp], [a].[TwoFactorEnabled], [a].[UserName], [p].[PrisonerId], [p].[CaseNumber], [p].[CellBlock], [p].[CellNumber], [p].[CreatedAt], [p].[CrimeCategory], [p].[DateOfBirth], [p].[FullName], [p].[Gender], [p].[PrisonerCode], [p].[SentenceEndDate], [p].[SentenceStartDate], [p].[Status], [p].[UpdatedAt]
FROM (
    SELECT TOP(@p) [s].[RequestId], [s].[AdminResponse], [s].[AssignedAdminId], [s].[Category], [s].[CreatedAt], [s].[Description], [s].[Priority], [s].[PrisonerId], [s].[RequestCode], [s].[ResolvedAt], [s].[Status], [s].[Subject], [s].[UpdatedAt], [s].[UserId]
    FROM [SupportRequests] AS [s]
    WHERE [s].[Status] IN (N'Open', N'InProgress')
    ORDER BY [s].[CreatedAt] DESC
) AS [s0]
INNER JOIN [AspNetUsers] AS [a] ON [s0].[UserId] = [a].[Id]
LEFT JOIN [Prisoners] AS [p] ON [s0].[PrisonerId] = [p].[PrisonerId]
ORDER BY [s0].[CreatedAt] DESC
2026-03-19 00:04:00.686 +05:30 [INF] Executed DbCommand (24ms) [Parameters=[@p='?' (DbType = Int32)], CommandType='"Text"', CommandTimeout='30']
SELECT [f0].[LinkId], [f0].[IsVerified], [f0].[LinkedAt], [f0].[PrisonerId], [f0].[Relationship], [f0].[UserId], [f0].[VerifiedByAdminId], [a].[Id], [a].[AccessFailedCount], [a].[Address], [a].[ConcurrencyStamp], [a].[CreatedAt], [a].[Email], [a].[EmailConfirmed], [a].[FullName], [a].[IsActive], [a].[LockoutEnabled], [a].[LockoutEnd], [a].[NormalizedEmail], [a].[NormalizedUserName], [a].[PasswordHash], [a].[PhoneNumber], [a].[PhoneNumberConfirmed], [a].[Role], [a].[SecurityStamp], [a].[TwoFactorEnabled], [a].[UserName], [p].[PrisonerId], [p].[CaseNumber], [p].[CellBlock], [p].[CellNumber], [p].[CreatedAt], [p].[CrimeCategory], [p].[DateOfBirth], [p].[FullName], [p].[Gender], [p].[PrisonerCode], [p].[SentenceEndDate], [p].[SentenceStartDate], [p].[Status], [p].[UpdatedAt]
FROM (
    SELECT TOP(@p) [f].[LinkId], [f].[IsVerified], [f].[LinkedAt], [f].[PrisonerId], [f].[Relationship], [f].[UserId], [f].[VerifiedByAdminId]
    FROM [FamilyPrisonerLinks] AS [f]
    WHERE [f].[IsVerified] = CAST(0 AS bit)
    ORDER BY [f].[LinkedAt] DESC
) AS [f0]
INNER JOIN [AspNetUsers] AS [a] ON [f0].[UserId] = [a].[Id]
INNER JOIN [Prisoners] AS [p] ON [f0].[PrisonerId] = [p].[PrisonerId]
ORDER BY [f0].[LinkedAt] DESC
2026-03-19 00:04:00.717 +05:30 [INF] Executed DbCommand (7ms) [Parameters=[@p='?' (DbType = Int32)], CommandType='"Text"', CommandTimeout='30']
SELECT TOP(@p) [a].[Id], [a].[AccessFailedCount], [a].[Address], [a].[ConcurrencyStamp], [a].[CreatedAt], [a].[Email], [a].[EmailConfirmed], [a].[FullName], [a].[IsActive], [a].[LockoutEnabled], [a].[LockoutEnd], [a].[NormalizedEmail], [a].[NormalizedUserName], [a].[PasswordHash], [a].[PhoneNumber], [a].[PhoneNumberConfirmed], [a].[Role], [a].[SecurityStamp], [a].[TwoFactorEnabled], [a].[UserName]
FROM [AspNetUsers] AS [a]
ORDER BY [a].[CreatedAt] DESC
2026-03-19 00:04:00.735 +05:30 [INF] Executing ViewResult, running view Dashboard.
2026-03-19 00:04:00.750 +05:30 [INF] Executed ViewResult - view Dashboard executed in 15.3405ms.
2026-03-19 00:04:00.761 +05:30 [INF] Executed action PrisonerPortal.Controllers.AdminController.Dashboard (PrisonerPortal) in 349.5758ms
2026-03-19 00:04:00.774 +05:30 [INF] Executed endpoint 'PrisonerPortal.Controllers.AdminController.Dashboard (PrisonerPortal)'
2026-03-19 00:04:00.781 +05:30 [INF] Request finished HTTP/1.1 GET http://localhost:5050/Admin/Dashboard - 200 null text/html; charset=utf-8 416.4206ms
2026-03-19 00:04:00.842 +05:30 [INF] Request starting HTTP/1.1 GET http://localhost:5050/Notifications/GetUnreadCount - null null
2026-03-19 00:04:00.858 +05:30 [INF] Executing endpoint 'PrisonerPortal.Controllers.NotificationsController.GetUnreadCount (PrisonerPortal)'
2026-03-19 00:04:00.863 +05:30 [INF] Route matched with {action = "GetUnreadCount", controller = "Notifications"}. Executing controller action with signature Microsoft.AspNetCore.Mvc.IActionResult GetUnreadCount() on controller PrisonerPortal.Controllers.NotificationsController (PrisonerPortal).
2026-03-19 00:04:00.879 +05:30 [INF] Executed DbCommand (2ms) [Parameters=[@userId='?' (Size = 450)], CommandType='"Text"', CommandTimeout='30']
SELECT COUNT(*)
FROM [Notifications] AS [n]
WHERE [n].[UserId] = @userId AND [n].[IsRead] = CAST(0 AS bit)
2026-03-19 00:04:00.893 +05:30 [INF] Executing JsonResult, writing value of type '<>f__AnonymousType2`1[[System.Int32, System.Private.CoreLib, Version=10.0.0.0, Culture=neutral, PublicKeyToken=7cec85d7bea7798e]]'.
2026-03-19 00:04:00.901 +05:30 [INF] Executed action PrisonerPortal.Controllers.NotificationsController.GetUnreadCount (PrisonerPortal) in 26.6792ms
2026-03-19 00:04:00.909 +05:30 [INF] Executed endpoint 'PrisonerPortal.Controllers.NotificationsController.GetUnreadCount (PrisonerPortal)'
2026-03-19 00:04:00.918 +05:30 [INF] Request finished HTTP/1.1 GET http://localhost:5050/Notifications/GetUnreadCount - 200 null application/json; charset=utf-8 75.6612ms
2026-03-19 00:04:04.191 +05:30 [INF] Request starting HTTP/1.1 GET http://localhost:5050/Account/Profile - null null
2026-03-19 00:04:04.206 +05:30 [INF] Executing endpoint 'PrisonerPortal.Controllers.AccountController.Profile (PrisonerPortal)'
2026-03-19 00:04:04.213 +05:30 [INF] Route matched with {action = "Profile", controller = "Account"}. Executing controller action with signature System.Threading.Tasks.Task`1[Microsoft.AspNetCore.Mvc.IActionResult] Profile() on controller PrisonerPortal.Controllers.AccountController (PrisonerPortal).
2026-03-19 00:04:04.242 +05:30 [INF] Executed DbCommand (2ms) [Parameters=[@p='?' (Size = 450)], CommandType='"Text"', CommandTimeout='30']
SELECT TOP(1) [a].[Id], [a].[AccessFailedCount], [a].[Address], [a].[ConcurrencyStamp], [a].[CreatedAt], [a].[Email], [a].[EmailConfirmed], [a].[FullName], [a].[IsActive], [a].[LockoutEnabled], [a].[LockoutEnd], [a].[NormalizedEmail], [a].[NormalizedUserName], [a].[PasswordHash], [a].[PhoneNumber], [a].[PhoneNumberConfirmed], [a].[Role], [a].[SecurityStamp], [a].[TwoFactorEnabled], [a].[UserName]
FROM [AspNetUsers] AS [a]
WHERE [a].[Id] = @p
2026-03-19 00:04:04.261 +05:30 [INF] Executing ViewResult, running view Profile.
2026-03-19 00:04:04.278 +05:30 [INF] Executed ViewResult - view Profile executed in 16.98ms.
2026-03-19 00:04:04.287 +05:30 [INF] Executed action PrisonerPortal.Controllers.AccountController.Profile (PrisonerPortal) in 53.0936ms
2026-03-19 00:04:04.294 +05:30 [INF] Executed endpoint 'PrisonerPortal.Controllers.AccountController.Profile (PrisonerPortal)'
2026-03-19 00:04:04.302 +05:30 [INF] Request finished HTTP/1.1 GET http://localhost:5050/Account/Profile - 200 null text/html; charset=utf-8 111.1947ms
2026-03-19 00:04:04.358 +05:30 [INF] Request starting HTTP/1.1 GET http://localhost:5050/Notifications/GetUnreadCount - null null
2026-03-19 00:04:04.373 +05:30 [INF] Executing endpoint 'PrisonerPortal.Controllers.NotificationsController.GetUnreadCount (PrisonerPortal)'
2026-03-19 00:04:04.378 +05:30 [INF] Route matched with {action = "GetUnreadCount", controller = "Notifications"}. Executing controller action with signature Microsoft.AspNetCore.Mvc.IActionResult GetUnreadCount() on controller PrisonerPortal.Controllers.NotificationsController (PrisonerPortal).
2026-03-19 00:04:04.395 +05:30 [INF] Executed DbCommand (1ms) [Parameters=[@userId='?' (Size = 450)], CommandType='"Text"', CommandTimeout='30']
SELECT COUNT(*)
FROM [Notifications] AS [n]
WHERE [n].[UserId] = @userId AND [n].[IsRead] = CAST(0 AS bit)
2026-03-19 00:04:04.410 +05:30 [INF] Executing JsonResult, writing value of type '<>f__AnonymousType2`1[[System.Int32, System.Private.CoreLib, Version=10.0.0.0, Culture=neutral, PublicKeyToken=7cec85d7bea7798e]]'.
2026-03-19 00:04:04.421 +05:30 [INF] Executed action PrisonerPortal.Controllers.NotificationsController.GetUnreadCount (PrisonerPortal) in 30.381ms
2026-03-19 00:04:04.427 +05:30 [INF] Executed endpoint 'PrisonerPortal.Controllers.NotificationsController.GetUnreadCount (PrisonerPortal)'
2026-03-19 00:04:04.438 +05:30 [INF] Request finished HTTP/1.1 GET http://localhost:5050/Notifications/GetUnreadCount - 200 null application/json; charset=utf-8 79.3856ms
2026-03-19 00:04:07.391 +05:30 [INF] Request starting HTTP/1.1 GET http://localhost:5050/Admin/Prisoners - null null
2026-03-19 00:04:07.470 +05:30 [INF] Executing endpoint 'PrisonerPortal.Controllers.AdminController.Prisoners (PrisonerPortal)'
2026-03-19 00:04:07.503 +05:30 [INF] Route matched with {action = "Prisoners", controller = "Admin"}. Executing controller action with signature System.Threading.Tasks.Task`1[Microsoft.AspNetCore.Mvc.IActionResult] Prisoners() on controller PrisonerPortal.Controllers.AdminController (PrisonerPortal).
2026-03-19 00:04:07.577 +05:30 [INF] Executed DbCommand (4ms) [Parameters=[], CommandType='"Text"', CommandTimeout='30']
SELECT [p].[PrisonerId], [p].[CaseNumber], [p].[CellBlock], [p].[CellNumber], [p].[CreatedAt], [p].[CrimeCategory], [p].[DateOfBirth], [p].[FullName], [p].[Gender], [p].[PrisonerCode], [p].[SentenceEndDate], [p].[SentenceStartDate], [p].[Status], [p].[UpdatedAt]
FROM [Prisoners] AS [p]
ORDER BY [p].[FullName]
2026-03-19 00:04:07.609 +05:30 [INF] Executing ViewResult, running view Prisoners.
2026-03-19 00:04:07.656 +05:30 [INF] Executed ViewResult - view Prisoners executed in 53.7954ms.
2026-03-19 00:04:07.667 +05:30 [INF] Executed action PrisonerPortal.Controllers.AdminController.Prisoners (PrisonerPortal) in 146.6896ms
2026-03-19 00:04:07.674 +05:30 [INF] Executed endpoint 'PrisonerPortal.Controllers.AdminController.Prisoners (PrisonerPortal)'
2026-03-19 00:04:07.688 +05:30 [INF] Request finished HTTP/1.1 GET http://localhost:5050/Admin/Prisoners - 200 null text/html; charset=utf-8 296.3701ms
2026-03-19 00:04:07.752 +05:30 [INF] Request starting HTTP/1.1 GET http://localhost:5050/Notifications/GetUnreadCount - null null
2026-03-19 00:04:07.768 +05:30 [INF] Executing endpoint 'PrisonerPortal.Controllers.NotificationsController.GetUnreadCount (PrisonerPortal)'
2026-03-19 00:04:07.772 +05:30 [INF] Route matched with {action = "GetUnreadCount", controller = "Notifications"}. Executing controller action with signature Microsoft.AspNetCore.Mvc.IActionResult GetUnreadCount() on controller PrisonerPortal.Controllers.NotificationsController (PrisonerPortal).
2026-03-19 00:04:07.788 +05:30 [INF] Executed DbCommand (1ms) [Parameters=[@userId='?' (Size = 450)], CommandType='"Text"', CommandTimeout='30']
SELECT COUNT(*)
FROM [Notifications] AS [n]
WHERE [n].[UserId] = @userId AND [n].[IsRead] = CAST(0 AS bit)
2026-03-19 00:04:07.802 +05:30 [INF] Executing JsonResult, writing value of type '<>f__AnonymousType2`1[[System.Int32, System.Private.CoreLib, Version=10.0.0.0, Culture=neutral, PublicKeyToken=7cec85d7bea7798e]]'.
2026-03-19 00:04:07.808 +05:30 [INF] Executed action PrisonerPortal.Controllers.NotificationsController.GetUnreadCount (PrisonerPortal) in 24.7897ms
2026-03-19 00:04:07.820 +05:30 [INF] Executed endpoint 'PrisonerPortal.Controllers.NotificationsController.GetUnreadCount (PrisonerPortal)'
2026-03-19 00:04:07.824 +05:30 [INF] Request finished HTTP/1.1 GET http://localhost:5050/Notifications/GetUnreadCount - 200 null application/json; charset=utf-8 71.9406ms
2026-03-19 00:04:11.661 +05:30 [INF] Request starting HTTP/1.1 GET http://localhost:5050/Admin/Dashboard - null null
2026-03-19 00:04:11.675 +05:30 [INF] Executing endpoint 'PrisonerPortal.Controllers.AdminController.Dashboard (PrisonerPortal)'
2026-03-19 00:04:11.682 +05:30 [INF] Route matched with {action = "Dashboard", controller = "Admin"}. Executing controller action with signature System.Threading.Tasks.Task`1[Microsoft.AspNetCore.Mvc.IActionResult] Dashboard() on controller PrisonerPortal.Controllers.AdminController (PrisonerPortal).
2026-03-19 00:04:11.705 +05:30 [INF] Executed DbCommand (3ms) [Parameters=[], CommandType='"Text"', CommandTimeout='30']
SELECT COUNT(*)
FROM [AspNetUsers] AS [a]
WHERE [a].[IsActive] = CAST(1 AS bit) AND [a].[Role] = N'Family'
2026-03-19 00:04:11.723 +05:30 [INF] Executed DbCommand (2ms) [Parameters=[], CommandType='"Text"', CommandTimeout='30']
SELECT COUNT(*)
FROM [Prisoners] AS [p]
WHERE [p].[Status] = N'Active'
2026-03-19 00:04:11.743 +05:30 [INF] Executed DbCommand (2ms) [Parameters=[], CommandType='"Text"', CommandTimeout='30']
SELECT COUNT(*)
FROM [Appointments] AS [a]
INNER JOIN [VisitSlots] AS [v] ON [a].[SlotId] = [v].[SlotId]
WHERE CONVERT(date, [v].[SlotDate]) = CONVERT(date, GETDATE()) AND [a].[Status] IN (N'Approved', N'Pending')
2026-03-19 00:04:11.758 +05:30 [INF] Executed DbCommand (1ms) [Parameters=[], CommandType='"Text"', CommandTimeout='30']
SELECT COUNT(*)
FROM [SupportRequests] AS [s]
WHERE [s].[Status] IN (N'Open', N'InProgress')
2026-03-19 00:04:11.774 +05:30 [INF] Executed DbCommand (2ms) [Parameters=[@p='?' (DbType = Int32)], CommandType='"Text"', CommandTimeout='30']
SELECT [a1].[AppointmentId], [a1].[AdminNotes], [a1].[AppointmentCode], [a1].[BookedAt], [a1].[NumVisitors], [a1].[PrisonerId], [a1].[Purpose], [a1].[RejectionReason], [a1].[SlotId], [a1].[Status], [a1].[UpdatedAt], [a1].[UserId], [a1].[VisitorNames], [a0].[Id], [a0].[AccessFailedCount], [a0].[Address], [a0].[ConcurrencyStamp], [a0].[CreatedAt], [a0].[Email], [a0].[EmailConfirmed], [a0].[FullName], [a0].[IsActive], [a0].[LockoutEnabled], [a0].[LockoutEnd], [a0].[NormalizedEmail], [a0].[NormalizedUserName], [a0].[PasswordHash], [a0].[PhoneNumber], [a0].[PhoneNumberConfirmed], [a0].[Role], [a0].[SecurityStamp], [a0].[TwoFactorEnabled], [a0].[UserName], [p].[PrisonerId], [p].[CaseNumber], [p].[CellBlock], [p].[CellNumber], [p].[CreatedAt], [p].[CrimeCategory], [p].[DateOfBirth], [p].[FullName], [p].[Gender], [p].[PrisonerCode], [p].[SentenceEndDate], [p].[SentenceStartDate], [p].[Status], [p].[UpdatedAt], [v].[SlotId], [v].[CreatedAt], [v].[CreatedByAdminId], [v].[CurrentBookings], [v].[EndTime], [v].[IsActive], [v].[MaxCapacity], [v].[SlotDate], [v].[StartTime]
FROM (
    SELECT TOP(@p) [a].[AppointmentId], [a].[AdminNotes], [a].[AppointmentCode], [a].[BookedAt], [a].[NumVisitors], [a].[PrisonerId], [a].[Purpose], [a].[RejectionReason], [a].[SlotId], [a].[Status], [a].[UpdatedAt], [a].[UserId], [a].[VisitorNames]
    FROM [Appointments] AS [a]
    WHERE [a].[Status] = N'Pending'
    ORDER BY [a].[BookedAt] DESC
) AS [a1]
INNER JOIN [AspNetUsers] AS [a0] ON [a1].[UserId] = [a0].[Id]
INNER JOIN [Prisoners] AS [p] ON [a1].[PrisonerId] = [p].[PrisonerId]
INNER JOIN [VisitSlots] AS [v] ON [a1].[SlotId] = [v].[SlotId]
ORDER BY [a1].[BookedAt] DESC
2026-03-19 00:04:11.792 +05:30 [INF] Executed DbCommand (2ms) [Parameters=[@p='?' (DbType = Int32)], CommandType='"Text"', CommandTimeout='30']
SELECT [s0].[RequestId], [s0].[AdminResponse], [s0].[AssignedAdminId], [s0].[Category], [s0].[CreatedAt], [s0].[Description], [s0].[Priority], [s0].[PrisonerId], [s0].[RequestCode], [s0].[ResolvedAt], [s0].[Status], [s0].[Subject], [s0].[UpdatedAt], [s0].[UserId], [a].[Id], [a].[AccessFailedCount], [a].[Address], [a].[ConcurrencyStamp], [a].[CreatedAt], [a].[Email], [a].[EmailConfirmed], [a].[FullName], [a].[IsActive], [a].[LockoutEnabled], [a].[LockoutEnd], [a].[NormalizedEmail], [a].[NormalizedUserName], [a].[PasswordHash], [a].[PhoneNumber], [a].[PhoneNumberConfirmed], [a].[Role], [a].[SecurityStamp], [a].[TwoFactorEnabled], [a].[UserName], [p].[PrisonerId], [p].[CaseNumber], [p].[CellBlock], [p].[CellNumber], [p].[CreatedAt], [p].[CrimeCategory], [p].[DateOfBirth], [p].[FullName], [p].[Gender], [p].[PrisonerCode], [p].[SentenceEndDate], [p].[SentenceStartDate], [p].[Status], [p].[UpdatedAt]
FROM (
    SELECT TOP(@p) [s].[RequestId], [s].[AdminResponse], [s].[AssignedAdminId], [s].[Category], [s].[CreatedAt], [s].[Description], [s].[Priority], [s].[PrisonerId], [s].[RequestCode], [s].[ResolvedAt], [s].[Status], [s].[Subject], [s].[UpdatedAt], [s].[UserId]
    FROM [SupportRequests] AS [s]
    WHERE [s].[Status] IN (N'Open', N'InProgress')
    ORDER BY [s].[CreatedAt] DESC
) AS [s0]
INNER JOIN [AspNetUsers] AS [a] ON [s0].[UserId] = [a].[Id]
LEFT JOIN [Prisoners] AS [p] ON [s0].[PrisonerId] = [p].[PrisonerId]
ORDER BY [s0].[CreatedAt] DESC
2026-03-19 00:04:11.808 +05:30 [INF] Executed DbCommand (2ms) [Parameters=[@p='?' (DbType = Int32)], CommandType='"Text"', CommandTimeout='30']
SELECT [f0].[LinkId], [f0].[IsVerified], [f0].[LinkedAt], [f0].[PrisonerId], [f0].[Relationship], [f0].[UserId], [f0].[VerifiedByAdminId], [a].[Id], [a].[AccessFailedCount], [a].[Address], [a].[ConcurrencyStamp], [a].[CreatedAt], [a].[Email], [a].[EmailConfirmed], [a].[FullName], [a].[IsActive], [a].[LockoutEnabled], [a].[LockoutEnd], [a].[NormalizedEmail], [a].[NormalizedUserName], [a].[PasswordHash], [a].[PhoneNumber], [a].[PhoneNumberConfirmed], [a].[Role], [a].[SecurityStamp], [a].[TwoFactorEnabled], [a].[UserName], [p].[PrisonerId], [p].[CaseNumber], [p].[CellBlock], [p].[CellNumber], [p].[CreatedAt], [p].[CrimeCategory], [p].[DateOfBirth], [p].[FullName], [p].[Gender], [p].[PrisonerCode], [p].[SentenceEndDate], [p].[SentenceStartDate], [p].[Status], [p].[UpdatedAt]
FROM (
    SELECT TOP(@p) [f].[LinkId], [f].[IsVerified], [f].[LinkedAt], [f].[PrisonerId], [f].[Relationship], [f].[UserId], [f].[VerifiedByAdminId]
    FROM [FamilyPrisonerLinks] AS [f]
    WHERE [f].[IsVerified] = CAST(0 AS bit)
    ORDER BY [f].[LinkedAt] DESC
) AS [f0]
INNER JOIN [AspNetUsers] AS [a] ON [f0].[UserId] = [a].[Id]
INNER JOIN [Prisoners] AS [p] ON [f0].[PrisonerId] = [p].[PrisonerId]
ORDER BY [f0].[LinkedAt] DESC
2026-03-19 00:04:11.824 +05:30 [INF] Executed DbCommand (2ms) [Parameters=[@p='?' (DbType = Int32)], CommandType='"Text"', CommandTimeout='30']
SELECT TOP(@p) [a].[Id], [a].[AccessFailedCount], [a].[Address], [a].[ConcurrencyStamp], [a].[CreatedAt], [a].[Email], [a].[EmailConfirmed], [a].[FullName], [a].[IsActive], [a].[LockoutEnabled], [a].[LockoutEnd], [a].[NormalizedEmail], [a].[NormalizedUserName], [a].[PasswordHash], [a].[PhoneNumber], [a].[PhoneNumberConfirmed], [a].[Role], [a].[SecurityStamp], [a].[TwoFactorEnabled], [a].[UserName]
FROM [AspNetUsers] AS [a]
ORDER BY [a].[CreatedAt] DESC
2026-03-19 00:04:11.836 +05:30 [INF] Executing ViewResult, running view Dashboard.
2026-03-19 00:04:11.849 +05:30 [INF] Executed ViewResult - view Dashboard executed in 12.7329ms.
2026-03-19 00:04:11.857 +05:30 [INF] Executed action PrisonerPortal.Controllers.AdminController.Dashboard (PrisonerPortal) in 163.1043ms
2026-03-19 00:04:11.870 +05:30 [INF] Executed endpoint 'PrisonerPortal.Controllers.AdminController.Dashboard (PrisonerPortal)'
2026-03-19 00:04:11.886 +05:30 [INF] Request finished HTTP/1.1 GET http://localhost:5050/Admin/Dashboard - 200 null text/html; charset=utf-8 225.51ms
2026-03-19 00:04:11.946 +05:30 [INF] Request starting HTTP/1.1 GET http://localhost:5050/Notifications/GetUnreadCount - null null
2026-03-19 00:04:11.968 +05:30 [INF] Executing endpoint 'PrisonerPortal.Controllers.NotificationsController.GetUnreadCount (PrisonerPortal)'
2026-03-19 00:04:11.972 +05:30 [INF] Route matched with {action = "GetUnreadCount", controller = "Notifications"}. Executing controller action with signature Microsoft.AspNetCore.Mvc.IActionResult GetUnreadCount() on controller PrisonerPortal.Controllers.NotificationsController (PrisonerPortal).
2026-03-19 00:04:11.989 +05:30 [INF] Executed DbCommand (1ms) [Parameters=[@userId='?' (Size = 450)], CommandType='"Text"', CommandTimeout='30']
SELECT COUNT(*)
FROM [Notifications] AS [n]
WHERE [n].[UserId] = @userId AND [n].[IsRead] = CAST(0 AS bit)
2026-03-19 00:04:12.002 +05:30 [INF] Executing JsonResult, writing value of type '<>f__AnonymousType2`1[[System.Int32, System.Private.CoreLib, Version=10.0.0.0, Culture=neutral, PublicKeyToken=7cec85d7bea7798e]]'.
2026-03-19 00:04:12.007 +05:30 [INF] Executed action PrisonerPortal.Controllers.NotificationsController.GetUnreadCount (PrisonerPortal) in 21.5141ms
2026-03-19 00:04:12.018 +05:30 [INF] Executed endpoint 'PrisonerPortal.Controllers.NotificationsController.GetUnreadCount (PrisonerPortal)'
2026-03-19 00:04:12.023 +05:30 [INF] Request finished HTTP/1.1 GET http://localhost:5050/Notifications/GetUnreadCount - 200 null application/json; charset=utf-8 76.8609ms
2026-03-19 00:04:21.265 +05:30 [INF] Request starting HTTP/1.1 GET http://localhost:5050/Admin/Appointments - null null
2026-03-19 00:04:21.283 +05:30 [INF] Executing endpoint 'PrisonerPortal.Controllers.AdminController.Appointments (PrisonerPortal)'
2026-03-19 00:04:21.314 +05:30 [INF] Route matched with {action = "Appointments", controller = "Admin"}. Executing controller action with signature System.Threading.Tasks.Task`1[Microsoft.AspNetCore.Mvc.IActionResult] Appointments() on controller PrisonerPortal.Controllers.AdminController (PrisonerPortal).
2026-03-19 00:04:21.500 +05:30 [INF] Executed DbCommand (15ms) [Parameters=[], CommandType='"Text"', CommandTimeout='30']
SELECT [a].[AppointmentId], [a].[AdminNotes], [a].[AppointmentCode], [a].[BookedAt], [a].[NumVisitors], [a].[PrisonerId], [a].[Purpose], [a].[RejectionReason], [a].[SlotId], [a].[Status], [a].[UpdatedAt], [a].[UserId], [a].[VisitorNames], [p].[PrisonerId], [p].[CaseNumber], [p].[CellBlock], [p].[CellNumber], [p].[CreatedAt], [p].[CrimeCategory], [p].[DateOfBirth], [p].[FullName], [p].[Gender], [p].[PrisonerCode], [p].[SentenceEndDate], [p].[SentenceStartDate], [p].[Status], [p].[UpdatedAt], [v].[SlotId], [v].[CreatedAt], [v].[CreatedByAdminId], [v].[CurrentBookings], [v].[EndTime], [v].[IsActive], [v].[MaxCapacity], [v].[SlotDate], [v].[StartTime], [a0].[Id], [a0].[AccessFailedCount], [a0].[Address], [a0].[ConcurrencyStamp], [a0].[CreatedAt], [a0].[Email], [a0].[EmailConfirmed], [a0].[FullName], [a0].[IsActive], [a0].[LockoutEnabled], [a0].[LockoutEnd], [a0].[NormalizedEmail], [a0].[NormalizedUserName], [a0].[PasswordHash], [a0].[PhoneNumber], [a0].[PhoneNumberConfirmed], [a0].[Role], [a0].[SecurityStamp], [a0].[TwoFactorEnabled], [a0].[UserName]
FROM [Appointments] AS [a]
INNER JOIN [Prisoners] AS [p] ON [a].[PrisonerId] = [p].[PrisonerId]
INNER JOIN [VisitSlots] AS [v] ON [a].[SlotId] = [v].[SlotId]
INNER JOIN [AspNetUsers] AS [a0] ON [a].[UserId] = [a0].[Id]
ORDER BY [a].[BookedAt] DESC
2026-03-19 00:04:21.585 +05:30 [INF] Executing ViewResult, running view Appointments.
2026-03-19 00:04:21.641 +05:30 [INF] Executed ViewResult - view Appointments executed in 59.9055ms.
2026-03-19 00:04:21.650 +05:30 [INF] Executed action PrisonerPortal.Controllers.AdminController.Appointments (PrisonerPortal) in 325.5764ms
2026-03-19 00:04:21.658 +05:30 [INF] Executed endpoint 'PrisonerPortal.Controllers.AdminController.Appointments (PrisonerPortal)'
2026-03-19 00:04:21.667 +05:30 [INF] Request finished HTTP/1.1 GET http://localhost:5050/Admin/Appointments - 200 null text/html; charset=utf-8 402.0637ms
2026-03-19 00:04:21.756 +05:30 [INF] Request starting HTTP/1.1 GET http://localhost:5050/Notifications/GetUnreadCount - null null
2026-03-19 00:04:21.773 +05:30 [INF] Executing endpoint 'PrisonerPortal.Controllers.NotificationsController.GetUnreadCount (PrisonerPortal)'
2026-03-19 00:04:21.782 +05:30 [INF] Route matched with {action = "GetUnreadCount", controller = "Notifications"}. Executing controller action with signature Microsoft.AspNetCore.Mvc.IActionResult GetUnreadCount() on controller PrisonerPortal.Controllers.NotificationsController (PrisonerPortal).
2026-03-19 00:04:21.803 +05:30 [INF] Executed DbCommand (2ms) [Parameters=[@userId='?' (Size = 450)], CommandType='"Text"', CommandTimeout='30']
SELECT COUNT(*)
FROM [Notifications] AS [n]
WHERE [n].[UserId] = @userId AND [n].[IsRead] = CAST(0 AS bit)
2026-03-19 00:04:21.825 +05:30 [INF] Executing JsonResult, writing value of type '<>f__AnonymousType2`1[[System.Int32, System.Private.CoreLib, Version=10.0.0.0, Culture=neutral, PublicKeyToken=7cec85d7bea7798e]]'.
2026-03-19 00:04:21.831 +05:30 [INF] Executed action PrisonerPortal.Controllers.NotificationsController.GetUnreadCount (PrisonerPortal) in 34.7395ms
2026-03-19 00:04:21.849 +05:30 [INF] Executed endpoint 'PrisonerPortal.Controllers.NotificationsController.GetUnreadCount (PrisonerPortal)'
2026-03-19 00:04:21.855 +05:30 [INF] Request finished HTTP/1.1 GET http://localhost:5050/Notifications/GetUnreadCount - 200 null application/json; charset=utf-8 97.9614ms
2026-03-19 00:04:26.719 +05:30 [INF] Request starting HTTP/1.1 GET http://localhost:5050/Admin/Requests - null null
2026-03-19 00:04:26.734 +05:30 [INF] Executing endpoint 'PrisonerPortal.Controllers.AdminController.Requests (PrisonerPortal)'
2026-03-19 00:04:26.778 +05:30 [INF] Route matched with {action = "Requests", controller = "Admin"}. Executing controller action with signature System.Threading.Tasks.Task`1[Microsoft.AspNetCore.Mvc.IActionResult] Requests() on controller PrisonerPortal.Controllers.AdminController (PrisonerPortal).
2026-03-19 00:04:26.955 +05:30 [INF] Executed DbCommand (14ms) [Parameters=[], CommandType='"Text"', CommandTimeout='30']
SELECT [s].[RequestId], [s].[AdminResponse], [s].[AssignedAdminId], [s].[Category], [s].[CreatedAt], [s].[Description], [s].[Priority], [s].[PrisonerId], [s].[RequestCode], [s].[ResolvedAt], [s].[Status], [s].[Subject], [s].[UpdatedAt], [s].[UserId], [p].[PrisonerId], [p].[CaseNumber], [p].[CellBlock], [p].[CellNumber], [p].[CreatedAt], [p].[CrimeCategory], [p].[DateOfBirth], [p].[FullName], [p].[Gender], [p].[PrisonerCode], [p].[SentenceEndDate], [p].[SentenceStartDate], [p].[Status], [p].[UpdatedAt], [a].[Id], [a].[AccessFailedCount], [a].[Address], [a].[ConcurrencyStamp], [a].[CreatedAt], [a].[Email], [a].[EmailConfirmed], [a].[FullName], [a].[IsActive], [a].[LockoutEnabled], [a].[LockoutEnd], [a].[NormalizedEmail], [a].[NormalizedUserName], [a].[PasswordHash], [a].[PhoneNumber], [a].[PhoneNumberConfirmed], [a].[Role], [a].[SecurityStamp], [a].[TwoFactorEnabled], [a].[UserName], [a0].[Id], [a0].[AccessFailedCount], [a0].[Address], [a0].[ConcurrencyStamp], [a0].[CreatedAt], [a0].[Email], [a0].[EmailConfirmed], [a0].[FullName], [a0].[IsActive], [a0].[LockoutEnabled], [a0].[LockoutEnd], [a0].[NormalizedEmail], [a0].[NormalizedUserName], [a0].[PasswordHash], [a0].[PhoneNumber], [a0].[PhoneNumberConfirmed], [a0].[Role], [a0].[SecurityStamp], [a0].[TwoFactorEnabled], [a0].[UserName]
FROM [SupportRequests] AS [s]
LEFT JOIN [Prisoners] AS [p] ON [s].[PrisonerId] = [p].[PrisonerId]
INNER JOIN [AspNetUsers] AS [a] ON [s].[UserId] = [a].[Id]
LEFT JOIN [AspNetUsers] AS [a0] ON [s].[AssignedAdminId] = [a0].[Id]
ORDER BY [s].[CreatedAt] DESC
2026-03-19 00:04:26.983 +05:30 [INF] Executing ViewResult, running view Requests.
2026-03-19 00:04:27.028 +05:30 [INF] Executed ViewResult - view Requests executed in 48.4228ms.
2026-03-19 00:04:27.039 +05:30 [INF] Executed action PrisonerPortal.Controllers.AdminController.Requests (PrisonerPortal) in 245.9054ms
2026-03-19 00:04:27.046 +05:30 [INF] Executed endpoint 'PrisonerPortal.Controllers.AdminController.Requests (PrisonerPortal)'
2026-03-19 00:04:27.053 +05:30 [INF] Request finished HTTP/1.1 GET http://localhost:5050/Admin/Requests - 200 null text/html; charset=utf-8 333.7119ms
2026-03-19 00:04:27.134 +05:30 [INF] Request starting HTTP/1.1 GET http://localhost:5050/Notifications/GetUnreadCount - null null
2026-03-19 00:04:27.151 +05:30 [INF] Executing endpoint 'PrisonerPortal.Controllers.NotificationsController.GetUnreadCount (PrisonerPortal)'
2026-03-19 00:04:27.159 +05:30 [INF] Route matched with {action = "GetUnreadCount", controller = "Notifications"}. Executing controller action with signature Microsoft.AspNetCore.Mvc.IActionResult GetUnreadCount() on controller PrisonerPortal.Controllers.NotificationsController (PrisonerPortal).
2026-03-19 00:04:27.180 +05:30 [INF] Executed DbCommand (2ms) [Parameters=[@userId='?' (Size = 450)], CommandType='"Text"', CommandTimeout='30']
SELECT COUNT(*)
FROM [Notifications] AS [n]
WHERE [n].[UserId] = @userId AND [n].[IsRead] = CAST(0 AS bit)
2026-03-19 00:04:27.198 +05:30 [INF] Executing JsonResult, writing value of type '<>f__AnonymousType2`1[[System.Int32, System.Private.CoreLib, Version=10.0.0.0, Culture=neutral, PublicKeyToken=7cec85d7bea7798e]]'.
2026-03-19 00:04:27.207 +05:30 [INF] Executed action PrisonerPortal.Controllers.NotificationsController.GetUnreadCount (PrisonerPortal) in 33.8236ms
2026-03-19 00:04:27.213 +05:30 [INF] Executed endpoint 'PrisonerPortal.Controllers.NotificationsController.GetUnreadCount (PrisonerPortal)'
2026-03-19 00:04:27.217 +05:30 [INF] Request finished HTTP/1.1 GET http://localhost:5050/Notifications/GetUnreadCount - 200 null application/json; charset=utf-8 83.2558ms
2026-03-19 00:04:32.319 +05:30 [INF] Request starting HTTP/1.1 GET http://localhost:5050/Admin/RequestDetail/1 - null null
2026-03-19 00:04:32.335 +05:30 [INF] Executing endpoint 'PrisonerPortal.Controllers.AdminController.RequestDetail (PrisonerPortal)'
2026-03-19 00:04:32.380 +05:30 [INF] Route matched with {action = "RequestDetail", controller = "Admin"}. Executing controller action with signature System.Threading.Tasks.Task`1[Microsoft.AspNetCore.Mvc.IActionResult] RequestDetail(Int32) on controller PrisonerPortal.Controllers.AdminController (PrisonerPortal).
2026-03-19 00:04:32.547 +05:30 [INF] Executed DbCommand (11ms) [Parameters=[@id='?' (DbType = Int32)], CommandType='"Text"', CommandTimeout='30']
SELECT TOP(1) [s].[RequestId], [s].[AdminResponse], [s].[AssignedAdminId], [s].[Category], [s].[CreatedAt], [s].[Description], [s].[Priority], [s].[PrisonerId], [s].[RequestCode], [s].[ResolvedAt], [s].[Status], [s].[Subject], [s].[UpdatedAt], [s].[UserId], [p].[PrisonerId], [p].[CaseNumber], [p].[CellBlock], [p].[CellNumber], [p].[CreatedAt], [p].[CrimeCategory], [p].[DateOfBirth], [p].[FullName], [p].[Gender], [p].[PrisonerCode], [p].[SentenceEndDate], [p].[SentenceStartDate], [p].[Status], [p].[UpdatedAt], [a].[Id], [a].[AccessFailedCount], [a].[Address], [a].[ConcurrencyStamp], [a].[CreatedAt], [a].[Email], [a].[EmailConfirmed], [a].[FullName], [a].[IsActive], [a].[LockoutEnabled], [a].[LockoutEnd], [a].[NormalizedEmail], [a].[NormalizedUserName], [a].[PasswordHash], [a].[PhoneNumber], [a].[PhoneNumberConfirmed], [a].[Role], [a].[SecurityStamp], [a].[TwoFactorEnabled], [a].[UserName], [a0].[Id], [a0].[AccessFailedCount], [a0].[Address], [a0].[ConcurrencyStamp], [a0].[CreatedAt], [a0].[Email], [a0].[EmailConfirmed], [a0].[FullName], [a0].[IsActive], [a0].[LockoutEnabled], [a0].[LockoutEnd], [a0].[NormalizedEmail], [a0].[NormalizedUserName], [a0].[PasswordHash], [a0].[PhoneNumber], [a0].[PhoneNumberConfirmed], [a0].[Role], [a0].[SecurityStamp], [a0].[TwoFactorEnabled], [a0].[UserName]
FROM [SupportRequests] AS [s]
LEFT JOIN [Prisoners] AS [p] ON [s].[PrisonerId] = [p].[PrisonerId]
INNER JOIN [AspNetUsers] AS [a] ON [s].[UserId] = [a].[Id]
LEFT JOIN [AspNetUsers] AS [a0] ON [s].[AssignedAdminId] = [a0].[Id]
WHERE [s].[RequestId] = @id
2026-03-19 00:04:32.576 +05:30 [INF] Executing ViewResult, running view RequestDetail.
2026-03-19 00:04:32.641 +05:30 [INF] Executed ViewResult - view RequestDetail executed in 73.0802ms.
2026-03-19 00:04:32.651 +05:30 [INF] Executed action PrisonerPortal.Controllers.AdminController.RequestDetail (PrisonerPortal) in 256.4157ms
2026-03-19 00:04:32.663 +05:30 [INF] Executed endpoint 'PrisonerPortal.Controllers.AdminController.RequestDetail (PrisonerPortal)'
2026-03-19 00:04:32.671 +05:30 [INF] Request finished HTTP/1.1 GET http://localhost:5050/Admin/RequestDetail/1 - 200 null text/html; charset=utf-8 351.4444ms
2026-03-19 00:04:32.732 +05:30 [INF] Request starting HTTP/1.1 GET http://localhost:5050/Notifications/GetUnreadCount - null null
2026-03-19 00:04:32.749 +05:30 [INF] Executing endpoint 'PrisonerPortal.Controllers.NotificationsController.GetUnreadCount (PrisonerPortal)'
2026-03-19 00:04:32.756 +05:30 [INF] Route matched with {action = "GetUnreadCount", controller = "Notifications"}. Executing controller action with signature Microsoft.AspNetCore.Mvc.IActionResult GetUnreadCount() on controller PrisonerPortal.Controllers.NotificationsController (PrisonerPortal).
2026-03-19 00:04:32.773 +05:30 [INF] Executed DbCommand (2ms) [Parameters=[@userId='?' (Size = 450)], CommandType='"Text"', CommandTimeout='30']
SELECT COUNT(*)
FROM [Notifications] AS [n]
WHERE [n].[UserId] = @userId AND [n].[IsRead] = CAST(0 AS bit)
2026-03-19 00:04:32.787 +05:30 [INF] Executing JsonResult, writing value of type '<>f__AnonymousType2`1[[System.Int32, System.Private.CoreLib, Version=10.0.0.0, Culture=neutral, PublicKeyToken=7cec85d7bea7798e]]'.
2026-03-19 00:04:32.792 +05:30 [INF] Executed action PrisonerPortal.Controllers.NotificationsController.GetUnreadCount (PrisonerPortal) in 25.0433ms
2026-03-19 00:04:32.797 +05:30 [INF] Executed endpoint 'PrisonerPortal.Controllers.NotificationsController.GetUnreadCount (PrisonerPortal)'
2026-03-19 00:04:32.802 +05:30 [INF] Request finished HTTP/1.1 GET http://localhost:5050/Notifications/GetUnreadCount - 200 null application/json; charset=utf-8 69.9547ms
2026-03-19 00:04:37.913 +05:30 [INF] Request starting HTTP/1.1 GET http://localhost:5050/Admin/ViewPrisoner/1 - null null
2026-03-19 00:04:37.932 +05:30 [INF] Executing endpoint 'PrisonerPortal.Controllers.AdminController.ViewPrisoner (PrisonerPortal)'
2026-03-19 00:04:37.977 +05:30 [INF] Route matched with {action = "ViewPrisoner", controller = "Admin"}. Executing controller action with signature System.Threading.Tasks.Task`1[Microsoft.AspNetCore.Mvc.IActionResult] ViewPrisoner(Int32) on controller PrisonerPortal.Controllers.AdminController (PrisonerPortal).
2026-03-19 00:04:38.158 +05:30 [WRN] Compiling a query which loads related collections for more than one collection navigation, either via 'Include' or through projection, but no 'QuerySplittingBehavior' has been configured. By default, Entity Framework will use 'QuerySplittingBehavior.SingleQuery', which can potentially result in slow query performance. See https://go.microsoft.com/fwlink/?linkid=2134277 for more information. To identify the query that's triggering this warning call 'ConfigureWarnings(w => w.Throw(RelationalEventId.MultipleCollectionIncludeWarning))'.
2026-03-19 00:04:38.375 +05:30 [INF] Executed DbCommand (44ms) [Parameters=[@id='?' (DbType = Int32)], CommandType='"Text"', CommandTimeout='30']
SELECT [p0].[PrisonerId], [p0].[CaseNumber], [p0].[CellBlock], [p0].[CellNumber], [p0].[CreatedAt], [p0].[CrimeCategory], [p0].[DateOfBirth], [p0].[FullName], [p0].[Gender], [p0].[PrisonerCode], [p0].[SentenceEndDate], [p0].[SentenceStartDate], [p0].[Status], [p0].[UpdatedAt], [s0].[LinkId], [s0].[IsVerified], [s0].[LinkedAt], [s0].[PrisonerId], [s0].[Relationship], [s0].[UserId], [s0].[VerifiedByAdminId], [s0].[Id], [s0].[AccessFailedCount], [s0].[Address], [s0].[ConcurrencyStamp], [s0].[CreatedAt], [s0].[Email], [s0].[EmailConfirmed], [s0].[FullName], [s0].[IsActive], [s0].[LockoutEnabled], [s0].[LockoutEnd], [s0].[NormalizedEmail], [s0].[NormalizedUserName], [s0].[PasswordHash], [s0].[PhoneNumber], [s0].[PhoneNumberConfirmed], [s0].[Role], [s0].[SecurityStamp], [s0].[TwoFactorEnabled], [s0].[UserName], [s1].[AppointmentId], [s1].[AdminNotes], [s1].[AppointmentCode], [s1].[BookedAt], [s1].[NumVisitors], [s1].[PrisonerId], [s1].[Purpose], [s1].[RejectionReason], [s1].[SlotId], [s1].[Status], [s1].[UpdatedAt], [s1].[UserId], [s1].[VisitorNames], [s1].[Id], [s1].[AccessFailedCount], [s1].[Address], [s1].[ConcurrencyStamp], [s1].[CreatedAt], [s1].[Email], [s1].[EmailConfirmed], [s1].[FullName], [s1].[IsActive], [s1].[LockoutEnabled], [s1].[LockoutEnd], [s1].[NormalizedEmail], [s1].[NormalizedUserName], [s1].[PasswordHash], [s1].[PhoneNumber], [s1].[PhoneNumberConfirmed], [s1].[Role], [s1].[SecurityStamp], [s1].[TwoFactorEnabled], [s1].[UserName], [s].[RequestId], [s].[AdminResponse], [s].[AssignedAdminId], [s].[Category], [s].[CreatedAt], [s].[Description], [s].[Priority], [s].[PrisonerId], [s].[RequestCode], [s].[ResolvedAt], [s].[Status], [s].[Subject], [s].[UpdatedAt], [s].[UserId]
FROM (
    SELECT TOP(1) [p].[PrisonerId], [p].[CaseNumber], [p].[CellBlock], [p].[CellNumber], [p].[CreatedAt], [p].[CrimeCategory], [p].[DateOfBirth], [p].[FullName], [p].[Gender], [p].[PrisonerCode], [p].[SentenceEndDate], [p].[SentenceStartDate], [p].[Status], [p].[UpdatedAt]
    FROM [Prisoners] AS [p]
    WHERE [p].[PrisonerId] = @id
) AS [p0]
LEFT JOIN (
    SELECT [f].[LinkId], [f].[IsVerified], [f].[LinkedAt], [f].[PrisonerId], [f].[Relationship], [f].[UserId], [f].[VerifiedByAdminId], [a].[Id], [a].[AccessFailedCount], [a].[Address], [a].[ConcurrencyStamp], [a].[CreatedAt], [a].[Email], [a].[EmailConfirmed], [a].[FullName], [a].[IsActive], [a].[LockoutEnabled], [a].[LockoutEnd], [a].[NormalizedEmail], [a].[NormalizedUserName], [a].[PasswordHash], [a].[PhoneNumber], [a].[PhoneNumberConfirmed], [a].[Role], [a].[SecurityStamp], [a].[TwoFactorEnabled], [a].[UserName]
    FROM [FamilyPrisonerLinks] AS [f]
    INNER JOIN [AspNetUsers] AS [a] ON [f].[UserId] = [a].[Id]
) AS [s0] ON [p0].[PrisonerId] = [s0].[PrisonerId]
LEFT JOIN (
    SELECT [a0].[AppointmentId], [a0].[AdminNotes], [a0].[AppointmentCode], [a0].[BookedAt], [a0].[NumVisitors], [a0].[PrisonerId], [a0].[Purpose], [a0].[RejectionReason], [a0].[SlotId], [a0].[Status], [a0].[UpdatedAt], [a0].[UserId], [a0].[VisitorNames], [a1].[Id], [a1].[AccessFailedCount], [a1].[Address], [a1].[ConcurrencyStamp], [a1].[CreatedAt], [a1].[Email], [a1].[EmailConfirmed], [a1].[FullName], [a1].[IsActive], [a1].[LockoutEnabled], [a1].[LockoutEnd], [a1].[NormalizedEmail], [a1].[NormalizedUserName], [a1].[PasswordHash], [a1].[PhoneNumber], [a1].[PhoneNumberConfirmed], [a1].[Role], [a1].[SecurityStamp], [a1].[TwoFactorEnabled], [a1].[UserName]
    FROM [Appointments] AS [a0]
    INNER JOIN [AspNetUsers] AS [a1] ON [a0].[UserId] = [a1].[Id]
) AS [s1] ON [p0].[PrisonerId] = [s1].[PrisonerId]
LEFT JOIN [SupportRequests] AS [s] ON [p0].[PrisonerId] = [s].[PrisonerId]
ORDER BY [p0].[PrisonerId], [s0].[LinkId], [s0].[Id], [s1].[AppointmentId], [s1].[Id]
2026-03-19 00:04:38.475 +05:30 [INF] Executing ViewResult, running view ViewPrisoner.
2026-03-19 00:04:38.527 +05:30 [INF] Executed ViewResult - view ViewPrisoner executed in 54.2272ms.
2026-03-19 00:04:38.537 +05:30 [INF] Executed action PrisonerPortal.Controllers.AdminController.ViewPrisoner (PrisonerPortal) in 545.0355ms
2026-03-19 00:04:38.543 +05:30 [INF] Executed endpoint 'PrisonerPortal.Controllers.AdminController.ViewPrisoner (PrisonerPortal)'
2026-03-19 00:04:38.552 +05:30 [INF] Request finished HTTP/1.1 GET http://localhost:5050/Admin/ViewPrisoner/1 - 200 null text/html; charset=utf-8 639.0818ms
2026-03-19 00:04:38.612 +05:30 [INF] Request starting HTTP/1.1 GET http://localhost:5050/Notifications/GetUnreadCount - null null
2026-03-19 00:04:38.628 +05:30 [INF] Executing endpoint 'PrisonerPortal.Controllers.NotificationsController.GetUnreadCount (PrisonerPortal)'
2026-03-19 00:04:38.637 +05:30 [INF] Route matched with {action = "GetUnreadCount", controller = "Notifications"}. Executing controller action with signature Microsoft.AspNetCore.Mvc.IActionResult GetUnreadCount() on controller PrisonerPortal.Controllers.NotificationsController (PrisonerPortal).
2026-03-19 00:04:38.669 +05:30 [INF] Executed DbCommand (19ms) [Parameters=[@userId='?' (Size = 450)], CommandType='"Text"', CommandTimeout='30']
SELECT COUNT(*)
FROM [Notifications] AS [n]
WHERE [n].[UserId] = @userId AND [n].[IsRead] = CAST(0 AS bit)
2026-03-19 00:04:38.681 +05:30 [INF] Executing JsonResult, writing value of type '<>f__AnonymousType2`1[[System.Int32, System.Private.CoreLib, Version=10.0.0.0, Culture=neutral, PublicKeyToken=7cec85d7bea7798e]]'.
2026-03-19 00:04:38.688 +05:30 [INF] Executed action PrisonerPortal.Controllers.NotificationsController.GetUnreadCount (PrisonerPortal) in 40.4501ms
2026-03-19 00:04:38.696 +05:30 [INF] Executed endpoint 'PrisonerPortal.Controllers.NotificationsController.GetUnreadCount (PrisonerPortal)'
2026-03-19 00:04:38.706 +05:30 [INF] Request finished HTTP/1.1 GET http://localhost:5050/Notifications/GetUnreadCount - 200 null application/json; charset=utf-8 94.196ms
2026-03-19 00:04:44.568 +05:30 [INF] Request starting HTTP/1.1 GET http://localhost:5050/Admin/Requests - null null
2026-03-19 00:04:44.581 +05:30 [INF] Executing endpoint 'PrisonerPortal.Controllers.AdminController.Requests (PrisonerPortal)'
2026-03-19 00:04:44.591 +05:30 [INF] Route matched with {action = "Requests", controller = "Admin"}. Executing controller action with signature System.Threading.Tasks.Task`1[Microsoft.AspNetCore.Mvc.IActionResult] Requests() on controller PrisonerPortal.Controllers.AdminController (PrisonerPortal).
2026-03-19 00:04:44.639 +05:30 [INF] Executed DbCommand (29ms) [Parameters=[], CommandType='"Text"', CommandTimeout='30']
SELECT [s].[RequestId], [s].[AdminResponse], [s].[AssignedAdminId], [s].[Category], [s].[CreatedAt], [s].[Description], [s].[Priority], [s].[PrisonerId], [s].[RequestCode], [s].[ResolvedAt], [s].[Status], [s].[Subject], [s].[UpdatedAt], [s].[UserId], [p].[PrisonerId], [p].[CaseNumber], [p].[CellBlock], [p].[CellNumber], [p].[CreatedAt], [p].[CrimeCategory], [p].[DateOfBirth], [p].[FullName], [p].[Gender], [p].[PrisonerCode], [p].[SentenceEndDate], [p].[SentenceStartDate], [p].[Status], [p].[UpdatedAt], [a].[Id], [a].[AccessFailedCount], [a].[Address], [a].[ConcurrencyStamp], [a].[CreatedAt], [a].[Email], [a].[EmailConfirmed], [a].[FullName], [a].[IsActive], [a].[LockoutEnabled], [a].[LockoutEnd], [a].[NormalizedEmail], [a].[NormalizedUserName], [a].[PasswordHash], [a].[PhoneNumber], [a].[PhoneNumberConfirmed], [a].[Role], [a].[SecurityStamp], [a].[TwoFactorEnabled], [a].[UserName], [a0].[Id], [a0].[AccessFailedCount], [a0].[Address], [a0].[ConcurrencyStamp], [a0].[CreatedAt], [a0].[Email], [a0].[EmailConfirmed], [a0].[FullName], [a0].[IsActive], [a0].[LockoutEnabled], [a0].[LockoutEnd], [a0].[NormalizedEmail], [a0].[NormalizedUserName], [a0].[PasswordHash], [a0].[PhoneNumber], [a0].[PhoneNumberConfirmed], [a0].[Role], [a0].[SecurityStamp], [a0].[TwoFactorEnabled], [a0].[UserName]
FROM [SupportRequests] AS [s]
LEFT JOIN [Prisoners] AS [p] ON [s].[PrisonerId] = [p].[PrisonerId]
INNER JOIN [AspNetUsers] AS [a] ON [s].[UserId] = [a].[Id]
LEFT JOIN [AspNetUsers] AS [a0] ON [s].[AssignedAdminId] = [a0].[Id]
ORDER BY [s].[CreatedAt] DESC
2026-03-19 00:04:44.662 +05:30 [INF] Executing ViewResult, running view Requests.
2026-03-19 00:04:44.676 +05:30 [INF] Executed ViewResult - view Requests executed in 13.9764ms.
2026-03-19 00:04:44.691 +05:30 [INF] Executed action PrisonerPortal.Controllers.AdminController.Requests (PrisonerPortal) in 86.17ms
2026-03-19 00:04:44.701 +05:30 [INF] Executed endpoint 'PrisonerPortal.Controllers.AdminController.Requests (PrisonerPortal)'
2026-03-19 00:04:44.713 +05:30 [INF] Request finished HTTP/1.1 GET http://localhost:5050/Admin/Requests - 200 null text/html; charset=utf-8 143.9114ms
2026-03-19 00:04:44.767 +05:30 [INF] Request starting HTTP/1.1 GET http://localhost:5050/Notifications/GetUnreadCount - null null
2026-03-19 00:04:44.787 +05:30 [INF] Executing endpoint 'PrisonerPortal.Controllers.NotificationsController.GetUnreadCount (PrisonerPortal)'
2026-03-19 00:04:44.793 +05:30 [INF] Route matched with {action = "GetUnreadCount", controller = "Notifications"}. Executing controller action with signature Microsoft.AspNetCore.Mvc.IActionResult GetUnreadCount() on controller PrisonerPortal.Controllers.NotificationsController (PrisonerPortal).
2026-03-19 00:04:44.827 +05:30 [INF] Executed DbCommand (14ms) [Parameters=[@userId='?' (Size = 450)], CommandType='"Text"', CommandTimeout='30']
SELECT COUNT(*)
FROM [Notifications] AS [n]
WHERE [n].[UserId] = @userId AND [n].[IsRead] = CAST(0 AS bit)
2026-03-19 00:04:44.844 +05:30 [INF] Executing JsonResult, writing value of type '<>f__AnonymousType2`1[[System.Int32, System.Private.CoreLib, Version=10.0.0.0, Culture=neutral, PublicKeyToken=7cec85d7bea7798e]]'.
2026-03-19 00:04:44.851 +05:30 [INF] Executed action PrisonerPortal.Controllers.NotificationsController.GetUnreadCount (PrisonerPortal) in 41.9136ms
2026-03-19 00:04:44.863 +05:30 [INF] Executed endpoint 'PrisonerPortal.Controllers.NotificationsController.GetUnreadCount (PrisonerPortal)'
2026-03-19 00:04:44.873 +05:30 [INF] Request finished HTTP/1.1 GET http://localhost:5050/Notifications/GetUnreadCount - 200 null application/json; charset=utf-8 105.2211ms
2026-03-19 00:04:47.098 +05:30 [INF] Request starting HTTP/1.1 GET http://localhost:5050/Admin/RequestDetail/1 - null null
2026-03-19 00:04:47.119 +05:30 [INF] Executing endpoint 'PrisonerPortal.Controllers.AdminController.RequestDetail (PrisonerPortal)'
2026-03-19 00:04:47.128 +05:30 [INF] Route matched with {action = "RequestDetail", controller = "Admin"}. Executing controller action with signature System.Threading.Tasks.Task`1[Microsoft.AspNetCore.Mvc.IActionResult] RequestDetail(Int32) on controller PrisonerPortal.Controllers.AdminController (PrisonerPortal).
2026-03-19 00:04:47.172 +05:30 [INF] Executed DbCommand (27ms) [Parameters=[@id='?' (DbType = Int32)], CommandType='"Text"', CommandTimeout='30']
SELECT TOP(1) [s].[RequestId], [s].[AdminResponse], [s].[AssignedAdminId], [s].[Category], [s].[CreatedAt], [s].[Description], [s].[Priority], [s].[PrisonerId], [s].[RequestCode], [s].[ResolvedAt], [s].[Status], [s].[Subject], [s].[UpdatedAt], [s].[UserId], [p].[PrisonerId], [p].[CaseNumber], [p].[CellBlock], [p].[CellNumber], [p].[CreatedAt], [p].[CrimeCategory], [p].[DateOfBirth], [p].[FullName], [p].[Gender], [p].[PrisonerCode], [p].[SentenceEndDate], [p].[SentenceStartDate], [p].[Status], [p].[UpdatedAt], [a].[Id], [a].[AccessFailedCount], [a].[Address], [a].[ConcurrencyStamp], [a].[CreatedAt], [a].[Email], [a].[EmailConfirmed], [a].[FullName], [a].[IsActive], [a].[LockoutEnabled], [a].[LockoutEnd], [a].[NormalizedEmail], [a].[NormalizedUserName], [a].[PasswordHash], [a].[PhoneNumber], [a].[PhoneNumberConfirmed], [a].[Role], [a].[SecurityStamp], [a].[TwoFactorEnabled], [a].[UserName], [a0].[Id], [a0].[AccessFailedCount], [a0].[Address], [a0].[ConcurrencyStamp], [a0].[CreatedAt], [a0].[Email], [a0].[EmailConfirmed], [a0].[FullName], [a0].[IsActive], [a0].[LockoutEnabled], [a0].[LockoutEnd], [a0].[NormalizedEmail], [a0].[NormalizedUserName], [a0].[PasswordHash], [a0].[PhoneNumber], [a0].[PhoneNumberConfirmed], [a0].[Role], [a0].[SecurityStamp], [a0].[TwoFactorEnabled], [a0].[UserName]
FROM [SupportRequests] AS [s]
LEFT JOIN [Prisoners] AS [p] ON [s].[PrisonerId] = [p].[PrisonerId]
INNER JOIN [AspNetUsers] AS [a] ON [s].[UserId] = [a].[Id]
LEFT JOIN [AspNetUsers] AS [a0] ON [s].[AssignedAdminId] = [a0].[Id]
WHERE [s].[RequestId] = @id
2026-03-19 00:04:47.188 +05:30 [INF] Executing ViewResult, running view RequestDetail.
2026-03-19 00:04:47.196 +05:30 [INF] Executed ViewResult - view RequestDetail executed in 8.228ms.
2026-03-19 00:04:47.204 +05:30 [INF] Executed action PrisonerPortal.Controllers.AdminController.RequestDetail (PrisonerPortal) in 61.2877ms
2026-03-19 00:04:47.210 +05:30 [INF] Executed endpoint 'PrisonerPortal.Controllers.AdminController.RequestDetail (PrisonerPortal)'
2026-03-19 00:04:47.217 +05:30 [INF] Request finished HTTP/1.1 GET http://localhost:5050/Admin/RequestDetail/1 - 200 null text/html; charset=utf-8 119.3125ms
2026-03-19 00:04:47.275 +05:30 [INF] Request starting HTTP/1.1 GET http://localhost:5050/Notifications/GetUnreadCount - null null
2026-03-19 00:04:47.292 +05:30 [INF] Executing endpoint 'PrisonerPortal.Controllers.NotificationsController.GetUnreadCount (PrisonerPortal)'
2026-03-19 00:04:47.302 +05:30 [INF] Route matched with {action = "GetUnreadCount", controller = "Notifications"}. Executing controller action with signature Microsoft.AspNetCore.Mvc.IActionResult GetUnreadCount() on controller PrisonerPortal.Controllers.NotificationsController (PrisonerPortal).
2026-03-19 00:04:47.321 +05:30 [INF] Executed DbCommand (3ms) [Parameters=[@userId='?' (Size = 450)], CommandType='"Text"', CommandTimeout='30']
SELECT COUNT(*)
FROM [Notifications] AS [n]
WHERE [n].[UserId] = @userId AND [n].[IsRead] = CAST(0 AS bit)
2026-03-19 00:04:47.335 +05:30 [INF] Executing JsonResult, writing value of type '<>f__AnonymousType2`1[[System.Int32, System.Private.CoreLib, Version=10.0.0.0, Culture=neutral, PublicKeyToken=7cec85d7bea7798e]]'.
2026-03-19 00:04:47.343 +05:30 [INF] Executed action PrisonerPortal.Controllers.NotificationsController.GetUnreadCount (PrisonerPortal) in 29.1313ms
2026-03-19 00:04:47.355 +05:30 [INF] Executed endpoint 'PrisonerPortal.Controllers.NotificationsController.GetUnreadCount (PrisonerPortal)'
2026-03-19 00:04:47.361 +05:30 [INF] Request finished HTTP/1.1 GET http://localhost:5050/Notifications/GetUnreadCount - 200 null application/json; charset=utf-8 85.9224ms
2026-03-19 00:05:04.002 +05:30 [INF] Request starting HTTP/1.1 GET http://localhost:5050/Admin/ViewPrisoner/1 - null null
2026-03-19 00:05:04.021 +05:30 [INF] Executing endpoint 'PrisonerPortal.Controllers.AdminController.ViewPrisoner (PrisonerPortal)'
2026-03-19 00:05:04.029 +05:30 [INF] Route matched with {action = "ViewPrisoner", controller = "Admin"}. Executing controller action with signature System.Threading.Tasks.Task`1[Microsoft.AspNetCore.Mvc.IActionResult] ViewPrisoner(Int32) on controller PrisonerPortal.Controllers.AdminController (PrisonerPortal).
2026-03-19 00:05:04.126 +05:30 [INF] Executed DbCommand (74ms) [Parameters=[@id='?' (DbType = Int32)], CommandType='"Text"', CommandTimeout='30']
SELECT [p0].[PrisonerId], [p0].[CaseNumber], [p0].[CellBlock], [p0].[CellNumber], [p0].[CreatedAt], [p0].[CrimeCategory], [p0].[DateOfBirth], [p0].[FullName], [p0].[Gender], [p0].[PrisonerCode], [p0].[SentenceEndDate], [p0].[SentenceStartDate], [p0].[Status], [p0].[UpdatedAt], [s0].[LinkId], [s0].[IsVerified], [s0].[LinkedAt], [s0].[PrisonerId], [s0].[Relationship], [s0].[UserId], [s0].[VerifiedByAdminId], [s0].[Id], [s0].[AccessFailedCount], [s0].[Address], [s0].[ConcurrencyStamp], [s0].[CreatedAt], [s0].[Email], [s0].[EmailConfirmed], [s0].[FullName], [s0].[IsActive], [s0].[LockoutEnabled], [s0].[LockoutEnd], [s0].[NormalizedEmail], [s0].[NormalizedUserName], [s0].[PasswordHash], [s0].[PhoneNumber], [s0].[PhoneNumberConfirmed], [s0].[Role], [s0].[SecurityStamp], [s0].[TwoFactorEnabled], [s0].[UserName], [s1].[AppointmentId], [s1].[AdminNotes], [s1].[AppointmentCode], [s1].[BookedAt], [s1].[NumVisitors], [s1].[PrisonerId], [s1].[Purpose], [s1].[RejectionReason], [s1].[SlotId], [s1].[Status], [s1].[UpdatedAt], [s1].[UserId], [s1].[VisitorNames], [s1].[Id], [s1].[AccessFailedCount], [s1].[Address], [s1].[ConcurrencyStamp], [s1].[CreatedAt], [s1].[Email], [s1].[EmailConfirmed], [s1].[FullName], [s1].[IsActive], [s1].[LockoutEnabled], [s1].[LockoutEnd], [s1].[NormalizedEmail], [s1].[NormalizedUserName], [s1].[PasswordHash], [s1].[PhoneNumber], [s1].[PhoneNumberConfirmed], [s1].[Role], [s1].[SecurityStamp], [s1].[TwoFactorEnabled], [s1].[UserName], [s].[RequestId], [s].[AdminResponse], [s].[AssignedAdminId], [s].[Category], [s].[CreatedAt], [s].[Description], [s].[Priority], [s].[PrisonerId], [s].[RequestCode], [s].[ResolvedAt], [s].[Status], [s].[Subject], [s].[UpdatedAt], [s].[UserId]
FROM (
    SELECT TOP(1) [p].[PrisonerId], [p].[CaseNumber], [p].[CellBlock], [p].[CellNumber], [p].[CreatedAt], [p].[CrimeCategory], [p].[DateOfBirth], [p].[FullName], [p].[Gender], [p].[PrisonerCode], [p].[SentenceEndDate], [p].[SentenceStartDate], [p].[Status], [p].[UpdatedAt]
    FROM [Prisoners] AS [p]
    WHERE [p].[PrisonerId] = @id
) AS [p0]
LEFT JOIN (
    SELECT [f].[LinkId], [f].[IsVerified], [f].[LinkedAt], [f].[PrisonerId], [f].[Relationship], [f].[UserId], [f].[VerifiedByAdminId], [a].[Id], [a].[AccessFailedCount], [a].[Address], [a].[ConcurrencyStamp], [a].[CreatedAt], [a].[Email], [a].[EmailConfirmed], [a].[FullName], [a].[IsActive], [a].[LockoutEnabled], [a].[LockoutEnd], [a].[NormalizedEmail], [a].[NormalizedUserName], [a].[PasswordHash], [a].[PhoneNumber], [a].[PhoneNumberConfirmed], [a].[Role], [a].[SecurityStamp], [a].[TwoFactorEnabled], [a].[UserName]
    FROM [FamilyPrisonerLinks] AS [f]
    INNER JOIN [AspNetUsers] AS [a] ON [f].[UserId] = [a].[Id]
) AS [s0] ON [p0].[PrisonerId] = [s0].[PrisonerId]
LEFT JOIN (
    SELECT [a0].[AppointmentId], [a0].[AdminNotes], [a0].[AppointmentCode], [a0].[BookedAt], [a0].[NumVisitors], [a0].[PrisonerId], [a0].[Purpose], [a0].[RejectionReason], [a0].[SlotId], [a0].[Status], [a0].[UpdatedAt], [a0].[UserId], [a0].[VisitorNames], [a1].[Id], [a1].[AccessFailedCount], [a1].[Address], [a1].[ConcurrencyStamp], [a1].[CreatedAt], [a1].[Email], [a1].[EmailConfirmed], [a1].[FullName], [a1].[IsActive], [a1].[LockoutEnabled], [a1].[LockoutEnd], [a1].[NormalizedEmail], [a1].[NormalizedUserName], [a1].[PasswordHash], [a1].[PhoneNumber], [a1].[PhoneNumberConfirmed], [a1].[Role], [a1].[SecurityStamp], [a1].[TwoFactorEnabled], [a1].[UserName]
    FROM [Appointments] AS [a0]
    INNER JOIN [AspNetUsers] AS [a1] ON [a0].[UserId] = [a1].[Id]
) AS [s1] ON [p0].[PrisonerId] = [s1].[PrisonerId]
LEFT JOIN [SupportRequests] AS [s] ON [p0].[PrisonerId] = [s].[PrisonerId]
ORDER BY [p0].[PrisonerId], [s0].[LinkId], [s0].[Id], [s1].[AppointmentId], [s1].[Id]
2026-03-19 00:05:04.140 +05:30 [INF] Executing ViewResult, running view ViewPrisoner.
2026-03-19 00:05:04.151 +05:30 [INF] Executed ViewResult - view ViewPrisoner executed in 10.3601ms.
2026-03-19 00:05:04.156 +05:30 [INF] Executed action PrisonerPortal.Controllers.AdminController.ViewPrisoner (PrisonerPortal) in 109.0523ms
2026-03-19 00:05:04.167 +05:30 [INF] Executed endpoint 'PrisonerPortal.Controllers.AdminController.ViewPrisoner (PrisonerPortal)'
2026-03-19 00:05:04.173 +05:30 [INF] Request finished HTTP/1.1 GET http://localhost:5050/Admin/ViewPrisoner/1 - 200 null text/html; charset=utf-8 170.2511ms
2026-03-19 00:05:04.236 +05:30 [INF] Request starting HTTP/1.1 GET http://localhost:5050/Notifications/GetUnreadCount - null null
2026-03-19 00:05:04.251 +05:30 [INF] Executing endpoint 'PrisonerPortal.Controllers.NotificationsController.GetUnreadCount (PrisonerPortal)'
2026-03-19 00:05:04.261 +05:30 [INF] Route matched with {action = "GetUnreadCount", controller = "Notifications"}. Executing controller action with signature Microsoft.AspNetCore.Mvc.IActionResult GetUnreadCount() on controller PrisonerPortal.Controllers.NotificationsController (PrisonerPortal).
2026-03-19 00:05:04.276 +05:30 [INF] Executed DbCommand (2ms) [Parameters=[@userId='?' (Size = 450)], CommandType='"Text"', CommandTimeout='30']
SELECT COUNT(*)
FROM [Notifications] AS [n]
WHERE [n].[UserId] = @userId AND [n].[IsRead] = CAST(0 AS bit)
2026-03-19 00:05:04.289 +05:30 [INF] Executing JsonResult, writing value of type '<>f__AnonymousType2`1[[System.Int32, System.Private.CoreLib, Version=10.0.0.0, Culture=neutral, PublicKeyToken=7cec85d7bea7798e]]'.
2026-03-19 00:05:04.304 +05:30 [INF] Executed action PrisonerPortal.Controllers.NotificationsController.GetUnreadCount (PrisonerPortal) in 32.599ms
2026-03-19 00:05:04.319 +05:30 [INF] Executed endpoint 'PrisonerPortal.Controllers.NotificationsController.GetUnreadCount (PrisonerPortal)'
2026-03-19 00:05:04.326 +05:30 [INF] Request finished HTTP/1.1 GET http://localhost:5050/Notifications/GetUnreadCount - 200 null application/json; charset=utf-8 90.292ms
2026-03-19 00:05:18.770 +05:30 [INF] Request starting HTTP/1.1 GET http://localhost:5050/Admin/Requests - null null
2026-03-19 00:05:18.794 +05:30 [INF] Executing endpoint 'PrisonerPortal.Controllers.AdminController.Requests (PrisonerPortal)'
2026-03-19 00:05:18.800 +05:30 [INF] Route matched with {action = "Requests", controller = "Admin"}. Executing controller action with signature System.Threading.Tasks.Task`1[Microsoft.AspNetCore.Mvc.IActionResult] Requests() on controller PrisonerPortal.Controllers.AdminController (PrisonerPortal).
2026-03-19 00:05:18.827 +05:30 [INF] Executed DbCommand (4ms) [Parameters=[], CommandType='"Text"', CommandTimeout='30']
SELECT [s].[RequestId], [s].[AdminResponse], [s].[AssignedAdminId], [s].[Category], [s].[CreatedAt], [s].[Description], [s].[Priority], [s].[PrisonerId], [s].[RequestCode], [s].[ResolvedAt], [s].[Status], [s].[Subject], [s].[UpdatedAt], [s].[UserId], [p].[PrisonerId], [p].[CaseNumber], [p].[CellBlock], [p].[CellNumber], [p].[CreatedAt], [p].[CrimeCategory], [p].[DateOfBirth], [p].[FullName], [p].[Gender], [p].[PrisonerCode], [p].[SentenceEndDate], [p].[SentenceStartDate], [p].[Status], [p].[UpdatedAt], [a].[Id], [a].[AccessFailedCount], [a].[Address], [a].[ConcurrencyStamp], [a].[CreatedAt], [a].[Email], [a].[EmailConfirmed], [a].[FullName], [a].[IsActive], [a].[LockoutEnabled], [a].[LockoutEnd], [a].[NormalizedEmail], [a].[NormalizedUserName], [a].[PasswordHash], [a].[PhoneNumber], [a].[PhoneNumberConfirmed], [a].[Role], [a].[SecurityStamp], [a].[TwoFactorEnabled], [a].[UserName], [a0].[Id], [a0].[AccessFailedCount], [a0].[Address], [a0].[ConcurrencyStamp], [a0].[CreatedAt], [a0].[Email], [a0].[EmailConfirmed], [a0].[FullName], [a0].[IsActive], [a0].[LockoutEnabled], [a0].[LockoutEnd], [a0].[NormalizedEmail], [a0].[NormalizedUserName], [a0].[PasswordHash], [a0].[PhoneNumber], [a0].[PhoneNumberConfirmed], [a0].[Role], [a0].[SecurityStamp], [a0].[TwoFactorEnabled], [a0].[UserName]
FROM [SupportRequests] AS [s]
LEFT JOIN [Prisoners] AS [p] ON [s].[PrisonerId] = [p].[PrisonerId]
INNER JOIN [AspNetUsers] AS [a] ON [s].[UserId] = [a].[Id]
LEFT JOIN [AspNetUsers] AS [a0] ON [s].[AssignedAdminId] = [a0].[Id]
ORDER BY [s].[CreatedAt] DESC
2026-03-19 00:05:18.850 +05:30 [INF] Executing ViewResult, running view Requests.
2026-03-19 00:05:18.866 +05:30 [INF] Executed ViewResult - view Requests executed in 15.6999ms.
2026-03-19 00:05:18.876 +05:30 [INF] Executed action PrisonerPortal.Controllers.AdminController.Requests (PrisonerPortal) in 60.835ms
2026-03-19 00:05:18.884 +05:30 [INF] Executed endpoint 'PrisonerPortal.Controllers.AdminController.Requests (PrisonerPortal)'
2026-03-19 00:05:18.896 +05:30 [INF] Request finished HTTP/1.1 GET http://localhost:5050/Admin/Requests - 200 null text/html; charset=utf-8 126.3195ms
2026-03-19 00:05:18.967 +05:30 [INF] Request starting HTTP/1.1 GET http://localhost:5050/Notifications/GetUnreadCount - null null
2026-03-19 00:05:18.985 +05:30 [INF] Executing endpoint 'PrisonerPortal.Controllers.NotificationsController.GetUnreadCount (PrisonerPortal)'
2026-03-19 00:05:18.997 +05:30 [INF] Route matched with {action = "GetUnreadCount", controller = "Notifications"}. Executing controller action with signature Microsoft.AspNetCore.Mvc.IActionResult GetUnreadCount() on controller PrisonerPortal.Controllers.NotificationsController (PrisonerPortal).
2026-03-19 00:05:19.014 +05:30 [INF] Executed DbCommand (1ms) [Parameters=[@userId='?' (Size = 450)], CommandType='"Text"', CommandTimeout='30']
SELECT COUNT(*)
FROM [Notifications] AS [n]
WHERE [n].[UserId] = @userId AND [n].[IsRead] = CAST(0 AS bit)
2026-03-19 00:05:19.039 +05:30 [INF] Executing JsonResult, writing value of type '<>f__AnonymousType2`1[[System.Int32, System.Private.CoreLib, Version=10.0.0.0, Culture=neutral, PublicKeyToken=7cec85d7bea7798e]]'.
2026-03-19 00:05:19.051 +05:30 [INF] Executed action PrisonerPortal.Controllers.NotificationsController.GetUnreadCount (PrisonerPortal) in 42.6086ms
2026-03-19 00:05:19.075 +05:30 [INF] Executed endpoint 'PrisonerPortal.Controllers.NotificationsController.GetUnreadCount (PrisonerPortal)'
2026-03-19 00:05:19.092 +05:30 [INF] Request finished HTTP/1.1 GET http://localhost:5050/Notifications/GetUnreadCount - 200 null application/json; charset=utf-8 125.1873ms
2026-03-19 00:05:23.896 +05:30 [INF] Request starting HTTP/1.1 GET http://localhost:5050/Admin/RequestDetail/1 - null null
2026-03-19 00:05:23.923 +05:30 [INF] Executing endpoint 'PrisonerPortal.Controllers.AdminController.RequestDetail (PrisonerPortal)'
2026-03-19 00:05:23.937 +05:30 [INF] Route matched with {action = "RequestDetail", controller = "Admin"}. Executing controller action with signature System.Threading.Tasks.Task`1[Microsoft.AspNetCore.Mvc.IActionResult] RequestDetail(Int32) on controller PrisonerPortal.Controllers.AdminController (PrisonerPortal).
2026-03-19 00:05:23.957 +05:30 [INF] Executed DbCommand (5ms) [Parameters=[@id='?' (DbType = Int32)], CommandType='"Text"', CommandTimeout='30']
SELECT TOP(1) [s].[RequestId], [s].[AdminResponse], [s].[AssignedAdminId], [s].[Category], [s].[CreatedAt], [s].[Description], [s].[Priority], [s].[PrisonerId], [s].[RequestCode], [s].[ResolvedAt], [s].[Status], [s].[Subject], [s].[UpdatedAt], [s].[UserId], [p].[PrisonerId], [p].[CaseNumber], [p].[CellBlock], [p].[CellNumber], [p].[CreatedAt], [p].[CrimeCategory], [p].[DateOfBirth], [p].[FullName], [p].[Gender], [p].[PrisonerCode], [p].[SentenceEndDate], [p].[SentenceStartDate], [p].[Status], [p].[UpdatedAt], [a].[Id], [a].[AccessFailedCount], [a].[Address], [a].[ConcurrencyStamp], [a].[CreatedAt], [a].[Email], [a].[EmailConfirmed], [a].[FullName], [a].[IsActive], [a].[LockoutEnabled], [a].[LockoutEnd], [a].[NormalizedEmail], [a].[NormalizedUserName], [a].[PasswordHash], [a].[PhoneNumber], [a].[PhoneNumberConfirmed], [a].[Role], [a].[SecurityStamp], [a].[TwoFactorEnabled], [a].[UserName], [a0].[Id], [a0].[AccessFailedCount], [a0].[Address], [a0].[ConcurrencyStamp], [a0].[CreatedAt], [a0].[Email], [a0].[EmailConfirmed], [a0].[FullName], [a0].[IsActive], [a0].[LockoutEnabled], [a0].[LockoutEnd], [a0].[NormalizedEmail], [a0].[NormalizedUserName], [a0].[PasswordHash], [a0].[PhoneNumber], [a0].[PhoneNumberConfirmed], [a0].[Role], [a0].[SecurityStamp], [a0].[TwoFactorEnabled], [a0].[UserName]
FROM [SupportRequests] AS [s]
LEFT JOIN [Prisoners] AS [p] ON [s].[PrisonerId] = [p].[PrisonerId]
INNER JOIN [AspNetUsers] AS [a] ON [s].[UserId] = [a].[Id]
LEFT JOIN [AspNetUsers] AS [a0] ON [s].[AssignedAdminId] = [a0].[Id]
WHERE [s].[RequestId] = @id
2026-03-19 00:05:23.978 +05:30 [INF] Executing ViewResult, running view RequestDetail.
2026-03-19 00:05:23.993 +05:30 [INF] Executed ViewResult - view RequestDetail executed in 14.1243ms.
2026-03-19 00:05:24.001 +05:30 [INF] Executed action PrisonerPortal.Controllers.AdminController.RequestDetail (PrisonerPortal) in 52.6402ms
2026-03-19 00:05:24.012 +05:30 [INF] Executed endpoint 'PrisonerPortal.Controllers.AdminController.RequestDetail (PrisonerPortal)'
2026-03-19 00:05:24.026 +05:30 [INF] Request finished HTTP/1.1 GET http://localhost:5050/Admin/RequestDetail/1 - 200 null text/html; charset=utf-8 130.0202ms
2026-03-19 00:05:24.094 +05:30 [INF] Request starting HTTP/1.1 GET http://localhost:5050/Notifications/GetUnreadCount - null null
2026-03-19 00:05:24.111 +05:30 [INF] Executing endpoint 'PrisonerPortal.Controllers.NotificationsController.GetUnreadCount (PrisonerPortal)'
2026-03-19 00:05:24.115 +05:30 [INF] Route matched with {action = "GetUnreadCount", controller = "Notifications"}. Executing controller action with signature Microsoft.AspNetCore.Mvc.IActionResult GetUnreadCount() on controller PrisonerPortal.Controllers.NotificationsController (PrisonerPortal).
2026-03-19 00:05:24.135 +05:30 [INF] Executed DbCommand (3ms) [Parameters=[@userId='?' (Size = 450)], CommandType='"Text"', CommandTimeout='30']
SELECT COUNT(*)
FROM [Notifications] AS [n]
WHERE [n].[UserId] = @userId AND [n].[IsRead] = CAST(0 AS bit)
2026-03-19 00:05:24.159 +05:30 [INF] Executing JsonResult, writing value of type '<>f__AnonymousType2`1[[System.Int32, System.Private.CoreLib, Version=10.0.0.0, Culture=neutral, PublicKeyToken=7cec85d7bea7798e]]'.
2026-03-19 00:05:24.168 +05:30 [INF] Executed action PrisonerPortal.Controllers.NotificationsController.GetUnreadCount (PrisonerPortal) in 37.3058ms
2026-03-19 00:05:24.182 +05:30 [INF] Executed endpoint 'PrisonerPortal.Controllers.NotificationsController.GetUnreadCount (PrisonerPortal)'
2026-03-19 00:05:24.194 +05:30 [INF] Request finished HTTP/1.1 GET http://localhost:5050/Notifications/GetUnreadCount - 200 null application/json; charset=utf-8 100.1029ms
2026-03-19 00:05:38.837 +05:30 [INF] Request starting HTTP/1.1 GET http://localhost:5050/Admin/Requests - null null
2026-03-19 00:05:38.861 +05:30 [INF] Executing endpoint 'PrisonerPortal.Controllers.AdminController.Requests (PrisonerPortal)'
2026-03-19 00:05:38.872 +05:30 [INF] Route matched with {action = "Requests", controller = "Admin"}. Executing controller action with signature System.Threading.Tasks.Task`1[Microsoft.AspNetCore.Mvc.IActionResult] Requests() on controller PrisonerPortal.Controllers.AdminController (PrisonerPortal).
2026-03-19 00:05:38.899 +05:30 [INF] Executed DbCommand (4ms) [Parameters=[], CommandType='"Text"', CommandTimeout='30']
SELECT [s].[RequestId], [s].[AdminResponse], [s].[AssignedAdminId], [s].[Category], [s].[CreatedAt], [s].[Description], [s].[Priority], [s].[PrisonerId], [s].[RequestCode], [s].[ResolvedAt], [s].[Status], [s].[Subject], [s].[UpdatedAt], [s].[UserId], [p].[PrisonerId], [p].[CaseNumber], [p].[CellBlock], [p].[CellNumber], [p].[CreatedAt], [p].[CrimeCategory], [p].[DateOfBirth], [p].[FullName], [p].[Gender], [p].[PrisonerCode], [p].[SentenceEndDate], [p].[SentenceStartDate], [p].[Status], [p].[UpdatedAt], [a].[Id], [a].[AccessFailedCount], [a].[Address], [a].[ConcurrencyStamp], [a].[CreatedAt], [a].[Email], [a].[EmailConfirmed], [a].[FullName], [a].[IsActive], [a].[LockoutEnabled], [a].[LockoutEnd], [a].[NormalizedEmail], [a].[NormalizedUserName], [a].[PasswordHash], [a].[PhoneNumber], [a].[PhoneNumberConfirmed], [a].[Role], [a].[SecurityStamp], [a].[TwoFactorEnabled], [a].[UserName], [a0].[Id], [a0].[AccessFailedCount], [a0].[Address], [a0].[ConcurrencyStamp], [a0].[CreatedAt], [a0].[Email], [a0].[EmailConfirmed], [a0].[FullName], [a0].[IsActive], [a0].[LockoutEnabled], [a0].[LockoutEnd], [a0].[NormalizedEmail], [a0].[NormalizedUserName], [a0].[PasswordHash], [a0].[PhoneNumber], [a0].[PhoneNumberConfirmed], [a0].[Role], [a0].[SecurityStamp], [a0].[TwoFactorEnabled], [a0].[UserName]
FROM [SupportRequests] AS [s]
LEFT JOIN [Prisoners] AS [p] ON [s].[PrisonerId] = [p].[PrisonerId]
INNER JOIN [AspNetUsers] AS [a] ON [s].[UserId] = [a].[Id]
LEFT JOIN [AspNetUsers] AS [a0] ON [s].[AssignedAdminId] = [a0].[Id]
ORDER BY [s].[CreatedAt] DESC
2026-03-19 00:05:38.918 +05:30 [INF] Executing ViewResult, running view Requests.
2026-03-19 00:05:38.928 +05:30 [INF] Executed ViewResult - view Requests executed in 10.0668ms.
2026-03-19 00:05:38.938 +05:30 [INF] Executed action PrisonerPortal.Controllers.AdminController.Requests (PrisonerPortal) in 45.4822ms
2026-03-19 00:05:38.944 +05:30 [INF] Executed endpoint 'PrisonerPortal.Controllers.AdminController.Requests (PrisonerPortal)'
2026-03-19 00:05:38.956 +05:30 [INF] Request finished HTTP/1.1 GET http://localhost:5050/Admin/Requests - 200 null text/html; charset=utf-8 119.6291ms
2026-03-19 00:05:39.038 +05:30 [INF] Request starting HTTP/1.1 GET http://localhost:5050/Notifications/GetUnreadCount - null null
2026-03-19 00:05:39.061 +05:30 [INF] Executing endpoint 'PrisonerPortal.Controllers.NotificationsController.GetUnreadCount (PrisonerPortal)'
2026-03-19 00:05:39.072 +05:30 [INF] Route matched with {action = "GetUnreadCount", controller = "Notifications"}. Executing controller action with signature Microsoft.AspNetCore.Mvc.IActionResult GetUnreadCount() on controller PrisonerPortal.Controllers.NotificationsController (PrisonerPortal).
2026-03-19 00:05:39.093 +05:30 [INF] Executed DbCommand (1ms) [Parameters=[@userId='?' (Size = 450)], CommandType='"Text"', CommandTimeout='30']
SELECT COUNT(*)
FROM [Notifications] AS [n]
WHERE [n].[UserId] = @userId AND [n].[IsRead] = CAST(0 AS bit)
2026-03-19 00:05:39.118 +05:30 [INF] Executing JsonResult, writing value of type '<>f__AnonymousType2`1[[System.Int32, System.Private.CoreLib, Version=10.0.0.0, Culture=neutral, PublicKeyToken=7cec85d7bea7798e]]'.
2026-03-19 00:05:39.127 +05:30 [INF] Executed action PrisonerPortal.Controllers.NotificationsController.GetUnreadCount (PrisonerPortal) in 37.6309ms
2026-03-19 00:05:39.143 +05:30 [INF] Executed endpoint 'PrisonerPortal.Controllers.NotificationsController.GetUnreadCount (PrisonerPortal)'
2026-03-19 00:05:39.160 +05:30 [INF] Request finished HTTP/1.1 GET http://localhost:5050/Notifications/GetUnreadCount - 200 null application/json; charset=utf-8 121.1888ms
2026-03-19 00:05:47.332 +05:30 [INF] Request starting HTTP/1.1 GET http://localhost:5050/Admin/RequestDetail/1 - null null
2026-03-19 00:05:47.354 +05:30 [INF] Executing endpoint 'PrisonerPortal.Controllers.AdminController.RequestDetail (PrisonerPortal)'
2026-03-19 00:05:47.367 +05:30 [INF] Route matched with {action = "RequestDetail", controller = "Admin"}. Executing controller action with signature System.Threading.Tasks.Task`1[Microsoft.AspNetCore.Mvc.IActionResult] RequestDetail(Int32) on controller PrisonerPortal.Controllers.AdminController (PrisonerPortal).
2026-03-19 00:05:47.430 +05:30 [INF] Executed DbCommand (42ms) [Parameters=[@id='?' (DbType = Int32)], CommandType='"Text"', CommandTimeout='30']
SELECT TOP(1) [s].[RequestId], [s].[AdminResponse], [s].[AssignedAdminId], [s].[Category], [s].[CreatedAt], [s].[Description], [s].[Priority], [s].[PrisonerId], [s].[RequestCode], [s].[ResolvedAt], [s].[Status], [s].[Subject], [s].[UpdatedAt], [s].[UserId], [p].[PrisonerId], [p].[CaseNumber], [p].[CellBlock], [p].[CellNumber], [p].[CreatedAt], [p].[CrimeCategory], [p].[DateOfBirth], [p].[FullName], [p].[Gender], [p].[PrisonerCode], [p].[SentenceEndDate], [p].[SentenceStartDate], [p].[Status], [p].[UpdatedAt], [a].[Id], [a].[AccessFailedCount], [a].[Address], [a].[ConcurrencyStamp], [a].[CreatedAt], [a].[Email], [a].[EmailConfirmed], [a].[FullName], [a].[IsActive], [a].[LockoutEnabled], [a].[LockoutEnd], [a].[NormalizedEmail], [a].[NormalizedUserName], [a].[PasswordHash], [a].[PhoneNumber], [a].[PhoneNumberConfirmed], [a].[Role], [a].[SecurityStamp], [a].[TwoFactorEnabled], [a].[UserName], [a0].[Id], [a0].[AccessFailedCount], [a0].[Address], [a0].[ConcurrencyStamp], [a0].[CreatedAt], [a0].[Email], [a0].[EmailConfirmed], [a0].[FullName], [a0].[IsActive], [a0].[LockoutEnabled], [a0].[LockoutEnd], [a0].[NormalizedEmail], [a0].[NormalizedUserName], [a0].[PasswordHash], [a0].[PhoneNumber], [a0].[PhoneNumberConfirmed], [a0].[Role], [a0].[SecurityStamp], [a0].[TwoFactorEnabled], [a0].[UserName]
FROM [SupportRequests] AS [s]
LEFT JOIN [Prisoners] AS [p] ON [s].[PrisonerId] = [p].[PrisonerId]
INNER JOIN [AspNetUsers] AS [a] ON [s].[UserId] = [a].[Id]
LEFT JOIN [AspNetUsers] AS [a0] ON [s].[AssignedAdminId] = [a0].[Id]
WHERE [s].[RequestId] = @id
2026-03-19 00:05:47.448 +05:30 [INF] Executing ViewResult, running view RequestDetail.
2026-03-19 00:05:47.457 +05:30 [INF] Executed ViewResult - view RequestDetail executed in 9.119ms.
2026-03-19 00:05:47.468 +05:30 [INF] Executed action PrisonerPortal.Controllers.AdminController.RequestDetail (PrisonerPortal) in 85.3427ms
2026-03-19 00:05:47.474 +05:30 [INF] Executed endpoint 'PrisonerPortal.Controllers.AdminController.RequestDetail (PrisonerPortal)'
2026-03-19 00:05:47.489 +05:30 [INF] Request finished HTTP/1.1 GET http://localhost:5050/Admin/RequestDetail/1 - 200 null text/html; charset=utf-8 156.9612ms
2026-03-19 00:05:47.576 +05:30 [INF] Request starting HTTP/1.1 GET http://localhost:5050/Notifications/GetUnreadCount - null null
2026-03-19 00:05:47.591 +05:30 [INF] Executing endpoint 'PrisonerPortal.Controllers.NotificationsController.GetUnreadCount (PrisonerPortal)'
2026-03-19 00:05:47.605 +05:30 [INF] Route matched with {action = "GetUnreadCount", controller = "Notifications"}. Executing controller action with signature Microsoft.AspNetCore.Mvc.IActionResult GetUnreadCount() on controller PrisonerPortal.Controllers.NotificationsController (PrisonerPortal).
2026-03-19 00:05:47.663 +05:30 [INF] Executed DbCommand (22ms) [Parameters=[@userId='?' (Size = 450)], CommandType='"Text"', CommandTimeout='30']
SELECT COUNT(*)
FROM [Notifications] AS [n]
WHERE [n].[UserId] = @userId AND [n].[IsRead] = CAST(0 AS bit)
2026-03-19 00:05:47.720 +05:30 [INF] Executing JsonResult, writing value of type '<>f__AnonymousType2`1[[System.Int32, System.Private.CoreLib, Version=10.0.0.0, Culture=neutral, PublicKeyToken=7cec85d7bea7798e]]'.
2026-03-19 00:05:47.731 +05:30 [INF] Executed action PrisonerPortal.Controllers.NotificationsController.GetUnreadCount (PrisonerPortal) in 93.3804ms
2026-03-19 00:05:47.741 +05:30 [INF] Executed endpoint 'PrisonerPortal.Controllers.NotificationsController.GetUnreadCount (PrisonerPortal)'
2026-03-19 00:05:47.751 +05:30 [INF] Request finished HTTP/1.1 GET http://localhost:5050/Notifications/GetUnreadCount - 200 null application/json; charset=utf-8 175.5678ms
2026-03-19 00:06:07.336 +05:30 [INF] Request starting HTTP/1.1 GET http://localhost:5050/Admin/Users - null null
2026-03-19 00:06:07.361 +05:30 [INF] Executing endpoint 'PrisonerPortal.Controllers.AdminController.Users (PrisonerPortal)'
2026-03-19 00:06:07.368 +05:30 [INF] Route matched with {action = "Users", controller = "Admin"}. Executing controller action with signature System.Threading.Tasks.Task`1[Microsoft.AspNetCore.Mvc.IActionResult] Users(System.String, System.String) on controller PrisonerPortal.Controllers.AdminController (PrisonerPortal).
2026-03-19 00:06:07.399 +05:30 [INF] Executed DbCommand (10ms) [Parameters=[], CommandType='"Text"', CommandTimeout='30']
SELECT [a].[Id], [a].[AccessFailedCount], [a].[Address], [a].[ConcurrencyStamp], [a].[CreatedAt], [a].[Email], [a].[EmailConfirmed], [a].[FullName], [a].[IsActive], [a].[LockoutEnabled], [a].[LockoutEnd], [a].[NormalizedEmail], [a].[NormalizedUserName], [a].[PasswordHash], [a].[PhoneNumber], [a].[PhoneNumberConfirmed], [a].[Role], [a].[SecurityStamp], [a].[TwoFactorEnabled], [a].[UserName]
FROM [AspNetUsers] AS [a]
ORDER BY [a].[CreatedAt] DESC
2026-03-19 00:06:07.418 +05:30 [INF] Executing ViewResult, running view Users.
2026-03-19 00:06:07.431 +05:30 [INF] Executed ViewResult - view Users executed in 13.47ms.
2026-03-19 00:06:07.437 +05:30 [INF] Executed action PrisonerPortal.Controllers.AdminController.Users (PrisonerPortal) in 52.4551ms
2026-03-19 00:06:07.447 +05:30 [INF] Executed endpoint 'PrisonerPortal.Controllers.AdminController.Users (PrisonerPortal)'
2026-03-19 00:06:07.459 +05:30 [INF] Request finished HTTP/1.1 GET http://localhost:5050/Admin/Users - 200 null text/html; charset=utf-8 123.1097ms
2026-03-19 00:06:07.527 +05:30 [INF] Request starting HTTP/1.1 GET http://localhost:5050/Notifications/GetUnreadCount - null null
2026-03-19 00:06:07.550 +05:30 [INF] Executing endpoint 'PrisonerPortal.Controllers.NotificationsController.GetUnreadCount (PrisonerPortal)'
2026-03-19 00:06:07.561 +05:30 [INF] Route matched with {action = "GetUnreadCount", controller = "Notifications"}. Executing controller action with signature Microsoft.AspNetCore.Mvc.IActionResult GetUnreadCount() on controller PrisonerPortal.Controllers.NotificationsController (PrisonerPortal).
2026-03-19 00:06:07.581 +05:30 [INF] Executed DbCommand (1ms) [Parameters=[@userId='?' (Size = 450)], CommandType='"Text"', CommandTimeout='30']
SELECT COUNT(*)
FROM [Notifications] AS [n]
WHERE [n].[UserId] = @userId AND [n].[IsRead] = CAST(0 AS bit)
2026-03-19 00:06:07.599 +05:30 [INF] Executing JsonResult, writing value of type '<>f__AnonymousType2`1[[System.Int32, System.Private.CoreLib, Version=10.0.0.0, Culture=neutral, PublicKeyToken=7cec85d7bea7798e]]'.
2026-03-19 00:06:07.614 +05:30 [INF] Executed action PrisonerPortal.Controllers.NotificationsController.GetUnreadCount (PrisonerPortal) in 39.4398ms
2026-03-19 00:06:07.619 +05:30 [INF] Executed endpoint 'PrisonerPortal.Controllers.NotificationsController.GetUnreadCount (PrisonerPortal)'
2026-03-19 00:06:07.630 +05:30 [INF] Request finished HTTP/1.1 GET http://localhost:5050/Notifications/GetUnreadCount - 200 null application/json; charset=utf-8 103.6729ms
2026-03-19 00:06:13.727 +05:30 [INF] Request starting HTTP/1.1 GET http://localhost:5050/Admin/Prisoners - null null
2026-03-19 00:06:13.742 +05:30 [INF] Executing endpoint 'PrisonerPortal.Controllers.AdminController.Prisoners (PrisonerPortal)'
2026-03-19 00:06:13.747 +05:30 [INF] Route matched with {action = "Prisoners", controller = "Admin"}. Executing controller action with signature System.Threading.Tasks.Task`1[Microsoft.AspNetCore.Mvc.IActionResult] Prisoners() on controller PrisonerPortal.Controllers.AdminController (PrisonerPortal).
2026-03-19 00:06:13.789 +05:30 [INF] Executed DbCommand (9ms) [Parameters=[], CommandType='"Text"', CommandTimeout='30']
SELECT [p].[PrisonerId], [p].[CaseNumber], [p].[CellBlock], [p].[CellNumber], [p].[CreatedAt], [p].[CrimeCategory], [p].[DateOfBirth], [p].[FullName], [p].[Gender], [p].[PrisonerCode], [p].[SentenceEndDate], [p].[SentenceStartDate], [p].[Status], [p].[UpdatedAt]
FROM [Prisoners] AS [p]
ORDER BY [p].[FullName]
2026-03-19 00:06:13.807 +05:30 [INF] Executing ViewResult, running view Prisoners.
2026-03-19 00:06:13.821 +05:30 [INF] Executed ViewResult - view Prisoners executed in 14.7444ms.
2026-03-19 00:06:13.832 +05:30 [INF] Executed action PrisonerPortal.Controllers.AdminController.Prisoners (PrisonerPortal) in 56.6077ms
2026-03-19 00:06:13.844 +05:30 [INF] Executed endpoint 'PrisonerPortal.Controllers.AdminController.Prisoners (PrisonerPortal)'
2026-03-19 00:06:13.855 +05:30 [INF] Request finished HTTP/1.1 GET http://localhost:5050/Admin/Prisoners - 200 null text/html; charset=utf-8 128.0666ms
2026-03-19 00:06:13.925 +05:30 [INF] Request starting HTTP/1.1 GET http://localhost:5050/Notifications/GetUnreadCount - null null
2026-03-19 00:06:13.951 +05:30 [INF] Executing endpoint 'PrisonerPortal.Controllers.NotificationsController.GetUnreadCount (PrisonerPortal)'
2026-03-19 00:06:14.033 +05:30 [INF] Route matched with {action = "GetUnreadCount", controller = "Notifications"}. Executing controller action with signature Microsoft.AspNetCore.Mvc.IActionResult GetUnreadCount() on controller PrisonerPortal.Controllers.NotificationsController (PrisonerPortal).
2026-03-19 00:06:14.059 +05:30 [INF] Executed DbCommand (6ms) [Parameters=[@userId='?' (Size = 450)], CommandType='"Text"', CommandTimeout='30']
SELECT COUNT(*)
FROM [Notifications] AS [n]
WHERE [n].[UserId] = @userId AND [n].[IsRead] = CAST(0 AS bit)
2026-03-19 00:06:14.075 +05:30 [INF] Executing JsonResult, writing value of type '<>f__AnonymousType2`1[[System.Int32, System.Private.CoreLib, Version=10.0.0.0, Culture=neutral, PublicKeyToken=7cec85d7bea7798e]]'.
2026-03-19 00:06:14.082 +05:30 [INF] Executed action PrisonerPortal.Controllers.NotificationsController.GetUnreadCount (PrisonerPortal) in 33.3898ms
2026-03-19 00:06:14.097 +05:30 [INF] Executed endpoint 'PrisonerPortal.Controllers.NotificationsController.GetUnreadCount (PrisonerPortal)'
2026-03-19 00:06:14.103 +05:30 [INF] Request finished HTTP/1.1 GET http://localhost:5050/Notifications/GetUnreadCount - 200 null application/json; charset=utf-8 177.9884ms
2026-03-19 00:06:16.714 +05:30 [INF] Request starting HTTP/1.1 GET http://localhost:5050/Admin/Appointments - null null
2026-03-19 00:06:16.741 +05:30 [INF] Executing endpoint 'PrisonerPortal.Controllers.AdminController.Appointments (PrisonerPortal)'
2026-03-19 00:06:16.752 +05:30 [INF] Route matched with {action = "Appointments", controller = "Admin"}. Executing controller action with signature System.Threading.Tasks.Task`1[Microsoft.AspNetCore.Mvc.IActionResult] Appointments() on controller PrisonerPortal.Controllers.AdminController (PrisonerPortal).
2026-03-19 00:06:16.803 +05:30 [INF] Executed DbCommand (30ms) [Parameters=[], CommandType='"Text"', CommandTimeout='30']
SELECT [a].[AppointmentId], [a].[AdminNotes], [a].[AppointmentCode], [a].[BookedAt], [a].[NumVisitors], [a].[PrisonerId], [a].[Purpose], [a].[RejectionReason], [a].[SlotId], [a].[Status], [a].[UpdatedAt], [a].[UserId], [a].[VisitorNames], [p].[PrisonerId], [p].[CaseNumber], [p].[CellBlock], [p].[CellNumber], [p].[CreatedAt], [p].[CrimeCategory], [p].[DateOfBirth], [p].[FullName], [p].[Gender], [p].[PrisonerCode], [p].[SentenceEndDate], [p].[SentenceStartDate], [p].[Status], [p].[UpdatedAt], [v].[SlotId], [v].[CreatedAt], [v].[CreatedByAdminId], [v].[CurrentBookings], [v].[EndTime], [v].[IsActive], [v].[MaxCapacity], [v].[SlotDate], [v].[StartTime], [a0].[Id], [a0].[AccessFailedCount], [a0].[Address], [a0].[ConcurrencyStamp], [a0].[CreatedAt], [a0].[Email], [a0].[EmailConfirmed], [a0].[FullName], [a0].[IsActive], [a0].[LockoutEnabled], [a0].[LockoutEnd], [a0].[NormalizedEmail], [a0].[NormalizedUserName], [a0].[PasswordHash], [a0].[PhoneNumber], [a0].[PhoneNumberConfirmed], [a0].[Role], [a0].[SecurityStamp], [a0].[TwoFactorEnabled], [a0].[UserName]
FROM [Appointments] AS [a]
INNER JOIN [Prisoners] AS [p] ON [a].[PrisonerId] = [p].[PrisonerId]
INNER JOIN [VisitSlots] AS [v] ON [a].[SlotId] = [v].[SlotId]
INNER JOIN [AspNetUsers] AS [a0] ON [a].[UserId] = [a0].[Id]
ORDER BY [a].[BookedAt] DESC
2026-03-19 00:06:16.824 +05:30 [INF] Executing ViewResult, running view Appointments.
2026-03-19 00:06:16.833 +05:30 [INF] Executed ViewResult - view Appointments executed in 9.4453ms.
2026-03-19 00:06:16.845 +05:30 [INF] Executed action PrisonerPortal.Controllers.AdminController.Appointments (PrisonerPortal) in 76.5474ms
2026-03-19 00:06:16.853 +05:30 [INF] Executed endpoint 'PrisonerPortal.Controllers.AdminController.Appointments (PrisonerPortal)'
2026-03-19 00:06:16.863 +05:30 [INF] Request finished HTTP/1.1 GET http://localhost:5050/Admin/Appointments - 200 null text/html; charset=utf-8 148.8895ms
2026-03-19 00:06:16.937 +05:30 [INF] Request starting HTTP/1.1 GET http://localhost:5050/Notifications/GetUnreadCount - null null
2026-03-19 00:06:16.961 +05:30 [INF] Executing endpoint 'PrisonerPortal.Controllers.NotificationsController.GetUnreadCount (PrisonerPortal)'
2026-03-19 00:06:16.965 +05:30 [INF] Route matched with {action = "GetUnreadCount", controller = "Notifications"}. Executing controller action with signature Microsoft.AspNetCore.Mvc.IActionResult GetUnreadCount() on controller PrisonerPortal.Controllers.NotificationsController (PrisonerPortal).
2026-03-19 00:06:16.990 +05:30 [INF] Executed DbCommand (3ms) [Parameters=[@userId='?' (Size = 450)], CommandType='"Text"', CommandTimeout='30']
SELECT COUNT(*)
FROM [Notifications] AS [n]
WHERE [n].[UserId] = @userId AND [n].[IsRead] = CAST(0 AS bit)
2026-03-19 00:06:17.013 +05:30 [INF] Executing JsonResult, writing value of type '<>f__AnonymousType2`1[[System.Int32, System.Private.CoreLib, Version=10.0.0.0, Culture=neutral, PublicKeyToken=7cec85d7bea7798e]]'.
2026-03-19 00:06:17.023 +05:30 [INF] Executed action PrisonerPortal.Controllers.NotificationsController.GetUnreadCount (PrisonerPortal) in 42.3573ms
2026-03-19 00:06:17.030 +05:30 [INF] Executed endpoint 'PrisonerPortal.Controllers.NotificationsController.GetUnreadCount (PrisonerPortal)'
2026-03-19 00:06:17.045 +05:30 [INF] Request finished HTTP/1.1 GET http://localhost:5050/Notifications/GetUnreadCount - 200 null application/json; charset=utf-8 107.0274ms
2026-03-19 00:06:21.277 +05:30 [INF] Request starting HTTP/1.1 GET http://localhost:5050/Admin/Requests - null null
2026-03-19 00:06:21.294 +05:30 [INF] Executing endpoint 'PrisonerPortal.Controllers.AdminController.Requests (PrisonerPortal)'
2026-03-19 00:06:21.306 +05:30 [INF] Route matched with {action = "Requests", controller = "Admin"}. Executing controller action with signature System.Threading.Tasks.Task`1[Microsoft.AspNetCore.Mvc.IActionResult] Requests() on controller PrisonerPortal.Controllers.AdminController (PrisonerPortal).
2026-03-19 00:06:21.354 +05:30 [INF] Executed DbCommand (26ms) [Parameters=[], CommandType='"Text"', CommandTimeout='30']
SELECT [s].[RequestId], [s].[AdminResponse], [s].[AssignedAdminId], [s].[Category], [s].[CreatedAt], [s].[Description], [s].[Priority], [s].[PrisonerId], [s].[RequestCode], [s].[ResolvedAt], [s].[Status], [s].[Subject], [s].[UpdatedAt], [s].[UserId], [p].[PrisonerId], [p].[CaseNumber], [p].[CellBlock], [p].[CellNumber], [p].[CreatedAt], [p].[CrimeCategory], [p].[DateOfBirth], [p].[FullName], [p].[Gender], [p].[PrisonerCode], [p].[SentenceEndDate], [p].[SentenceStartDate], [p].[Status], [p].[UpdatedAt], [a].[Id], [a].[AccessFailedCount], [a].[Address], [a].[ConcurrencyStamp], [a].[CreatedAt], [a].[Email], [a].[EmailConfirmed], [a].[FullName], [a].[IsActive], [a].[LockoutEnabled], [a].[LockoutEnd], [a].[NormalizedEmail], [a].[NormalizedUserName], [a].[PasswordHash], [a].[PhoneNumber], [a].[PhoneNumberConfirmed], [a].[Role], [a].[SecurityStamp], [a].[TwoFactorEnabled], [a].[UserName], [a0].[Id], [a0].[AccessFailedCount], [a0].[Address], [a0].[ConcurrencyStamp], [a0].[CreatedAt], [a0].[Email], [a0].[EmailConfirmed], [a0].[FullName], [a0].[IsActive], [a0].[LockoutEnabled], [a0].[LockoutEnd], [a0].[NormalizedEmail], [a0].[NormalizedUserName], [a0].[PasswordHash], [a0].[PhoneNumber], [a0].[PhoneNumberConfirmed], [a0].[Role], [a0].[SecurityStamp], [a0].[TwoFactorEnabled], [a0].[UserName]
FROM [SupportRequests] AS [s]
LEFT JOIN [Prisoners] AS [p] ON [s].[PrisonerId] = [p].[PrisonerId]
INNER JOIN [AspNetUsers] AS [a] ON [s].[UserId] = [a].[Id]
LEFT JOIN [AspNetUsers] AS [a0] ON [s].[AssignedAdminId] = [a0].[Id]
ORDER BY [s].[CreatedAt] DESC
2026-03-19 00:06:21.375 +05:30 [INF] Executing ViewResult, running view Requests.
2026-03-19 00:06:21.380 +05:30 [INF] Executed ViewResult - view Requests executed in 4.5666ms.
2026-03-19 00:06:21.392 +05:30 [INF] Executed action PrisonerPortal.Controllers.AdminController.Requests (PrisonerPortal) in 67.1444ms
2026-03-19 00:06:21.403 +05:30 [INF] Executed endpoint 'PrisonerPortal.Controllers.AdminController.Requests (PrisonerPortal)'
2026-03-19 00:06:21.412 +05:30 [INF] Request finished HTTP/1.1 GET http://localhost:5050/Admin/Requests - 200 null text/html; charset=utf-8 134.3789ms
2026-03-19 00:06:21.476 +05:30 [INF] Request starting HTTP/1.1 GET http://localhost:5050/Notifications/GetUnreadCount - null null
2026-03-19 00:06:21.493 +05:30 [INF] Executing endpoint 'PrisonerPortal.Controllers.NotificationsController.GetUnreadCount (PrisonerPortal)'
2026-03-19 00:06:21.502 +05:30 [INF] Route matched with {action = "GetUnreadCount", controller = "Notifications"}. Executing controller action with signature Microsoft.AspNetCore.Mvc.IActionResult GetUnreadCount() on controller PrisonerPortal.Controllers.NotificationsController (PrisonerPortal).
2026-03-19 00:06:21.523 +05:30 [INF] Executed DbCommand (2ms) [Parameters=[@userId='?' (Size = 450)], CommandType='"Text"', CommandTimeout='30']
SELECT COUNT(*)
FROM [Notifications] AS [n]
WHERE [n].[UserId] = @userId AND [n].[IsRead] = CAST(0 AS bit)
2026-03-19 00:06:21.539 +05:30 [INF] Executing JsonResult, writing value of type '<>f__AnonymousType2`1[[System.Int32, System.Private.CoreLib, Version=10.0.0.0, Culture=neutral, PublicKeyToken=7cec85d7bea7798e]]'.
2026-03-19 00:06:21.546 +05:30 [INF] Executed action PrisonerPortal.Controllers.NotificationsController.GetUnreadCount (PrisonerPortal) in 33.3047ms
2026-03-19 00:06:21.562 +05:30 [INF] Executed endpoint 'PrisonerPortal.Controllers.NotificationsController.GetUnreadCount (PrisonerPortal)'
2026-03-19 00:06:21.574 +05:30 [INF] Request finished HTTP/1.1 GET http://localhost:5050/Notifications/GetUnreadCount - 200 null application/json; charset=utf-8 98.2611ms
2026-03-19 00:06:26.731 +05:30 [INF] Request starting HTTP/1.1 GET http://localhost:5050/Admin/RequestDetail/1 - null null
2026-03-19 00:06:26.754 +05:30 [INF] Executing endpoint 'PrisonerPortal.Controllers.AdminController.RequestDetail (PrisonerPortal)'
2026-03-19 00:06:26.760 +05:30 [INF] Route matched with {action = "RequestDetail", controller = "Admin"}. Executing controller action with signature System.Threading.Tasks.Task`1[Microsoft.AspNetCore.Mvc.IActionResult] RequestDetail(Int32) on controller PrisonerPortal.Controllers.AdminController (PrisonerPortal).
2026-03-19 00:06:26.787 +05:30 [INF] Executed DbCommand (3ms) [Parameters=[@id='?' (DbType = Int32)], CommandType='"Text"', CommandTimeout='30']
SELECT TOP(1) [s].[RequestId], [s].[AdminResponse], [s].[AssignedAdminId], [s].[Category], [s].[CreatedAt], [s].[Description], [s].[Priority], [s].[PrisonerId], [s].[RequestCode], [s].[ResolvedAt], [s].[Status], [s].[Subject], [s].[UpdatedAt], [s].[UserId], [p].[PrisonerId], [p].[CaseNumber], [p].[CellBlock], [p].[CellNumber], [p].[CreatedAt], [p].[CrimeCategory], [p].[DateOfBirth], [p].[FullName], [p].[Gender], [p].[PrisonerCode], [p].[SentenceEndDate], [p].[SentenceStartDate], [p].[Status], [p].[UpdatedAt], [a].[Id], [a].[AccessFailedCount], [a].[Address], [a].[ConcurrencyStamp], [a].[CreatedAt], [a].[Email], [a].[EmailConfirmed], [a].[FullName], [a].[IsActive], [a].[LockoutEnabled], [a].[LockoutEnd], [a].[NormalizedEmail], [a].[NormalizedUserName], [a].[PasswordHash], [a].[PhoneNumber], [a].[PhoneNumberConfirmed], [a].[Role], [a].[SecurityStamp], [a].[TwoFactorEnabled], [a].[UserName], [a0].[Id], [a0].[AccessFailedCount], [a0].[Address], [a0].[ConcurrencyStamp], [a0].[CreatedAt], [a0].[Email], [a0].[EmailConfirmed], [a0].[FullName], [a0].[IsActive], [a0].[LockoutEnabled], [a0].[LockoutEnd], [a0].[NormalizedEmail], [a0].[NormalizedUserName], [a0].[PasswordHash], [a0].[PhoneNumber], [a0].[PhoneNumberConfirmed], [a0].[Role], [a0].[SecurityStamp], [a0].[TwoFactorEnabled], [a0].[UserName]
FROM [SupportRequests] AS [s]
LEFT JOIN [Prisoners] AS [p] ON [s].[PrisonerId] = [p].[PrisonerId]
INNER JOIN [AspNetUsers] AS [a] ON [s].[UserId] = [a].[Id]
LEFT JOIN [AspNetUsers] AS [a0] ON [s].[AssignedAdminId] = [a0].[Id]
WHERE [s].[RequestId] = @id
2026-03-19 00:06:26.810 +05:30 [INF] Executing ViewResult, running view RequestDetail.
2026-03-19 00:06:26.820 +05:30 [INF] Executed ViewResult - view RequestDetail executed in 10.0403ms.
2026-03-19 00:06:26.827 +05:30 [INF] Executed action PrisonerPortal.Controllers.AdminController.RequestDetail (PrisonerPortal) in 48.89ms
2026-03-19 00:06:26.838 +05:30 [INF] Executed endpoint 'PrisonerPortal.Controllers.AdminController.RequestDetail (PrisonerPortal)'
2026-03-19 00:06:26.854 +05:30 [INF] Request finished HTTP/1.1 GET http://localhost:5050/Admin/RequestDetail/1 - 200 null text/html; charset=utf-8 122.966ms
2026-03-19 00:06:26.921 +05:30 [INF] Request starting HTTP/1.1 GET http://localhost:5050/Notifications/GetUnreadCount - null null
2026-03-19 00:06:26.939 +05:30 [INF] Executing endpoint 'PrisonerPortal.Controllers.NotificationsController.GetUnreadCount (PrisonerPortal)'
2026-03-19 00:06:26.943 +05:30 [INF] Route matched with {action = "GetUnreadCount", controller = "Notifications"}. Executing controller action with signature Microsoft.AspNetCore.Mvc.IActionResult GetUnreadCount() on controller PrisonerPortal.Controllers.NotificationsController (PrisonerPortal).
2026-03-19 00:06:26.966 +05:30 [INF] Executed DbCommand (5ms) [Parameters=[@userId='?' (Size = 450)], CommandType='"Text"', CommandTimeout='30']
SELECT COUNT(*)
FROM [Notifications] AS [n]
WHERE [n].[UserId] = @userId AND [n].[IsRead] = CAST(0 AS bit)
2026-03-19 00:06:26.979 +05:30 [INF] Executing JsonResult, writing value of type '<>f__AnonymousType2`1[[System.Int32, System.Private.CoreLib, Version=10.0.0.0, Culture=neutral, PublicKeyToken=7cec85d7bea7798e]]'.
2026-03-19 00:06:26.991 +05:30 [INF] Executed action PrisonerPortal.Controllers.NotificationsController.GetUnreadCount (PrisonerPortal) in 31.9945ms
2026-03-19 00:06:27.009 +05:30 [INF] Executed endpoint 'PrisonerPortal.Controllers.NotificationsController.GetUnreadCount (PrisonerPortal)'
2026-03-19 00:06:27.025 +05:30 [INF] Request finished HTTP/1.1 GET http://localhost:5050/Notifications/GetUnreadCount - 200 null application/json; charset=utf-8 104.4195ms
2026-03-19 00:06:57.669 +05:30 [INF] Request starting HTTP/1.1 GET http://localhost:5050/Notifications/GetUnreadCount - null null
2026-03-19 00:06:57.695 +05:30 [INF] Executing endpoint 'PrisonerPortal.Controllers.NotificationsController.GetUnreadCount (PrisonerPortal)'
2026-03-19 00:06:57.703 +05:30 [INF] Route matched with {action = "GetUnreadCount", controller = "Notifications"}. Executing controller action with signature Microsoft.AspNetCore.Mvc.IActionResult GetUnreadCount() on controller PrisonerPortal.Controllers.NotificationsController (PrisonerPortal).
2026-03-19 00:06:57.740 +05:30 [INF] Executed DbCommand (14ms) [Parameters=[@userId='?' (Size = 450)], CommandType='"Text"', CommandTimeout='30']
SELECT COUNT(*)
FROM [Notifications] AS [n]
WHERE [n].[UserId] = @userId AND [n].[IsRead] = CAST(0 AS bit)
2026-03-19 00:06:57.756 +05:30 [INF] Executing JsonResult, writing value of type '<>f__AnonymousType2`1[[System.Int32, System.Private.CoreLib, Version=10.0.0.0, Culture=neutral, PublicKeyToken=7cec85d7bea7798e]]'.
2026-03-19 00:06:57.762 +05:30 [INF] Executed action PrisonerPortal.Controllers.NotificationsController.GetUnreadCount (PrisonerPortal) in 38.3968ms
2026-03-19 00:06:57.769 +05:30 [INF] Executed endpoint 'PrisonerPortal.Controllers.NotificationsController.GetUnreadCount (PrisonerPortal)'
2026-03-19 00:06:57.780 +05:30 [INF] Request finished HTTP/1.1 GET http://localhost:5050/Notifications/GetUnreadCount - 200 null application/json; charset=utf-8 110.8409ms
2026-03-19 00:07:27.669 +05:30 [INF] Request starting HTTP/1.1 GET http://localhost:5050/Notifications/GetUnreadCount - null null
2026-03-19 00:07:27.689 +05:30 [INF] Executing endpoint 'PrisonerPortal.Controllers.NotificationsController.GetUnreadCount (PrisonerPortal)'
2026-03-19 00:07:27.696 +05:30 [INF] Route matched with {action = "GetUnreadCount", controller = "Notifications"}. Executing controller action with signature Microsoft.AspNetCore.Mvc.IActionResult GetUnreadCount() on controller PrisonerPortal.Controllers.NotificationsController (PrisonerPortal).
2026-03-19 00:07:27.712 +05:30 [INF] Executed DbCommand (2ms) [Parameters=[@userId='?' (Size = 450)], CommandType='"Text"', CommandTimeout='30']
SELECT COUNT(*)
FROM [Notifications] AS [n]
WHERE [n].[UserId] = @userId AND [n].[IsRead] = CAST(0 AS bit)
2026-03-19 00:07:27.723 +05:30 [INF] Executing JsonResult, writing value of type '<>f__AnonymousType2`1[[System.Int32, System.Private.CoreLib, Version=10.0.0.0, Culture=neutral, PublicKeyToken=7cec85d7bea7798e]]'.
2026-03-19 00:07:27.735 +05:30 [INF] Executed action PrisonerPortal.Controllers.NotificationsController.GetUnreadCount (PrisonerPortal) in 27.6024ms
2026-03-19 00:07:27.740 +05:30 [INF] Executed endpoint 'PrisonerPortal.Controllers.NotificationsController.GetUnreadCount (PrisonerPortal)'
2026-03-19 00:07:27.750 +05:30 [INF] Request finished HTTP/1.1 GET http://localhost:5050/Notifications/GetUnreadCount - 200 null application/json; charset=utf-8 81.0675ms
2026-03-19 00:07:57.677 +05:30 [INF] Request starting HTTP/1.1 GET http://localhost:5050/Notifications/GetUnreadCount - null null
2026-03-19 00:07:57.692 +05:30 [INF] Executing endpoint 'PrisonerPortal.Controllers.NotificationsController.GetUnreadCount (PrisonerPortal)'
2026-03-19 00:07:57.697 +05:30 [INF] Route matched with {action = "GetUnreadCount", controller = "Notifications"}. Executing controller action with signature Microsoft.AspNetCore.Mvc.IActionResult GetUnreadCount() on controller PrisonerPortal.Controllers.NotificationsController (PrisonerPortal).
2026-03-19 00:07:57.727 +05:30 [INF] Executed DbCommand (15ms) [Parameters=[@userId='?' (Size = 450)], CommandType='"Text"', CommandTimeout='30']
SELECT COUNT(*)
FROM [Notifications] AS [n]
WHERE [n].[UserId] = @userId AND [n].[IsRead] = CAST(0 AS bit)
2026-03-19 00:07:57.743 +05:30 [INF] Executing JsonResult, writing value of type '<>f__AnonymousType2`1[[System.Int32, System.Private.CoreLib, Version=10.0.0.0, Culture=neutral, PublicKeyToken=7cec85d7bea7798e]]'.
2026-03-19 00:07:57.751 +05:30 [INF] Executed action PrisonerPortal.Controllers.NotificationsController.GetUnreadCount (PrisonerPortal) in 40.5402ms
2026-03-19 00:07:57.761 +05:30 [INF] Executed endpoint 'PrisonerPortal.Controllers.NotificationsController.GetUnreadCount (PrisonerPortal)'
2026-03-19 00:07:57.774 +05:30 [INF] Request finished HTTP/1.1 GET http://localhost:5050/Notifications/GetUnreadCount - 200 null application/json; charset=utf-8 97.1952ms
2026-03-19 00:08:27.674 +05:30 [INF] Request starting HTTP/1.1 GET http://localhost:5050/Notifications/GetUnreadCount - null null
2026-03-19 00:08:27.695 +05:30 [INF] Executing endpoint 'PrisonerPortal.Controllers.NotificationsController.GetUnreadCount (PrisonerPortal)'
2026-03-19 00:08:27.701 +05:30 [INF] Route matched with {action = "GetUnreadCount", controller = "Notifications"}. Executing controller action with signature Microsoft.AspNetCore.Mvc.IActionResult GetUnreadCount() on controller PrisonerPortal.Controllers.NotificationsController (PrisonerPortal).
2026-03-19 00:08:27.732 +05:30 [INF] Executed DbCommand (15ms) [Parameters=[@userId='?' (Size = 450)], CommandType='"Text"', CommandTimeout='30']
SELECT COUNT(*)
FROM [Notifications] AS [n]
WHERE [n].[UserId] = @userId AND [n].[IsRead] = CAST(0 AS bit)
2026-03-19 00:08:27.747 +05:30 [INF] Executing JsonResult, writing value of type '<>f__AnonymousType2`1[[System.Int32, System.Private.CoreLib, Version=10.0.0.0, Culture=neutral, PublicKeyToken=7cec85d7bea7798e]]'.
2026-03-19 00:08:27.752 +05:30 [INF] Executed action PrisonerPortal.Controllers.NotificationsController.GetUnreadCount (PrisonerPortal) in 38.9963ms
2026-03-19 00:08:27.763 +05:30 [INF] Executed endpoint 'PrisonerPortal.Controllers.NotificationsController.GetUnreadCount (PrisonerPortal)'
2026-03-19 00:08:27.768 +05:30 [INF] Request finished HTTP/1.1 GET http://localhost:5050/Notifications/GetUnreadCount - 200 null application/json; charset=utf-8 94.2668ms
2026-03-19 00:08:57.665 +05:30 [INF] Request starting HTTP/1.1 GET http://localhost:5050/Notifications/GetUnreadCount - null null
2026-03-19 00:08:57.676 +05:30 [INF] Executing endpoint 'PrisonerPortal.Controllers.NotificationsController.GetUnreadCount (PrisonerPortal)'
2026-03-19 00:08:57.680 +05:30 [INF] Route matched with {action = "GetUnreadCount", controller = "Notifications"}. Executing controller action with signature Microsoft.AspNetCore.Mvc.IActionResult GetUnreadCount() on controller PrisonerPortal.Controllers.NotificationsController (PrisonerPortal).
2026-03-19 00:08:57.690 +05:30 [INF] Executed DbCommand (1ms) [Parameters=[@userId='?' (Size = 450)], CommandType='"Text"', CommandTimeout='30']
SELECT COUNT(*)
FROM [Notifications] AS [n]
WHERE [n].[UserId] = @userId AND [n].[IsRead] = CAST(0 AS bit)
2026-03-19 00:08:57.703 +05:30 [INF] Executing JsonResult, writing value of type '<>f__AnonymousType2`1[[System.Int32, System.Private.CoreLib, Version=10.0.0.0, Culture=neutral, PublicKeyToken=7cec85d7bea7798e]]'.
2026-03-19 00:08:57.708 +05:30 [INF] Executed action PrisonerPortal.Controllers.NotificationsController.GetUnreadCount (PrisonerPortal) in 20.581ms
2026-03-19 00:08:57.712 +05:30 [INF] Executed endpoint 'PrisonerPortal.Controllers.NotificationsController.GetUnreadCount (PrisonerPortal)'
2026-03-19 00:08:57.720 +05:30 [INF] Request finished HTTP/1.1 GET http://localhost:5050/Notifications/GetUnreadCount - 200 null application/json; charset=utf-8 54.8259ms
2026-03-19 00:09:27.669 +05:30 [INF] Request starting HTTP/1.1 GET http://localhost:5050/Notifications/GetUnreadCount - null null
2026-03-19 00:09:27.682 +05:30 [INF] Executing endpoint 'PrisonerPortal.Controllers.NotificationsController.GetUnreadCount (PrisonerPortal)'
2026-03-19 00:09:27.685 +05:30 [INF] Route matched with {action = "GetUnreadCount", controller = "Notifications"}. Executing controller action with signature Microsoft.AspNetCore.Mvc.IActionResult GetUnreadCount() on controller PrisonerPortal.Controllers.NotificationsController (PrisonerPortal).
2026-03-19 00:09:27.704 +05:30 [INF] Executed DbCommand (10ms) [Parameters=[@userId='?' (Size = 450)], CommandType='"Text"', CommandTimeout='30']
SELECT COUNT(*)
FROM [Notifications] AS [n]
WHERE [n].[UserId] = @userId AND [n].[IsRead] = CAST(0 AS bit)
2026-03-19 00:09:27.720 +05:30 [INF] Executing JsonResult, writing value of type '<>f__AnonymousType2`1[[System.Int32, System.Private.CoreLib, Version=10.0.0.0, Culture=neutral, PublicKeyToken=7cec85d7bea7798e]]'.
2026-03-19 00:09:27.727 +05:30 [INF] Executed action PrisonerPortal.Controllers.NotificationsController.GetUnreadCount (PrisonerPortal) in 35.0679ms
2026-03-19 00:09:27.733 +05:30 [INF] Executed endpoint 'PrisonerPortal.Controllers.NotificationsController.GetUnreadCount (PrisonerPortal)'
2026-03-19 00:09:27.737 +05:30 [INF] Request finished HTTP/1.1 GET http://localhost:5050/Notifications/GetUnreadCount - 200 null application/json; charset=utf-8 67.1764ms
2026-03-19 00:09:57.666 +05:30 [INF] Request starting HTTP/1.1 GET http://localhost:5050/Notifications/GetUnreadCount - null null
2026-03-19 00:09:57.677 +05:30 [INF] Executing endpoint 'PrisonerPortal.Controllers.NotificationsController.GetUnreadCount (PrisonerPortal)'
2026-03-19 00:09:57.683 +05:30 [INF] Route matched with {action = "GetUnreadCount", controller = "Notifications"}. Executing controller action with signature Microsoft.AspNetCore.Mvc.IActionResult GetUnreadCount() on controller PrisonerPortal.Controllers.NotificationsController (PrisonerPortal).
2026-03-19 00:09:57.689 +05:30 [INF] Executed DbCommand (1ms) [Parameters=[@userId='?' (Size = 450)], CommandType='"Text"', CommandTimeout='30']
SELECT COUNT(*)
FROM [Notifications] AS [n]
WHERE [n].[UserId] = @userId AND [n].[IsRead] = CAST(0 AS bit)
2026-03-19 00:09:57.701 +05:30 [INF] Executing JsonResult, writing value of type '<>f__AnonymousType2`1[[System.Int32, System.Private.CoreLib, Version=10.0.0.0, Culture=neutral, PublicKeyToken=7cec85d7bea7798e]]'.
2026-03-19 00:09:57.708 +05:30 [INF] Executed action PrisonerPortal.Controllers.NotificationsController.GetUnreadCount (PrisonerPortal) in 21.3098ms
2026-03-19 00:09:57.720 +05:30 [INF] Executed endpoint 'PrisonerPortal.Controllers.NotificationsController.GetUnreadCount (PrisonerPortal)'
2026-03-19 00:09:57.729 +05:30 [INF] Request finished HTTP/1.1 GET http://localhost:5050/Notifications/GetUnreadCount - 200 null application/json; charset=utf-8 62.6579ms
2026-03-19 00:10:31.666 +05:30 [INF] Request starting HTTP/1.1 GET http://localhost:5050/Notifications/GetUnreadCount - null null
2026-03-19 00:10:31.683 +05:30 [INF] Executing endpoint 'PrisonerPortal.Controllers.NotificationsController.GetUnreadCount (PrisonerPortal)'
2026-03-19 00:10:31.690 +05:30 [INF] Route matched with {action = "GetUnreadCount", controller = "Notifications"}. Executing controller action with signature Microsoft.AspNetCore.Mvc.IActionResult GetUnreadCount() on controller PrisonerPortal.Controllers.NotificationsController (PrisonerPortal).
2026-03-19 00:10:31.712 +05:30 [INF] Executed DbCommand (11ms) [Parameters=[@userId='?' (Size = 450)], CommandType='"Text"', CommandTimeout='30']
SELECT COUNT(*)
FROM [Notifications] AS [n]
WHERE [n].[UserId] = @userId AND [n].[IsRead] = CAST(0 AS bit)
2026-03-19 00:10:31.728 +05:30 [INF] Executing JsonResult, writing value of type '<>f__AnonymousType2`1[[System.Int32, System.Private.CoreLib, Version=10.0.0.0, Culture=neutral, PublicKeyToken=7cec85d7bea7798e]]'.
2026-03-19 00:10:31.737 +05:30 [INF] Executed action PrisonerPortal.Controllers.NotificationsController.GetUnreadCount (PrisonerPortal) in 38.4385ms
2026-03-19 00:10:31.743 +05:30 [INF] Executed endpoint 'PrisonerPortal.Controllers.NotificationsController.GetUnreadCount (PrisonerPortal)'
2026-03-19 00:10:31.748 +05:30 [INF] Request finished HTTP/1.1 GET http://localhost:5050/Notifications/GetUnreadCount - 200 null application/json; charset=utf-8 82.1261ms
2026-03-19 00:11:31.672 +05:30 [INF] Request starting HTTP/1.1 GET http://localhost:5050/Notifications/GetUnreadCount - null null
2026-03-19 00:11:31.688 +05:30 [INF] Executing endpoint 'PrisonerPortal.Controllers.NotificationsController.GetUnreadCount (PrisonerPortal)'
2026-03-19 00:11:31.695 +05:30 [INF] Route matched with {action = "GetUnreadCount", controller = "Notifications"}. Executing controller action with signature Microsoft.AspNetCore.Mvc.IActionResult GetUnreadCount() on controller PrisonerPortal.Controllers.NotificationsController (PrisonerPortal).
2026-03-19 00:11:31.721 +05:30 [INF] Executed DbCommand (13ms) [Parameters=[@userId='?' (Size = 450)], CommandType='"Text"', CommandTimeout='30']
SELECT COUNT(*)
FROM [Notifications] AS [n]
WHERE [n].[UserId] = @userId AND [n].[IsRead] = CAST(0 AS bit)
2026-03-19 00:11:31.736 +05:30 [INF] Executing JsonResult, writing value of type '<>f__AnonymousType2`1[[System.Int32, System.Private.CoreLib, Version=10.0.0.0, Culture=neutral, PublicKeyToken=7cec85d7bea7798e]]'.
2026-03-19 00:11:31.741 +05:30 [INF] Executed action PrisonerPortal.Controllers.NotificationsController.GetUnreadCount (PrisonerPortal) in 35.8869ms
2026-03-19 00:11:31.751 +05:30 [INF] Executed endpoint 'PrisonerPortal.Controllers.NotificationsController.GetUnreadCount (PrisonerPortal)'
2026-03-19 00:11:31.755 +05:30 [INF] Request finished HTTP/1.1 GET http://localhost:5050/Notifications/GetUnreadCount - 200 null application/json; charset=utf-8 82.5456ms
2026-03-19 00:12:31.672 +05:30 [INF] Request starting HTTP/1.1 GET http://localhost:5050/Notifications/GetUnreadCount - null null
2026-03-19 00:12:31.683 +05:30 [INF] Executing endpoint 'PrisonerPortal.Controllers.NotificationsController.GetUnreadCount (PrisonerPortal)'
2026-03-19 00:12:31.686 +05:30 [INF] Route matched with {action = "GetUnreadCount", controller = "Notifications"}. Executing controller action with signature Microsoft.AspNetCore.Mvc.IActionResult GetUnreadCount() on controller PrisonerPortal.Controllers.NotificationsController (PrisonerPortal).
2026-03-19 00:12:31.703 +05:30 [INF] Executed DbCommand (9ms) [Parameters=[@userId='?' (Size = 450)], CommandType='"Text"', CommandTimeout='30']
SELECT COUNT(*)
FROM [Notifications] AS [n]
WHERE [n].[UserId] = @userId AND [n].[IsRead] = CAST(0 AS bit)
2026-03-19 00:12:31.720 +05:30 [INF] Executing JsonResult, writing value of type '<>f__AnonymousType2`1[[System.Int32, System.Private.CoreLib, Version=10.0.0.0, Culture=neutral, PublicKeyToken=7cec85d7bea7798e]]'.
2026-03-19 00:12:31.729 +05:30 [INF] Executed action PrisonerPortal.Controllers.NotificationsController.GetUnreadCount (PrisonerPortal) in 38.1477ms
2026-03-19 00:12:31.735 +05:30 [INF] Executed endpoint 'PrisonerPortal.Controllers.NotificationsController.GetUnreadCount (PrisonerPortal)'
2026-03-19 00:12:31.741 +05:30 [INF] Request finished HTTP/1.1 GET http://localhost:5050/Notifications/GetUnreadCount - 200 null application/json; charset=utf-8 68.476ms
2026-03-19 00:13:31.676 +05:30 [INF] Request starting HTTP/1.1 GET http://localhost:5050/Notifications/GetUnreadCount - null null
2026-03-19 00:13:31.695 +05:30 [INF] Executing endpoint 'PrisonerPortal.Controllers.NotificationsController.GetUnreadCount (PrisonerPortal)'
2026-03-19 00:13:31.703 +05:30 [INF] Route matched with {action = "GetUnreadCount", controller = "Notifications"}. Executing controller action with signature Microsoft.AspNetCore.Mvc.IActionResult GetUnreadCount() on controller PrisonerPortal.Controllers.NotificationsController (PrisonerPortal).
2026-03-19 00:13:31.730 +05:30 [INF] Executed DbCommand (12ms) [Parameters=[@userId='?' (Size = 450)], CommandType='"Text"', CommandTimeout='30']
SELECT COUNT(*)
FROM [Notifications] AS [n]
WHERE [n].[UserId] = @userId AND [n].[IsRead] = CAST(0 AS bit)
2026-03-19 00:13:31.745 +05:30 [INF] Executing JsonResult, writing value of type '<>f__AnonymousType2`1[[System.Int32, System.Private.CoreLib, Version=10.0.0.0, Culture=neutral, PublicKeyToken=7cec85d7bea7798e]]'.
2026-03-19 00:13:31.753 +05:30 [INF] Executed action PrisonerPortal.Controllers.NotificationsController.GetUnreadCount (PrisonerPortal) in 36.3961ms
2026-03-19 00:13:31.765 +05:30 [INF] Executed endpoint 'PrisonerPortal.Controllers.NotificationsController.GetUnreadCount (PrisonerPortal)'
2026-03-19 00:13:31.775 +05:30 [INF] Request finished HTTP/1.1 GET http://localhost:5050/Notifications/GetUnreadCount - 200 null application/json; charset=utf-8 99.0396ms
2026-03-19 00:14:31.670 +05:30 [INF] Request starting HTTP/1.1 GET http://localhost:5050/Notifications/GetUnreadCount - null null
2026-03-19 00:14:31.680 +05:30 [INF] Executing endpoint 'PrisonerPortal.Controllers.NotificationsController.GetUnreadCount (PrisonerPortal)'
2026-03-19 00:14:31.686 +05:30 [INF] Route matched with {action = "GetUnreadCount", controller = "Notifications"}. Executing controller action with signature Microsoft.AspNetCore.Mvc.IActionResult GetUnreadCount() on controller PrisonerPortal.Controllers.NotificationsController (PrisonerPortal).
2026-03-19 00:14:31.713 +05:30 [INF] Executed DbCommand (11ms) [Parameters=[@userId='?' (Size = 450)], CommandType='"Text"', CommandTimeout='30']
SELECT COUNT(*)
FROM [Notifications] AS [n]
WHERE [n].[UserId] = @userId AND [n].[IsRead] = CAST(0 AS bit)
2026-03-19 00:14:31.725 +05:30 [INF] Executing JsonResult, writing value of type '<>f__AnonymousType2`1[[System.Int32, System.Private.CoreLib, Version=10.0.0.0, Culture=neutral, PublicKeyToken=7cec85d7bea7798e]]'.
2026-03-19 00:14:31.728 +05:30 [INF] Executed action PrisonerPortal.Controllers.NotificationsController.GetUnreadCount (PrisonerPortal) in 31.1384ms
2026-03-19 00:14:31.735 +05:30 [INF] Executed endpoint 'PrisonerPortal.Controllers.NotificationsController.GetUnreadCount (PrisonerPortal)'
2026-03-19 00:14:31.743 +05:30 [INF] Request finished HTTP/1.1 GET http://localhost:5050/Notifications/GetUnreadCount - 200 null application/json; charset=utf-8 73.1715ms
2026-03-19 00:15:55.100 +05:30 [INF] Executed DbCommand (42ms) [Parameters=[], CommandType='"Text"', CommandTimeout='30']
SELECT 1
2026-03-19 00:15:55.267 +05:30 [INF] Executed DbCommand (28ms) [Parameters=[], CommandType='"Text"', CommandTimeout='30']
SELECT OBJECT_ID(N'[__EFMigrationsHistory]');
2026-03-19 00:15:55.315 +05:30 [INF] Executed DbCommand (21ms) [Parameters=[], CommandType='"Text"', CommandTimeout='30']
SELECT [MigrationId], [ProductVersion]
FROM [__EFMigrationsHistory]
ORDER BY [MigrationId];
2026-03-19 00:15:55.365 +05:30 [INF] User profile is available. Using 'C:\Users\HP\AppData\Local\ASP.NET\DataProtection-Keys' as key repository and Windows DPAPI to encrypt keys at rest.
2026-03-19 00:15:56.176 +05:30 [INF] Executed DbCommand (78ms) [Parameters=[@normalizedName='?' (Size = 256)], CommandType='"Text"', CommandTimeout='30']
SELECT TOP(1) [a].[Id], [a].[ConcurrencyStamp], [a].[Name], [a].[NormalizedName]
FROM [AspNetRoles] AS [a]
WHERE [a].[NormalizedName] = @normalizedName
2026-03-19 00:15:56.324 +05:30 [INF] Executed DbCommand (2ms) [Parameters=[@normalizedName='?' (Size = 256)], CommandType='"Text"', CommandTimeout='30']
SELECT TOP(1) [a].[Id], [a].[ConcurrencyStamp], [a].[Name], [a].[NormalizedName]
FROM [AspNetRoles] AS [a]
WHERE [a].[NormalizedName] = @normalizedName
2026-03-19 00:15:56.408 +05:30 [INF] Executed DbCommand (11ms) [Parameters=[@normalizedEmail='?' (Size = 256)], CommandType='"Text"', CommandTimeout='30']
SELECT TOP(2) [a].[Id], [a].[AccessFailedCount], [a].[Address], [a].[ConcurrencyStamp], [a].[CreatedAt], [a].[Email], [a].[EmailConfirmed], [a].[FullName], [a].[IsActive], [a].[LockoutEnabled], [a].[LockoutEnd], [a].[NormalizedEmail], [a].[NormalizedUserName], [a].[PasswordHash], [a].[PhoneNumber], [a].[PhoneNumberConfirmed], [a].[Role], [a].[SecurityStamp], [a].[TwoFactorEnabled], [a].[UserName]
FROM [AspNetUsers] AS [a]
WHERE [a].[NormalizedEmail] = @normalizedEmail
2026-03-19 00:15:56.532 +05:30 [INF] Executed DbCommand (2ms) [Parameters=[@normalizedEmail='?' (Size = 256)], CommandType='"Text"', CommandTimeout='30']
SELECT TOP(2) [a].[Id], [a].[AccessFailedCount], [a].[Address], [a].[ConcurrencyStamp], [a].[CreatedAt], [a].[Email], [a].[EmailConfirmed], [a].[FullName], [a].[IsActive], [a].[LockoutEnabled], [a].[LockoutEnd], [a].[NormalizedEmail], [a].[NormalizedUserName], [a].[PasswordHash], [a].[PhoneNumber], [a].[PhoneNumberConfirmed], [a].[Role], [a].[SecurityStamp], [a].[TwoFactorEnabled], [a].[UserName]
FROM [AspNetUsers] AS [a]
WHERE [a].[NormalizedEmail] = @normalizedEmail
2026-03-19 00:15:56.614 +05:30 [INF] Executed DbCommand (7ms) [Parameters=[], CommandType='"Text"', CommandTimeout='30']
SELECT CASE
    WHEN EXISTS (
        SELECT 1
        FROM [Prisoners] AS [p]) THEN CAST(1 AS bit)
    ELSE CAST(0 AS bit)
END
2026-03-19 00:15:56.637 +05:30 [INF] Executed DbCommand (2ms) [Parameters=[@normalizedEmail='?' (Size = 256)], CommandType='"Text"', CommandTimeout='30']
SELECT TOP(2) [a].[Id], [a].[AccessFailedCount], [a].[Address], [a].[ConcurrencyStamp], [a].[CreatedAt], [a].[Email], [a].[EmailConfirmed], [a].[FullName], [a].[IsActive], [a].[LockoutEnabled], [a].[LockoutEnd], [a].[NormalizedEmail], [a].[NormalizedUserName], [a].[PasswordHash], [a].[PhoneNumber], [a].[PhoneNumberConfirmed], [a].[Role], [a].[SecurityStamp], [a].[TwoFactorEnabled], [a].[UserName]
FROM [AspNetUsers] AS [a]
WHERE [a].[NormalizedEmail] = @normalizedEmail
2026-03-19 00:15:56.695 +05:30 [INF] Executed DbCommand (9ms) [Parameters=[], CommandType='"Text"', CommandTimeout='30']
SELECT CASE
    WHEN EXISTS (
        SELECT 1
        FROM [VisitSlots] AS [v]) THEN CAST(1 AS bit)
    ELSE CAST(0 AS bit)
END
2026-03-19 00:15:56.798 +05:30 [INF] Executed DbCommand (1ms) [Parameters=[@normalizedEmail='?' (Size = 256)], CommandType='"Text"', CommandTimeout='30']
SELECT TOP(2) [a].[Id], [a].[AccessFailedCount], [a].[Address], [a].[ConcurrencyStamp], [a].[CreatedAt], [a].[Email], [a].[EmailConfirmed], [a].[FullName], [a].[IsActive], [a].[LockoutEnabled], [a].[LockoutEnd], [a].[NormalizedEmail], [a].[NormalizedUserName], [a].[PasswordHash], [a].[PhoneNumber], [a].[PhoneNumberConfirmed], [a].[Role], [a].[SecurityStamp], [a].[TwoFactorEnabled], [a].[UserName]
FROM [AspNetUsers] AS [a]
WHERE [a].[NormalizedEmail] = @normalizedEmail
2026-03-19 00:15:56.818 +05:30 [WRN] The query uses the 'First'/'FirstOrDefault' operator without 'OrderBy' and filter operators. This may lead to unpredictable results.
2026-03-19 00:15:56.877 +05:30 [INF] Executed DbCommand (20ms) [Parameters=[], CommandType='"Text"', CommandTimeout='30']
SELECT TOP(1) [p].[PrisonerId], [p].[CaseNumber], [p].[CellBlock], [p].[CellNumber], [p].[CreatedAt], [p].[CrimeCategory], [p].[DateOfBirth], [p].[FullName], [p].[Gender], [p].[PrisonerCode], [p].[SentenceEndDate], [p].[SentenceStartDate], [p].[Status], [p].[UpdatedAt]
FROM [Prisoners] AS [p]
2026-03-19 00:15:56.987 +05:30 [INF] Executed DbCommand (10ms) [Parameters=[@familyUser_Id='?' (Size = 450), @samplePrisoner_PrisonerId='?' (DbType = Int32)], CommandType='"Text"', CommandTimeout='30']
SELECT CASE
    WHEN EXISTS (
        SELECT 1
        FROM [FamilyPrisonerLinks] AS [f]
        WHERE [f].[UserId] = @familyUser_Id AND [f].[PrisonerId] = @samplePrisoner_PrisonerId) THEN CAST(1 AS bit)
    ELSE CAST(0 AS bit)
END
2026-03-19 00:15:57.036 +05:30 [INF] Executed DbCommand (9ms) [Parameters=[@familyUser_Id='?' (Size = 450)], CommandType='"Text"', CommandTimeout='30']
SELECT CASE
    WHEN EXISTS (
        SELECT 1
        FROM [Appointments] AS [a]
        WHERE [a].[UserId] = @familyUser_Id) THEN CAST(1 AS bit)
    ELSE CAST(0 AS bit)
END
2026-03-19 00:15:57.050 +05:30 [WRN] The query uses the 'First'/'FirstOrDefault' operator without 'OrderBy' and filter operators. This may lead to unpredictable results.
2026-03-19 00:15:57.088 +05:30 [INF] Executed DbCommand (5ms) [Parameters=[], CommandType='"Text"', CommandTimeout='30']
SELECT TOP(1) [v].[SlotId], [v].[CreatedAt], [v].[CreatedByAdminId], [v].[CurrentBookings], [v].[EndTime], [v].[IsActive], [v].[MaxCapacity], [v].[SlotDate], [v].[StartTime]
FROM [VisitSlots] AS [v]
2026-03-19 00:15:57.162 +05:30 [INF] ✅ Database ready and seeded.
2026-03-19 00:15:57.178 +05:30 [INF] ✅ App running at http://localhost:5050
2026-03-19 00:15:57.183 +05:30 [INF] ✅ Login: admin@prisonerportal.gov / Admin@123!
2026-03-19 00:15:57.456 +05:30 [INF] Now listening on: http://localhost:5050
2026-03-19 00:15:57.469 +05:30 [INF] Application started. Press Ctrl+C to shut down.
2026-03-19 00:15:57.478 +05:30 [INF] Hosting environment: Development
2026-03-19 00:15:57.483 +05:30 [INF] Content root path: C:\Users\HP\Desktop\Adarsh Yadav Project\PrisonerPortal
2026-03-19 00:15:57.681 +05:30 [INF] Request starting HTTP/1.1 GET http://localhost:5050/Account/Login - null null
2026-03-19 00:15:57.963 +05:30 [INF] Executing endpoint 'PrisonerPortal.Controllers.AccountController.Login (PrisonerPortal)'
2026-03-19 00:15:58.023 +05:30 [INF] Route matched with {action = "Login", controller = "Account"}. Executing controller action with signature Microsoft.AspNetCore.Mvc.IActionResult Login(System.String) on controller PrisonerPortal.Controllers.AccountController (PrisonerPortal).
2026-03-19 00:15:58.099 +05:30 [INF] Executing RedirectResult, redirecting to /Admin/Dashboard.
2026-03-19 00:15:58.117 +05:30 [INF] Executed action PrisonerPortal.Controllers.AccountController.Login (PrisonerPortal) in 75.3079ms
2026-03-19 00:15:58.129 +05:30 [INF] Executed endpoint 'PrisonerPortal.Controllers.AccountController.Login (PrisonerPortal)'
2026-03-19 00:15:58.163 +05:30 [INF] Request finished HTTP/1.1 GET http://localhost:5050/Account/Login - 302 0 null 492.1454ms
2026-03-19 00:15:58.184 +05:30 [INF] Request starting HTTP/1.1 GET http://localhost:5050/Admin/Dashboard - null null
2026-03-19 00:15:58.241 +05:30 [INF] Executing endpoint 'PrisonerPortal.Controllers.AdminController.Dashboard (PrisonerPortal)'
2026-03-19 00:15:58.281 +05:30 [INF] Route matched with {action = "Dashboard", controller = "Admin"}. Executing controller action with signature System.Threading.Tasks.Task`1[Microsoft.AspNetCore.Mvc.IActionResult] Dashboard() on controller PrisonerPortal.Controllers.AdminController (PrisonerPortal).
2026-03-19 00:15:58.527 +05:30 [INF] Executed DbCommand (5ms) [Parameters=[], CommandType='"Text"', CommandTimeout='30']
SELECT COUNT(*)
FROM [AspNetUsers] AS [a]
WHERE [a].[IsActive] = CAST(1 AS bit) AND [a].[Role] = N'Family'
2026-03-19 00:15:58.613 +05:30 [INF] Executed DbCommand (4ms) [Parameters=[], CommandType='"Text"', CommandTimeout='30']
SELECT COUNT(*)
FROM [Prisoners] AS [p]
WHERE [p].[Status] = N'Active'
2026-03-19 00:15:58.906 +05:30 [INF] Executed DbCommand (36ms) [Parameters=[], CommandType='"Text"', CommandTimeout='30']
SELECT COUNT(*)
FROM [Appointments] AS [a]
INNER JOIN [VisitSlots] AS [v] ON [a].[SlotId] = [v].[SlotId]
WHERE CONVERT(date, [v].[SlotDate]) = CONVERT(date, GETDATE()) AND [a].[Status] IN (N'Approved', N'Pending')
2026-03-19 00:15:59.000 +05:30 [INF] Executed DbCommand (12ms) [Parameters=[], CommandType='"Text"', CommandTimeout='30']
SELECT COUNT(*)
FROM [SupportRequests] AS [s]
WHERE [s].[Status] IN (N'Open', N'InProgress')
2026-03-19 00:15:59.323 +05:30 [INF] Executed DbCommand (28ms) [Parameters=[@p='?' (DbType = Int32)], CommandType='"Text"', CommandTimeout='30']
SELECT [a1].[AppointmentId], [a1].[AdminNotes], [a1].[AppointmentCode], [a1].[BookedAt], [a1].[NumVisitors], [a1].[PrisonerId], [a1].[Purpose], [a1].[RejectionReason], [a1].[SlotId], [a1].[Status], [a1].[UpdatedAt], [a1].[UserId], [a1].[VisitorNames], [a0].[Id], [a0].[AccessFailedCount], [a0].[Address], [a0].[ConcurrencyStamp], [a0].[CreatedAt], [a0].[Email], [a0].[EmailConfirmed], [a0].[FullName], [a0].[IsActive], [a0].[LockoutEnabled], [a0].[LockoutEnd], [a0].[NormalizedEmail], [a0].[NormalizedUserName], [a0].[PasswordHash], [a0].[PhoneNumber], [a0].[PhoneNumberConfirmed], [a0].[Role], [a0].[SecurityStamp], [a0].[TwoFactorEnabled], [a0].[UserName], [p].[PrisonerId], [p].[CaseNumber], [p].[CellBlock], [p].[CellNumber], [p].[CreatedAt], [p].[CrimeCategory], [p].[DateOfBirth], [p].[FullName], [p].[Gender], [p].[PrisonerCode], [p].[SentenceEndDate], [p].[SentenceStartDate], [p].[Status], [p].[UpdatedAt], [v].[SlotId], [v].[CreatedAt], [v].[CreatedByAdminId], [v].[CurrentBookings], [v].[EndTime], [v].[IsActive], [v].[MaxCapacity], [v].[SlotDate], [v].[StartTime]
FROM (
    SELECT TOP(@p) [a].[AppointmentId], [a].[AdminNotes], [a].[AppointmentCode], [a].[BookedAt], [a].[NumVisitors], [a].[PrisonerId], [a].[Purpose], [a].[RejectionReason], [a].[SlotId], [a].[Status], [a].[UpdatedAt], [a].[UserId], [a].[VisitorNames]
    FROM [Appointments] AS [a]
    WHERE [a].[Status] = N'Pending'
    ORDER BY [a].[BookedAt] DESC
) AS [a1]
INNER JOIN [AspNetUsers] AS [a0] ON [a1].[UserId] = [a0].[Id]
INNER JOIN [Prisoners] AS [p] ON [a1].[PrisonerId] = [p].[PrisonerId]
INNER JOIN [VisitSlots] AS [v] ON [a1].[SlotId] = [v].[SlotId]
ORDER BY [a1].[BookedAt] DESC
2026-03-19 00:15:59.637 +05:30 [INF] Executed DbCommand (19ms) [Parameters=[@p='?' (DbType = Int32)], CommandType='"Text"', CommandTimeout='30']
SELECT [s0].[RequestId], [s0].[AdminResponse], [s0].[AssignedAdminId], [s0].[Category], [s0].[CreatedAt], [s0].[Description], [s0].[Priority], [s0].[PrisonerId], [s0].[RequestCode], [s0].[ResolvedAt], [s0].[Status], [s0].[Subject], [s0].[UpdatedAt], [s0].[UserId], [a].[Id], [a].[AccessFailedCount], [a].[Address], [a].[ConcurrencyStamp], [a].[CreatedAt], [a].[Email], [a].[EmailConfirmed], [a].[FullName], [a].[IsActive], [a].[LockoutEnabled], [a].[LockoutEnd], [a].[NormalizedEmail], [a].[NormalizedUserName], [a].[PasswordHash], [a].[PhoneNumber], [a].[PhoneNumberConfirmed], [a].[Role], [a].[SecurityStamp], [a].[TwoFactorEnabled], [a].[UserName], [p].[PrisonerId], [p].[CaseNumber], [p].[CellBlock], [p].[CellNumber], [p].[CreatedAt], [p].[CrimeCategory], [p].[DateOfBirth], [p].[FullName], [p].[Gender], [p].[PrisonerCode], [p].[SentenceEndDate], [p].[SentenceStartDate], [p].[Status], [p].[UpdatedAt]
FROM (
    SELECT TOP(@p) [s].[RequestId], [s].[AdminResponse], [s].[AssignedAdminId], [s].[Category], [s].[CreatedAt], [s].[Description], [s].[Priority], [s].[PrisonerId], [s].[RequestCode], [s].[ResolvedAt], [s].[Status], [s].[Subject], [s].[UpdatedAt], [s].[UserId]
    FROM [SupportRequests] AS [s]
    WHERE [s].[Status] IN (N'Open', N'InProgress')
    ORDER BY [s].[CreatedAt] DESC
) AS [s0]
INNER JOIN [AspNetUsers] AS [a] ON [s0].[UserId] = [a].[Id]
LEFT JOIN [Prisoners] AS [p] ON [s0].[PrisonerId] = [p].[PrisonerId]
ORDER BY [s0].[CreatedAt] DESC
2026-03-19 00:15:59.986 +05:30 [INF] Executed DbCommand (36ms) [Parameters=[@p='?' (DbType = Int32)], CommandType='"Text"', CommandTimeout='30']
SELECT [f0].[LinkId], [f0].[IsVerified], [f0].[LinkedAt], [f0].[PrisonerId], [f0].[Relationship], [f0].[UserId], [f0].[VerifiedByAdminId], [a].[Id], [a].[AccessFailedCount], [a].[Address], [a].[ConcurrencyStamp], [a].[CreatedAt], [a].[Email], [a].[EmailConfirmed], [a].[FullName], [a].[IsActive], [a].[LockoutEnabled], [a].[LockoutEnd], [a].[NormalizedEmail], [a].[NormalizedUserName], [a].[PasswordHash], [a].[PhoneNumber], [a].[PhoneNumberConfirmed], [a].[Role], [a].[SecurityStamp], [a].[TwoFactorEnabled], [a].[UserName], [p].[PrisonerId], [p].[CaseNumber], [p].[CellBlock], [p].[CellNumber], [p].[CreatedAt], [p].[CrimeCategory], [p].[DateOfBirth], [p].[FullName], [p].[Gender], [p].[PrisonerCode], [p].[SentenceEndDate], [p].[SentenceStartDate], [p].[Status], [p].[UpdatedAt]
FROM (
    SELECT TOP(@p) [f].[LinkId], [f].[IsVerified], [f].[LinkedAt], [f].[PrisonerId], [f].[Relationship], [f].[UserId], [f].[VerifiedByAdminId]
    FROM [FamilyPrisonerLinks] AS [f]
    WHERE [f].[IsVerified] = CAST(0 AS bit)
    ORDER BY [f].[LinkedAt] DESC
) AS [f0]
INNER JOIN [AspNetUsers] AS [a] ON [f0].[UserId] = [a].[Id]
INNER JOIN [Prisoners] AS [p] ON [f0].[PrisonerId] = [p].[PrisonerId]
ORDER BY [f0].[LinkedAt] DESC
2026-03-19 00:16:00.110 +05:30 [INF] Executed DbCommand (7ms) [Parameters=[@p='?' (DbType = Int32)], CommandType='"Text"', CommandTimeout='30']
SELECT TOP(@p) [a].[Id], [a].[AccessFailedCount], [a].[Address], [a].[ConcurrencyStamp], [a].[CreatedAt], [a].[Email], [a].[EmailConfirmed], [a].[FullName], [a].[IsActive], [a].[LockoutEnabled], [a].[LockoutEnd], [a].[NormalizedEmail], [a].[NormalizedUserName], [a].[PasswordHash], [a].[PhoneNumber], [a].[PhoneNumberConfirmed], [a].[Role], [a].[SecurityStamp], [a].[TwoFactorEnabled], [a].[UserName]
FROM [AspNetUsers] AS [a]
ORDER BY [a].[CreatedAt] DESC
2026-03-19 00:16:00.194 +05:30 [INF] Executing ViewResult, running view Dashboard.
2026-03-19 00:16:00.542 +05:30 [INF] Executed ViewResult - view Dashboard executed in 383.6716ms.
2026-03-19 00:16:00.561 +05:30 [INF] Executed action PrisonerPortal.Controllers.AdminController.Dashboard (PrisonerPortal) in 2263.8008ms
2026-03-19 00:16:00.574 +05:30 [INF] Executed endpoint 'PrisonerPortal.Controllers.AdminController.Dashboard (PrisonerPortal)'
2026-03-19 00:16:00.627 +05:30 [INF] Request finished HTTP/1.1 GET http://localhost:5050/Admin/Dashboard - 200 null text/html; charset=utf-8 2442.1876ms
2026-03-19 00:16:00.972 +05:30 [INF] Request starting HTTP/1.1 GET http://localhost:5050/Notifications/GetUnreadCount - null null
2026-03-19 00:16:01.084 +05:30 [INF] Executing endpoint 'PrisonerPortal.Controllers.NotificationsController.GetUnreadCount (PrisonerPortal)'
2026-03-19 00:16:01.098 +05:30 [INF] Route matched with {action = "GetUnreadCount", controller = "Notifications"}. Executing controller action with signature Microsoft.AspNetCore.Mvc.IActionResult GetUnreadCount() on controller PrisonerPortal.Controllers.NotificationsController (PrisonerPortal).
2026-03-19 00:16:01.530 +05:30 [INF] Executed DbCommand (27ms) [Parameters=[@userId='?' (Size = 450)], CommandType='"Text"', CommandTimeout='30']
SELECT COUNT(*)
FROM [Notifications] AS [n]
WHERE [n].[UserId] = @userId AND [n].[IsRead] = CAST(0 AS bit)
2026-03-19 00:16:01.581 +05:30 [INF] Executing JsonResult, writing value of type '<>f__AnonymousType2`1[[System.Int32, System.Private.CoreLib, Version=10.0.0.0, Culture=neutral, PublicKeyToken=7cec85d7bea7798e]]'.
2026-03-19 00:16:01.851 +05:30 [INF] Executed action PrisonerPortal.Controllers.NotificationsController.GetUnreadCount (PrisonerPortal) in 738.0419ms
2026-03-19 00:16:01.861 +05:30 [INF] Executed endpoint 'PrisonerPortal.Controllers.NotificationsController.GetUnreadCount (PrisonerPortal)'
2026-03-19 00:16:01.868 +05:30 [INF] Request finished HTTP/1.1 GET http://localhost:5050/Notifications/GetUnreadCount - 200 null application/json; charset=utf-8 895.4349ms
2026-03-19 00:16:05.216 +05:30 [INF] Request starting HTTP/1.1 GET http://localhost:5050/Admin/FamilyLinks - null null
2026-03-19 00:16:05.262 +05:30 [INF] Executing endpoint 'PrisonerPortal.Controllers.AdminController.FamilyLinks (PrisonerPortal)'
2026-03-19 00:16:05.303 +05:30 [INF] Route matched with {action = "FamilyLinks", controller = "Admin"}. Executing controller action with signature System.Threading.Tasks.Task`1[Microsoft.AspNetCore.Mvc.IActionResult] FamilyLinks(System.String) on controller PrisonerPortal.Controllers.AdminController (PrisonerPortal).
2026-03-19 00:16:05.470 +05:30 [INF] Executed DbCommand (14ms) [Parameters=[], CommandType='"Text"', CommandTimeout='30']
SELECT [f].[LinkId], [f].[IsVerified], [f].[LinkedAt], [f].[PrisonerId], [f].[Relationship], [f].[UserId], [f].[VerifiedByAdminId], [a].[Id], [a].[AccessFailedCount], [a].[Address], [a].[ConcurrencyStamp], [a].[CreatedAt], [a].[Email], [a].[EmailConfirmed], [a].[FullName], [a].[IsActive], [a].[LockoutEnabled], [a].[LockoutEnd], [a].[NormalizedEmail], [a].[NormalizedUserName], [a].[PasswordHash], [a].[PhoneNumber], [a].[PhoneNumberConfirmed], [a].[Role], [a].[SecurityStamp], [a].[TwoFactorEnabled], [a].[UserName], [p].[PrisonerId], [p].[CaseNumber], [p].[CellBlock], [p].[CellNumber], [p].[CreatedAt], [p].[CrimeCategory], [p].[DateOfBirth], [p].[FullName], [p].[Gender], [p].[PrisonerCode], [p].[SentenceEndDate], [p].[SentenceStartDate], [p].[Status], [p].[UpdatedAt]
FROM [FamilyPrisonerLinks] AS [f]
INNER JOIN [AspNetUsers] AS [a] ON [f].[UserId] = [a].[Id]
INNER JOIN [Prisoners] AS [p] ON [f].[PrisonerId] = [p].[PrisonerId]
ORDER BY [f].[LinkedAt] DESC
2026-03-19 00:16:05.646 +05:30 [INF] Executing ViewResult, running view FamilyLinks.
2026-03-19 00:16:05.730 +05:30 [INF] Executed ViewResult - view FamilyLinks executed in 95.2958ms.
2026-03-19 00:16:05.739 +05:30 [INF] Executed action PrisonerPortal.Controllers.AdminController.FamilyLinks (PrisonerPortal) in 419.724ms
2026-03-19 00:16:05.747 +05:30 [INF] Executed endpoint 'PrisonerPortal.Controllers.AdminController.FamilyLinks (PrisonerPortal)'
2026-03-19 00:16:05.760 +05:30 [INF] Request finished HTTP/1.1 GET http://localhost:5050/Admin/FamilyLinks - 200 null text/html; charset=utf-8 544.1093ms
2026-03-19 00:16:05.822 +05:30 [INF] Request starting HTTP/1.1 GET http://localhost:5050/Notifications/GetUnreadCount - null null
2026-03-19 00:16:05.852 +05:30 [INF] Executing endpoint 'PrisonerPortal.Controllers.NotificationsController.GetUnreadCount (PrisonerPortal)'
2026-03-19 00:16:05.890 +05:30 [INF] Route matched with {action = "GetUnreadCount", controller = "Notifications"}. Executing controller action with signature Microsoft.AspNetCore.Mvc.IActionResult GetUnreadCount() on controller PrisonerPortal.Controllers.NotificationsController (PrisonerPortal).
2026-03-19 00:16:05.922 +05:30 [INF] Executed DbCommand (11ms) [Parameters=[@userId='?' (Size = 450)], CommandType='"Text"', CommandTimeout='30']
SELECT COUNT(*)
FROM [Notifications] AS [n]
WHERE [n].[UserId] = @userId AND [n].[IsRead] = CAST(0 AS bit)
2026-03-19 00:16:05.940 +05:30 [INF] Executing JsonResult, writing value of type '<>f__AnonymousType2`1[[System.Int32, System.Private.CoreLib, Version=10.0.0.0, Culture=neutral, PublicKeyToken=7cec85d7bea7798e]]'.
2026-03-19 00:16:05.951 +05:30 [INF] Executed action PrisonerPortal.Controllers.NotificationsController.GetUnreadCount (PrisonerPortal) in 47.8462ms
2026-03-19 00:16:05.963 +05:30 [INF] Executed endpoint 'PrisonerPortal.Controllers.NotificationsController.GetUnreadCount (PrisonerPortal)'
2026-03-19 00:16:05.972 +05:30 [INF] Request finished HTTP/1.1 GET http://localhost:5050/Notifications/GetUnreadCount - 200 null application/json; charset=utf-8 150.3177ms
2026-03-19 00:16:12.995 +05:30 [INF] Request starting HTTP/1.1 GET http://localhost:5050/Admin/Dashboard - null null
2026-03-19 00:16:13.016 +05:30 [INF] Executing endpoint 'PrisonerPortal.Controllers.AdminController.Dashboard (PrisonerPortal)'
2026-03-19 00:16:13.028 +05:30 [INF] Route matched with {action = "Dashboard", controller = "Admin"}. Executing controller action with signature System.Threading.Tasks.Task`1[Microsoft.AspNetCore.Mvc.IActionResult] Dashboard() on controller PrisonerPortal.Controllers.AdminController (PrisonerPortal).
2026-03-19 00:16:13.067 +05:30 [INF] Executed DbCommand (5ms) [Parameters=[], CommandType='"Text"', CommandTimeout='30']
SELECT COUNT(*)
FROM [AspNetUsers] AS [a]
WHERE [a].[IsActive] = CAST(1 AS bit) AND [a].[Role] = N'Family'
2026-03-19 00:16:13.094 +05:30 [INF] Executed DbCommand (3ms) [Parameters=[], CommandType='"Text"', CommandTimeout='30']
SELECT COUNT(*)
FROM [Prisoners] AS [p]
WHERE [p].[Status] = N'Active'
2026-03-19 00:16:13.132 +05:30 [INF] Executed DbCommand (18ms) [Parameters=[], CommandType='"Text"', CommandTimeout='30']
SELECT COUNT(*)
FROM [Appointments] AS [a]
INNER JOIN [VisitSlots] AS [v] ON [a].[SlotId] = [v].[SlotId]
WHERE CONVERT(date, [v].[SlotDate]) = CONVERT(date, GETDATE()) AND [a].[Status] IN (N'Approved', N'Pending')
2026-03-19 00:16:13.160 +05:30 [INF] Executed DbCommand (8ms) [Parameters=[], CommandType='"Text"', CommandTimeout='30']
SELECT COUNT(*)
FROM [SupportRequests] AS [s]
WHERE [s].[Status] IN (N'Open', N'InProgress')
2026-03-19 00:16:13.206 +05:30 [INF] Executed DbCommand (25ms) [Parameters=[@p='?' (DbType = Int32)], CommandType='"Text"', CommandTimeout='30']
SELECT [a1].[AppointmentId], [a1].[AdminNotes], [a1].[AppointmentCode], [a1].[BookedAt], [a1].[NumVisitors], [a1].[PrisonerId], [a1].[Purpose], [a1].[RejectionReason], [a1].[SlotId], [a1].[Status], [a1].[UpdatedAt], [a1].[UserId], [a1].[VisitorNames], [a0].[Id], [a0].[AccessFailedCount], [a0].[Address], [a0].[ConcurrencyStamp], [a0].[CreatedAt], [a0].[Email], [a0].[EmailConfirmed], [a0].[FullName], [a0].[IsActive], [a0].[LockoutEnabled], [a0].[LockoutEnd], [a0].[NormalizedEmail], [a0].[NormalizedUserName], [a0].[PasswordHash], [a0].[PhoneNumber], [a0].[PhoneNumberConfirmed], [a0].[Role], [a0].[SecurityStamp], [a0].[TwoFactorEnabled], [a0].[UserName], [p].[PrisonerId], [p].[CaseNumber], [p].[CellBlock], [p].[CellNumber], [p].[CreatedAt], [p].[CrimeCategory], [p].[DateOfBirth], [p].[FullName], [p].[Gender], [p].[PrisonerCode], [p].[SentenceEndDate], [p].[SentenceStartDate], [p].[Status], [p].[UpdatedAt], [v].[SlotId], [v].[CreatedAt], [v].[CreatedByAdminId], [v].[CurrentBookings], [v].[EndTime], [v].[IsActive], [v].[MaxCapacity], [v].[SlotDate], [v].[StartTime]
FROM (
    SELECT TOP(@p) [a].[AppointmentId], [a].[AdminNotes], [a].[AppointmentCode], [a].[BookedAt], [a].[NumVisitors], [a].[PrisonerId], [a].[Purpose], [a].[RejectionReason], [a].[SlotId], [a].[Status], [a].[UpdatedAt], [a].[UserId], [a].[VisitorNames]
    FROM [Appointments] AS [a]
    WHERE [a].[Status] = N'Pending'
    ORDER BY [a].[BookedAt] DESC
) AS [a1]
INNER JOIN [AspNetUsers] AS [a0] ON [a1].[UserId] = [a0].[Id]
INNER JOIN [Prisoners] AS [p] ON [a1].[PrisonerId] = [p].[PrisonerId]
INNER JOIN [VisitSlots] AS [v] ON [a1].[SlotId] = [v].[SlotId]
ORDER BY [a1].[BookedAt] DESC
2026-03-19 00:16:13.246 +05:30 [INF] Executed DbCommand (18ms) [Parameters=[@p='?' (DbType = Int32)], CommandType='"Text"', CommandTimeout='30']
SELECT [s0].[RequestId], [s0].[AdminResponse], [s0].[AssignedAdminId], [s0].[Category], [s0].[CreatedAt], [s0].[Description], [s0].[Priority], [s0].[PrisonerId], [s0].[RequestCode], [s0].[ResolvedAt], [s0].[Status], [s0].[Subject], [s0].[UpdatedAt], [s0].[UserId], [a].[Id], [a].[AccessFailedCount], [a].[Address], [a].[ConcurrencyStamp], [a].[CreatedAt], [a].[Email], [a].[EmailConfirmed], [a].[FullName], [a].[IsActive], [a].[LockoutEnabled], [a].[LockoutEnd], [a].[NormalizedEmail], [a].[NormalizedUserName], [a].[PasswordHash], [a].[PhoneNumber], [a].[PhoneNumberConfirmed], [a].[Role], [a].[SecurityStamp], [a].[TwoFactorEnabled], [a].[UserName], [p].[PrisonerId], [p].[CaseNumber], [p].[CellBlock], [p].[CellNumber], [p].[CreatedAt], [p].[CrimeCategory], [p].[DateOfBirth], [p].[FullName], [p].[Gender], [p].[PrisonerCode], [p].[SentenceEndDate], [p].[SentenceStartDate], [p].[Status], [p].[UpdatedAt]
FROM (
    SELECT TOP(@p) [s].[RequestId], [s].[AdminResponse], [s].[AssignedAdminId], [s].[Category], [s].[CreatedAt], [s].[Description], [s].[Priority], [s].[PrisonerId], [s].[RequestCode], [s].[ResolvedAt], [s].[Status], [s].[Subject], [s].[UpdatedAt], [s].[UserId]
    FROM [SupportRequests] AS [s]
    WHERE [s].[Status] IN (N'Open', N'InProgress')
    ORDER BY [s].[CreatedAt] DESC
) AS [s0]
INNER JOIN [AspNetUsers] AS [a] ON [s0].[UserId] = [a].[Id]
LEFT JOIN [Prisoners] AS [p] ON [s0].[PrisonerId] = [p].[PrisonerId]
ORDER BY [s0].[CreatedAt] DESC
2026-03-19 00:16:13.286 +05:30 [INF] Executed DbCommand (17ms) [Parameters=[@p='?' (DbType = Int32)], CommandType='"Text"', CommandTimeout='30']
SELECT [f0].[LinkId], [f0].[IsVerified], [f0].[LinkedAt], [f0].[PrisonerId], [f0].[Relationship], [f0].[UserId], [f0].[VerifiedByAdminId], [a].[Id], [a].[AccessFailedCount], [a].[Address], [a].[ConcurrencyStamp], [a].[CreatedAt], [a].[Email], [a].[EmailConfirmed], [a].[FullName], [a].[IsActive], [a].[LockoutEnabled], [a].[LockoutEnd], [a].[NormalizedEmail], [a].[NormalizedUserName], [a].[PasswordHash], [a].[PhoneNumber], [a].[PhoneNumberConfirmed], [a].[Role], [a].[SecurityStamp], [a].[TwoFactorEnabled], [a].[UserName], [p].[PrisonerId], [p].[CaseNumber], [p].[CellBlock], [p].[CellNumber], [p].[CreatedAt], [p].[CrimeCategory], [p].[DateOfBirth], [p].[FullName], [p].[Gender], [p].[PrisonerCode], [p].[SentenceEndDate], [p].[SentenceStartDate], [p].[Status], [p].[UpdatedAt]
FROM (
    SELECT TOP(@p) [f].[LinkId], [f].[IsVerified], [f].[LinkedAt], [f].[PrisonerId], [f].[Relationship], [f].[UserId], [f].[VerifiedByAdminId]
    FROM [FamilyPrisonerLinks] AS [f]
    WHERE [f].[IsVerified] = CAST(0 AS bit)
    ORDER BY [f].[LinkedAt] DESC
) AS [f0]
INNER JOIN [AspNetUsers] AS [a] ON [f0].[UserId] = [a].[Id]
INNER JOIN [Prisoners] AS [p] ON [f0].[PrisonerId] = [p].[PrisonerId]
ORDER BY [f0].[LinkedAt] DESC
2026-03-19 00:16:13.315 +05:30 [INF] Executed DbCommand (5ms) [Parameters=[@p='?' (DbType = Int32)], CommandType='"Text"', CommandTimeout='30']
SELECT TOP(@p) [a].[Id], [a].[AccessFailedCount], [a].[Address], [a].[ConcurrencyStamp], [a].[CreatedAt], [a].[Email], [a].[EmailConfirmed], [a].[FullName], [a].[IsActive], [a].[LockoutEnabled], [a].[LockoutEnd], [a].[NormalizedEmail], [a].[NormalizedUserName], [a].[PasswordHash], [a].[PhoneNumber], [a].[PhoneNumberConfirmed], [a].[Role], [a].[SecurityStamp], [a].[TwoFactorEnabled], [a].[UserName]
FROM [AspNetUsers] AS [a]
ORDER BY [a].[CreatedAt] DESC
2026-03-19 00:16:13.331 +05:30 [INF] Executing ViewResult, running view Dashboard.
2026-03-19 00:16:13.346 +05:30 [INF] Executed ViewResult - view Dashboard executed in 14.4416ms.
2026-03-19 00:16:13.359 +05:30 [INF] Executed action PrisonerPortal.Controllers.AdminController.Dashboard (PrisonerPortal) in 316.5998ms
2026-03-19 00:16:13.369 +05:30 [INF] Executed endpoint 'PrisonerPortal.Controllers.AdminController.Dashboard (PrisonerPortal)'
2026-03-19 00:16:13.380 +05:30 [INF] Request finished HTTP/1.1 GET http://localhost:5050/Admin/Dashboard - 200 null text/html; charset=utf-8 384.0381ms
2026-03-19 00:16:13.444 +05:30 [INF] Request starting HTTP/1.1 GET http://localhost:5050/Notifications/GetUnreadCount - null null
2026-03-19 00:16:13.461 +05:30 [INF] Executing endpoint 'PrisonerPortal.Controllers.NotificationsController.GetUnreadCount (PrisonerPortal)'
2026-03-19 00:16:13.471 +05:30 [INF] Route matched with {action = "GetUnreadCount", controller = "Notifications"}. Executing controller action with signature Microsoft.AspNetCore.Mvc.IActionResult GetUnreadCount() on controller PrisonerPortal.Controllers.NotificationsController (PrisonerPortal).
2026-03-19 00:16:13.491 +05:30 [INF] Executed DbCommand (2ms) [Parameters=[@userId='?' (Size = 450)], CommandType='"Text"', CommandTimeout='30']
SELECT COUNT(*)
FROM [Notifications] AS [n]
WHERE [n].[UserId] = @userId AND [n].[IsRead] = CAST(0 AS bit)
2026-03-19 00:16:13.506 +05:30 [INF] Executing JsonResult, writing value of type '<>f__AnonymousType2`1[[System.Int32, System.Private.CoreLib, Version=10.0.0.0, Culture=neutral, PublicKeyToken=7cec85d7bea7798e]]'.
2026-03-19 00:16:13.512 +05:30 [INF] Executed action PrisonerPortal.Controllers.NotificationsController.GetUnreadCount (PrisonerPortal) in 29.3322ms
2026-03-19 00:16:13.526 +05:30 [INF] Executed endpoint 'PrisonerPortal.Controllers.NotificationsController.GetUnreadCount (PrisonerPortal)'
2026-03-19 00:16:13.535 +05:30 [INF] Request finished HTTP/1.1 GET http://localhost:5050/Notifications/GetUnreadCount - 200 null application/json; charset=utf-8 91.0392ms
2026-03-19 00:16:17.443 +05:30 [INF] Request starting HTTP/1.1 GET http://localhost:5050/Admin/FamilyLinks - null null
2026-03-19 00:16:17.463 +05:30 [INF] Executing endpoint 'PrisonerPortal.Controllers.AdminController.FamilyLinks (PrisonerPortal)'
2026-03-19 00:16:17.476 +05:30 [INF] Route matched with {action = "FamilyLinks", controller = "Admin"}. Executing controller action with signature System.Threading.Tasks.Task`1[Microsoft.AspNetCore.Mvc.IActionResult] FamilyLinks(System.String) on controller PrisonerPortal.Controllers.AdminController (PrisonerPortal).
2026-03-19 00:16:17.500 +05:30 [INF] Executed DbCommand (3ms) [Parameters=[], CommandType='"Text"', CommandTimeout='30']
SELECT [f].[LinkId], [f].[IsVerified], [f].[LinkedAt], [f].[PrisonerId], [f].[Relationship], [f].[UserId], [f].[VerifiedByAdminId], [a].[Id], [a].[AccessFailedCount], [a].[Address], [a].[ConcurrencyStamp], [a].[CreatedAt], [a].[Email], [a].[EmailConfirmed], [a].[FullName], [a].[IsActive], [a].[LockoutEnabled], [a].[LockoutEnd], [a].[NormalizedEmail], [a].[NormalizedUserName], [a].[PasswordHash], [a].[PhoneNumber], [a].[PhoneNumberConfirmed], [a].[Role], [a].[SecurityStamp], [a].[TwoFactorEnabled], [a].[UserName], [p].[PrisonerId], [p].[CaseNumber], [p].[CellBlock], [p].[CellNumber], [p].[CreatedAt], [p].[CrimeCategory], [p].[DateOfBirth], [p].[FullName], [p].[Gender], [p].[PrisonerCode], [p].[SentenceEndDate], [p].[SentenceStartDate], [p].[Status], [p].[UpdatedAt]
FROM [FamilyPrisonerLinks] AS [f]
INNER JOIN [AspNetUsers] AS [a] ON [f].[UserId] = [a].[Id]
INNER JOIN [Prisoners] AS [p] ON [f].[PrisonerId] = [p].[PrisonerId]
ORDER BY [f].[LinkedAt] DESC
2026-03-19 00:16:17.519 +05:30 [INF] Executing ViewResult, running view FamilyLinks.
2026-03-19 00:16:17.541 +05:30 [INF] Executed ViewResult - view FamilyLinks executed in 22.0118ms.
2026-03-19 00:16:17.553 +05:30 [INF] Executed action PrisonerPortal.Controllers.AdminController.FamilyLinks (PrisonerPortal) in 59.3496ms
2026-03-19 00:16:17.563 +05:30 [INF] Executed endpoint 'PrisonerPortal.Controllers.AdminController.FamilyLinks (PrisonerPortal)'
2026-03-19 00:16:17.573 +05:30 [INF] Request finished HTTP/1.1 GET http://localhost:5050/Admin/FamilyLinks - 200 null text/html; charset=utf-8 129.1809ms
2026-03-19 00:16:17.624 +05:30 [INF] Request starting HTTP/1.1 GET http://localhost:5050/Notifications/GetUnreadCount - null null
2026-03-19 00:16:17.642 +05:30 [INF] Executing endpoint 'PrisonerPortal.Controllers.NotificationsController.GetUnreadCount (PrisonerPortal)'
2026-03-19 00:16:17.647 +05:30 [INF] Route matched with {action = "GetUnreadCount", controller = "Notifications"}. Executing controller action with signature Microsoft.AspNetCore.Mvc.IActionResult GetUnreadCount() on controller PrisonerPortal.Controllers.NotificationsController (PrisonerPortal).
2026-03-19 00:16:17.668 +05:30 [INF] Executed DbCommand (3ms) [Parameters=[@userId='?' (Size = 450)], CommandType='"Text"', CommandTimeout='30']
SELECT COUNT(*)
FROM [Notifications] AS [n]
WHERE [n].[UserId] = @userId AND [n].[IsRead] = CAST(0 AS bit)
2026-03-19 00:16:17.682 +05:30 [INF] Executing JsonResult, writing value of type '<>f__AnonymousType2`1[[System.Int32, System.Private.CoreLib, Version=10.0.0.0, Culture=neutral, PublicKeyToken=7cec85d7bea7798e]]'.
2026-03-19 00:16:17.692 +05:30 [INF] Executed action PrisonerPortal.Controllers.NotificationsController.GetUnreadCount (PrisonerPortal) in 32.7876ms
2026-03-19 00:16:17.704 +05:30 [INF] Executed endpoint 'PrisonerPortal.Controllers.NotificationsController.GetUnreadCount (PrisonerPortal)'
2026-03-19 00:16:17.712 +05:30 [INF] Request finished HTTP/1.1 GET http://localhost:5050/Notifications/GetUnreadCount - 200 null application/json; charset=utf-8 87.556ms
2026-03-19 00:16:21.359 +05:30 [INF] Request starting HTTP/1.1 GET http://localhost:5050/Admin/Requests - null null
2026-03-19 00:16:21.375 +05:30 [INF] Executing endpoint 'PrisonerPortal.Controllers.AdminController.Requests (PrisonerPortal)'
2026-03-19 00:16:21.408 +05:30 [INF] Route matched with {action = "Requests", controller = "Admin"}. Executing controller action with signature System.Threading.Tasks.Task`1[Microsoft.AspNetCore.Mvc.IActionResult] Requests() on controller PrisonerPortal.Controllers.AdminController (PrisonerPortal).
2026-03-19 00:16:21.629 +05:30 [INF] Executed DbCommand (18ms) [Parameters=[], CommandType='"Text"', CommandTimeout='30']
SELECT [s].[RequestId], [s].[AdminResponse], [s].[AssignedAdminId], [s].[Category], [s].[CreatedAt], [s].[Description], [s].[Priority], [s].[PrisonerId], [s].[RequestCode], [s].[ResolvedAt], [s].[Status], [s].[Subject], [s].[UpdatedAt], [s].[UserId], [p].[PrisonerId], [p].[CaseNumber], [p].[CellBlock], [p].[CellNumber], [p].[CreatedAt], [p].[CrimeCategory], [p].[DateOfBirth], [p].[FullName], [p].[Gender], [p].[PrisonerCode], [p].[SentenceEndDate], [p].[SentenceStartDate], [p].[Status], [p].[UpdatedAt], [a].[Id], [a].[AccessFailedCount], [a].[Address], [a].[ConcurrencyStamp], [a].[CreatedAt], [a].[Email], [a].[EmailConfirmed], [a].[FullName], [a].[IsActive], [a].[LockoutEnabled], [a].[LockoutEnd], [a].[NormalizedEmail], [a].[NormalizedUserName], [a].[PasswordHash], [a].[PhoneNumber], [a].[PhoneNumberConfirmed], [a].[Role], [a].[SecurityStamp], [a].[TwoFactorEnabled], [a].[UserName], [a0].[Id], [a0].[AccessFailedCount], [a0].[Address], [a0].[ConcurrencyStamp], [a0].[CreatedAt], [a0].[Email], [a0].[EmailConfirmed], [a0].[FullName], [a0].[IsActive], [a0].[LockoutEnabled], [a0].[LockoutEnd], [a0].[NormalizedEmail], [a0].[NormalizedUserName], [a0].[PasswordHash], [a0].[PhoneNumber], [a0].[PhoneNumberConfirmed], [a0].[Role], [a0].[SecurityStamp], [a0].[TwoFactorEnabled], [a0].[UserName]
FROM [SupportRequests] AS [s]
LEFT JOIN [Prisoners] AS [p] ON [s].[PrisonerId] = [p].[PrisonerId]
INNER JOIN [AspNetUsers] AS [a] ON [s].[UserId] = [a].[Id]
LEFT JOIN [AspNetUsers] AS [a0] ON [s].[AssignedAdminId] = [a0].[Id]
ORDER BY [s].[CreatedAt] DESC
2026-03-19 00:16:21.655 +05:30 [INF] Executing ViewResult, running view Requests.
2026-03-19 00:16:21.703 +05:30 [INF] Executed ViewResult - view Requests executed in 55.5688ms.
2026-03-19 00:16:21.717 +05:30 [INF] Executed action PrisonerPortal.Controllers.AdminController.Requests (PrisonerPortal) in 293.3685ms
2026-03-19 00:16:21.725 +05:30 [INF] Executed endpoint 'PrisonerPortal.Controllers.AdminController.Requests (PrisonerPortal)'
2026-03-19 00:16:21.732 +05:30 [INF] Request finished HTTP/1.1 GET http://localhost:5050/Admin/Requests - 200 null text/html; charset=utf-8 372.1788ms
2026-03-19 00:16:21.790 +05:30 [INF] Request starting HTTP/1.1 GET http://localhost:5050/Notifications/GetUnreadCount - null null
2026-03-19 00:16:21.810 +05:30 [INF] Executing endpoint 'PrisonerPortal.Controllers.NotificationsController.GetUnreadCount (PrisonerPortal)'
2026-03-19 00:16:21.821 +05:30 [INF] Route matched with {action = "GetUnreadCount", controller = "Notifications"}. Executing controller action with signature Microsoft.AspNetCore.Mvc.IActionResult GetUnreadCount() on controller PrisonerPortal.Controllers.NotificationsController (PrisonerPortal).
2026-03-19 00:16:21.838 +05:30 [INF] Executed DbCommand (1ms) [Parameters=[@userId='?' (Size = 450)], CommandType='"Text"', CommandTimeout='30']
SELECT COUNT(*)
FROM [Notifications] AS [n]
WHERE [n].[UserId] = @userId AND [n].[IsRead] = CAST(0 AS bit)
2026-03-19 00:16:21.850 +05:30 [INF] Executing JsonResult, writing value of type '<>f__AnonymousType2`1[[System.Int32, System.Private.CoreLib, Version=10.0.0.0, Culture=neutral, PublicKeyToken=7cec85d7bea7798e]]'.
2026-03-19 00:16:21.856 +05:30 [INF] Executed action PrisonerPortal.Controllers.NotificationsController.GetUnreadCount (PrisonerPortal) in 24.3474ms
2026-03-19 00:16:21.863 +05:30 [INF] Executed endpoint 'PrisonerPortal.Controllers.NotificationsController.GetUnreadCount (PrisonerPortal)'
2026-03-19 00:16:21.872 +05:30 [INF] Request finished HTTP/1.1 GET http://localhost:5050/Notifications/GetUnreadCount - 200 null application/json; charset=utf-8 81.9769ms
2026-03-19 00:16:24.709 +05:30 [INF] Request starting HTTP/1.1 GET http://localhost:5050/Admin/RequestDetail/1 - null null
2026-03-19 00:16:24.723 +05:30 [INF] Executing endpoint 'PrisonerPortal.Controllers.AdminController.RequestDetail (PrisonerPortal)'
2026-03-19 00:16:24.764 +05:30 [INF] Route matched with {action = "RequestDetail", controller = "Admin"}. Executing controller action with signature System.Threading.Tasks.Task`1[Microsoft.AspNetCore.Mvc.IActionResult] RequestDetail(Int32) on controller PrisonerPortal.Controllers.AdminController (PrisonerPortal).
2026-03-19 00:16:24.971 +05:30 [INF] Executed DbCommand (18ms) [Parameters=[@id='?' (DbType = Int32)], CommandType='"Text"', CommandTimeout='30']
SELECT TOP(1) [s].[RequestId], [s].[AdminResponse], [s].[AssignedAdminId], [s].[Category], [s].[CreatedAt], [s].[Description], [s].[Priority], [s].[PrisonerId], [s].[RequestCode], [s].[ResolvedAt], [s].[Status], [s].[Subject], [s].[UpdatedAt], [s].[UserId], [p].[PrisonerId], [p].[CaseNumber], [p].[CellBlock], [p].[CellNumber], [p].[CreatedAt], [p].[CrimeCategory], [p].[DateOfBirth], [p].[FullName], [p].[Gender], [p].[PrisonerCode], [p].[SentenceEndDate], [p].[SentenceStartDate], [p].[Status], [p].[UpdatedAt], [a].[Id], [a].[AccessFailedCount], [a].[Address], [a].[ConcurrencyStamp], [a].[CreatedAt], [a].[Email], [a].[EmailConfirmed], [a].[FullName], [a].[IsActive], [a].[LockoutEnabled], [a].[LockoutEnd], [a].[NormalizedEmail], [a].[NormalizedUserName], [a].[PasswordHash], [a].[PhoneNumber], [a].[PhoneNumberConfirmed], [a].[Role], [a].[SecurityStamp], [a].[TwoFactorEnabled], [a].[UserName], [a0].[Id], [a0].[AccessFailedCount], [a0].[Address], [a0].[ConcurrencyStamp], [a0].[CreatedAt], [a0].[Email], [a0].[EmailConfirmed], [a0].[FullName], [a0].[IsActive], [a0].[LockoutEnabled], [a0].[LockoutEnd], [a0].[NormalizedEmail], [a0].[NormalizedUserName], [a0].[PasswordHash], [a0].[PhoneNumber], [a0].[PhoneNumberConfirmed], [a0].[Role], [a0].[SecurityStamp], [a0].[TwoFactorEnabled], [a0].[UserName]
FROM [SupportRequests] AS [s]
LEFT JOIN [Prisoners] AS [p] ON [s].[PrisonerId] = [p].[PrisonerId]
INNER JOIN [AspNetUsers] AS [a] ON [s].[UserId] = [a].[Id]
LEFT JOIN [AspNetUsers] AS [a0] ON [s].[AssignedAdminId] = [a0].[Id]
WHERE [s].[RequestId] = @id
2026-03-19 00:16:25.006 +05:30 [INF] Executing ViewResult, running view RequestDetail.
2026-03-19 00:16:25.075 +05:30 [INF] Executed ViewResult - view RequestDetail executed in 81.5801ms.
2026-03-19 00:16:25.084 +05:30 [INF] Executed action PrisonerPortal.Controllers.AdminController.RequestDetail (PrisonerPortal) in 303.5112ms
2026-03-19 00:16:25.092 +05:30 [INF] Executed endpoint 'PrisonerPortal.Controllers.AdminController.RequestDetail (PrisonerPortal)'
2026-03-19 00:16:25.102 +05:30 [INF] Request finished HTTP/1.1 GET http://localhost:5050/Admin/RequestDetail/1 - 200 null text/html; charset=utf-8 392.6536ms
2026-03-19 00:16:25.152 +05:30 [INF] Request starting HTTP/1.1 GET http://localhost:5050/Notifications/GetUnreadCount - null null
2026-03-19 00:16:25.178 +05:30 [INF] Executing endpoint 'PrisonerPortal.Controllers.NotificationsController.GetUnreadCount (PrisonerPortal)'
2026-03-19 00:16:25.187 +05:30 [INF] Route matched with {action = "GetUnreadCount", controller = "Notifications"}. Executing controller action with signature Microsoft.AspNetCore.Mvc.IActionResult GetUnreadCount() on controller PrisonerPortal.Controllers.NotificationsController (PrisonerPortal).
2026-03-19 00:16:25.270 +05:30 [INF] Executed DbCommand (3ms) [Parameters=[@userId='?' (Size = 450)], CommandType='"Text"', CommandTimeout='30']
SELECT COUNT(*)
FROM [Notifications] AS [n]
WHERE [n].[UserId] = @userId AND [n].[IsRead] = CAST(0 AS bit)
2026-03-19 00:16:25.283 +05:30 [INF] Executing JsonResult, writing value of type '<>f__AnonymousType2`1[[System.Int32, System.Private.CoreLib, Version=10.0.0.0, Culture=neutral, PublicKeyToken=7cec85d7bea7798e]]'.
2026-03-19 00:16:25.288 +05:30 [INF] Executed action PrisonerPortal.Controllers.NotificationsController.GetUnreadCount (PrisonerPortal) in 90.3791ms
2026-03-19 00:16:25.304 +05:30 [INF] Executed endpoint 'PrisonerPortal.Controllers.NotificationsController.GetUnreadCount (PrisonerPortal)'
2026-03-19 00:16:25.311 +05:30 [INF] Request finished HTTP/1.1 GET http://localhost:5050/Notifications/GetUnreadCount - 200 null application/json; charset=utf-8 159.7543ms
2026-03-19 00:16:48.290 +05:30 [INF] Request starting HTTP/1.1 POST http://localhost:5050/Admin/UpdateRequestStatus - application/x-www-form-urlencoded 284
2026-03-19 00:16:48.319 +05:30 [INF] Executing endpoint 'PrisonerPortal.Controllers.AdminController.UpdateRequestStatus (PrisonerPortal)'
2026-03-19 00:16:48.365 +05:30 [INF] Route matched with {action = "UpdateRequestStatus", controller = "Admin"}. Executing controller action with signature System.Threading.Tasks.Task`1[Microsoft.AspNetCore.Mvc.IActionResult] UpdateRequestStatus(PrisonerPortal.Models.ViewModels.AdminResponseViewModel) on controller PrisonerPortal.Controllers.AdminController (PrisonerPortal).
2026-03-19 00:16:48.489 +05:30 [INF] Executed DbCommand (5ms) [Parameters=[@p='?' (DbType = Int32)], CommandType='"Text"', CommandTimeout='30']
SELECT TOP(1) [s].[RequestId], [s].[AdminResponse], [s].[AssignedAdminId], [s].[Category], [s].[CreatedAt], [s].[Description], [s].[Priority], [s].[PrisonerId], [s].[RequestCode], [s].[ResolvedAt], [s].[Status], [s].[Subject], [s].[UpdatedAt], [s].[UserId]
FROM [SupportRequests] AS [s]
WHERE [s].[RequestId] = @p
2026-03-19 00:16:48.754 +05:30 [INF] Executed DbCommand (10ms) [Parameters=[@p3='?' (DbType = Int32), @p0='?' (DbType = DateTime2), @p1='?' (Size = 4000), @p2='?' (DbType = DateTime2)], CommandType='"Text"', CommandTimeout='30']
SET IMPLICIT_TRANSACTIONS OFF;
SET NOCOUNT ON;
UPDATE [SupportRequests] SET [ResolvedAt] = @p0, [Status] = @p1, [UpdatedAt] = @p2
OUTPUT 1
WHERE [RequestId] = @p3;
2026-03-19 00:16:49.041 +05:30 [INF] Executed DbCommand (32ms) [Parameters=[@p0='?' (DbType = DateTime2), @p1='?' (DbType = Boolean), @p2='?' (Size = 4000), @p3='?' (DbType = Int32), @p4='?' (Size = 4000), @p5='?' (Size = 4000), @p6='?' (Size = 4000), @p7='?' (Size = 450)], CommandType='"Text"', CommandTimeout='30']
SET IMPLICIT_TRANSACTIONS OFF;
SET NOCOUNT ON;
INSERT INTO [Notifications] ([CreatedAt], [IsRead], [Message], [RelatedEntityId], [RelatedEntityType], [Title], [Type], [UserId])
OUTPUT INSERTED.[NotificationId]
VALUES (@p0, @p1, @p2, @p3, @p4, @p5, @p6, @p7);
2026-03-19 00:16:49.114 +05:30 [INF] Executed DbCommand (5ms) [Parameters=[@p1='?' (DbType = Int32), @p0='?' (DbType = DateTime2)], CommandType='"Text"', CommandTimeout='30']
SET IMPLICIT_TRANSACTIONS OFF;
SET NOCOUNT ON;
UPDATE [SupportRequests] SET [UpdatedAt] = @p0
OUTPUT 1
WHERE [RequestId] = @p1;
2026-03-19 00:16:49.131 +05:30 [INF] Executed DbCommand (2ms) [Parameters=[@p0='?' (DbType = DateTime2), @p1='?' (DbType = Boolean), @p2='?' (Size = 4000), @p3='?' (DbType = Int32), @p4='?' (Size = 4000), @p5='?' (Size = 4000), @p6='?' (Size = 4000), @p7='?' (Size = 450)], CommandType='"Text"', CommandTimeout='30']
SET IMPLICIT_TRANSACTIONS OFF;
SET NOCOUNT ON;
INSERT INTO [Notifications] ([CreatedAt], [IsRead], [Message], [RelatedEntityId], [RelatedEntityType], [Title], [Type], [UserId])
OUTPUT INSERTED.[NotificationId]
VALUES (@p0, @p1, @p2, @p3, @p4, @p5, @p6, @p7);
2026-03-19 00:16:49.149 +05:30 [INF] Executed DbCommand (2ms) [Parameters=[@p1='?' (DbType = Int32), @p0='?' (DbType = DateTime2)], CommandType='"Text"', CommandTimeout='30']
SET IMPLICIT_TRANSACTIONS OFF;
SET NOCOUNT ON;
UPDATE [SupportRequests] SET [UpdatedAt] = @p0
OUTPUT 1
WHERE [RequestId] = @p1;
2026-03-19 00:16:49.167 +05:30 [INF] Executing RedirectResult, redirecting to /Admin/RequestDetail/1.
2026-03-19 00:16:49.222 +05:30 [INF] Executed action PrisonerPortal.Controllers.AdminController.UpdateRequestStatus (PrisonerPortal) in 841.3709ms
2026-03-19 00:16:49.232 +05:30 [INF] Executed endpoint 'PrisonerPortal.Controllers.AdminController.UpdateRequestStatus (PrisonerPortal)'
2026-03-19 00:16:49.239 +05:30 [INF] Request finished HTTP/1.1 POST http://localhost:5050/Admin/UpdateRequestStatus - 302 0 null 949.6288ms
2026-03-19 00:16:49.267 +05:30 [INF] Request starting HTTP/1.1 GET http://localhost:5050/Admin/RequestDetail/1 - null null
2026-03-19 00:16:49.292 +05:30 [INF] Executing endpoint 'PrisonerPortal.Controllers.AdminController.RequestDetail (PrisonerPortal)'
2026-03-19 00:16:49.302 +05:30 [INF] Route matched with {action = "RequestDetail", controller = "Admin"}. Executing controller action with signature System.Threading.Tasks.Task`1[Microsoft.AspNetCore.Mvc.IActionResult] RequestDetail(Int32) on controller PrisonerPortal.Controllers.AdminController (PrisonerPortal).
2026-03-19 00:16:49.326 +05:30 [INF] Executed DbCommand (3ms) [Parameters=[@id='?' (DbType = Int32)], CommandType='"Text"', CommandTimeout='30']
SELECT TOP(1) [s].[RequestId], [s].[AdminResponse], [s].[AssignedAdminId], [s].[Category], [s].[CreatedAt], [s].[Description], [s].[Priority], [s].[PrisonerId], [s].[RequestCode], [s].[ResolvedAt], [s].[Status], [s].[Subject], [s].[UpdatedAt], [s].[UserId], [p].[PrisonerId], [p].[CaseNumber], [p].[CellBlock], [p].[CellNumber], [p].[CreatedAt], [p].[CrimeCategory], [p].[DateOfBirth], [p].[FullName], [p].[Gender], [p].[PrisonerCode], [p].[SentenceEndDate], [p].[SentenceStartDate], [p].[Status], [p].[UpdatedAt], [a].[Id], [a].[AccessFailedCount], [a].[Address], [a].[ConcurrencyStamp], [a].[CreatedAt], [a].[Email], [a].[EmailConfirmed], [a].[FullName], [a].[IsActive], [a].[LockoutEnabled], [a].[LockoutEnd], [a].[NormalizedEmail], [a].[NormalizedUserName], [a].[PasswordHash], [a].[PhoneNumber], [a].[PhoneNumberConfirmed], [a].[Role], [a].[SecurityStamp], [a].[TwoFactorEnabled], [a].[UserName], [a0].[Id], [a0].[AccessFailedCount], [a0].[Address], [a0].[ConcurrencyStamp], [a0].[CreatedAt], [a0].[Email], [a0].[EmailConfirmed], [a0].[FullName], [a0].[IsActive], [a0].[LockoutEnabled], [a0].[LockoutEnd], [a0].[NormalizedEmail], [a0].[NormalizedUserName], [a0].[PasswordHash], [a0].[PhoneNumber], [a0].[PhoneNumberConfirmed], [a0].[Role], [a0].[SecurityStamp], [a0].[TwoFactorEnabled], [a0].[UserName]
FROM [SupportRequests] AS [s]
LEFT JOIN [Prisoners] AS [p] ON [s].[PrisonerId] = [p].[PrisonerId]
INNER JOIN [AspNetUsers] AS [a] ON [s].[UserId] = [a].[Id]
LEFT JOIN [AspNetUsers] AS [a0] ON [s].[AssignedAdminId] = [a0].[Id]
WHERE [s].[RequestId] = @id
2026-03-19 00:16:49.347 +05:30 [INF] Executing ViewResult, running view RequestDetail.
2026-03-19 00:16:49.414 +05:30 [INF] Executed ViewResult - view RequestDetail executed in 66.5011ms.
2026-03-19 00:16:49.426 +05:30 [INF] Executed action PrisonerPortal.Controllers.AdminController.RequestDetail (PrisonerPortal) in 107.4629ms
2026-03-19 00:16:49.434 +05:30 [INF] Executed endpoint 'PrisonerPortal.Controllers.AdminController.RequestDetail (PrisonerPortal)'
2026-03-19 00:16:49.444 +05:30 [INF] Request finished HTTP/1.1 GET http://localhost:5050/Admin/RequestDetail/1 - 200 null text/html; charset=utf-8 176.2562ms
2026-03-19 00:16:49.532 +05:30 [INF] Request starting HTTP/1.1 GET http://localhost:5050/Notifications/GetUnreadCount - null null
2026-03-19 00:16:49.549 +05:30 [INF] Executing endpoint 'PrisonerPortal.Controllers.NotificationsController.GetUnreadCount (PrisonerPortal)'
2026-03-19 00:16:49.558 +05:30 [INF] Route matched with {action = "GetUnreadCount", controller = "Notifications"}. Executing controller action with signature Microsoft.AspNetCore.Mvc.IActionResult GetUnreadCount() on controller PrisonerPortal.Controllers.NotificationsController (PrisonerPortal).
2026-03-19 00:16:49.580 +05:30 [INF] Executed DbCommand (2ms) [Parameters=[@userId='?' (Size = 450)], CommandType='"Text"', CommandTimeout='30']
SELECT COUNT(*)
FROM [Notifications] AS [n]
WHERE [n].[UserId] = @userId AND [n].[IsRead] = CAST(0 AS bit)
2026-03-19 00:16:49.601 +05:30 [INF] Executing JsonResult, writing value of type '<>f__AnonymousType2`1[[System.Int32, System.Private.CoreLib, Version=10.0.0.0, Culture=neutral, PublicKeyToken=7cec85d7bea7798e]]'.
2026-03-19 00:16:49.614 +05:30 [INF] Executed action PrisonerPortal.Controllers.NotificationsController.GetUnreadCount (PrisonerPortal) in 39.5987ms
2026-03-19 00:16:49.626 +05:30 [INF] Executed endpoint 'PrisonerPortal.Controllers.NotificationsController.GetUnreadCount (PrisonerPortal)'
2026-03-19 00:16:49.633 +05:30 [INF] Request finished HTTP/1.1 GET http://localhost:5050/Notifications/GetUnreadCount - 200 null application/json; charset=utf-8 101.0198ms
2026-03-19 00:16:54.308 +05:30 [INF] Request starting HTTP/1.1 GET http://localhost:5050/Admin/Appointments - null null
2026-03-19 00:16:54.327 +05:30 [INF] Executing endpoint 'PrisonerPortal.Controllers.AdminController.Appointments (PrisonerPortal)'
2026-03-19 00:16:54.367 +05:30 [INF] Route matched with {action = "Appointments", controller = "Admin"}. Executing controller action with signature System.Threading.Tasks.Task`1[Microsoft.AspNetCore.Mvc.IActionResult] Appointments() on controller PrisonerPortal.Controllers.AdminController (PrisonerPortal).
2026-03-19 00:16:54.516 +05:30 [INF] Executed DbCommand (15ms) [Parameters=[], CommandType='"Text"', CommandTimeout='30']
SELECT [a].[AppointmentId], [a].[AdminNotes], [a].[AppointmentCode], [a].[BookedAt], [a].[NumVisitors], [a].[PrisonerId], [a].[Purpose], [a].[RejectionReason], [a].[SlotId], [a].[Status], [a].[UpdatedAt], [a].[UserId], [a].[VisitorNames], [p].[PrisonerId], [p].[CaseNumber], [p].[CellBlock], [p].[CellNumber], [p].[CreatedAt], [p].[CrimeCategory], [p].[DateOfBirth], [p].[FullName], [p].[Gender], [p].[PrisonerCode], [p].[SentenceEndDate], [p].[SentenceStartDate], [p].[Status], [p].[UpdatedAt], [v].[SlotId], [v].[CreatedAt], [v].[CreatedByAdminId], [v].[CurrentBookings], [v].[EndTime], [v].[IsActive], [v].[MaxCapacity], [v].[SlotDate], [v].[StartTime], [a0].[Id], [a0].[AccessFailedCount], [a0].[Address], [a0].[ConcurrencyStamp], [a0].[CreatedAt], [a0].[Email], [a0].[EmailConfirmed], [a0].[FullName], [a0].[IsActive], [a0].[LockoutEnabled], [a0].[LockoutEnd], [a0].[NormalizedEmail], [a0].[NormalizedUserName], [a0].[PasswordHash], [a0].[PhoneNumber], [a0].[PhoneNumberConfirmed], [a0].[Role], [a0].[SecurityStamp], [a0].[TwoFactorEnabled], [a0].[UserName]
FROM [Appointments] AS [a]
INNER JOIN [Prisoners] AS [p] ON [a].[PrisonerId] = [p].[PrisonerId]
INNER JOIN [VisitSlots] AS [v] ON [a].[SlotId] = [v].[SlotId]
INNER JOIN [AspNetUsers] AS [a0] ON [a].[UserId] = [a0].[Id]
ORDER BY [a].[BookedAt] DESC
2026-03-19 00:16:54.601 +05:30 [INF] Executing ViewResult, running view Appointments.
2026-03-19 00:16:54.657 +05:30 [INF] Executed ViewResult - view Appointments executed in 59.9582ms.
2026-03-19 00:16:54.667 +05:30 [INF] Executed action PrisonerPortal.Controllers.AdminController.Appointments (PrisonerPortal) in 285.5849ms
2026-03-19 00:16:54.676 +05:30 [INF] Executed endpoint 'PrisonerPortal.Controllers.AdminController.Appointments (PrisonerPortal)'
2026-03-19 00:16:54.681 +05:30 [INF] Request finished HTTP/1.1 GET http://localhost:5050/Admin/Appointments - 200 null text/html; charset=utf-8 373.6657ms
2026-03-19 00:16:54.774 +05:30 [INF] Request starting HTTP/1.1 GET http://localhost:5050/Notifications/GetUnreadCount - null null
2026-03-19 00:16:54.797 +05:30 [INF] Executing endpoint 'PrisonerPortal.Controllers.NotificationsController.GetUnreadCount (PrisonerPortal)'
2026-03-19 00:16:54.806 +05:30 [INF] Route matched with {action = "GetUnreadCount", controller = "Notifications"}. Executing controller action with signature Microsoft.AspNetCore.Mvc.IActionResult GetUnreadCount() on controller PrisonerPortal.Controllers.NotificationsController (PrisonerPortal).
2026-03-19 00:16:54.833 +05:30 [INF] Executed DbCommand (3ms) [Parameters=[@userId='?' (Size = 450)], CommandType='"Text"', CommandTimeout='30']
SELECT COUNT(*)
FROM [Notifications] AS [n]
WHERE [n].[UserId] = @userId AND [n].[IsRead] = CAST(0 AS bit)
2026-03-19 00:16:54.847 +05:30 [INF] Executing JsonResult, writing value of type '<>f__AnonymousType2`1[[System.Int32, System.Private.CoreLib, Version=10.0.0.0, Culture=neutral, PublicKeyToken=7cec85d7bea7798e]]'.
2026-03-19 00:16:54.855 +05:30 [INF] Executed action PrisonerPortal.Controllers.NotificationsController.GetUnreadCount (PrisonerPortal) in 30.7328ms
2026-03-19 00:16:54.862 +05:30 [INF] Executed endpoint 'PrisonerPortal.Controllers.NotificationsController.GetUnreadCount (PrisonerPortal)'
2026-03-19 00:16:54.866 +05:30 [INF] Request finished HTTP/1.1 GET http://localhost:5050/Notifications/GetUnreadCount - 200 null application/json; charset=utf-8 92.0946ms
2026-03-19 00:16:58.795 +05:30 [INF] Request starting HTTP/1.1 GET http://localhost:5050/Admin/Requests - null null
2026-03-19 00:16:58.810 +05:30 [INF] Executing endpoint 'PrisonerPortal.Controllers.AdminController.Requests (PrisonerPortal)'
2026-03-19 00:16:58.814 +05:30 [INF] Route matched with {action = "Requests", controller = "Admin"}. Executing controller action with signature System.Threading.Tasks.Task`1[Microsoft.AspNetCore.Mvc.IActionResult] Requests() on controller PrisonerPortal.Controllers.AdminController (PrisonerPortal).
2026-03-19 00:16:58.843 +05:30 [INF] Executed DbCommand (3ms) [Parameters=[], CommandType='"Text"', CommandTimeout='30']
SELECT [s].[RequestId], [s].[AdminResponse], [s].[AssignedAdminId], [s].[Category], [s].[CreatedAt], [s].[Description], [s].[Priority], [s].[PrisonerId], [s].[RequestCode], [s].[ResolvedAt], [s].[Status], [s].[Subject], [s].[UpdatedAt], [s].[UserId], [p].[PrisonerId], [p].[CaseNumber], [p].[CellBlock], [p].[CellNumber], [p].[CreatedAt], [p].[CrimeCategory], [p].[DateOfBirth], [p].[FullName], [p].[Gender], [p].[PrisonerCode], [p].[SentenceEndDate], [p].[SentenceStartDate], [p].[Status], [p].[UpdatedAt], [a].[Id], [a].[AccessFailedCount], [a].[Address], [a].[ConcurrencyStamp], [a].[CreatedAt], [a].[Email], [a].[EmailConfirmed], [a].[FullName], [a].[IsActive], [a].[LockoutEnabled], [a].[LockoutEnd], [a].[NormalizedEmail], [a].[NormalizedUserName], [a].[PasswordHash], [a].[PhoneNumber], [a].[PhoneNumberConfirmed], [a].[Role], [a].[SecurityStamp], [a].[TwoFactorEnabled], [a].[UserName], [a0].[Id], [a0].[AccessFailedCount], [a0].[Address], [a0].[ConcurrencyStamp], [a0].[CreatedAt], [a0].[Email], [a0].[EmailConfirmed], [a0].[FullName], [a0].[IsActive], [a0].[LockoutEnabled], [a0].[LockoutEnd], [a0].[NormalizedEmail], [a0].[NormalizedUserName], [a0].[PasswordHash], [a0].[PhoneNumber], [a0].[PhoneNumberConfirmed], [a0].[Role], [a0].[SecurityStamp], [a0].[TwoFactorEnabled], [a0].[UserName]
FROM [SupportRequests] AS [s]
LEFT JOIN [Prisoners] AS [p] ON [s].[PrisonerId] = [p].[PrisonerId]
INNER JOIN [AspNetUsers] AS [a] ON [s].[UserId] = [a].[Id]
LEFT JOIN [AspNetUsers] AS [a0] ON [s].[AssignedAdminId] = [a0].[Id]
ORDER BY [s].[CreatedAt] DESC
2026-03-19 00:16:58.865 +05:30 [INF] Executing ViewResult, running view Requests.
2026-03-19 00:16:58.878 +05:30 [INF] Executed ViewResult - view Requests executed in 13.0573ms.
2026-03-19 00:16:58.892 +05:30 [INF] Executed action PrisonerPortal.Controllers.AdminController.Requests (PrisonerPortal) in 55.0948ms
2026-03-19 00:16:58.902 +05:30 [INF] Executed endpoint 'PrisonerPortal.Controllers.AdminController.Requests (PrisonerPortal)'
2026-03-19 00:16:58.913 +05:30 [INF] Request finished HTTP/1.1 GET http://localhost:5050/Admin/Requests - 200 null text/html; charset=utf-8 118.7186ms
2026-03-19 00:16:58.968 +05:30 [INF] Request starting HTTP/1.1 GET http://localhost:5050/Notifications/GetUnreadCount - null null
2026-03-19 00:16:58.988 +05:30 [INF] Executing endpoint 'PrisonerPortal.Controllers.NotificationsController.GetUnreadCount (PrisonerPortal)'
2026-03-19 00:16:58.995 +05:30 [INF] Route matched with {action = "GetUnreadCount", controller = "Notifications"}. Executing controller action with signature Microsoft.AspNetCore.Mvc.IActionResult GetUnreadCount() on controller PrisonerPortal.Controllers.NotificationsController (PrisonerPortal).
2026-03-19 00:16:59.011 +05:30 [INF] Executed DbCommand (1ms) [Parameters=[@userId='?' (Size = 450)], CommandType='"Text"', CommandTimeout='30']
SELECT COUNT(*)
FROM [Notifications] AS [n]
WHERE [n].[UserId] = @userId AND [n].[IsRead] = CAST(0 AS bit)
2026-03-19 00:16:59.022 +05:30 [INF] Executing JsonResult, writing value of type '<>f__AnonymousType2`1[[System.Int32, System.Private.CoreLib, Version=10.0.0.0, Culture=neutral, PublicKeyToken=7cec85d7bea7798e]]'.
2026-03-19 00:16:59.029 +05:30 [INF] Executed action PrisonerPortal.Controllers.NotificationsController.GetUnreadCount (PrisonerPortal) in 22.7186ms
2026-03-19 00:16:59.037 +05:30 [INF] Executed endpoint 'PrisonerPortal.Controllers.NotificationsController.GetUnreadCount (PrisonerPortal)'
2026-03-19 00:16:59.043 +05:30 [INF] Request finished HTTP/1.1 GET http://localhost:5050/Notifications/GetUnreadCount - 200 null application/json; charset=utf-8 75.3356ms
2026-03-19 00:17:12.363 +05:30 [INF] Request starting HTTP/1.1 GET http://localhost:5050/Admin/RequestDetail/1 - null null
2026-03-19 00:17:12.388 +05:30 [INF] Executing endpoint 'PrisonerPortal.Controllers.AdminController.RequestDetail (PrisonerPortal)'
2026-03-19 00:17:12.394 +05:30 [INF] Route matched with {action = "RequestDetail", controller = "Admin"}. Executing controller action with signature System.Threading.Tasks.Task`1[Microsoft.AspNetCore.Mvc.IActionResult] RequestDetail(Int32) on controller PrisonerPortal.Controllers.AdminController (PrisonerPortal).
2026-03-19 00:17:12.440 +05:30 [INF] Executed DbCommand (27ms) [Parameters=[@id='?' (DbType = Int32)], CommandType='"Text"', CommandTimeout='30']
SELECT TOP(1) [s].[RequestId], [s].[AdminResponse], [s].[AssignedAdminId], [s].[Category], [s].[CreatedAt], [s].[Description], [s].[Priority], [s].[PrisonerId], [s].[RequestCode], [s].[ResolvedAt], [s].[Status], [s].[Subject], [s].[UpdatedAt], [s].[UserId], [p].[PrisonerId], [p].[CaseNumber], [p].[CellBlock], [p].[CellNumber], [p].[CreatedAt], [p].[CrimeCategory], [p].[DateOfBirth], [p].[FullName], [p].[Gender], [p].[PrisonerCode], [p].[SentenceEndDate], [p].[SentenceStartDate], [p].[Status], [p].[UpdatedAt], [a].[Id], [a].[AccessFailedCount], [a].[Address], [a].[ConcurrencyStamp], [a].[CreatedAt], [a].[Email], [a].[EmailConfirmed], [a].[FullName], [a].[IsActive], [a].[LockoutEnabled], [a].[LockoutEnd], [a].[NormalizedEmail], [a].[NormalizedUserName], [a].[PasswordHash], [a].[PhoneNumber], [a].[PhoneNumberConfirmed], [a].[Role], [a].[SecurityStamp], [a].[TwoFactorEnabled], [a].[UserName], [a0].[Id], [a0].[AccessFailedCount], [a0].[Address], [a0].[ConcurrencyStamp], [a0].[CreatedAt], [a0].[Email], [a0].[EmailConfirmed], [a0].[FullName], [a0].[IsActive], [a0].[LockoutEnabled], [a0].[LockoutEnd], [a0].[NormalizedEmail], [a0].[NormalizedUserName], [a0].[PasswordHash], [a0].[PhoneNumber], [a0].[PhoneNumberConfirmed], [a0].[Role], [a0].[SecurityStamp], [a0].[TwoFactorEnabled], [a0].[UserName]
FROM [SupportRequests] AS [s]
LEFT JOIN [Prisoners] AS [p] ON [s].[PrisonerId] = [p].[PrisonerId]
INNER JOIN [AspNetUsers] AS [a] ON [s].[UserId] = [a].[Id]
LEFT JOIN [AspNetUsers] AS [a0] ON [s].[AssignedAdminId] = [a0].[Id]
WHERE [s].[RequestId] = @id
2026-03-19 00:17:12.459 +05:30 [INF] Executing ViewResult, running view RequestDetail.
2026-03-19 00:17:12.473 +05:30 [INF] Executed ViewResult - view RequestDetail executed in 14.6ms.
2026-03-19 00:17:12.487 +05:30 [INF] Executed action PrisonerPortal.Controllers.AdminController.RequestDetail (PrisonerPortal) in 77.7361ms
2026-03-19 00:17:12.499 +05:30 [INF] Executed endpoint 'PrisonerPortal.Controllers.AdminController.RequestDetail (PrisonerPortal)'
2026-03-19 00:17:12.509 +05:30 [INF] Request finished HTTP/1.1 GET http://localhost:5050/Admin/RequestDetail/1 - 200 null text/html; charset=utf-8 145.8542ms
2026-03-19 00:17:12.565 +05:30 [INF] Request starting HTTP/1.1 GET http://localhost:5050/Notifications/GetUnreadCount - null null
2026-03-19 00:17:12.588 +05:30 [INF] Executing endpoint 'PrisonerPortal.Controllers.NotificationsController.GetUnreadCount (PrisonerPortal)'
2026-03-19 00:17:12.592 +05:30 [INF] Route matched with {action = "GetUnreadCount", controller = "Notifications"}. Executing controller action with signature Microsoft.AspNetCore.Mvc.IActionResult GetUnreadCount() on controller PrisonerPortal.Controllers.NotificationsController (PrisonerPortal).
2026-03-19 00:17:12.613 +05:30 [INF] Executed DbCommand (7ms) [Parameters=[@userId='?' (Size = 450)], CommandType='"Text"', CommandTimeout='30']
SELECT COUNT(*)
FROM [Notifications] AS [n]
WHERE [n].[UserId] = @userId AND [n].[IsRead] = CAST(0 AS bit)
2026-03-19 00:17:12.625 +05:30 [INF] Executing JsonResult, writing value of type '<>f__AnonymousType2`1[[System.Int32, System.Private.CoreLib, Version=10.0.0.0, Culture=neutral, PublicKeyToken=7cec85d7bea7798e]]'.
2026-03-19 00:17:12.630 +05:30 [INF] Executed action PrisonerPortal.Controllers.NotificationsController.GetUnreadCount (PrisonerPortal) in 26.529ms
2026-03-19 00:17:12.642 +05:30 [INF] Executed endpoint 'PrisonerPortal.Controllers.NotificationsController.GetUnreadCount (PrisonerPortal)'
2026-03-19 00:17:12.652 +05:30 [INF] Request finished HTTP/1.1 GET http://localhost:5050/Notifications/GetUnreadCount - 200 null application/json; charset=utf-8 87.1971ms
2026-03-19 00:17:19.496 +05:30 [INF] Request starting HTTP/1.1 POST http://localhost:5050/Admin/UpdateRequestStatus - application/x-www-form-urlencoded 285
2026-03-19 00:17:19.520 +05:30 [INF] Executing endpoint 'PrisonerPortal.Controllers.AdminController.UpdateRequestStatus (PrisonerPortal)'
2026-03-19 00:17:19.528 +05:30 [INF] Route matched with {action = "UpdateRequestStatus", controller = "Admin"}. Executing controller action with signature System.Threading.Tasks.Task`1[Microsoft.AspNetCore.Mvc.IActionResult] UpdateRequestStatus(PrisonerPortal.Models.ViewModels.AdminResponseViewModel) on controller PrisonerPortal.Controllers.AdminController (PrisonerPortal).
2026-03-19 00:17:19.564 +05:30 [INF] Executed DbCommand (7ms) [Parameters=[@p='?' (DbType = Int32)], CommandType='"Text"', CommandTimeout='30']
SELECT TOP(1) [s].[RequestId], [s].[AdminResponse], [s].[AssignedAdminId], [s].[Category], [s].[CreatedAt], [s].[Description], [s].[Priority], [s].[PrisonerId], [s].[RequestCode], [s].[ResolvedAt], [s].[Status], [s].[Subject], [s].[UpdatedAt], [s].[UserId]
FROM [SupportRequests] AS [s]
WHERE [s].[RequestId] = @p
2026-03-19 00:17:19.618 +05:30 [INF] Executed DbCommand (30ms) [Parameters=[@p2='?' (DbType = Int32), @p0='?' (Size = 4000), @p1='?' (DbType = DateTime2)], CommandType='"Text"', CommandTimeout='30']
SET IMPLICIT_TRANSACTIONS OFF;
SET NOCOUNT ON;
UPDATE [SupportRequests] SET [Status] = @p0, [UpdatedAt] = @p1
OUTPUT 1
WHERE [RequestId] = @p2;
2026-03-19 00:17:19.660 +05:30 [INF] Executed DbCommand (21ms) [Parameters=[@p0='?' (DbType = DateTime2), @p1='?' (DbType = Boolean), @p2='?' (Size = 4000), @p3='?' (DbType = Int32), @p4='?' (Size = 4000), @p5='?' (Size = 4000), @p6='?' (Size = 4000), @p7='?' (Size = 450)], CommandType='"Text"', CommandTimeout='30']
SET IMPLICIT_TRANSACTIONS OFF;
SET NOCOUNT ON;
INSERT INTO [Notifications] ([CreatedAt], [IsRead], [Message], [RelatedEntityId], [RelatedEntityType], [Title], [Type], [UserId])
OUTPUT INSERTED.[NotificationId]
VALUES (@p0, @p1, @p2, @p3, @p4, @p5, @p6, @p7);
2026-03-19 00:17:19.692 +05:30 [INF] Executed DbCommand (9ms) [Parameters=[@p2='?' (DbType = Int32), @p0='?' (Size = 4000), @p1='?' (DbType = DateTime2)], CommandType='"Text"', CommandTimeout='30']
SET IMPLICIT_TRANSACTIONS OFF;
SET NOCOUNT ON;
UPDATE [SupportRequests] SET [AdminResponse] = @p0, [UpdatedAt] = @p1
OUTPUT 1
WHERE [RequestId] = @p2;
2026-03-19 00:17:19.718 +05:30 [INF] Executed DbCommand (5ms) [Parameters=[@p0='?' (DbType = DateTime2), @p1='?' (DbType = Boolean), @p2='?' (Size = 4000), @p3='?' (DbType = Int32), @p4='?' (Size = 4000), @p5='?' (Size = 4000), @p6='?' (Size = 4000), @p7='?' (Size = 450)], CommandType='"Text"', CommandTimeout='30']
SET IMPLICIT_TRANSACTIONS OFF;
SET NOCOUNT ON;
INSERT INTO [Notifications] ([CreatedAt], [IsRead], [Message], [RelatedEntityId], [RelatedEntityType], [Title], [Type], [UserId])
OUTPUT INSERTED.[NotificationId]
VALUES (@p0, @p1, @p2, @p3, @p4, @p5, @p6, @p7);
2026-03-19 00:17:19.753 +05:30 [INF] Executed DbCommand (12ms) [Parameters=[@p1='?' (DbType = Int32), @p0='?' (DbType = DateTime2)], CommandType='"Text"', CommandTimeout='30']
SET IMPLICIT_TRANSACTIONS OFF;
SET NOCOUNT ON;
UPDATE [SupportRequests] SET [UpdatedAt] = @p0
OUTPUT 1
WHERE [RequestId] = @p1;
2026-03-19 00:17:19.771 +05:30 [INF] Executing RedirectResult, redirecting to /Admin/RequestDetail/1.
2026-03-19 00:17:19.777 +05:30 [INF] Executed action PrisonerPortal.Controllers.AdminController.UpdateRequestStatus (PrisonerPortal) in 225.9498ms
2026-03-19 00:17:19.791 +05:30 [INF] Executed endpoint 'PrisonerPortal.Controllers.AdminController.UpdateRequestStatus (PrisonerPortal)'
2026-03-19 00:17:19.802 +05:30 [INF] Request finished HTTP/1.1 POST http://localhost:5050/Admin/UpdateRequestStatus - 302 0 null 305.7744ms
2026-03-19 00:17:19.825 +05:30 [INF] Request starting HTTP/1.1 GET http://localhost:5050/Admin/RequestDetail/1 - null null
2026-03-19 00:17:19.845 +05:30 [INF] Executing endpoint 'PrisonerPortal.Controllers.AdminController.RequestDetail (PrisonerPortal)'
2026-03-19 00:17:19.854 +05:30 [INF] Route matched with {action = "RequestDetail", controller = "Admin"}. Executing controller action with signature System.Threading.Tasks.Task`1[Microsoft.AspNetCore.Mvc.IActionResult] RequestDetail(Int32) on controller PrisonerPortal.Controllers.AdminController (PrisonerPortal).
2026-03-19 00:17:19.870 +05:30 [INF] Executed DbCommand (2ms) [Parameters=[@id='?' (DbType = Int32)], CommandType='"Text"', CommandTimeout='30']
SELECT TOP(1) [s].[RequestId], [s].[AdminResponse], [s].[AssignedAdminId], [s].[Category], [s].[CreatedAt], [s].[Description], [s].[Priority], [s].[PrisonerId], [s].[RequestCode], [s].[ResolvedAt], [s].[Status], [s].[Subject], [s].[UpdatedAt], [s].[UserId], [p].[PrisonerId], [p].[CaseNumber], [p].[CellBlock], [p].[CellNumber], [p].[CreatedAt], [p].[CrimeCategory], [p].[DateOfBirth], [p].[FullName], [p].[Gender], [p].[PrisonerCode], [p].[SentenceEndDate], [p].[SentenceStartDate], [p].[Status], [p].[UpdatedAt], [a].[Id], [a].[AccessFailedCount], [a].[Address], [a].[ConcurrencyStamp], [a].[CreatedAt], [a].[Email], [a].[EmailConfirmed], [a].[FullName], [a].[IsActive], [a].[LockoutEnabled], [a].[LockoutEnd], [a].[NormalizedEmail], [a].[NormalizedUserName], [a].[PasswordHash], [a].[PhoneNumber], [a].[PhoneNumberConfirmed], [a].[Role], [a].[SecurityStamp], [a].[TwoFactorEnabled], [a].[UserName], [a0].[Id], [a0].[AccessFailedCount], [a0].[Address], [a0].[ConcurrencyStamp], [a0].[CreatedAt], [a0].[Email], [a0].[EmailConfirmed], [a0].[FullName], [a0].[IsActive], [a0].[LockoutEnabled], [a0].[LockoutEnd], [a0].[NormalizedEmail], [a0].[NormalizedUserName], [a0].[PasswordHash], [a0].[PhoneNumber], [a0].[PhoneNumberConfirmed], [a0].[Role], [a0].[SecurityStamp], [a0].[TwoFactorEnabled], [a0].[UserName]
FROM [SupportRequests] AS [s]
LEFT JOIN [Prisoners] AS [p] ON [s].[PrisonerId] = [p].[PrisonerId]
INNER JOIN [AspNetUsers] AS [a] ON [s].[UserId] = [a].[Id]
LEFT JOIN [AspNetUsers] AS [a0] ON [s].[AssignedAdminId] = [a0].[Id]
WHERE [s].[RequestId] = @id
2026-03-19 00:17:19.888 +05:30 [INF] Executing ViewResult, running view RequestDetail.
2026-03-19 00:17:19.904 +05:30 [INF] Executed ViewResult - view RequestDetail executed in 15.4445ms.
2026-03-19 00:17:19.912 +05:30 [INF] Executed action PrisonerPortal.Controllers.AdminController.RequestDetail (PrisonerPortal) in 47.6583ms
2026-03-19 00:17:19.923 +05:30 [INF] Executed endpoint 'PrisonerPortal.Controllers.AdminController.RequestDetail (PrisonerPortal)'
2026-03-19 00:17:19.933 +05:30 [INF] Request finished HTTP/1.1 GET http://localhost:5050/Admin/RequestDetail/1 - 200 null text/html; charset=utf-8 107.2789ms
2026-03-19 00:17:20.030 +05:30 [INF] Request starting HTTP/1.1 GET http://localhost:5050/Notifications/GetUnreadCount - null null
2026-03-19 00:17:20.049 +05:30 [INF] Executing endpoint 'PrisonerPortal.Controllers.NotificationsController.GetUnreadCount (PrisonerPortal)'
2026-03-19 00:17:20.057 +05:30 [INF] Route matched with {action = "GetUnreadCount", controller = "Notifications"}. Executing controller action with signature Microsoft.AspNetCore.Mvc.IActionResult GetUnreadCount() on controller PrisonerPortal.Controllers.NotificationsController (PrisonerPortal).
2026-03-19 00:17:20.076 +05:30 [INF] Executed DbCommand (2ms) [Parameters=[@userId='?' (Size = 450)], CommandType='"Text"', CommandTimeout='30']
SELECT COUNT(*)
FROM [Notifications] AS [n]
WHERE [n].[UserId] = @userId AND [n].[IsRead] = CAST(0 AS bit)
2026-03-19 00:17:20.090 +05:30 [INF] Executing JsonResult, writing value of type '<>f__AnonymousType2`1[[System.Int32, System.Private.CoreLib, Version=10.0.0.0, Culture=neutral, PublicKeyToken=7cec85d7bea7798e]]'.
2026-03-19 00:17:20.102 +05:30 [INF] Executed action PrisonerPortal.Controllers.NotificationsController.GetUnreadCount (PrisonerPortal) in 29.7721ms
2026-03-19 00:17:20.114 +05:30 [INF] Executed endpoint 'PrisonerPortal.Controllers.NotificationsController.GetUnreadCount (PrisonerPortal)'
2026-03-19 00:17:20.122 +05:30 [INF] Request finished HTTP/1.1 GET http://localhost:5050/Notifications/GetUnreadCount - 200 null application/json; charset=utf-8 91.5783ms
2026-03-19 00:17:28.073 +05:30 [INF] Request starting HTTP/1.1 POST http://localhost:5050/Admin/UpdateRequestStatus - application/x-www-form-urlencoded 289
2026-03-19 00:17:28.098 +05:30 [INF] Executing endpoint 'PrisonerPortal.Controllers.AdminController.UpdateRequestStatus (PrisonerPortal)'
2026-03-19 00:17:28.108 +05:30 [INF] Route matched with {action = "UpdateRequestStatus", controller = "Admin"}. Executing controller action with signature System.Threading.Tasks.Task`1[Microsoft.AspNetCore.Mvc.IActionResult] UpdateRequestStatus(PrisonerPortal.Models.ViewModels.AdminResponseViewModel) on controller PrisonerPortal.Controllers.AdminController (PrisonerPortal).
2026-03-19 00:17:28.129 +05:30 [INF] Executed DbCommand (5ms) [Parameters=[@p='?' (DbType = Int32)], CommandType='"Text"', CommandTimeout='30']
SELECT TOP(1) [s].[RequestId], [s].[AdminResponse], [s].[AssignedAdminId], [s].[Category], [s].[CreatedAt], [s].[Description], [s].[Priority], [s].[PrisonerId], [s].[RequestCode], [s].[ResolvedAt], [s].[Status], [s].[Subject], [s].[UpdatedAt], [s].[UserId]
FROM [SupportRequests] AS [s]
WHERE [s].[RequestId] = @p
2026-03-19 00:17:28.155 +05:30 [INF] Executed DbCommand (6ms) [Parameters=[@p3='?' (DbType = Int32), @p0='?' (DbType = DateTime2), @p1='?' (Size = 4000), @p2='?' (DbType = DateTime2)], CommandType='"Text"', CommandTimeout='30']
SET IMPLICIT_TRANSACTIONS OFF;
SET NOCOUNT ON;
UPDATE [SupportRequests] SET [ResolvedAt] = @p0, [Status] = @p1, [UpdatedAt] = @p2
OUTPUT 1
WHERE [RequestId] = @p3;
2026-03-19 00:17:28.174 +05:30 [INF] Executed DbCommand (3ms) [Parameters=[@p0='?' (DbType = DateTime2), @p1='?' (DbType = Boolean), @p2='?' (Size = 4000), @p3='?' (DbType = Int32), @p4='?' (Size = 4000), @p5='?' (Size = 4000), @p6='?' (Size = 4000), @p7='?' (Size = 450)], CommandType='"Text"', CommandTimeout='30']
SET IMPLICIT_TRANSACTIONS OFF;
SET NOCOUNT ON;
INSERT INTO [Notifications] ([CreatedAt], [IsRead], [Message], [RelatedEntityId], [RelatedEntityType], [Title], [Type], [UserId])
OUTPUT INSERTED.[NotificationId]
VALUES (@p0, @p1, @p2, @p3, @p4, @p5, @p6, @p7);
2026-03-19 00:17:28.200 +05:30 [INF] Executed DbCommand (2ms) [Parameters=[@p1='?' (DbType = Int32), @p0='?' (DbType = DateTime2)], CommandType='"Text"', CommandTimeout='30']
SET IMPLICIT_TRANSACTIONS OFF;
SET NOCOUNT ON;
UPDATE [SupportRequests] SET [UpdatedAt] = @p0
OUTPUT 1
WHERE [RequestId] = @p1;
2026-03-19 00:17:28.221 +05:30 [INF] Executed DbCommand (2ms) [Parameters=[@p0='?' (DbType = DateTime2), @p1='?' (DbType = Boolean), @p2='?' (Size = 4000), @p3='?' (DbType = Int32), @p4='?' (Size = 4000), @p5='?' (Size = 4000), @p6='?' (Size = 4000), @p7='?' (Size = 450)], CommandType='"Text"', CommandTimeout='30']
SET IMPLICIT_TRANSACTIONS OFF;
SET NOCOUNT ON;
INSERT INTO [Notifications] ([CreatedAt], [IsRead], [Message], [RelatedEntityId], [RelatedEntityType], [Title], [Type], [UserId])
OUTPUT INSERTED.[NotificationId]
VALUES (@p0, @p1, @p2, @p3, @p4, @p5, @p6, @p7);
2026-03-19 00:17:28.245 +05:30 [INF] Executed DbCommand (3ms) [Parameters=[@p1='?' (DbType = Int32), @p0='?' (DbType = DateTime2)], CommandType='"Text"', CommandTimeout='30']
SET IMPLICIT_TRANSACTIONS OFF;
SET NOCOUNT ON;
UPDATE [SupportRequests] SET [UpdatedAt] = @p0
OUTPUT 1
WHERE [RequestId] = @p1;
2026-03-19 00:17:28.261 +05:30 [INF] Executing RedirectResult, redirecting to /Admin/RequestDetail/1.
2026-03-19 00:17:28.272 +05:30 [INF] Executed action PrisonerPortal.Controllers.AdminController.UpdateRequestStatus (PrisonerPortal) in 152.9483ms
2026-03-19 00:17:28.286 +05:30 [INF] Executed endpoint 'PrisonerPortal.Controllers.AdminController.UpdateRequestStatus (PrisonerPortal)'
2026-03-19 00:17:28.298 +05:30 [INF] Request finished HTTP/1.1 POST http://localhost:5050/Admin/UpdateRequestStatus - 302 0 null 225.1138ms
2026-03-19 00:17:28.325 +05:30 [INF] Request starting HTTP/1.1 GET http://localhost:5050/Admin/RequestDetail/1 - null null
2026-03-19 00:17:28.352 +05:30 [INF] Executing endpoint 'PrisonerPortal.Controllers.AdminController.RequestDetail (PrisonerPortal)'
2026-03-19 00:17:28.355 +05:30 [INF] Route matched with {action = "RequestDetail", controller = "Admin"}. Executing controller action with signature System.Threading.Tasks.Task`1[Microsoft.AspNetCore.Mvc.IActionResult] RequestDetail(Int32) on controller PrisonerPortal.Controllers.AdminController (PrisonerPortal).
2026-03-19 00:17:28.373 +05:30 [INF] Executed DbCommand (2ms) [Parameters=[@id='?' (DbType = Int32)], CommandType='"Text"', CommandTimeout='30']
SELECT TOP(1) [s].[RequestId], [s].[AdminResponse], [s].[AssignedAdminId], [s].[Category], [s].[CreatedAt], [s].[Description], [s].[Priority], [s].[PrisonerId], [s].[RequestCode], [s].[ResolvedAt], [s].[Status], [s].[Subject], [s].[UpdatedAt], [s].[UserId], [p].[PrisonerId], [p].[CaseNumber], [p].[CellBlock], [p].[CellNumber], [p].[CreatedAt], [p].[CrimeCategory], [p].[DateOfBirth], [p].[FullName], [p].[Gender], [p].[PrisonerCode], [p].[SentenceEndDate], [p].[SentenceStartDate], [p].[Status], [p].[UpdatedAt], [a].[Id], [a].[AccessFailedCount], [a].[Address], [a].[ConcurrencyStamp], [a].[CreatedAt], [a].[Email], [a].[EmailConfirmed], [a].[FullName], [a].[IsActive], [a].[LockoutEnabled], [a].[LockoutEnd], [a].[NormalizedEmail], [a].[NormalizedUserName], [a].[PasswordHash], [a].[PhoneNumber], [a].[PhoneNumberConfirmed], [a].[Role], [a].[SecurityStamp], [a].[TwoFactorEnabled], [a].[UserName], [a0].[Id], [a0].[AccessFailedCount], [a0].[Address], [a0].[ConcurrencyStamp], [a0].[CreatedAt], [a0].[Email], [a0].[EmailConfirmed], [a0].[FullName], [a0].[IsActive], [a0].[LockoutEnabled], [a0].[LockoutEnd], [a0].[NormalizedEmail], [a0].[NormalizedUserName], [a0].[PasswordHash], [a0].[PhoneNumber], [a0].[PhoneNumberConfirmed], [a0].[Role], [a0].[SecurityStamp], [a0].[TwoFactorEnabled], [a0].[UserName]
FROM [SupportRequests] AS [s]
LEFT JOIN [Prisoners] AS [p] ON [s].[PrisonerId] = [p].[PrisonerId]
INNER JOIN [AspNetUsers] AS [a] ON [s].[UserId] = [a].[Id]
LEFT JOIN [AspNetUsers] AS [a0] ON [s].[AssignedAdminId] = [a0].[Id]
WHERE [s].[RequestId] = @id
2026-03-19 00:17:28.388 +05:30 [INF] Executing ViewResult, running view RequestDetail.
2026-03-19 00:17:28.402 +05:30 [INF] Executed ViewResult - view RequestDetail executed in 14.0436ms.
2026-03-19 00:17:28.411 +05:30 [INF] Executed action PrisonerPortal.Controllers.AdminController.RequestDetail (PrisonerPortal) in 42.413ms
2026-03-19 00:17:28.420 +05:30 [INF] Executed endpoint 'PrisonerPortal.Controllers.AdminController.RequestDetail (PrisonerPortal)'
2026-03-19 00:17:28.428 +05:30 [INF] Request finished HTTP/1.1 GET http://localhost:5050/Admin/RequestDetail/1 - 200 null text/html; charset=utf-8 102.1456ms
2026-03-19 00:17:28.514 +05:30 [INF] Request starting HTTP/1.1 GET http://localhost:5050/Notifications/GetUnreadCount - null null
2026-03-19 00:17:28.534 +05:30 [INF] Executing endpoint 'PrisonerPortal.Controllers.NotificationsController.GetUnreadCount (PrisonerPortal)'
2026-03-19 00:17:28.540 +05:30 [INF] Route matched with {action = "GetUnreadCount", controller = "Notifications"}. Executing controller action with signature Microsoft.AspNetCore.Mvc.IActionResult GetUnreadCount() on controller PrisonerPortal.Controllers.NotificationsController (PrisonerPortal).
2026-03-19 00:17:28.558 +05:30 [INF] Executed DbCommand (2ms) [Parameters=[@userId='?' (Size = 450)], CommandType='"Text"', CommandTimeout='30']
SELECT COUNT(*)
FROM [Notifications] AS [n]
WHERE [n].[UserId] = @userId AND [n].[IsRead] = CAST(0 AS bit)
2026-03-19 00:17:28.570 +05:30 [INF] Executing JsonResult, writing value of type '<>f__AnonymousType2`1[[System.Int32, System.Private.CoreLib, Version=10.0.0.0, Culture=neutral, PublicKeyToken=7cec85d7bea7798e]]'.
2026-03-19 00:17:28.578 +05:30 [INF] Executed action PrisonerPortal.Controllers.NotificationsController.GetUnreadCount (PrisonerPortal) in 24.9575ms
2026-03-19 00:17:28.586 +05:30 [INF] Executed endpoint 'PrisonerPortal.Controllers.NotificationsController.GetUnreadCount (PrisonerPortal)'
2026-03-19 00:17:28.595 +05:30 [INF] Request finished HTTP/1.1 GET http://localhost:5050/Notifications/GetUnreadCount - 200 null application/json; charset=utf-8 80.4781ms
2026-03-19 00:17:31.162 +05:30 [INF] Request starting HTTP/1.1 GET http://localhost:5050/Admin/Requests - null null
2026-03-19 00:17:31.181 +05:30 [INF] Executing endpoint 'PrisonerPortal.Controllers.AdminController.Requests (PrisonerPortal)'
2026-03-19 00:17:31.184 +05:30 [INF] Route matched with {action = "Requests", controller = "Admin"}. Executing controller action with signature System.Threading.Tasks.Task`1[Microsoft.AspNetCore.Mvc.IActionResult] Requests() on controller PrisonerPortal.Controllers.AdminController (PrisonerPortal).
2026-03-19 00:17:31.229 +05:30 [INF] Executed DbCommand (29ms) [Parameters=[], CommandType='"Text"', CommandTimeout='30']
SELECT [s].[RequestId], [s].[AdminResponse], [s].[AssignedAdminId], [s].[Category], [s].[CreatedAt], [s].[Description], [s].[Priority], [s].[PrisonerId], [s].[RequestCode], [s].[ResolvedAt], [s].[Status], [s].[Subject], [s].[UpdatedAt], [s].[UserId], [p].[PrisonerId], [p].[CaseNumber], [p].[CellBlock], [p].[CellNumber], [p].[CreatedAt], [p].[CrimeCategory], [p].[DateOfBirth], [p].[FullName], [p].[Gender], [p].[PrisonerCode], [p].[SentenceEndDate], [p].[SentenceStartDate], [p].[Status], [p].[UpdatedAt], [a].[Id], [a].[AccessFailedCount], [a].[Address], [a].[ConcurrencyStamp], [a].[CreatedAt], [a].[Email], [a].[EmailConfirmed], [a].[FullName], [a].[IsActive], [a].[LockoutEnabled], [a].[LockoutEnd], [a].[NormalizedEmail], [a].[NormalizedUserName], [a].[PasswordHash], [a].[PhoneNumber], [a].[PhoneNumberConfirmed], [a].[Role], [a].[SecurityStamp], [a].[TwoFactorEnabled], [a].[UserName], [a0].[Id], [a0].[AccessFailedCount], [a0].[Address], [a0].[ConcurrencyStamp], [a0].[CreatedAt], [a0].[Email], [a0].[EmailConfirmed], [a0].[FullName], [a0].[IsActive], [a0].[LockoutEnabled], [a0].[LockoutEnd], [a0].[NormalizedEmail], [a0].[NormalizedUserName], [a0].[PasswordHash], [a0].[PhoneNumber], [a0].[PhoneNumberConfirmed], [a0].[Role], [a0].[SecurityStamp], [a0].[TwoFactorEnabled], [a0].[UserName]
FROM [SupportRequests] AS [s]
LEFT JOIN [Prisoners] AS [p] ON [s].[PrisonerId] = [p].[PrisonerId]
INNER JOIN [AspNetUsers] AS [a] ON [s].[UserId] = [a].[Id]
LEFT JOIN [AspNetUsers] AS [a0] ON [s].[AssignedAdminId] = [a0].[Id]
ORDER BY [s].[CreatedAt] DESC
2026-03-19 00:17:31.252 +05:30 [INF] Executing ViewResult, running view Requests.
2026-03-19 00:17:31.266 +05:30 [INF] Executed ViewResult - view Requests executed in 14.3393ms.
2026-03-19 00:17:31.278 +05:30 [INF] Executed action PrisonerPortal.Controllers.AdminController.Requests (PrisonerPortal) in 82.0129ms
2026-03-19 00:17:31.289 +05:30 [INF] Executed endpoint 'PrisonerPortal.Controllers.AdminController.Requests (PrisonerPortal)'
2026-03-19 00:17:31.301 +05:30 [INF] Request finished HTTP/1.1 GET http://localhost:5050/Admin/Requests - 200 null text/html; charset=utf-8 138.9136ms
2026-03-19 00:17:31.358 +05:30 [INF] Request starting HTTP/1.1 GET http://localhost:5050/Notifications/GetUnreadCount - null null
2026-03-19 00:17:31.380 +05:30 [INF] Executing endpoint 'PrisonerPortal.Controllers.NotificationsController.GetUnreadCount (PrisonerPortal)'
2026-03-19 00:17:31.386 +05:30 [INF] Route matched with {action = "GetUnreadCount", controller = "Notifications"}. Executing controller action with signature Microsoft.AspNetCore.Mvc.IActionResult GetUnreadCount() on controller PrisonerPortal.Controllers.NotificationsController (PrisonerPortal).
2026-03-19 00:17:31.402 +05:30 [INF] Executed DbCommand (1ms) [Parameters=[@userId='?' (Size = 450)], CommandType='"Text"', CommandTimeout='30']
SELECT COUNT(*)
FROM [Notifications] AS [n]
WHERE [n].[UserId] = @userId AND [n].[IsRead] = CAST(0 AS bit)
2026-03-19 00:17:31.415 +05:30 [INF] Executing JsonResult, writing value of type '<>f__AnonymousType2`1[[System.Int32, System.Private.CoreLib, Version=10.0.0.0, Culture=neutral, PublicKeyToken=7cec85d7bea7798e]]'.
2026-03-19 00:17:31.420 +05:30 [INF] Executed action PrisonerPortal.Controllers.NotificationsController.GetUnreadCount (PrisonerPortal) in 21.3929ms
2026-03-19 00:17:31.432 +05:30 [INF] Executed endpoint 'PrisonerPortal.Controllers.NotificationsController.GetUnreadCount (PrisonerPortal)'
2026-03-19 00:17:31.437 +05:30 [INF] Request finished HTTP/1.1 GET http://localhost:5050/Notifications/GetUnreadCount - 200 null application/json; charset=utf-8 79.4932ms
2026-03-19 00:17:40.287 +05:30 [INF] Request starting HTTP/1.1 GET http://localhost:5050/Admin/FamilyLinks - null null
2026-03-19 00:17:40.303 +05:30 [INF] Executing endpoint 'PrisonerPortal.Controllers.AdminController.FamilyLinks (PrisonerPortal)'
2026-03-19 00:17:40.312 +05:30 [INF] Route matched with {action = "FamilyLinks", controller = "Admin"}. Executing controller action with signature System.Threading.Tasks.Task`1[Microsoft.AspNetCore.Mvc.IActionResult] FamilyLinks(System.String) on controller PrisonerPortal.Controllers.AdminController (PrisonerPortal).
2026-03-19 00:17:40.354 +05:30 [INF] Executed DbCommand (26ms) [Parameters=[], CommandType='"Text"', CommandTimeout='30']
SELECT [f].[LinkId], [f].[IsVerified], [f].[LinkedAt], [f].[PrisonerId], [f].[Relationship], [f].[UserId], [f].[VerifiedByAdminId], [a].[Id], [a].[AccessFailedCount], [a].[Address], [a].[ConcurrencyStamp], [a].[CreatedAt], [a].[Email], [a].[EmailConfirmed], [a].[FullName], [a].[IsActive], [a].[LockoutEnabled], [a].[LockoutEnd], [a].[NormalizedEmail], [a].[NormalizedUserName], [a].[PasswordHash], [a].[PhoneNumber], [a].[PhoneNumberConfirmed], [a].[Role], [a].[SecurityStamp], [a].[TwoFactorEnabled], [a].[UserName], [p].[PrisonerId], [p].[CaseNumber], [p].[CellBlock], [p].[CellNumber], [p].[CreatedAt], [p].[CrimeCategory], [p].[DateOfBirth], [p].[FullName], [p].[Gender], [p].[PrisonerCode], [p].[SentenceEndDate], [p].[SentenceStartDate], [p].[Status], [p].[UpdatedAt]
FROM [FamilyPrisonerLinks] AS [f]
INNER JOIN [AspNetUsers] AS [a] ON [f].[UserId] = [a].[Id]
INNER JOIN [Prisoners] AS [p] ON [f].[PrisonerId] = [p].[PrisonerId]
ORDER BY [f].[LinkedAt] DESC
2026-03-19 00:17:40.371 +05:30 [INF] Executing ViewResult, running view FamilyLinks.
2026-03-19 00:17:40.385 +05:30 [INF] Executed ViewResult - view FamilyLinks executed in 14.0965ms.
2026-03-19 00:17:40.399 +05:30 [INF] Executed action PrisonerPortal.Controllers.AdminController.FamilyLinks (PrisonerPortal) in 75.4037ms
2026-03-19 00:17:40.409 +05:30 [INF] Executed endpoint 'PrisonerPortal.Controllers.AdminController.FamilyLinks (PrisonerPortal)'
2026-03-19 00:17:40.417 +05:30 [INF] Request finished HTTP/1.1 GET http://localhost:5050/Admin/FamilyLinks - 200 null text/html; charset=utf-8 129.8846ms
2026-03-19 00:17:40.469 +05:30 [INF] Request starting HTTP/1.1 GET http://localhost:5050/Notifications/GetUnreadCount - null null
2026-03-19 00:17:40.491 +05:30 [INF] Executing endpoint 'PrisonerPortal.Controllers.NotificationsController.GetUnreadCount (PrisonerPortal)'
2026-03-19 00:17:40.497 +05:30 [INF] Route matched with {action = "GetUnreadCount", controller = "Notifications"}. Executing controller action with signature Microsoft.AspNetCore.Mvc.IActionResult GetUnreadCount() on controller PrisonerPortal.Controllers.NotificationsController (PrisonerPortal).
2026-03-19 00:17:40.514 +05:30 [INF] Executed DbCommand (1ms) [Parameters=[@userId='?' (Size = 450)], CommandType='"Text"', CommandTimeout='30']
SELECT COUNT(*)
FROM [Notifications] AS [n]
WHERE [n].[UserId] = @userId AND [n].[IsRead] = CAST(0 AS bit)
2026-03-19 00:17:40.529 +05:30 [INF] Executing JsonResult, writing value of type '<>f__AnonymousType2`1[[System.Int32, System.Private.CoreLib, Version=10.0.0.0, Culture=neutral, PublicKeyToken=7cec85d7bea7798e]]'.
2026-03-19 00:17:40.534 +05:30 [INF] Executed action PrisonerPortal.Controllers.NotificationsController.GetUnreadCount (PrisonerPortal) in 23.871ms
2026-03-19 00:17:40.542 +05:30 [INF] Executed endpoint 'PrisonerPortal.Controllers.NotificationsController.GetUnreadCount (PrisonerPortal)'
2026-03-19 00:17:40.550 +05:30 [INF] Request finished HTTP/1.1 GET http://localhost:5050/Notifications/GetUnreadCount - 200 null application/json; charset=utf-8 80.539ms
2026-03-19 00:17:47.808 +05:30 [INF] Request starting HTTP/1.1 GET http://localhost:5050/Admin/Dashboard - null null
2026-03-19 00:17:47.831 +05:30 [INF] Executing endpoint 'PrisonerPortal.Controllers.AdminController.Dashboard (PrisonerPortal)'
2026-03-19 00:17:47.842 +05:30 [INF] Route matched with {action = "Dashboard", controller = "Admin"}. Executing controller action with signature System.Threading.Tasks.Task`1[Microsoft.AspNetCore.Mvc.IActionResult] Dashboard() on controller PrisonerPortal.Controllers.AdminController (PrisonerPortal).
2026-03-19 00:17:47.877 +05:30 [INF] Executed DbCommand (9ms) [Parameters=[], CommandType='"Text"', CommandTimeout='30']
SELECT COUNT(*)
FROM [AspNetUsers] AS [a]
WHERE [a].[IsActive] = CAST(1 AS bit) AND [a].[Role] = N'Family'
2026-03-19 00:17:47.904 +05:30 [INF] Executed DbCommand (6ms) [Parameters=[], CommandType='"Text"', CommandTimeout='30']
SELECT COUNT(*)
FROM [Prisoners] AS [p]
WHERE [p].[Status] = N'Active'
2026-03-19 00:17:47.940 +05:30 [INF] Executed DbCommand (14ms) [Parameters=[], CommandType='"Text"', CommandTimeout='30']
SELECT COUNT(*)
FROM [Appointments] AS [a]
INNER JOIN [VisitSlots] AS [v] ON [a].[SlotId] = [v].[SlotId]
WHERE CONVERT(date, [v].[SlotDate]) = CONVERT(date, GETDATE()) AND [a].[Status] IN (N'Approved', N'Pending')
2026-03-19 00:17:47.966 +05:30 [INF] Executed DbCommand (4ms) [Parameters=[], CommandType='"Text"', CommandTimeout='30']
SELECT COUNT(*)
FROM [SupportRequests] AS [s]
WHERE [s].[Status] IN (N'Open', N'InProgress')
2026-03-19 00:17:48.012 +05:30 [INF] Executed DbCommand (26ms) [Parameters=[@p='?' (DbType = Int32)], CommandType='"Text"', CommandTimeout='30']
SELECT [a1].[AppointmentId], [a1].[AdminNotes], [a1].[AppointmentCode], [a1].[BookedAt], [a1].[NumVisitors], [a1].[PrisonerId], [a1].[Purpose], [a1].[RejectionReason], [a1].[SlotId], [a1].[Status], [a1].[UpdatedAt], [a1].[UserId], [a1].[VisitorNames], [a0].[Id], [a0].[AccessFailedCount], [a0].[Address], [a0].[ConcurrencyStamp], [a0].[CreatedAt], [a0].[Email], [a0].[EmailConfirmed], [a0].[FullName], [a0].[IsActive], [a0].[LockoutEnabled], [a0].[LockoutEnd], [a0].[NormalizedEmail], [a0].[NormalizedUserName], [a0].[PasswordHash], [a0].[PhoneNumber], [a0].[PhoneNumberConfirmed], [a0].[Role], [a0].[SecurityStamp], [a0].[TwoFactorEnabled], [a0].[UserName], [p].[PrisonerId], [p].[CaseNumber], [p].[CellBlock], [p].[CellNumber], [p].[CreatedAt], [p].[CrimeCategory], [p].[DateOfBirth], [p].[FullName], [p].[Gender], [p].[PrisonerCode], [p].[SentenceEndDate], [p].[SentenceStartDate], [p].[Status], [p].[UpdatedAt], [v].[SlotId], [v].[CreatedAt], [v].[CreatedByAdminId], [v].[CurrentBookings], [v].[EndTime], [v].[IsActive], [v].[MaxCapacity], [v].[SlotDate], [v].[StartTime]
FROM (
    SELECT TOP(@p) [a].[AppointmentId], [a].[AdminNotes], [a].[AppointmentCode], [a].[BookedAt], [a].[NumVisitors], [a].[PrisonerId], [a].[Purpose], [a].[RejectionReason], [a].[SlotId], [a].[Status], [a].[UpdatedAt], [a].[UserId], [a].[VisitorNames]
    FROM [Appointments] AS [a]
    WHERE [a].[Status] = N'Pending'
    ORDER BY [a].[BookedAt] DESC
) AS [a1]
INNER JOIN [AspNetUsers] AS [a0] ON [a1].[UserId] = [a0].[Id]
INNER JOIN [Prisoners] AS [p] ON [a1].[PrisonerId] = [p].[PrisonerId]
INNER JOIN [VisitSlots] AS [v] ON [a1].[SlotId] = [v].[SlotId]
ORDER BY [a1].[BookedAt] DESC
2026-03-19 00:17:48.049 +05:30 [INF] Executed DbCommand (18ms) [Parameters=[@p='?' (DbType = Int32)], CommandType='"Text"', CommandTimeout='30']
SELECT [s0].[RequestId], [s0].[AdminResponse], [s0].[AssignedAdminId], [s0].[Category], [s0].[CreatedAt], [s0].[Description], [s0].[Priority], [s0].[PrisonerId], [s0].[RequestCode], [s0].[ResolvedAt], [s0].[Status], [s0].[Subject], [s0].[UpdatedAt], [s0].[UserId], [a].[Id], [a].[AccessFailedCount], [a].[Address], [a].[ConcurrencyStamp], [a].[CreatedAt], [a].[Email], [a].[EmailConfirmed], [a].[FullName], [a].[IsActive], [a].[LockoutEnabled], [a].[LockoutEnd], [a].[NormalizedEmail], [a].[NormalizedUserName], [a].[PasswordHash], [a].[PhoneNumber], [a].[PhoneNumberConfirmed], [a].[Role], [a].[SecurityStamp], [a].[TwoFactorEnabled], [a].[UserName], [p].[PrisonerId], [p].[CaseNumber], [p].[CellBlock], [p].[CellNumber], [p].[CreatedAt], [p].[CrimeCategory], [p].[DateOfBirth], [p].[FullName], [p].[Gender], [p].[PrisonerCode], [p].[SentenceEndDate], [p].[SentenceStartDate], [p].[Status], [p].[UpdatedAt]
FROM (
    SELECT TOP(@p) [s].[RequestId], [s].[AdminResponse], [s].[AssignedAdminId], [s].[Category], [s].[CreatedAt], [s].[Description], [s].[Priority], [s].[PrisonerId], [s].[RequestCode], [s].[ResolvedAt], [s].[Status], [s].[Subject], [s].[UpdatedAt], [s].[UserId]
    FROM [SupportRequests] AS [s]
    WHERE [s].[Status] IN (N'Open', N'InProgress')
    ORDER BY [s].[CreatedAt] DESC
) AS [s0]
INNER JOIN [AspNetUsers] AS [a] ON [s0].[UserId] = [a].[Id]
LEFT JOIN [Prisoners] AS [p] ON [s0].[PrisonerId] = [p].[PrisonerId]
ORDER BY [s0].[CreatedAt] DESC
2026-03-19 00:17:48.089 +05:30 [INF] Executed DbCommand (23ms) [Parameters=[@p='?' (DbType = Int32)], CommandType='"Text"', CommandTimeout='30']
SELECT [f0].[LinkId], [f0].[IsVerified], [f0].[LinkedAt], [f0].[PrisonerId], [f0].[Relationship], [f0].[UserId], [f0].[VerifiedByAdminId], [a].[Id], [a].[AccessFailedCount], [a].[Address], [a].[ConcurrencyStamp], [a].[CreatedAt], [a].[Email], [a].[EmailConfirmed], [a].[FullName], [a].[IsActive], [a].[LockoutEnabled], [a].[LockoutEnd], [a].[NormalizedEmail], [a].[NormalizedUserName], [a].[PasswordHash], [a].[PhoneNumber], [a].[PhoneNumberConfirmed], [a].[Role], [a].[SecurityStamp], [a].[TwoFactorEnabled], [a].[UserName], [p].[PrisonerId], [p].[CaseNumber], [p].[CellBlock], [p].[CellNumber], [p].[CreatedAt], [p].[CrimeCategory], [p].[DateOfBirth], [p].[FullName], [p].[Gender], [p].[PrisonerCode], [p].[SentenceEndDate], [p].[SentenceStartDate], [p].[Status], [p].[UpdatedAt]
FROM (
    SELECT TOP(@p) [f].[LinkId], [f].[IsVerified], [f].[LinkedAt], [f].[PrisonerId], [f].[Relationship], [f].[UserId], [f].[VerifiedByAdminId]
    FROM [FamilyPrisonerLinks] AS [f]
    WHERE [f].[IsVerified] = CAST(0 AS bit)
    ORDER BY [f].[LinkedAt] DESC
) AS [f0]
INNER JOIN [AspNetUsers] AS [a] ON [f0].[UserId] = [a].[Id]
INNER JOIN [Prisoners] AS [p] ON [f0].[PrisonerId] = [p].[PrisonerId]
ORDER BY [f0].[LinkedAt] DESC
2026-03-19 00:17:48.114 +05:30 [INF] Executed DbCommand (5ms) [Parameters=[@p='?' (DbType = Int32)], CommandType='"Text"', CommandTimeout='30']
SELECT TOP(@p) [a].[Id], [a].[AccessFailedCount], [a].[Address], [a].[ConcurrencyStamp], [a].[CreatedAt], [a].[Email], [a].[EmailConfirmed], [a].[FullName], [a].[IsActive], [a].[LockoutEnabled], [a].[LockoutEnd], [a].[NormalizedEmail], [a].[NormalizedUserName], [a].[PasswordHash], [a].[PhoneNumber], [a].[PhoneNumberConfirmed], [a].[Role], [a].[SecurityStamp], [a].[TwoFactorEnabled], [a].[UserName]
FROM [AspNetUsers] AS [a]
ORDER BY [a].[CreatedAt] DESC
2026-03-19 00:17:48.129 +05:30 [INF] Executing ViewResult, running view Dashboard.
2026-03-19 00:17:48.147 +05:30 [INF] Executed ViewResult - view Dashboard executed in 18.189ms.
2026-03-19 00:17:48.160 +05:30 [INF] Executed action PrisonerPortal.Controllers.AdminController.Dashboard (PrisonerPortal) in 295.2845ms
2026-03-19 00:17:48.169 +05:30 [INF] Executed endpoint 'PrisonerPortal.Controllers.AdminController.Dashboard (PrisonerPortal)'
2026-03-19 00:17:48.180 +05:30 [INF] Request finished HTTP/1.1 GET http://localhost:5050/Admin/Dashboard - 200 null text/html; charset=utf-8 371.4264ms
2026-03-19 00:17:48.235 +05:30 [INF] Request starting HTTP/1.1 GET http://localhost:5050/Notifications/GetUnreadCount - null null
2026-03-19 00:17:48.257 +05:30 [INF] Executing endpoint 'PrisonerPortal.Controllers.NotificationsController.GetUnreadCount (PrisonerPortal)'
2026-03-19 00:17:48.266 +05:30 [INF] Route matched with {action = "GetUnreadCount", controller = "Notifications"}. Executing controller action with signature Microsoft.AspNetCore.Mvc.IActionResult GetUnreadCount() on controller PrisonerPortal.Controllers.NotificationsController (PrisonerPortal).
2026-03-19 00:17:48.281 +05:30 [INF] Executed DbCommand (1ms) [Parameters=[@userId='?' (Size = 450)], CommandType='"Text"', CommandTimeout='30']
SELECT COUNT(*)
FROM [Notifications] AS [n]
WHERE [n].[UserId] = @userId AND [n].[IsRead] = CAST(0 AS bit)
2026-03-19 00:17:48.296 +05:30 [INF] Executing JsonResult, writing value of type '<>f__AnonymousType2`1[[System.Int32, System.Private.CoreLib, Version=10.0.0.0, Culture=neutral, PublicKeyToken=7cec85d7bea7798e]]'.
2026-03-19 00:17:48.302 +05:30 [INF] Executed action PrisonerPortal.Controllers.NotificationsController.GetUnreadCount (PrisonerPortal) in 23.194ms
2026-03-19 00:17:48.309 +05:30 [INF] Executed endpoint 'PrisonerPortal.Controllers.NotificationsController.GetUnreadCount (PrisonerPortal)'
2026-03-19 00:17:48.313 +05:30 [INF] Request finished HTTP/1.1 GET http://localhost:5050/Notifications/GetUnreadCount - 200 null application/json; charset=utf-8 78.4448ms
2026-03-19 00:17:49.781 +05:30 [INF] Request starting HTTP/1.1 GET http://localhost:5050/Admin/Users - null null
2026-03-19 00:17:49.803 +05:30 [INF] Executing endpoint 'PrisonerPortal.Controllers.AdminController.Users (PrisonerPortal)'
2026-03-19 00:17:49.846 +05:30 [INF] Route matched with {action = "Users", controller = "Admin"}. Executing controller action with signature System.Threading.Tasks.Task`1[Microsoft.AspNetCore.Mvc.IActionResult] Users(System.String, System.String) on controller PrisonerPortal.Controllers.AdminController (PrisonerPortal).
2026-03-19 00:17:49.921 +05:30 [INF] Executed DbCommand (3ms) [Parameters=[], CommandType='"Text"', CommandTimeout='30']
SELECT [a].[Id], [a].[AccessFailedCount], [a].[Address], [a].[ConcurrencyStamp], [a].[CreatedAt], [a].[Email], [a].[EmailConfirmed], [a].[FullName], [a].[IsActive], [a].[LockoutEnabled], [a].[LockoutEnd], [a].[NormalizedEmail], [a].[NormalizedUserName], [a].[PasswordHash], [a].[PhoneNumber], [a].[PhoneNumberConfirmed], [a].[Role], [a].[SecurityStamp], [a].[TwoFactorEnabled], [a].[UserName]
FROM [AspNetUsers] AS [a]
ORDER BY [a].[CreatedAt] DESC
2026-03-19 00:17:49.946 +05:30 [INF] Executing ViewResult, running view Users.
2026-03-19 00:17:50.000 +05:30 [INF] Executed ViewResult - view Users executed in 59.4243ms.
2026-03-19 00:17:50.014 +05:30 [INF] Executed action PrisonerPortal.Controllers.AdminController.Users (PrisonerPortal) in 156.3985ms
2026-03-19 00:17:50.025 +05:30 [INF] Executed endpoint 'PrisonerPortal.Controllers.AdminController.Users (PrisonerPortal)'
2026-03-19 00:17:50.033 +05:30 [INF] Request finished HTTP/1.1 GET http://localhost:5050/Admin/Users - 200 null text/html; charset=utf-8 251.9374ms
2026-03-19 00:17:50.134 +05:30 [INF] Request starting HTTP/1.1 GET http://localhost:5050/Notifications/GetUnreadCount - null null
2026-03-19 00:17:50.158 +05:30 [INF] Executing endpoint 'PrisonerPortal.Controllers.NotificationsController.GetUnreadCount (PrisonerPortal)'
2026-03-19 00:17:50.173 +05:30 [INF] Route matched with {action = "GetUnreadCount", controller = "Notifications"}. Executing controller action with signature Microsoft.AspNetCore.Mvc.IActionResult GetUnreadCount() on controller PrisonerPortal.Controllers.NotificationsController (PrisonerPortal).
2026-03-19 00:17:50.203 +05:30 [INF] Executed DbCommand (7ms) [Parameters=[@userId='?' (Size = 450)], CommandType='"Text"', CommandTimeout='30']
SELECT COUNT(*)
FROM [Notifications] AS [n]
WHERE [n].[UserId] = @userId AND [n].[IsRead] = CAST(0 AS bit)
2026-03-19 00:17:50.225 +05:30 [INF] Executing JsonResult, writing value of type '<>f__AnonymousType2`1[[System.Int32, System.Private.CoreLib, Version=10.0.0.0, Culture=neutral, PublicKeyToken=7cec85d7bea7798e]]'.
2026-03-19 00:17:50.231 +05:30 [INF] Executed action PrisonerPortal.Controllers.NotificationsController.GetUnreadCount (PrisonerPortal) in 38.4517ms
2026-03-19 00:17:50.241 +05:30 [INF] Executed endpoint 'PrisonerPortal.Controllers.NotificationsController.GetUnreadCount (PrisonerPortal)'
2026-03-19 00:17:50.247 +05:30 [INF] Request finished HTTP/1.1 GET http://localhost:5050/Notifications/GetUnreadCount - 200 null application/json; charset=utf-8 113.0195ms
2026-03-19 00:17:57.764 +05:30 [INF] Request starting HTTP/1.1 GET http://localhost:5050/Admin/Prisoners - null null
2026-03-19 00:17:57.792 +05:30 [INF] Executing endpoint 'PrisonerPortal.Controllers.AdminController.Prisoners (PrisonerPortal)'
2026-03-19 00:17:57.828 +05:30 [INF] Route matched with {action = "Prisoners", controller = "Admin"}. Executing controller action with signature System.Threading.Tasks.Task`1[Microsoft.AspNetCore.Mvc.IActionResult] Prisoners() on controller PrisonerPortal.Controllers.AdminController (PrisonerPortal).
2026-03-19 00:17:57.896 +05:30 [INF] Executed DbCommand (3ms) [Parameters=[], CommandType='"Text"', CommandTimeout='30']
SELECT [p].[PrisonerId], [p].[CaseNumber], [p].[CellBlock], [p].[CellNumber], [p].[CreatedAt], [p].[CrimeCategory], [p].[DateOfBirth], [p].[FullName], [p].[Gender], [p].[PrisonerCode], [p].[SentenceEndDate], [p].[SentenceStartDate], [p].[Status], [p].[UpdatedAt]
FROM [Prisoners] AS [p]
ORDER BY [p].[FullName]
2026-03-19 00:17:57.924 +05:30 [INF] Executing ViewResult, running view Prisoners.
2026-03-19 00:17:57.972 +05:30 [INF] Executed ViewResult - view Prisoners executed in 55.0783ms.
2026-03-19 00:17:57.986 +05:30 [INF] Executed action PrisonerPortal.Controllers.AdminController.Prisoners (PrisonerPortal) in 140.4741ms
2026-03-19 00:17:57.996 +05:30 [INF] Executed endpoint 'PrisonerPortal.Controllers.AdminController.Prisoners (PrisonerPortal)'
2026-03-19 00:17:58.005 +05:30 [INF] Request finished HTTP/1.1 GET http://localhost:5050/Admin/Prisoners - 200 null text/html; charset=utf-8 240.5031ms
2026-03-19 00:17:58.049 +05:30 [INF] Request starting HTTP/1.1 GET http://localhost:5050/Notifications/GetUnreadCount - null null
2026-03-19 00:17:58.070 +05:30 [INF] Executing endpoint 'PrisonerPortal.Controllers.NotificationsController.GetUnreadCount (PrisonerPortal)'
2026-03-19 00:17:58.076 +05:30 [INF] Route matched with {action = "GetUnreadCount", controller = "Notifications"}. Executing controller action with signature Microsoft.AspNetCore.Mvc.IActionResult GetUnreadCount() on controller PrisonerPortal.Controllers.NotificationsController (PrisonerPortal).
2026-03-19 00:17:58.092 +05:30 [INF] Executed DbCommand (2ms) [Parameters=[@userId='?' (Size = 450)], CommandType='"Text"', CommandTimeout='30']
SELECT COUNT(*)
FROM [Notifications] AS [n]
WHERE [n].[UserId] = @userId AND [n].[IsRead] = CAST(0 AS bit)
2026-03-19 00:17:58.106 +05:30 [INF] Executing JsonResult, writing value of type '<>f__AnonymousType2`1[[System.Int32, System.Private.CoreLib, Version=10.0.0.0, Culture=neutral, PublicKeyToken=7cec85d7bea7798e]]'.
2026-03-19 00:17:58.111 +05:30 [INF] Executed action PrisonerPortal.Controllers.NotificationsController.GetUnreadCount (PrisonerPortal) in 22.6791ms
2026-03-19 00:17:58.124 +05:30 [INF] Executed endpoint 'PrisonerPortal.Controllers.NotificationsController.GetUnreadCount (PrisonerPortal)'
2026-03-19 00:17:58.129 +05:30 [INF] Request finished HTTP/1.1 GET http://localhost:5050/Notifications/GetUnreadCount - 200 null application/json; charset=utf-8 80.1113ms
2026-03-19 00:17:59.934 +05:30 [INF] Request starting HTTP/1.1 GET http://localhost:5050/Admin/AddPrisoner - null null
2026-03-19 00:17:59.955 +05:30 [INF] Executing endpoint 'PrisonerPortal.Controllers.AdminController.AddPrisoner (PrisonerPortal)'
2026-03-19 00:17:59.971 +05:30 [INF] Route matched with {action = "AddPrisoner", controller = "Admin"}. Executing controller action with signature Microsoft.AspNetCore.Mvc.IActionResult AddPrisoner() on controller PrisonerPortal.Controllers.AdminController (PrisonerPortal).
2026-03-19 00:17:59.994 +05:30 [INF] Executing ViewResult, running view AddPrisoner.
2026-03-19 00:18:00.214 +05:30 [INF] Executed ViewResult - view AddPrisoner executed in 223.3413ms.
2026-03-19 00:18:00.224 +05:30 [INF] Executed action PrisonerPortal.Controllers.AdminController.AddPrisoner (PrisonerPortal) in 235.9114ms
2026-03-19 00:18:00.230 +05:30 [INF] Executed endpoint 'PrisonerPortal.Controllers.AdminController.AddPrisoner (PrisonerPortal)'
2026-03-19 00:18:00.239 +05:30 [INF] Request finished HTTP/1.1 GET http://localhost:5050/Admin/AddPrisoner - 200 null text/html; charset=utf-8 305.2952ms
2026-03-19 00:18:00.295 +05:30 [INF] Request starting HTTP/1.1 GET http://localhost:5050/Notifications/GetUnreadCount - null null
2026-03-19 00:18:00.312 +05:30 [INF] Executing endpoint 'PrisonerPortal.Controllers.NotificationsController.GetUnreadCount (PrisonerPortal)'
2026-03-19 00:18:00.321 +05:30 [INF] Route matched with {action = "GetUnreadCount", controller = "Notifications"}. Executing controller action with signature Microsoft.AspNetCore.Mvc.IActionResult GetUnreadCount() on controller PrisonerPortal.Controllers.NotificationsController (PrisonerPortal).
2026-03-19 00:18:00.337 +05:30 [INF] Executed DbCommand (2ms) [Parameters=[@userId='?' (Size = 450)], CommandType='"Text"', CommandTimeout='30']
SELECT COUNT(*)
FROM [Notifications] AS [n]
WHERE [n].[UserId] = @userId AND [n].[IsRead] = CAST(0 AS bit)
2026-03-19 00:18:00.349 +05:30 [INF] Executing JsonResult, writing value of type '<>f__AnonymousType2`1[[System.Int32, System.Private.CoreLib, Version=10.0.0.0, Culture=neutral, PublicKeyToken=7cec85d7bea7798e]]'.
2026-03-19 00:18:00.356 +05:30 [INF] Executed action PrisonerPortal.Controllers.NotificationsController.GetUnreadCount (PrisonerPortal) in 24.8671ms
2026-03-19 00:18:00.366 +05:30 [INF] Executed endpoint 'PrisonerPortal.Controllers.NotificationsController.GetUnreadCount (PrisonerPortal)'
2026-03-19 00:18:00.419 +05:30 [INF] Request finished HTTP/1.1 GET http://localhost:5050/Notifications/GetUnreadCount - 200 null application/json; charset=utf-8 123.349ms
2026-03-19 00:18:30.308 +05:30 [INF] Request starting HTTP/1.1 GET http://localhost:5050/Notifications/GetUnreadCount - null null
2026-03-19 00:18:30.323 +05:30 [INF] Executing endpoint 'PrisonerPortal.Controllers.NotificationsController.GetUnreadCount (PrisonerPortal)'
2026-03-19 00:18:30.329 +05:30 [INF] Route matched with {action = "GetUnreadCount", controller = "Notifications"}. Executing controller action with signature Microsoft.AspNetCore.Mvc.IActionResult GetUnreadCount() on controller PrisonerPortal.Controllers.NotificationsController (PrisonerPortal).
2026-03-19 00:18:30.350 +05:30 [INF] Executed DbCommand (8ms) [Parameters=[@userId='?' (Size = 450)], CommandType='"Text"', CommandTimeout='30']
SELECT COUNT(*)
FROM [Notifications] AS [n]
WHERE [n].[UserId] = @userId AND [n].[IsRead] = CAST(0 AS bit)
2026-03-19 00:18:30.364 +05:30 [INF] Executing JsonResult, writing value of type '<>f__AnonymousType2`1[[System.Int32, System.Private.CoreLib, Version=10.0.0.0, Culture=neutral, PublicKeyToken=7cec85d7bea7798e]]'.
2026-03-19 00:18:30.369 +05:30 [INF] Executed action PrisonerPortal.Controllers.NotificationsController.GetUnreadCount (PrisonerPortal) in 29.6476ms
2026-03-19 00:18:30.379 +05:30 [INF] Executed endpoint 'PrisonerPortal.Controllers.NotificationsController.GetUnreadCount (PrisonerPortal)'
2026-03-19 00:18:30.385 +05:30 [INF] Request finished HTTP/1.1 GET http://localhost:5050/Notifications/GetUnreadCount - 200 null application/json; charset=utf-8 76.631ms
2026-03-19 00:19:00.299 +05:30 [INF] Request starting HTTP/1.1 GET http://localhost:5050/Notifications/GetUnreadCount - null null
2026-03-19 00:19:00.317 +05:30 [INF] Executing endpoint 'PrisonerPortal.Controllers.NotificationsController.GetUnreadCount (PrisonerPortal)'
2026-03-19 00:19:00.320 +05:30 [INF] Route matched with {action = "GetUnreadCount", controller = "Notifications"}. Executing controller action with signature Microsoft.AspNetCore.Mvc.IActionResult GetUnreadCount() on controller PrisonerPortal.Controllers.NotificationsController (PrisonerPortal).
2026-03-19 00:19:00.338 +05:30 [INF] Executed DbCommand (1ms) [Parameters=[@userId='?' (Size = 450)], CommandType='"Text"', CommandTimeout='30']
SELECT COUNT(*)
FROM [Notifications] AS [n]
WHERE [n].[UserId] = @userId AND [n].[IsRead] = CAST(0 AS bit)
2026-03-19 00:19:00.357 +05:30 [INF] Executing JsonResult, writing value of type '<>f__AnonymousType2`1[[System.Int32, System.Private.CoreLib, Version=10.0.0.0, Culture=neutral, PublicKeyToken=7cec85d7bea7798e]]'.
2026-03-19 00:19:00.369 +05:30 [INF] Executed action PrisonerPortal.Controllers.NotificationsController.GetUnreadCount (PrisonerPortal) in 33.1632ms
2026-03-19 00:19:00.380 +05:30 [INF] Executed endpoint 'PrisonerPortal.Controllers.NotificationsController.GetUnreadCount (PrisonerPortal)'
2026-03-19 00:19:00.388 +05:30 [INF] Request finished HTTP/1.1 GET http://localhost:5050/Notifications/GetUnreadCount - 200 null application/json; charset=utf-8 89.0138ms
2026-03-19 00:19:30.301 +05:30 [INF] Request starting HTTP/1.1 GET http://localhost:5050/Notifications/GetUnreadCount - null null
2026-03-19 00:19:30.312 +05:30 [INF] Executing endpoint 'PrisonerPortal.Controllers.NotificationsController.GetUnreadCount (PrisonerPortal)'
2026-03-19 00:19:30.318 +05:30 [INF] Route matched with {action = "GetUnreadCount", controller = "Notifications"}. Executing controller action with signature Microsoft.AspNetCore.Mvc.IActionResult GetUnreadCount() on controller PrisonerPortal.Controllers.NotificationsController (PrisonerPortal).
2026-03-19 00:19:30.341 +05:30 [INF] Executed DbCommand (12ms) [Parameters=[@userId='?' (Size = 450)], CommandType='"Text"', CommandTimeout='30']
SELECT COUNT(*)
FROM [Notifications] AS [n]
WHERE [n].[UserId] = @userId AND [n].[IsRead] = CAST(0 AS bit)
2026-03-19 00:19:30.353 +05:30 [INF] Executing JsonResult, writing value of type '<>f__AnonymousType2`1[[System.Int32, System.Private.CoreLib, Version=10.0.0.0, Culture=neutral, PublicKeyToken=7cec85d7bea7798e]]'.
2026-03-19 00:19:30.361 +05:30 [INF] Executed action PrisonerPortal.Controllers.NotificationsController.GetUnreadCount (PrisonerPortal) in 32.5995ms
2026-03-19 00:19:30.365 +05:30 [INF] Executed endpoint 'PrisonerPortal.Controllers.NotificationsController.GetUnreadCount (PrisonerPortal)'
2026-03-19 00:19:30.374 +05:30 [INF] Request finished HTTP/1.1 GET http://localhost:5050/Notifications/GetUnreadCount - 200 null application/json; charset=utf-8 72.9529ms
2026-03-19 00:19:32.400 +05:30 [INF] Request starting HTTP/1.1 POST http://localhost:5050/Admin/AddPrisoner - application/x-www-form-urlencoded 524
2026-03-19 00:19:32.420 +05:30 [INF] Executing endpoint 'PrisonerPortal.Controllers.AdminController.AddPrisoner (PrisonerPortal)'
2026-03-19 00:19:32.463 +05:30 [INF] Route matched with {action = "AddPrisoner", controller = "Admin"}. Executing controller action with signature System.Threading.Tasks.Task`1[Microsoft.AspNetCore.Mvc.IActionResult] AddPrisoner(PrisonerPortal.Models.ViewModels.PrisonerViewModel) on controller PrisonerPortal.Controllers.AdminController (PrisonerPortal).
2026-03-19 00:19:32.522 +05:30 [INF] Executed DbCommand (8ms) [Parameters=[], CommandType='"Text"', CommandTimeout='30']
SELECT CASE
    WHEN EXISTS (
        SELECT 1
        FROM [Prisoners] AS [p]) THEN CAST(1 AS bit)
    ELSE CAST(0 AS bit)
END
2026-03-19 00:19:32.608 +05:30 [INF] Executed DbCommand (22ms) [Parameters=[@p0='?' (Size = 450), @p1='?' (Size = 4000), @p2='?' (Size = 4000), @p3='?' (DbType = DateTime2), @p4='?' (Size = 4000), @p5='?' (DbType = DateTime2), @p6='?' (Size = 150), @p7='?' (Size = 4000), @p8='?' (Size = 20), @p9='?' (DbType = DateTime2), @p10='?' (DbType = DateTime2), @p11='?' (Size = 4000), @p12='?' (DbType = DateTime2)], CommandType='"Text"', CommandTimeout='30']
SET IMPLICIT_TRANSACTIONS OFF;
SET NOCOUNT ON;
INSERT INTO [Prisoners] ([CaseNumber], [CellBlock], [CellNumber], [CreatedAt], [CrimeCategory], [DateOfBirth], [FullName], [Gender], [PrisonerCode], [SentenceEndDate], [SentenceStartDate], [Status], [UpdatedAt])
OUTPUT INSERTED.[PrisonerId]
VALUES (@p0, @p1, @p2, @p3, @p4, @p5, @p6, @p7, @p8, @p9, @p10, @p11, @p12);
2026-03-19 00:19:32.630 +05:30 [INF] Executing RedirectResult, redirecting to /Admin/Prisoners.
2026-03-19 00:19:32.640 +05:30 [INF] Executed action PrisonerPortal.Controllers.AdminController.AddPrisoner (PrisonerPortal) in 165.7837ms
2026-03-19 00:19:32.645 +05:30 [INF] Executed endpoint 'PrisonerPortal.Controllers.AdminController.AddPrisoner (PrisonerPortal)'
2026-03-19 00:19:32.651 +05:30 [INF] Request finished HTTP/1.1 POST http://localhost:5050/Admin/AddPrisoner - 302 0 null 251.1043ms
2026-03-19 00:19:32.667 +05:30 [INF] Request starting HTTP/1.1 GET http://localhost:5050/Admin/Prisoners - null null
2026-03-19 00:19:32.682 +05:30 [INF] Executing endpoint 'PrisonerPortal.Controllers.AdminController.Prisoners (PrisonerPortal)'
2026-03-19 00:19:32.690 +05:30 [INF] Route matched with {action = "Prisoners", controller = "Admin"}. Executing controller action with signature System.Threading.Tasks.Task`1[Microsoft.AspNetCore.Mvc.IActionResult] Prisoners() on controller PrisonerPortal.Controllers.AdminController (PrisonerPortal).
2026-03-19 00:19:32.703 +05:30 [INF] Executed DbCommand (7ms) [Parameters=[], CommandType='"Text"', CommandTimeout='30']
SELECT [p].[PrisonerId], [p].[CaseNumber], [p].[CellBlock], [p].[CellNumber], [p].[CreatedAt], [p].[CrimeCategory], [p].[DateOfBirth], [p].[FullName], [p].[Gender], [p].[PrisonerCode], [p].[SentenceEndDate], [p].[SentenceStartDate], [p].[Status], [p].[UpdatedAt]
FROM [Prisoners] AS [p]
ORDER BY [p].[FullName]
2026-03-19 00:19:32.714 +05:30 [INF] Executing ViewResult, running view Prisoners.
2026-03-19 00:19:32.727 +05:30 [INF] Executed ViewResult - view Prisoners executed in 12.7564ms.
2026-03-19 00:19:32.734 +05:30 [INF] Executed action PrisonerPortal.Controllers.AdminController.Prisoners (PrisonerPortal) in 38.5663ms
2026-03-19 00:19:32.743 +05:30 [INF] Executed endpoint 'PrisonerPortal.Controllers.AdminController.Prisoners (PrisonerPortal)'
2026-03-19 00:19:32.751 +05:30 [INF] Request finished HTTP/1.1 GET http://localhost:5050/Admin/Prisoners - 200 null text/html; charset=utf-8 84.3335ms
2026-03-19 00:19:32.844 +05:30 [INF] Request starting HTTP/1.1 GET http://localhost:5050/Notifications/GetUnreadCount - null null
2026-03-19 00:19:32.861 +05:30 [INF] Executing endpoint 'PrisonerPortal.Controllers.NotificationsController.GetUnreadCount (PrisonerPortal)'
2026-03-19 00:19:32.868 +05:30 [INF] Route matched with {action = "GetUnreadCount", controller = "Notifications"}. Executing controller action with signature Microsoft.AspNetCore.Mvc.IActionResult GetUnreadCount() on controller PrisonerPortal.Controllers.NotificationsController (PrisonerPortal).
2026-03-19 00:19:32.886 +05:30 [INF] Executed DbCommand (2ms) [Parameters=[@userId='?' (Size = 450)], CommandType='"Text"', CommandTimeout='30']
SELECT COUNT(*)
FROM [Notifications] AS [n]
WHERE [n].[UserId] = @userId AND [n].[IsRead] = CAST(0 AS bit)
2026-03-19 00:19:32.904 +05:30 [INF] Executing JsonResult, writing value of type '<>f__AnonymousType2`1[[System.Int32, System.Private.CoreLib, Version=10.0.0.0, Culture=neutral, PublicKeyToken=7cec85d7bea7798e]]'.
2026-03-19 00:19:32.909 +05:30 [INF] Executed action PrisonerPortal.Controllers.NotificationsController.GetUnreadCount (PrisonerPortal) in 30.5299ms
2026-03-19 00:19:32.924 +05:30 [INF] Executed endpoint 'PrisonerPortal.Controllers.NotificationsController.GetUnreadCount (PrisonerPortal)'
2026-03-19 00:19:32.936 +05:30 [INF] Request finished HTTP/1.1 GET http://localhost:5050/Notifications/GetUnreadCount - 200 null application/json; charset=utf-8 91.4768ms
2026-03-19 00:19:40.646 +05:30 [INF] Request starting HTTP/1.1 GET http://localhost:5050/Admin/ViewPrisoner/4 - null null
2026-03-19 00:19:40.662 +05:30 [INF] Executing endpoint 'PrisonerPortal.Controllers.AdminController.ViewPrisoner (PrisonerPortal)'
2026-03-19 00:19:40.699 +05:30 [INF] Route matched with {action = "ViewPrisoner", controller = "Admin"}. Executing controller action with signature System.Threading.Tasks.Task`1[Microsoft.AspNetCore.Mvc.IActionResult] ViewPrisoner(Int32) on controller PrisonerPortal.Controllers.AdminController (PrisonerPortal).
2026-03-19 00:19:40.835 +05:30 [WRN] Compiling a query which loads related collections for more than one collection navigation, either via 'Include' or through projection, but no 'QuerySplittingBehavior' has been configured. By default, Entity Framework will use 'QuerySplittingBehavior.SingleQuery', which can potentially result in slow query performance. See https://go.microsoft.com/fwlink/?linkid=2134277 for more information. To identify the query that's triggering this warning call 'ConfigureWarnings(w => w.Throw(RelationalEventId.MultipleCollectionIncludeWarning))'.
2026-03-19 00:19:41.082 +05:30 [INF] Executed DbCommand (43ms) [Parameters=[@id='?' (DbType = Int32)], CommandType='"Text"', CommandTimeout='30']
SELECT [p0].[PrisonerId], [p0].[CaseNumber], [p0].[CellBlock], [p0].[CellNumber], [p0].[CreatedAt], [p0].[CrimeCategory], [p0].[DateOfBirth], [p0].[FullName], [p0].[Gender], [p0].[PrisonerCode], [p0].[SentenceEndDate], [p0].[SentenceStartDate], [p0].[Status], [p0].[UpdatedAt], [s0].[LinkId], [s0].[IsVerified], [s0].[LinkedAt], [s0].[PrisonerId], [s0].[Relationship], [s0].[UserId], [s0].[VerifiedByAdminId], [s0].[Id], [s0].[AccessFailedCount], [s0].[Address], [s0].[ConcurrencyStamp], [s0].[CreatedAt], [s0].[Email], [s0].[EmailConfirmed], [s0].[FullName], [s0].[IsActive], [s0].[LockoutEnabled], [s0].[LockoutEnd], [s0].[NormalizedEmail], [s0].[NormalizedUserName], [s0].[PasswordHash], [s0].[PhoneNumber], [s0].[PhoneNumberConfirmed], [s0].[Role], [s0].[SecurityStamp], [s0].[TwoFactorEnabled], [s0].[UserName], [s1].[AppointmentId], [s1].[AdminNotes], [s1].[AppointmentCode], [s1].[BookedAt], [s1].[NumVisitors], [s1].[PrisonerId], [s1].[Purpose], [s1].[RejectionReason], [s1].[SlotId], [s1].[Status], [s1].[UpdatedAt], [s1].[UserId], [s1].[VisitorNames], [s1].[Id], [s1].[AccessFailedCount], [s1].[Address], [s1].[ConcurrencyStamp], [s1].[CreatedAt], [s1].[Email], [s1].[EmailConfirmed], [s1].[FullName], [s1].[IsActive], [s1].[LockoutEnabled], [s1].[LockoutEnd], [s1].[NormalizedEmail], [s1].[NormalizedUserName], [s1].[PasswordHash], [s1].[PhoneNumber], [s1].[PhoneNumberConfirmed], [s1].[Role], [s1].[SecurityStamp], [s1].[TwoFactorEnabled], [s1].[UserName], [s].[RequestId], [s].[AdminResponse], [s].[AssignedAdminId], [s].[Category], [s].[CreatedAt], [s].[Description], [s].[Priority], [s].[PrisonerId], [s].[RequestCode], [s].[ResolvedAt], [s].[Status], [s].[Subject], [s].[UpdatedAt], [s].[UserId]
FROM (
    SELECT TOP(1) [p].[PrisonerId], [p].[CaseNumber], [p].[CellBlock], [p].[CellNumber], [p].[CreatedAt], [p].[CrimeCategory], [p].[DateOfBirth], [p].[FullName], [p].[Gender], [p].[PrisonerCode], [p].[SentenceEndDate], [p].[SentenceStartDate], [p].[Status], [p].[UpdatedAt]
    FROM [Prisoners] AS [p]
    WHERE [p].[PrisonerId] = @id
) AS [p0]
LEFT JOIN (
    SELECT [f].[LinkId], [f].[IsVerified], [f].[LinkedAt], [f].[PrisonerId], [f].[Relationship], [f].[UserId], [f].[VerifiedByAdminId], [a].[Id], [a].[AccessFailedCount], [a].[Address], [a].[ConcurrencyStamp], [a].[CreatedAt], [a].[Email], [a].[EmailConfirmed], [a].[FullName], [a].[IsActive], [a].[LockoutEnabled], [a].[LockoutEnd], [a].[NormalizedEmail], [a].[NormalizedUserName], [a].[PasswordHash], [a].[PhoneNumber], [a].[PhoneNumberConfirmed], [a].[Role], [a].[SecurityStamp], [a].[TwoFactorEnabled], [a].[UserName]
    FROM [FamilyPrisonerLinks] AS [f]
    INNER JOIN [AspNetUsers] AS [a] ON [f].[UserId] = [a].[Id]
) AS [s0] ON [p0].[PrisonerId] = [s0].[PrisonerId]
LEFT JOIN (
    SELECT [a0].[AppointmentId], [a0].[AdminNotes], [a0].[AppointmentCode], [a0].[BookedAt], [a0].[NumVisitors], [a0].[PrisonerId], [a0].[Purpose], [a0].[RejectionReason], [a0].[SlotId], [a0].[Status], [a0].[UpdatedAt], [a0].[UserId], [a0].[VisitorNames], [a1].[Id], [a1].[AccessFailedCount], [a1].[Address], [a1].[ConcurrencyStamp], [a1].[CreatedAt], [a1].[Email], [a1].[EmailConfirmed], [a1].[FullName], [a1].[IsActive], [a1].[LockoutEnabled], [a1].[LockoutEnd], [a1].[NormalizedEmail], [a1].[NormalizedUserName], [a1].[PasswordHash], [a1].[PhoneNumber], [a1].[PhoneNumberConfirmed], [a1].[Role], [a1].[SecurityStamp], [a1].[TwoFactorEnabled], [a1].[UserName]
    FROM [Appointments] AS [a0]
    INNER JOIN [AspNetUsers] AS [a1] ON [a0].[UserId] = [a1].[Id]
) AS [s1] ON [p0].[PrisonerId] = [s1].[PrisonerId]
LEFT JOIN [SupportRequests] AS [s] ON [p0].[PrisonerId] = [s].[PrisonerId]
ORDER BY [p0].[PrisonerId], [s0].[LinkId], [s0].[Id], [s1].[AppointmentId], [s1].[Id]
2026-03-19 00:19:41.143 +05:30 [INF] Executing ViewResult, running view ViewPrisoner.
2026-03-19 00:19:41.186 +05:30 [INF] Executed ViewResult - view ViewPrisoner executed in 47.559ms.
2026-03-19 00:19:41.197 +05:30 [INF] Executed action PrisonerPortal.Controllers.AdminController.ViewPrisoner (PrisonerPortal) in 477.6768ms
2026-03-19 00:19:41.203 +05:30 [INF] Executed endpoint 'PrisonerPortal.Controllers.AdminController.ViewPrisoner (PrisonerPortal)'
2026-03-19 00:19:41.208 +05:30 [INF] Request finished HTTP/1.1 GET http://localhost:5050/Admin/ViewPrisoner/4 - 200 null text/html; charset=utf-8 561.5927ms
2026-03-19 00:19:41.268 +05:30 [INF] Request starting HTTP/1.1 GET http://localhost:5050/Notifications/GetUnreadCount - null null
2026-03-19 00:19:41.289 +05:30 [INF] Executing endpoint 'PrisonerPortal.Controllers.NotificationsController.GetUnreadCount (PrisonerPortal)'
2026-03-19 00:19:41.294 +05:30 [INF] Route matched with {action = "GetUnreadCount", controller = "Notifications"}. Executing controller action with signature Microsoft.AspNetCore.Mvc.IActionResult GetUnreadCount() on controller PrisonerPortal.Controllers.NotificationsController (PrisonerPortal).
2026-03-19 00:19:41.311 +05:30 [INF] Executed DbCommand (1ms) [Parameters=[@userId='?' (Size = 450)], CommandType='"Text"', CommandTimeout='30']
SELECT COUNT(*)
FROM [Notifications] AS [n]
WHERE [n].[UserId] = @userId AND [n].[IsRead] = CAST(0 AS bit)
2026-03-19 00:19:41.325 +05:30 [INF] Executing JsonResult, writing value of type '<>f__AnonymousType2`1[[System.Int32, System.Private.CoreLib, Version=10.0.0.0, Culture=neutral, PublicKeyToken=7cec85d7bea7798e]]'.
2026-03-19 00:19:41.335 +05:30 [INF] Executed action PrisonerPortal.Controllers.NotificationsController.GetUnreadCount (PrisonerPortal) in 27.7241ms
2026-03-19 00:19:41.349 +05:30 [INF] Executed endpoint 'PrisonerPortal.Controllers.NotificationsController.GetUnreadCount (PrisonerPortal)'
2026-03-19 00:19:41.357 +05:30 [INF] Request finished HTTP/1.1 GET http://localhost:5050/Notifications/GetUnreadCount - 200 null application/json; charset=utf-8 88.4907ms
2026-03-19 00:20:11.282 +05:30 [INF] Request starting HTTP/1.1 GET http://localhost:5050/Notifications/GetUnreadCount - null null
2026-03-19 00:20:11.293 +05:30 [INF] Executing endpoint 'PrisonerPortal.Controllers.NotificationsController.GetUnreadCount (PrisonerPortal)'
2026-03-19 00:20:11.296 +05:30 [INF] Route matched with {action = "GetUnreadCount", controller = "Notifications"}. Executing controller action with signature Microsoft.AspNetCore.Mvc.IActionResult GetUnreadCount() on controller PrisonerPortal.Controllers.NotificationsController (PrisonerPortal).
2026-03-19 00:20:11.305 +05:30 [INF] Executed DbCommand (2ms) [Parameters=[@userId='?' (Size = 450)], CommandType='"Text"', CommandTimeout='30']
SELECT COUNT(*)
FROM [Notifications] AS [n]
WHERE [n].[UserId] = @userId AND [n].[IsRead] = CAST(0 AS bit)
2026-03-19 00:20:11.313 +05:30 [INF] Executing JsonResult, writing value of type '<>f__AnonymousType2`1[[System.Int32, System.Private.CoreLib, Version=10.0.0.0, Culture=neutral, PublicKeyToken=7cec85d7bea7798e]]'.
2026-03-19 00:20:11.315 +05:30 [INF] Executed action PrisonerPortal.Controllers.NotificationsController.GetUnreadCount (PrisonerPortal) in 15.3528ms
2026-03-19 00:20:11.318 +05:30 [INF] Executed endpoint 'PrisonerPortal.Controllers.NotificationsController.GetUnreadCount (PrisonerPortal)'
2026-03-19 00:20:11.324 +05:30 [INF] Request finished HTTP/1.1 GET http://localhost:5050/Notifications/GetUnreadCount - 200 null application/json; charset=utf-8 41.9748ms
2026-03-19 00:20:41.287 +05:30 [INF] Request starting HTTP/1.1 GET http://localhost:5050/Notifications/GetUnreadCount - null null
2026-03-19 00:20:41.299 +05:30 [INF] Executing endpoint 'PrisonerPortal.Controllers.NotificationsController.GetUnreadCount (PrisonerPortal)'
2026-03-19 00:20:41.306 +05:30 [INF] Route matched with {action = "GetUnreadCount", controller = "Notifications"}. Executing controller action with signature Microsoft.AspNetCore.Mvc.IActionResult GetUnreadCount() on controller PrisonerPortal.Controllers.NotificationsController (PrisonerPortal).
2026-03-19 00:20:41.326 +05:30 [INF] Executed DbCommand (7ms) [Parameters=[@userId='?' (Size = 450)], CommandType='"Text"', CommandTimeout='30']
SELECT COUNT(*)
FROM [Notifications] AS [n]
WHERE [n].[UserId] = @userId AND [n].[IsRead] = CAST(0 AS bit)
2026-03-19 00:20:41.343 +05:30 [INF] Executing JsonResult, writing value of type '<>f__AnonymousType2`1[[System.Int32, System.Private.CoreLib, Version=10.0.0.0, Culture=neutral, PublicKeyToken=7cec85d7bea7798e]]'.
2026-03-19 00:20:41.353 +05:30 [INF] Executed action PrisonerPortal.Controllers.NotificationsController.GetUnreadCount (PrisonerPortal) in 35.5169ms
2026-03-19 00:20:41.358 +05:30 [INF] Executed endpoint 'PrisonerPortal.Controllers.NotificationsController.GetUnreadCount (PrisonerPortal)'
2026-03-19 00:20:41.368 +05:30 [INF] Request finished HTTP/1.1 GET http://localhost:5050/Notifications/GetUnreadCount - 200 null application/json; charset=utf-8 81.1499ms
2026-03-19 00:20:50.576 +05:30 [INF] Request starting HTTP/1.1 GET http://localhost:5050/Admin/Dashboard - null null
2026-03-19 00:20:50.596 +05:30 [INF] Executing endpoint 'PrisonerPortal.Controllers.AdminController.Dashboard (PrisonerPortal)'
2026-03-19 00:20:50.602 +05:30 [INF] Route matched with {action = "Dashboard", controller = "Admin"}. Executing controller action with signature System.Threading.Tasks.Task`1[Microsoft.AspNetCore.Mvc.IActionResult] Dashboard() on controller PrisonerPortal.Controllers.AdminController (PrisonerPortal).
2026-03-19 00:20:50.632 +05:30 [INF] Executed DbCommand (12ms) [Parameters=[], CommandType='"Text"', CommandTimeout='30']
SELECT COUNT(*)
FROM [AspNetUsers] AS [a]
WHERE [a].[IsActive] = CAST(1 AS bit) AND [a].[Role] = N'Family'
2026-03-19 00:20:50.651 +05:30 [INF] Executed DbCommand (3ms) [Parameters=[], CommandType='"Text"', CommandTimeout='30']
SELECT COUNT(*)
FROM [Prisoners] AS [p]
WHERE [p].[Status] = N'Active'
2026-03-19 00:20:50.687 +05:30 [INF] Executed DbCommand (18ms) [Parameters=[], CommandType='"Text"', CommandTimeout='30']
SELECT COUNT(*)
FROM [Appointments] AS [a]
INNER JOIN [VisitSlots] AS [v] ON [a].[SlotId] = [v].[SlotId]
WHERE CONVERT(date, [v].[SlotDate]) = CONVERT(date, GETDATE()) AND [a].[Status] IN (N'Approved', N'Pending')
2026-03-19 00:20:50.716 +05:30 [INF] Executed DbCommand (8ms) [Parameters=[], CommandType='"Text"', CommandTimeout='30']
SELECT COUNT(*)
FROM [SupportRequests] AS [s]
WHERE [s].[Status] IN (N'Open', N'InProgress')
2026-03-19 00:20:50.767 +05:30 [INF] Executed DbCommand (27ms) [Parameters=[@p='?' (DbType = Int32)], CommandType='"Text"', CommandTimeout='30']
SELECT [a1].[AppointmentId], [a1].[AdminNotes], [a1].[AppointmentCode], [a1].[BookedAt], [a1].[NumVisitors], [a1].[PrisonerId], [a1].[Purpose], [a1].[RejectionReason], [a1].[SlotId], [a1].[Status], [a1].[UpdatedAt], [a1].[UserId], [a1].[VisitorNames], [a0].[Id], [a0].[AccessFailedCount], [a0].[Address], [a0].[ConcurrencyStamp], [a0].[CreatedAt], [a0].[Email], [a0].[EmailConfirmed], [a0].[FullName], [a0].[IsActive], [a0].[LockoutEnabled], [a0].[LockoutEnd], [a0].[NormalizedEmail], [a0].[NormalizedUserName], [a0].[PasswordHash], [a0].[PhoneNumber], [a0].[PhoneNumberConfirmed], [a0].[Role], [a0].[SecurityStamp], [a0].[TwoFactorEnabled], [a0].[UserName], [p].[PrisonerId], [p].[CaseNumber], [p].[CellBlock], [p].[CellNumber], [p].[CreatedAt], [p].[CrimeCategory], [p].[DateOfBirth], [p].[FullName], [p].[Gender], [p].[PrisonerCode], [p].[SentenceEndDate], [p].[SentenceStartDate], [p].[Status], [p].[UpdatedAt], [v].[SlotId], [v].[CreatedAt], [v].[CreatedByAdminId], [v].[CurrentBookings], [v].[EndTime], [v].[IsActive], [v].[MaxCapacity], [v].[SlotDate], [v].[StartTime]
FROM (
    SELECT TOP(@p) [a].[AppointmentId], [a].[AdminNotes], [a].[AppointmentCode], [a].[BookedAt], [a].[NumVisitors], [a].[PrisonerId], [a].[Purpose], [a].[RejectionReason], [a].[SlotId], [a].[Status], [a].[UpdatedAt], [a].[UserId], [a].[VisitorNames]
    FROM [Appointments] AS [a]
    WHERE [a].[Status] = N'Pending'
    ORDER BY [a].[BookedAt] DESC
) AS [a1]
INNER JOIN [AspNetUsers] AS [a0] ON [a1].[UserId] = [a0].[Id]
INNER JOIN [Prisoners] AS [p] ON [a1].[PrisonerId] = [p].[PrisonerId]
INNER JOIN [VisitSlots] AS [v] ON [a1].[SlotId] = [v].[SlotId]
ORDER BY [a1].[BookedAt] DESC
2026-03-19 00:20:50.811 +05:30 [INF] Executed DbCommand (17ms) [Parameters=[@p='?' (DbType = Int32)], CommandType='"Text"', CommandTimeout='30']
SELECT [s0].[RequestId], [s0].[AdminResponse], [s0].[AssignedAdminId], [s0].[Category], [s0].[CreatedAt], [s0].[Description], [s0].[Priority], [s0].[PrisonerId], [s0].[RequestCode], [s0].[ResolvedAt], [s0].[Status], [s0].[Subject], [s0].[UpdatedAt], [s0].[UserId], [a].[Id], [a].[AccessFailedCount], [a].[Address], [a].[ConcurrencyStamp], [a].[CreatedAt], [a].[Email], [a].[EmailConfirmed], [a].[FullName], [a].[IsActive], [a].[LockoutEnabled], [a].[LockoutEnd], [a].[NormalizedEmail], [a].[NormalizedUserName], [a].[PasswordHash], [a].[PhoneNumber], [a].[PhoneNumberConfirmed], [a].[Role], [a].[SecurityStamp], [a].[TwoFactorEnabled], [a].[UserName], [p].[PrisonerId], [p].[CaseNumber], [p].[CellBlock], [p].[CellNumber], [p].[CreatedAt], [p].[CrimeCategory], [p].[DateOfBirth], [p].[FullName], [p].[Gender], [p].[PrisonerCode], [p].[SentenceEndDate], [p].[SentenceStartDate], [p].[Status], [p].[UpdatedAt]
FROM (
    SELECT TOP(@p) [s].[RequestId], [s].[AdminResponse], [s].[AssignedAdminId], [s].[Category], [s].[CreatedAt], [s].[Description], [s].[Priority], [s].[PrisonerId], [s].[RequestCode], [s].[ResolvedAt], [s].[Status], [s].[Subject], [s].[UpdatedAt], [s].[UserId]
    FROM [SupportRequests] AS [s]
    WHERE [s].[Status] IN (N'Open', N'InProgress')
    ORDER BY [s].[CreatedAt] DESC
) AS [s0]
INNER JOIN [AspNetUsers] AS [a] ON [s0].[UserId] = [a].[Id]
LEFT JOIN [Prisoners] AS [p] ON [s0].[PrisonerId] = [p].[PrisonerId]
ORDER BY [s0].[CreatedAt] DESC
2026-03-19 00:20:50.851 +05:30 [INF] Executed DbCommand (20ms) [Parameters=[@p='?' (DbType = Int32)], CommandType='"Text"', CommandTimeout='30']
SELECT [f0].[LinkId], [f0].[IsVerified], [f0].[LinkedAt], [f0].[PrisonerId], [f0].[Relationship], [f0].[UserId], [f0].[VerifiedByAdminId], [a].[Id], [a].[AccessFailedCount], [a].[Address], [a].[ConcurrencyStamp], [a].[CreatedAt], [a].[Email], [a].[EmailConfirmed], [a].[FullName], [a].[IsActive], [a].[LockoutEnabled], [a].[LockoutEnd], [a].[NormalizedEmail], [a].[NormalizedUserName], [a].[PasswordHash], [a].[PhoneNumber], [a].[PhoneNumberConfirmed], [a].[Role], [a].[SecurityStamp], [a].[TwoFactorEnabled], [a].[UserName], [p].[PrisonerId], [p].[CaseNumber], [p].[CellBlock], [p].[CellNumber], [p].[CreatedAt], [p].[CrimeCategory], [p].[DateOfBirth], [p].[FullName], [p].[Gender], [p].[PrisonerCode], [p].[SentenceEndDate], [p].[SentenceStartDate], [p].[Status], [p].[UpdatedAt]
FROM (
    SELECT TOP(@p) [f].[LinkId], [f].[IsVerified], [f].[LinkedAt], [f].[PrisonerId], [f].[Relationship], [f].[UserId], [f].[VerifiedByAdminId]
    FROM [FamilyPrisonerLinks] AS [f]
    WHERE [f].[IsVerified] = CAST(0 AS bit)
    ORDER BY [f].[LinkedAt] DESC
) AS [f0]
INNER JOIN [AspNetUsers] AS [a] ON [f0].[UserId] = [a].[Id]
INNER JOIN [Prisoners] AS [p] ON [f0].[PrisonerId] = [p].[PrisonerId]
ORDER BY [f0].[LinkedAt] DESC
2026-03-19 00:20:50.878 +05:30 [INF] Executed DbCommand (8ms) [Parameters=[@p='?' (DbType = Int32)], CommandType='"Text"', CommandTimeout='30']
SELECT TOP(@p) [a].[Id], [a].[AccessFailedCount], [a].[Address], [a].[ConcurrencyStamp], [a].[CreatedAt], [a].[Email], [a].[EmailConfirmed], [a].[FullName], [a].[IsActive], [a].[LockoutEnabled], [a].[LockoutEnd], [a].[NormalizedEmail], [a].[NormalizedUserName], [a].[PasswordHash], [a].[PhoneNumber], [a].[PhoneNumberConfirmed], [a].[Role], [a].[SecurityStamp], [a].[TwoFactorEnabled], [a].[UserName]
FROM [AspNetUsers] AS [a]
ORDER BY [a].[CreatedAt] DESC
2026-03-19 00:20:50.888 +05:30 [INF] Executing ViewResult, running view Dashboard.
2026-03-19 00:20:50.900 +05:30 [INF] Executed ViewResult - view Dashboard executed in 11.9935ms.
2026-03-19 00:20:50.907 +05:30 [INF] Executed action PrisonerPortal.Controllers.AdminController.Dashboard (PrisonerPortal) in 289.812ms
2026-03-19 00:20:50.917 +05:30 [INF] Executed endpoint 'PrisonerPortal.Controllers.AdminController.Dashboard (PrisonerPortal)'
2026-03-19 00:20:50.927 +05:30 [INF] Request finished HTTP/1.1 GET http://localhost:5050/Admin/Dashboard - 200 null text/html; charset=utf-8 350.9776ms
2026-03-19 00:20:50.991 +05:30 [INF] Request starting HTTP/1.1 GET http://localhost:5050/Notifications/GetUnreadCount - null null
2026-03-19 00:20:51.009 +05:30 [INF] Executing endpoint 'PrisonerPortal.Controllers.NotificationsController.GetUnreadCount (PrisonerPortal)'
2026-03-19 00:20:51.016 +05:30 [INF] Route matched with {action = "GetUnreadCount", controller = "Notifications"}. Executing controller action with signature Microsoft.AspNetCore.Mvc.IActionResult GetUnreadCount() on controller PrisonerPortal.Controllers.NotificationsController (PrisonerPortal).
2026-03-19 00:20:51.033 +05:30 [INF] Executed DbCommand (1ms) [Parameters=[@userId='?' (Size = 450)], CommandType='"Text"', CommandTimeout='30']
SELECT COUNT(*)
FROM [Notifications] AS [n]
WHERE [n].[UserId] = @userId AND [n].[IsRead] = CAST(0 AS bit)
2026-03-19 00:20:51.047 +05:30 [INF] Executing JsonResult, writing value of type '<>f__AnonymousType2`1[[System.Int32, System.Private.CoreLib, Version=10.0.0.0, Culture=neutral, PublicKeyToken=7cec85d7bea7798e]]'.
2026-03-19 00:20:51.053 +05:30 [INF] Executed action PrisonerPortal.Controllers.NotificationsController.GetUnreadCount (PrisonerPortal) in 22.0331ms
2026-03-19 00:20:51.064 +05:30 [INF] Executed endpoint 'PrisonerPortal.Controllers.NotificationsController.GetUnreadCount (PrisonerPortal)'
2026-03-19 00:20:51.069 +05:30 [INF] Request finished HTTP/1.1 GET http://localhost:5050/Notifications/GetUnreadCount - 200 null application/json; charset=utf-8 78.2678ms
2026-03-19 00:20:57.857 +05:30 [INF] Request starting HTTP/1.1 POST http://localhost:5050/Account/Logout - application/x-www-form-urlencoded 225
2026-03-19 00:20:57.893 +05:30 [INF] Executing endpoint 'PrisonerPortal.Controllers.AccountController.Logout (PrisonerPortal)'
2026-03-19 00:20:57.931 +05:30 [INF] Route matched with {action = "Logout", controller = "Account"}. Executing controller action with signature System.Threading.Tasks.Task`1[Microsoft.AspNetCore.Mvc.IActionResult] Logout() on controller PrisonerPortal.Controllers.AccountController (PrisonerPortal).
2026-03-19 00:20:58.061 +05:30 [INF] Executed DbCommand (32ms) [Parameters=[@p0='?' (Size = 4000), @p1='?' (Size = 4000), @p2='?' (Size = 4000), @p3='?' (Size = 4000), @p4='?' (Size = 4000), @p5='?' (Size = 4000), @p6='?' (DbType = DateTime2), @p7='?' (Size = 450)], CommandType='"Text"', CommandTimeout='30']
SET IMPLICIT_TRANSACTIONS OFF;
SET NOCOUNT ON;
INSERT INTO [AuditLogs] ([Action], [EntityId], [EntityType], [IPAddress], [NewValues], [OldValues], [Timestamp], [UserId])
OUTPUT INSERTED.[LogId]
VALUES (@p0, @p1, @p2, @p3, @p4, @p5, @p6, @p7);
2026-03-19 00:20:58.098 +05:30 [INF] AuthenticationScheme: Identity.Application signed out.
2026-03-19 00:20:58.110 +05:30 [INF] AuthenticationScheme: Identity.External signed out.
2026-03-19 00:20:58.120 +05:30 [INF] AuthenticationScheme: Identity.TwoFactorUserId signed out.
2026-03-19 00:20:58.132 +05:30 [INF] Executing RedirectResult, redirecting to /.
2026-03-19 00:20:58.141 +05:30 [INF] Executed action PrisonerPortal.Controllers.AccountController.Logout (PrisonerPortal) in 192.9982ms
2026-03-19 00:20:58.154 +05:30 [INF] Executed endpoint 'PrisonerPortal.Controllers.AccountController.Logout (PrisonerPortal)'
2026-03-19 00:20:58.165 +05:30 [INF] Request finished HTTP/1.1 POST http://localhost:5050/Account/Logout - 302 0 null 308.5019ms
2026-03-19 00:20:58.189 +05:30 [INF] Request starting HTTP/1.1 GET http://localhost:5050/ - null null
2026-03-19 00:20:58.213 +05:30 [INF] Executing endpoint 'PrisonerPortal.Controllers.AccountController.Login (PrisonerPortal)'
2026-03-19 00:20:58.221 +05:30 [INF] Route matched with {action = "Login", controller = "Account"}. Executing controller action with signature Microsoft.AspNetCore.Mvc.IActionResult Login(System.String) on controller PrisonerPortal.Controllers.AccountController (PrisonerPortal).
2026-03-19 00:20:58.248 +05:30 [INF] Executing ViewResult, running view Login.
2026-03-19 00:20:58.320 +05:30 [INF] Executed ViewResult - view Login executed in 75.2553ms.
2026-03-19 00:20:58.332 +05:30 [INF] Executed action PrisonerPortal.Controllers.AccountController.Login (PrisonerPortal) in 96.2264ms
2026-03-19 00:20:58.344 +05:30 [INF] Executed endpoint 'PrisonerPortal.Controllers.AccountController.Login (PrisonerPortal)'
2026-03-19 00:20:58.350 +05:30 [INF] Request finished HTTP/1.1 GET http://localhost:5050/ - 200 null text/html; charset=utf-8 160.3944ms
2026-03-19 00:21:07.528 +05:30 [INF] Request starting HTTP/1.1 POST http://localhost:5050/ - application/x-www-form-urlencoded 264
2026-03-19 00:21:07.544 +05:30 [INF] Executing endpoint 'PrisonerPortal.Controllers.AccountController.Login (PrisonerPortal)'
2026-03-19 00:21:07.592 +05:30 [INF] Route matched with {action = "Login", controller = "Account"}. Executing controller action with signature System.Threading.Tasks.Task`1[Microsoft.AspNetCore.Mvc.IActionResult] Login(PrisonerPortal.Models.ViewModels.LoginViewModel, System.String) on controller PrisonerPortal.Controllers.AccountController (PrisonerPortal).
2026-03-19 00:21:07.627 +05:30 [INF] Executed DbCommand (9ms) [Parameters=[@normalizedEmail='?' (Size = 256)], CommandType='"Text"', CommandTimeout='30']
SELECT TOP(2) [a].[Id], [a].[AccessFailedCount], [a].[Address], [a].[ConcurrencyStamp], [a].[CreatedAt], [a].[Email], [a].[EmailConfirmed], [a].[FullName], [a].[IsActive], [a].[LockoutEnabled], [a].[LockoutEnd], [a].[NormalizedEmail], [a].[NormalizedUserName], [a].[PasswordHash], [a].[PhoneNumber], [a].[PhoneNumberConfirmed], [a].[Role], [a].[SecurityStamp], [a].[TwoFactorEnabled], [a].[UserName]
FROM [AspNetUsers] AS [a]
WHERE [a].[NormalizedEmail] = @normalizedEmail
2026-03-19 00:21:07.710 +05:30 [INF] Executed DbCommand (6ms) [Parameters=[@normalizedUserName='?' (Size = 256)], CommandType='"Text"', CommandTimeout='30']
SELECT TOP(1) [a].[Id], [a].[AccessFailedCount], [a].[Address], [a].[ConcurrencyStamp], [a].[CreatedAt], [a].[Email], [a].[EmailConfirmed], [a].[FullName], [a].[IsActive], [a].[LockoutEnabled], [a].[LockoutEnd], [a].[NormalizedEmail], [a].[NormalizedUserName], [a].[PasswordHash], [a].[PhoneNumber], [a].[PhoneNumberConfirmed], [a].[Role], [a].[SecurityStamp], [a].[TwoFactorEnabled], [a].[UserName]
FROM [AspNetUsers] AS [a]
WHERE [a].[NormalizedUserName] = @normalizedUserName
2026-03-19 00:21:08.121 +05:30 [INF] Executed DbCommand (8ms) [Parameters=[@user_Id='?' (Size = 450)], CommandType='"Text"', CommandTimeout='30']
SELECT [a].[Id], [a].[ClaimType], [a].[ClaimValue], [a].[UserId]
FROM [AspNetUserClaims] AS [a]
WHERE [a].[UserId] = @user_Id
2026-03-19 00:21:08.241 +05:30 [INF] Executed DbCommand (25ms) [Parameters=[@userId='?' (Size = 450)], CommandType='"Text"', CommandTimeout='30']
SELECT [a0].[Name]
FROM [AspNetUserRoles] AS [a]
INNER JOIN [AspNetRoles] AS [a0] ON [a].[RoleId] = [a0].[Id]
WHERE [a].[UserId] = @userId
2026-03-19 00:21:08.263 +05:30 [INF] Executed DbCommand (5ms) [Parameters=[@normalizedName='?' (Size = 256)], CommandType='"Text"', CommandTimeout='30']
SELECT TOP(1) [a].[Id], [a].[ConcurrencyStamp], [a].[Name], [a].[NormalizedName]
FROM [AspNetRoles] AS [a]
WHERE [a].[NormalizedName] = @normalizedName
2026-03-19 00:21:08.330 +05:30 [INF] Executed DbCommand (4ms) [Parameters=[@role_Id='?' (Size = 450)], CommandType='"Text"', CommandTimeout='30']
SELECT [a].[ClaimType], [a].[ClaimValue]
FROM [AspNetRoleClaims] AS [a]
WHERE [a].[RoleId] = @role_Id
2026-03-19 00:21:08.353 +05:30 [INF] AuthenticationScheme: Identity.Application signed in.
2026-03-19 00:21:08.393 +05:30 [INF] Executed DbCommand (18ms) [Parameters=[@p0='?' (Size = 4000), @p1='?' (Size = 4000), @p2='?' (Size = 4000), @p3='?' (Size = 4000), @p4='?' (Size = 4000), @p5='?' (Size = 4000), @p6='?' (DbType = DateTime2), @p7='?' (Size = 450)], CommandType='"Text"', CommandTimeout='30']
SET IMPLICIT_TRANSACTIONS OFF;
SET NOCOUNT ON;
INSERT INTO [AuditLogs] ([Action], [EntityId], [EntityType], [IPAddress], [NewValues], [OldValues], [Timestamp], [UserId])
OUTPUT INSERTED.[LogId]
VALUES (@p0, @p1, @p2, @p3, @p4, @p5, @p6, @p7);
2026-03-19 00:21:08.409 +05:30 [INF] Executed DbCommand (1ms) [Parameters=[@userId='?' (Size = 450)], CommandType='"Text"', CommandTimeout='30']
SELECT [a0].[Name]
FROM [AspNetUserRoles] AS [a]
INNER JOIN [AspNetRoles] AS [a0] ON [a].[RoleId] = [a0].[Id]
WHERE [a].[UserId] = @userId
2026-03-19 00:21:08.415 +05:30 [INF] Executing RedirectResult, redirecting to /Family/Dashboard.
2026-03-19 00:21:08.423 +05:30 [INF] Executed action PrisonerPortal.Controllers.AccountController.Login (PrisonerPortal) in 818.3838ms
2026-03-19 00:21:08.429 +05:30 [INF] Executed endpoint 'PrisonerPortal.Controllers.AccountController.Login (PrisonerPortal)'
2026-03-19 00:21:08.435 +05:30 [INF] Request finished HTTP/1.1 POST http://localhost:5050/ - 302 0 null 907.3544ms
2026-03-19 00:21:08.455 +05:30 [INF] Request starting HTTP/1.1 GET http://localhost:5050/Family/Dashboard - null null
2026-03-19 00:21:08.470 +05:30 [INF] Executing endpoint 'PrisonerPortal.Controllers.FamilyController.Dashboard (PrisonerPortal)'
2026-03-19 00:21:08.501 +05:30 [INF] Route matched with {action = "Dashboard", controller = "Family"}. Executing controller action with signature System.Threading.Tasks.Task`1[Microsoft.AspNetCore.Mvc.IActionResult] Dashboard() on controller PrisonerPortal.Controllers.FamilyController (PrisonerPortal).
2026-03-19 00:21:08.576 +05:30 [INF] Executed DbCommand (6ms) [Parameters=[@p='?' (Size = 450)], CommandType='"Text"', CommandTimeout='30']
SELECT TOP(1) [a].[Id], [a].[AccessFailedCount], [a].[Address], [a].[ConcurrencyStamp], [a].[CreatedAt], [a].[Email], [a].[EmailConfirmed], [a].[FullName], [a].[IsActive], [a].[LockoutEnabled], [a].[LockoutEnd], [a].[NormalizedEmail], [a].[NormalizedUserName], [a].[PasswordHash], [a].[PhoneNumber], [a].[PhoneNumberConfirmed], [a].[Role], [a].[SecurityStamp], [a].[TwoFactorEnabled], [a].[UserName]
FROM [AspNetUsers] AS [a]
WHERE [a].[Id] = @p
2026-03-19 00:21:08.663 +05:30 [INF] Executed DbCommand (8ms) [Parameters=[@userId='?' (Size = 450)], CommandType='"Text"', CommandTimeout='30']
SELECT [f].[LinkId], [f].[IsVerified], [f].[LinkedAt], [f].[PrisonerId], [f].[Relationship], [f].[UserId], [f].[VerifiedByAdminId], [p].[PrisonerId], [p].[CaseNumber], [p].[CellBlock], [p].[CellNumber], [p].[CreatedAt], [p].[CrimeCategory], [p].[DateOfBirth], [p].[FullName], [p].[Gender], [p].[PrisonerCode], [p].[SentenceEndDate], [p].[SentenceStartDate], [p].[Status], [p].[UpdatedAt]
FROM [FamilyPrisonerLinks] AS [f]
INNER JOIN [Prisoners] AS [p] ON [f].[PrisonerId] = [p].[PrisonerId]
WHERE [f].[UserId] = @userId AND [f].[IsVerified] = CAST(1 AS bit)
2026-03-19 00:21:08.763 +05:30 [INF] Executed DbCommand (11ms) [Parameters=[@userId='?' (Size = 450)], CommandType='"Text"', CommandTimeout='30']
SELECT [a].[AppointmentId], [a].[AdminNotes], [a].[AppointmentCode], [a].[BookedAt], [a].[NumVisitors], [a].[PrisonerId], [a].[Purpose], [a].[RejectionReason], [a].[SlotId], [a].[Status], [a].[UpdatedAt], [a].[UserId], [a].[VisitorNames], [p].[PrisonerId], [p].[CaseNumber], [p].[CellBlock], [p].[CellNumber], [p].[CreatedAt], [p].[CrimeCategory], [p].[DateOfBirth], [p].[FullName], [p].[Gender], [p].[PrisonerCode], [p].[SentenceEndDate], [p].[SentenceStartDate], [p].[Status], [p].[UpdatedAt], [v].[SlotId], [v].[CreatedAt], [v].[CreatedByAdminId], [v].[CurrentBookings], [v].[EndTime], [v].[IsActive], [v].[MaxCapacity], [v].[SlotDate], [v].[StartTime]
FROM [Appointments] AS [a]
INNER JOIN [Prisoners] AS [p] ON [a].[PrisonerId] = [p].[PrisonerId]
INNER JOIN [VisitSlots] AS [v] ON [a].[SlotId] = [v].[SlotId]
WHERE [a].[UserId] = @userId
ORDER BY [a].[BookedAt] DESC
2026-03-19 00:21:08.853 +05:30 [INF] Executed DbCommand (11ms) [Parameters=[@userId='?' (Size = 450)], CommandType='"Text"', CommandTimeout='30']
SELECT [s].[RequestId], [s].[AdminResponse], [s].[AssignedAdminId], [s].[Category], [s].[CreatedAt], [s].[Description], [s].[Priority], [s].[PrisonerId], [s].[RequestCode], [s].[ResolvedAt], [s].[Status], [s].[Subject], [s].[UpdatedAt], [s].[UserId], [p].[PrisonerId], [p].[CaseNumber], [p].[CellBlock], [p].[CellNumber], [p].[CreatedAt], [p].[CrimeCategory], [p].[DateOfBirth], [p].[FullName], [p].[Gender], [p].[PrisonerCode], [p].[SentenceEndDate], [p].[SentenceStartDate], [p].[Status], [p].[UpdatedAt]
FROM [SupportRequests] AS [s]
LEFT JOIN [Prisoners] AS [p] ON [s].[PrisonerId] = [p].[PrisonerId]
WHERE [s].[UserId] = @userId
ORDER BY [s].[CreatedAt] DESC
2026-03-19 00:21:08.910 +05:30 [INF] Executing ViewResult, running view Dashboard.
2026-03-19 00:21:09.149 +05:30 [INF] Executed ViewResult - view Dashboard executed in 241.8394ms.
2026-03-19 00:21:09.158 +05:30 [INF] Executed action PrisonerPortal.Controllers.FamilyController.Dashboard (PrisonerPortal) in 646.112ms
2026-03-19 00:21:09.164 +05:30 [INF] Executed endpoint 'PrisonerPortal.Controllers.FamilyController.Dashboard (PrisonerPortal)'
2026-03-19 00:21:09.174 +05:30 [INF] Request finished HTTP/1.1 GET http://localhost:5050/Family/Dashboard - 200 null text/html; charset=utf-8 719.4492ms
2026-03-19 00:21:09.245 +05:30 [INF] Request starting HTTP/1.1 GET http://localhost:5050/Notifications/GetUnreadCount - null null
2026-03-19 00:21:09.281 +05:30 [INF] Executing endpoint 'PrisonerPortal.Controllers.NotificationsController.GetUnreadCount (PrisonerPortal)'
2026-03-19 00:21:09.291 +05:30 [INF] Route matched with {action = "GetUnreadCount", controller = "Notifications"}. Executing controller action with signature Microsoft.AspNetCore.Mvc.IActionResult GetUnreadCount() on controller PrisonerPortal.Controllers.NotificationsController (PrisonerPortal).
2026-03-19 00:21:09.307 +05:30 [INF] Executed DbCommand (2ms) [Parameters=[@userId='?' (Size = 450)], CommandType='"Text"', CommandTimeout='30']
SELECT COUNT(*)
FROM [Notifications] AS [n]
WHERE [n].[UserId] = @userId AND [n].[IsRead] = CAST(0 AS bit)
2026-03-19 00:21:09.324 +05:30 [INF] Executing JsonResult, writing value of type '<>f__AnonymousType2`1[[System.Int32, System.Private.CoreLib, Version=10.0.0.0, Culture=neutral, PublicKeyToken=7cec85d7bea7798e]]'.
2026-03-19 00:21:09.332 +05:30 [INF] Executed action PrisonerPortal.Controllers.NotificationsController.GetUnreadCount (PrisonerPortal) in 33.3626ms
2026-03-19 00:21:09.342 +05:30 [INF] Executed endpoint 'PrisonerPortal.Controllers.NotificationsController.GetUnreadCount (PrisonerPortal)'
2026-03-19 00:21:09.352 +05:30 [INF] Request finished HTTP/1.1 GET http://localhost:5050/Notifications/GetUnreadCount - 200 null application/json; charset=utf-8 106.4555ms
2026-03-19 00:21:16.499 +05:30 [INF] Request starting HTTP/1.1 GET http://localhost:5050/Family/RequestDetail/1 - null null
2026-03-19 00:21:16.517 +05:30 [INF] Executing endpoint 'PrisonerPortal.Controllers.FamilyController.RequestDetail (PrisonerPortal)'
2026-03-19 00:21:16.557 +05:30 [INF] Route matched with {action = "RequestDetail", controller = "Family"}. Executing controller action with signature System.Threading.Tasks.Task`1[Microsoft.AspNetCore.Mvc.IActionResult] RequestDetail(Int32) on controller PrisonerPortal.Controllers.FamilyController (PrisonerPortal).
2026-03-19 00:21:16.577 +05:30 [INF] Executed DbCommand (1ms) [Parameters=[@p='?' (Size = 450)], CommandType='"Text"', CommandTimeout='30']
SELECT TOP(1) [a].[Id], [a].[AccessFailedCount], [a].[Address], [a].[ConcurrencyStamp], [a].[CreatedAt], [a].[Email], [a].[EmailConfirmed], [a].[FullName], [a].[IsActive], [a].[LockoutEnabled], [a].[LockoutEnd], [a].[NormalizedEmail], [a].[NormalizedUserName], [a].[PasswordHash], [a].[PhoneNumber], [a].[PhoneNumberConfirmed], [a].[Role], [a].[SecurityStamp], [a].[TwoFactorEnabled], [a].[UserName]
FROM [AspNetUsers] AS [a]
WHERE [a].[Id] = @p
2026-03-19 00:21:16.611 +05:30 [INF] Executed DbCommand (19ms) [Parameters=[@id='?' (DbType = Int32)], CommandType='"Text"', CommandTimeout='30']
SELECT TOP(1) [s].[RequestId], [s].[AdminResponse], [s].[AssignedAdminId], [s].[Category], [s].[CreatedAt], [s].[Description], [s].[Priority], [s].[PrisonerId], [s].[RequestCode], [s].[ResolvedAt], [s].[Status], [s].[Subject], [s].[UpdatedAt], [s].[UserId], [p].[PrisonerId], [p].[CaseNumber], [p].[CellBlock], [p].[CellNumber], [p].[CreatedAt], [p].[CrimeCategory], [p].[DateOfBirth], [p].[FullName], [p].[Gender], [p].[PrisonerCode], [p].[SentenceEndDate], [p].[SentenceStartDate], [p].[Status], [p].[UpdatedAt], [a].[Id], [a].[AccessFailedCount], [a].[Address], [a].[ConcurrencyStamp], [a].[CreatedAt], [a].[Email], [a].[EmailConfirmed], [a].[FullName], [a].[IsActive], [a].[LockoutEnabled], [a].[LockoutEnd], [a].[NormalizedEmail], [a].[NormalizedUserName], [a].[PasswordHash], [a].[PhoneNumber], [a].[PhoneNumberConfirmed], [a].[Role], [a].[SecurityStamp], [a].[TwoFactorEnabled], [a].[UserName], [a0].[Id], [a0].[AccessFailedCount], [a0].[Address], [a0].[ConcurrencyStamp], [a0].[CreatedAt], [a0].[Email], [a0].[EmailConfirmed], [a0].[FullName], [a0].[IsActive], [a0].[LockoutEnabled], [a0].[LockoutEnd], [a0].[NormalizedEmail], [a0].[NormalizedUserName], [a0].[PasswordHash], [a0].[PhoneNumber], [a0].[PhoneNumberConfirmed], [a0].[Role], [a0].[SecurityStamp], [a0].[TwoFactorEnabled], [a0].[UserName]
FROM [SupportRequests] AS [s]
LEFT JOIN [Prisoners] AS [p] ON [s].[PrisonerId] = [p].[PrisonerId]
INNER JOIN [AspNetUsers] AS [a] ON [s].[UserId] = [a].[Id]
LEFT JOIN [AspNetUsers] AS [a0] ON [s].[AssignedAdminId] = [a0].[Id]
WHERE [s].[RequestId] = @id
2026-03-19 00:21:16.633 +05:30 [INF] Executing ViewResult, running view RequestDetail.
2026-03-19 00:21:16.674 +05:30 [INF] Executed ViewResult - view RequestDetail executed in 48.3606ms.
2026-03-19 00:21:16.683 +05:30 [INF] Executed action PrisonerPortal.Controllers.FamilyController.RequestDetail (PrisonerPortal) in 111.5072ms
2026-03-19 00:21:16.690 +05:30 [INF] Executed endpoint 'PrisonerPortal.Controllers.FamilyController.RequestDetail (PrisonerPortal)'
2026-03-19 00:21:16.697 +05:30 [INF] Request finished HTTP/1.1 GET http://localhost:5050/Family/RequestDetail/1 - 200 null text/html; charset=utf-8 197.0419ms
2026-03-19 00:21:16.778 +05:30 [INF] Request starting HTTP/1.1 GET http://localhost:5050/Notifications/GetUnreadCount - null null
2026-03-19 00:21:16.794 +05:30 [INF] Executing endpoint 'PrisonerPortal.Controllers.NotificationsController.GetUnreadCount (PrisonerPortal)'
2026-03-19 00:21:16.804 +05:30 [INF] Route matched with {action = "GetUnreadCount", controller = "Notifications"}. Executing controller action with signature Microsoft.AspNetCore.Mvc.IActionResult GetUnreadCount() on controller PrisonerPortal.Controllers.NotificationsController (PrisonerPortal).
2026-03-19 00:21:16.820 +05:30 [INF] Executed DbCommand (2ms) [Parameters=[@userId='?' (Size = 450)], CommandType='"Text"', CommandTimeout='30']
SELECT COUNT(*)
FROM [Notifications] AS [n]
WHERE [n].[UserId] = @userId AND [n].[IsRead] = CAST(0 AS bit)
2026-03-19 00:21:16.838 +05:30 [INF] Executing JsonResult, writing value of type '<>f__AnonymousType2`1[[System.Int32, System.Private.CoreLib, Version=10.0.0.0, Culture=neutral, PublicKeyToken=7cec85d7bea7798e]]'.
2026-03-19 00:21:16.854 +05:30 [INF] Executed action PrisonerPortal.Controllers.NotificationsController.GetUnreadCount (PrisonerPortal) in 41.5567ms
2026-03-19 00:21:16.861 +05:30 [INF] Executed endpoint 'PrisonerPortal.Controllers.NotificationsController.GetUnreadCount (PrisonerPortal)'
2026-03-19 00:21:16.868 +05:30 [INF] Request finished HTTP/1.1 GET http://localhost:5050/Notifications/GetUnreadCount - 200 null application/json; charset=utf-8 89.7862ms
2026-03-19 00:21:43.433 +05:30 [INF] Request starting HTTP/1.1 GET http://localhost:5050/Notifications/Index - null null
2026-03-19 00:21:43.462 +05:30 [INF] Executing endpoint 'PrisonerPortal.Controllers.NotificationsController.Index (PrisonerPortal)'
2026-03-19 00:21:43.507 +05:30 [INF] Route matched with {action = "Index", controller = "Notifications"}. Executing controller action with signature System.Threading.Tasks.Task`1[Microsoft.AspNetCore.Mvc.IActionResult] Index() on controller PrisonerPortal.Controllers.NotificationsController (PrisonerPortal).
2026-03-19 00:21:43.566 +05:30 [INF] Executed DbCommand (5ms) [Parameters=[@userId='?' (Size = 450)], CommandType='"Text"', CommandTimeout='30']
SELECT [n].[NotificationId], [n].[CreatedAt], [n].[IsRead], [n].[Message], [n].[RelatedEntityId], [n].[RelatedEntityType], [n].[Title], [n].[Type], [n].[UserId]
FROM [Notifications] AS [n]
WHERE [n].[UserId] = @userId
ORDER BY [n].[CreatedAt] DESC
2026-03-19 00:21:43.586 +05:30 [INF] Executing ViewResult, running view Index.
2026-03-19 00:21:43.636 +05:30 [INF] Executed ViewResult - view Index executed in 53.3893ms.
2026-03-19 00:21:43.645 +05:30 [INF] Executed action PrisonerPortal.Controllers.NotificationsController.Index (PrisonerPortal) in 127.4396ms
2026-03-19 00:21:43.654 +05:30 [INF] Executed endpoint 'PrisonerPortal.Controllers.NotificationsController.Index (PrisonerPortal)'
2026-03-19 00:21:43.666 +05:30 [INF] Request finished HTTP/1.1 GET http://localhost:5050/Notifications/Index - 200 null text/html; charset=utf-8 232.5632ms
2026-03-19 00:21:43.713 +05:30 [INF] Request starting HTTP/1.1 GET http://localhost:5050/Notifications/GetUnreadCount - null null
2026-03-19 00:21:43.733 +05:30 [INF] Executing endpoint 'PrisonerPortal.Controllers.NotificationsController.GetUnreadCount (PrisonerPortal)'
2026-03-19 00:21:43.740 +05:30 [INF] Route matched with {action = "GetUnreadCount", controller = "Notifications"}. Executing controller action with signature Microsoft.AspNetCore.Mvc.IActionResult GetUnreadCount() on controller PrisonerPortal.Controllers.NotificationsController (PrisonerPortal).
2026-03-19 00:21:43.761 +05:30 [INF] Executed DbCommand (10ms) [Parameters=[@userId='?' (Size = 450)], CommandType='"Text"', CommandTimeout='30']
SELECT COUNT(*)
FROM [Notifications] AS [n]
WHERE [n].[UserId] = @userId AND [n].[IsRead] = CAST(0 AS bit)
2026-03-19 00:21:43.773 +05:30 [INF] Executing JsonResult, writing value of type '<>f__AnonymousType2`1[[System.Int32, System.Private.CoreLib, Version=10.0.0.0, Culture=neutral, PublicKeyToken=7cec85d7bea7798e]]'.
2026-03-19 00:21:43.780 +05:30 [INF] Executed action PrisonerPortal.Controllers.NotificationsController.GetUnreadCount (PrisonerPortal) in 31.3413ms
2026-03-19 00:21:43.790 +05:30 [INF] Executed endpoint 'PrisonerPortal.Controllers.NotificationsController.GetUnreadCount (PrisonerPortal)'
2026-03-19 00:21:43.798 +05:30 [INF] Request finished HTTP/1.1 GET http://localhost:5050/Notifications/GetUnreadCount - 200 null application/json; charset=utf-8 84.5502ms
2026-03-19 00:21:47.256 +05:30 [INF] Request starting HTTP/1.1 POST http://localhost:5050/Notifications/MarkAsRead - application/x-www-form-urlencoded 4
2026-03-19 00:21:47.265 +05:30 [INF] Executing endpoint 'PrisonerPortal.Controllers.NotificationsController.MarkAsRead (PrisonerPortal)'
2026-03-19 00:21:47.299 +05:30 [INF] Route matched with {action = "MarkAsRead", controller = "Notifications"}. Executing controller action with signature System.Threading.Tasks.Task`1[Microsoft.AspNetCore.Mvc.IActionResult] MarkAsRead(Int32) on controller PrisonerPortal.Controllers.NotificationsController (PrisonerPortal).
2026-03-19 00:21:47.386 +05:30 [INF] Executed DbCommand (23ms) [Parameters=[@p='?' (DbType = Int32)], CommandType='"Text"', CommandTimeout='30']
SELECT TOP(1) [n].[NotificationId], [n].[CreatedAt], [n].[IsRead], [n].[Message], [n].[RelatedEntityId], [n].[RelatedEntityType], [n].[Title], [n].[Type], [n].[UserId]
FROM [Notifications] AS [n]
WHERE [n].[NotificationId] = @p
2026-03-19 00:21:47.413 +05:30 [INF] Executed DbCommand (12ms) [Parameters=[@p1='?' (DbType = Int32), @p0='?' (DbType = Boolean)], CommandType='"Text"', CommandTimeout='30']
SET IMPLICIT_TRANSACTIONS OFF;
SET NOCOUNT ON;
UPDATE [Notifications] SET [IsRead] = @p0
OUTPUT 1
WHERE [NotificationId] = @p1;
2026-03-19 00:21:47.441 +05:30 [INF] Executing StatusCodeResult, setting HTTP status code 200
2026-03-19 00:21:47.447 +05:30 [INF] Executed action PrisonerPortal.Controllers.NotificationsController.MarkAsRead (PrisonerPortal) in 132.0623ms
2026-03-19 00:21:47.456 +05:30 [INF] Executed endpoint 'PrisonerPortal.Controllers.NotificationsController.MarkAsRead (PrisonerPortal)'
2026-03-19 00:21:47.462 +05:30 [INF] Request finished HTTP/1.1 POST http://localhost:5050/Notifications/MarkAsRead - 200 0 null 206.0505ms
2026-03-19 00:21:56.206 +05:30 [INF] Request starting HTTP/1.1 POST http://localhost:5050/Notifications/MarkAsRead - application/x-www-form-urlencoded 4
2026-03-19 00:21:56.226 +05:30 [INF] Executing endpoint 'PrisonerPortal.Controllers.NotificationsController.MarkAsRead (PrisonerPortal)'
2026-03-19 00:21:56.230 +05:30 [INF] Route matched with {action = "MarkAsRead", controller = "Notifications"}. Executing controller action with signature System.Threading.Tasks.Task`1[Microsoft.AspNetCore.Mvc.IActionResult] MarkAsRead(Int32) on controller PrisonerPortal.Controllers.NotificationsController (PrisonerPortal).
2026-03-19 00:21:56.259 +05:30 [INF] Executed DbCommand (2ms) [Parameters=[@p='?' (DbType = Int32)], CommandType='"Text"', CommandTimeout='30']
SELECT TOP(1) [n].[NotificationId], [n].[CreatedAt], [n].[IsRead], [n].[Message], [n].[RelatedEntityId], [n].[RelatedEntityType], [n].[Title], [n].[Type], [n].[UserId]
FROM [Notifications] AS [n]
WHERE [n].[NotificationId] = @p
2026-03-19 00:21:56.294 +05:30 [INF] Executed DbCommand (18ms) [Parameters=[@p1='?' (DbType = Int32), @p0='?' (DbType = Boolean)], CommandType='"Text"', CommandTimeout='30']
SET IMPLICIT_TRANSACTIONS OFF;
SET NOCOUNT ON;
UPDATE [Notifications] SET [IsRead] = @p0
OUTPUT 1
WHERE [NotificationId] = @p1;
2026-03-19 00:21:56.312 +05:30 [INF] Executing StatusCodeResult, setting HTTP status code 200
2026-03-19 00:21:56.318 +05:30 [INF] Executed action PrisonerPortal.Controllers.NotificationsController.MarkAsRead (PrisonerPortal) in 66.0608ms
2026-03-19 00:21:56.329 +05:30 [INF] Executed endpoint 'PrisonerPortal.Controllers.NotificationsController.MarkAsRead (PrisonerPortal)'
2026-03-19 00:21:56.340 +05:30 [INF] Request finished HTTP/1.1 POST http://localhost:5050/Notifications/MarkAsRead - 200 0 null 133.9934ms
2026-03-19 00:22:06.398 +05:30 [INF] Request starting HTTP/1.1 GET http://localhost:5050/Family/SearchPrisoner - null null
2026-03-19 00:22:06.411 +05:30 [INF] Executing endpoint 'PrisonerPortal.Controllers.FamilyController.SearchPrisoner (PrisonerPortal)'
2026-03-19 00:22:06.455 +05:30 [INF] Route matched with {action = "SearchPrisoner", controller = "Family"}. Executing controller action with signature System.Threading.Tasks.Task`1[Microsoft.AspNetCore.Mvc.IActionResult] SearchPrisoner(System.String) on controller PrisonerPortal.Controllers.FamilyController (PrisonerPortal).
2026-03-19 00:22:06.497 +05:30 [INF] Executed DbCommand (7ms) [Parameters=[@p='?' (Size = 450)], CommandType='"Text"', CommandTimeout='30']
SELECT TOP(1) [a].[Id], [a].[AccessFailedCount], [a].[Address], [a].[ConcurrencyStamp], [a].[CreatedAt], [a].[Email], [a].[EmailConfirmed], [a].[FullName], [a].[IsActive], [a].[LockoutEnabled], [a].[LockoutEnd], [a].[NormalizedEmail], [a].[NormalizedUserName], [a].[PasswordHash], [a].[PhoneNumber], [a].[PhoneNumberConfirmed], [a].[Role], [a].[SecurityStamp], [a].[TwoFactorEnabled], [a].[UserName]
FROM [AspNetUsers] AS [a]
WHERE [a].[Id] = @p
2026-03-19 00:22:06.545 +05:30 [INF] Executed DbCommand (5ms) [Parameters=[@user_Id='?' (Size = 450)], CommandType='"Text"', CommandTimeout='30']
SELECT [f].[LinkId], [f].[IsVerified], [f].[LinkedAt], [f].[PrisonerId], [f].[Relationship], [f].[UserId], [f].[VerifiedByAdminId]
FROM [FamilyPrisonerLinks] AS [f]
WHERE [f].[UserId] = @user_Id
2026-03-19 00:22:06.571 +05:30 [INF] Executing ViewResult, running view SearchPrisoner.
2026-03-19 00:22:06.622 +05:30 [INF] Executed ViewResult - view SearchPrisoner executed in 57.8346ms.
2026-03-19 00:22:06.634 +05:30 [INF] Executed action PrisonerPortal.Controllers.FamilyController.SearchPrisoner (PrisonerPortal) in 164.3796ms
2026-03-19 00:22:06.645 +05:30 [INF] Executed endpoint 'PrisonerPortal.Controllers.FamilyController.SearchPrisoner (PrisonerPortal)'
2026-03-19 00:22:06.654 +05:30 [INF] Request finished HTTP/1.1 GET http://localhost:5050/Family/SearchPrisoner - 200 null text/html; charset=utf-8 255.9939ms
2026-03-19 00:22:06.704 +05:30 [INF] Request starting HTTP/1.1 GET http://localhost:5050/Notifications/GetUnreadCount - null null
2026-03-19 00:22:06.720 +05:30 [INF] Executing endpoint 'PrisonerPortal.Controllers.NotificationsController.GetUnreadCount (PrisonerPortal)'
2026-03-19 00:22:06.729 +05:30 [INF] Route matched with {action = "GetUnreadCount", controller = "Notifications"}. Executing controller action with signature Microsoft.AspNetCore.Mvc.IActionResult GetUnreadCount() on controller PrisonerPortal.Controllers.NotificationsController (PrisonerPortal).
2026-03-19 00:22:06.744 +05:30 [INF] Executed DbCommand (2ms) [Parameters=[@userId='?' (Size = 450)], CommandType='"Text"', CommandTimeout='30']
SELECT COUNT(*)
FROM [Notifications] AS [n]
WHERE [n].[UserId] = @userId AND [n].[IsRead] = CAST(0 AS bit)
2026-03-19 00:22:06.757 +05:30 [INF] Executing JsonResult, writing value of type '<>f__AnonymousType2`1[[System.Int32, System.Private.CoreLib, Version=10.0.0.0, Culture=neutral, PublicKeyToken=7cec85d7bea7798e]]'.
2026-03-19 00:22:06.764 +05:30 [INF] Executed action PrisonerPortal.Controllers.NotificationsController.GetUnreadCount (PrisonerPortal) in 23.3615ms
2026-03-19 00:22:06.772 +05:30 [INF] Executed endpoint 'PrisonerPortal.Controllers.NotificationsController.GetUnreadCount (PrisonerPortal)'
2026-03-19 00:22:06.778 +05:30 [INF] Request finished HTTP/1.1 GET http://localhost:5050/Notifications/GetUnreadCount - 200 null application/json; charset=utf-8 74.3868ms
2026-03-19 00:22:08.921 +05:30 [INF] Request starting HTTP/1.1 GET http://localhost:5050/Family/BookVisit - null null
2026-03-19 00:22:08.936 +05:30 [INF] Executing endpoint 'PrisonerPortal.Controllers.FamilyController.BookVisit (PrisonerPortal)'
2026-03-19 00:22:08.969 +05:30 [INF] Route matched with {action = "BookVisit", controller = "Family"}. Executing controller action with signature System.Threading.Tasks.Task`1[Microsoft.AspNetCore.Mvc.IActionResult] BookVisit(System.Nullable`1[System.Int32]) on controller PrisonerPortal.Controllers.FamilyController (PrisonerPortal).
2026-03-19 00:22:08.995 +05:30 [INF] Executed DbCommand (2ms) [Parameters=[@p='?' (Size = 450)], CommandType='"Text"', CommandTimeout='30']
SELECT TOP(1) [a].[Id], [a].[AccessFailedCount], [a].[Address], [a].[ConcurrencyStamp], [a].[CreatedAt], [a].[Email], [a].[EmailConfirmed], [a].[FullName], [a].[IsActive], [a].[LockoutEnabled], [a].[LockoutEnd], [a].[NormalizedEmail], [a].[NormalizedUserName], [a].[PasswordHash], [a].[PhoneNumber], [a].[PhoneNumberConfirmed], [a].[Role], [a].[SecurityStamp], [a].[TwoFactorEnabled], [a].[UserName]
FROM [AspNetUsers] AS [a]
WHERE [a].[Id] = @p
2026-03-19 00:22:09.028 +05:30 [INF] Executed DbCommand (8ms) [Parameters=[@userId='?' (Size = 450)], CommandType='"Text"', CommandTimeout='30']
SELECT [f].[LinkId], [f].[IsVerified], [f].[LinkedAt], [f].[PrisonerId], [f].[Relationship], [f].[UserId], [f].[VerifiedByAdminId], [p].[PrisonerId], [p].[CaseNumber], [p].[CellBlock], [p].[CellNumber], [p].[CreatedAt], [p].[CrimeCategory], [p].[DateOfBirth], [p].[FullName], [p].[Gender], [p].[PrisonerCode], [p].[SentenceEndDate], [p].[SentenceStartDate], [p].[Status], [p].[UpdatedAt]
FROM [FamilyPrisonerLinks] AS [f]
INNER JOIN [Prisoners] AS [p] ON [f].[PrisonerId] = [p].[PrisonerId]
WHERE [f].[UserId] = @userId AND [f].[IsVerified] = CAST(1 AS bit)
2026-03-19 00:22:09.110 +05:30 [INF] Executed DbCommand (23ms) [Parameters=[], CommandType='"Text"', CommandTimeout='30']
SELECT [v].[SlotId], [v].[CreatedAt], [v].[CreatedByAdminId], [v].[CurrentBookings], [v].[EndTime], [v].[IsActive], [v].[MaxCapacity], [v].[SlotDate], [v].[StartTime]
FROM [VisitSlots] AS [v]
WHERE [v].[IsActive] = CAST(1 AS bit) AND [v].[SlotDate] >= CONVERT(date, GETDATE()) AND [v].[CurrentBookings] < [v].[MaxCapacity]
ORDER BY [v].[SlotDate], [v].[StartTime]
2026-03-19 00:22:09.140 +05:30 [INF] Executing ViewResult, running view BookVisit.
2026-03-19 00:22:09.282 +05:30 [INF] Executed ViewResult - view BookVisit executed in 144.7747ms.
2026-03-19 00:22:09.292 +05:30 [INF] Executed action PrisonerPortal.Controllers.FamilyController.BookVisit (PrisonerPortal) in 304.1846ms
2026-03-19 00:22:09.296 +05:30 [INF] Executed endpoint 'PrisonerPortal.Controllers.FamilyController.BookVisit (PrisonerPortal)'
2026-03-19 00:22:09.305 +05:30 [INF] Request finished HTTP/1.1 GET http://localhost:5050/Family/BookVisit - 200 null text/html; charset=utf-8 384.0321ms
2026-03-19 00:22:09.355 +05:30 [INF] Request starting HTTP/1.1 GET http://localhost:5050/Notifications/GetUnreadCount - null null
2026-03-19 00:22:09.372 +05:30 [INF] Executing endpoint 'PrisonerPortal.Controllers.NotificationsController.GetUnreadCount (PrisonerPortal)'
2026-03-19 00:22:09.376 +05:30 [INF] Route matched with {action = "GetUnreadCount", controller = "Notifications"}. Executing controller action with signature Microsoft.AspNetCore.Mvc.IActionResult GetUnreadCount() on controller PrisonerPortal.Controllers.NotificationsController (PrisonerPortal).
2026-03-19 00:22:09.390 +05:30 [INF] Executed DbCommand (1ms) [Parameters=[@userId='?' (Size = 450)], CommandType='"Text"', CommandTimeout='30']
SELECT COUNT(*)
FROM [Notifications] AS [n]
WHERE [n].[UserId] = @userId AND [n].[IsRead] = CAST(0 AS bit)
2026-03-19 00:22:09.404 +05:30 [INF] Executing JsonResult, writing value of type '<>f__AnonymousType2`1[[System.Int32, System.Private.CoreLib, Version=10.0.0.0, Culture=neutral, PublicKeyToken=7cec85d7bea7798e]]'.
2026-03-19 00:22:09.409 +05:30 [INF] Executed action PrisonerPortal.Controllers.NotificationsController.GetUnreadCount (PrisonerPortal) in 22.4553ms
2026-03-19 00:22:09.418 +05:30 [INF] Executed endpoint 'PrisonerPortal.Controllers.NotificationsController.GetUnreadCount (PrisonerPortal)'
2026-03-19 00:22:09.423 +05:30 [INF] Request finished HTTP/1.1 GET http://localhost:5050/Notifications/GetUnreadCount - 200 null application/json; charset=utf-8 68.0019ms
2026-03-19 00:22:39.362 +05:30 [INF] Request starting HTTP/1.1 GET http://localhost:5050/Notifications/GetUnreadCount - null null
2026-03-19 00:22:39.372 +05:30 [INF] Executing endpoint 'PrisonerPortal.Controllers.NotificationsController.GetUnreadCount (PrisonerPortal)'
2026-03-19 00:22:39.374 +05:30 [INF] Route matched with {action = "GetUnreadCount", controller = "Notifications"}. Executing controller action with signature Microsoft.AspNetCore.Mvc.IActionResult GetUnreadCount() on controller PrisonerPortal.Controllers.NotificationsController (PrisonerPortal).
2026-03-19 00:22:39.390 +05:30 [INF] Executed DbCommand (10ms) [Parameters=[@userId='?' (Size = 450)], CommandType='"Text"', CommandTimeout='30']
SELECT COUNT(*)
FROM [Notifications] AS [n]
WHERE [n].[UserId] = @userId AND [n].[IsRead] = CAST(0 AS bit)
2026-03-19 00:22:39.395 +05:30 [INF] Executing JsonResult, writing value of type '<>f__AnonymousType2`1[[System.Int32, System.Private.CoreLib, Version=10.0.0.0, Culture=neutral, PublicKeyToken=7cec85d7bea7798e]]'.
2026-03-19 00:22:39.397 +05:30 [INF] Executed action PrisonerPortal.Controllers.NotificationsController.GetUnreadCount (PrisonerPortal) in 19.0531ms
2026-03-19 00:22:39.403 +05:30 [INF] Executed endpoint 'PrisonerPortal.Controllers.NotificationsController.GetUnreadCount (PrisonerPortal)'
2026-03-19 00:22:39.409 +05:30 [INF] Request finished HTTP/1.1 GET http://localhost:5050/Notifications/GetUnreadCount - 200 null application/json; charset=utf-8 46.8879ms
2026-03-19 00:22:43.486 +05:30 [INF] Request starting HTTP/1.1 GET http://localhost:5050/Family/MyRequests - null null
2026-03-19 00:22:43.509 +05:30 [INF] Executing endpoint 'PrisonerPortal.Controllers.FamilyController.MyRequests (PrisonerPortal)'
2026-03-19 00:22:43.555 +05:30 [INF] Route matched with {action = "MyRequests", controller = "Family"}. Executing controller action with signature System.Threading.Tasks.Task`1[Microsoft.AspNetCore.Mvc.IActionResult] MyRequests() on controller PrisonerPortal.Controllers.FamilyController (PrisonerPortal).
2026-03-19 00:22:43.584 +05:30 [INF] Executed DbCommand (6ms) [Parameters=[@p='?' (Size = 450)], CommandType='"Text"', CommandTimeout='30']
SELECT TOP(1) [a].[Id], [a].[AccessFailedCount], [a].[Address], [a].[ConcurrencyStamp], [a].[CreatedAt], [a].[Email], [a].[EmailConfirmed], [a].[FullName], [a].[IsActive], [a].[LockoutEnabled], [a].[LockoutEnd], [a].[NormalizedEmail], [a].[NormalizedUserName], [a].[PasswordHash], [a].[PhoneNumber], [a].[PhoneNumberConfirmed], [a].[Role], [a].[SecurityStamp], [a].[TwoFactorEnabled], [a].[UserName]
FROM [AspNetUsers] AS [a]
WHERE [a].[Id] = @p
2026-03-19 00:22:43.624 +05:30 [INF] Executed DbCommand (15ms) [Parameters=[@userId='?' (Size = 450)], CommandType='"Text"', CommandTimeout='30']
SELECT [s].[RequestId], [s].[AdminResponse], [s].[AssignedAdminId], [s].[Category], [s].[CreatedAt], [s].[Description], [s].[Priority], [s].[PrisonerId], [s].[RequestCode], [s].[ResolvedAt], [s].[Status], [s].[Subject], [s].[UpdatedAt], [s].[UserId], [p].[PrisonerId], [p].[CaseNumber], [p].[CellBlock], [p].[CellNumber], [p].[CreatedAt], [p].[CrimeCategory], [p].[DateOfBirth], [p].[FullName], [p].[Gender], [p].[PrisonerCode], [p].[SentenceEndDate], [p].[SentenceStartDate], [p].[Status], [p].[UpdatedAt]
FROM [SupportRequests] AS [s]
LEFT JOIN [Prisoners] AS [p] ON [s].[PrisonerId] = [p].[PrisonerId]
WHERE [s].[UserId] = @userId
ORDER BY [s].[CreatedAt] DESC
2026-03-19 00:22:43.641 +05:30 [INF] Executing ViewResult, running view MyRequests.
2026-03-19 00:22:43.688 +05:30 [INF] Executed ViewResult - view MyRequests executed in 54.211ms.
2026-03-19 00:22:43.697 +05:30 [INF] Executed action PrisonerPortal.Controllers.FamilyController.MyRequests (PrisonerPortal) in 124.5673ms
2026-03-19 00:22:43.707 +05:30 [INF] Executed endpoint 'PrisonerPortal.Controllers.FamilyController.MyRequests (PrisonerPortal)'
2026-03-19 00:22:43.714 +05:30 [INF] Request finished HTTP/1.1 GET http://localhost:5050/Family/MyRequests - 200 null text/html; charset=utf-8 227.6064ms
2026-03-19 00:22:43.768 +05:30 [INF] Request starting HTTP/1.1 GET http://localhost:5050/Notifications/GetUnreadCount - null null
2026-03-19 00:22:43.790 +05:30 [INF] Executing endpoint 'PrisonerPortal.Controllers.NotificationsController.GetUnreadCount (PrisonerPortal)'
2026-03-19 00:22:43.795 +05:30 [INF] Route matched with {action = "GetUnreadCount", controller = "Notifications"}. Executing controller action with signature Microsoft.AspNetCore.Mvc.IActionResult GetUnreadCount() on controller PrisonerPortal.Controllers.NotificationsController (PrisonerPortal).
2026-03-19 00:22:43.808 +05:30 [INF] Executed DbCommand (1ms) [Parameters=[@userId='?' (Size = 450)], CommandType='"Text"', CommandTimeout='30']
SELECT COUNT(*)
FROM [Notifications] AS [n]
WHERE [n].[UserId] = @userId AND [n].[IsRead] = CAST(0 AS bit)
2026-03-19 00:22:43.820 +05:30 [INF] Executing JsonResult, writing value of type '<>f__AnonymousType2`1[[System.Int32, System.Private.CoreLib, Version=10.0.0.0, Culture=neutral, PublicKeyToken=7cec85d7bea7798e]]'.
2026-03-19 00:22:43.826 +05:30 [INF] Executed action PrisonerPortal.Controllers.NotificationsController.GetUnreadCount (PrisonerPortal) in 22.0744ms
2026-03-19 00:22:43.832 +05:30 [INF] Executed endpoint 'PrisonerPortal.Controllers.NotificationsController.GetUnreadCount (PrisonerPortal)'
2026-03-19 00:22:43.840 +05:30 [INF] Request finished HTTP/1.1 GET http://localhost:5050/Notifications/GetUnreadCount - 200 null application/json; charset=utf-8 71.1242ms
2026-03-19 00:22:49.811 +05:30 [INF] Request starting HTTP/1.1 GET http://localhost:5050/Notifications/Index - null null
2026-03-19 00:22:49.827 +05:30 [INF] Executing endpoint 'PrisonerPortal.Controllers.NotificationsController.Index (PrisonerPortal)'
2026-03-19 00:22:49.831 +05:30 [INF] Route matched with {action = "Index", controller = "Notifications"}. Executing controller action with signature System.Threading.Tasks.Task`1[Microsoft.AspNetCore.Mvc.IActionResult] Index() on controller PrisonerPortal.Controllers.NotificationsController (PrisonerPortal).
2026-03-19 00:22:49.858 +05:30 [INF] Executed DbCommand (13ms) [Parameters=[@userId='?' (Size = 450)], CommandType='"Text"', CommandTimeout='30']
SELECT [n].[NotificationId], [n].[CreatedAt], [n].[IsRead], [n].[Message], [n].[RelatedEntityId], [n].[RelatedEntityType], [n].[Title], [n].[Type], [n].[UserId]
FROM [Notifications] AS [n]
WHERE [n].[UserId] = @userId
ORDER BY [n].[CreatedAt] DESC
2026-03-19 00:22:49.874 +05:30 [INF] Executing ViewResult, running view Index.
2026-03-19 00:22:49.886 +05:30 [INF] Executed ViewResult - view Index executed in 11.9221ms.
2026-03-19 00:22:49.893 +05:30 [INF] Executed action PrisonerPortal.Controllers.NotificationsController.Index (PrisonerPortal) in 50.7805ms
2026-03-19 00:22:49.901 +05:30 [INF] Executed endpoint 'PrisonerPortal.Controllers.NotificationsController.Index (PrisonerPortal)'
2026-03-19 00:22:49.909 +05:30 [INF] Request finished HTTP/1.1 GET http://localhost:5050/Notifications/Index - 200 null text/html; charset=utf-8 97.6654ms
2026-03-19 00:22:49.955 +05:30 [INF] Request starting HTTP/1.1 GET http://localhost:5050/Notifications/GetUnreadCount - null null
2026-03-19 00:22:49.974 +05:30 [INF] Executing endpoint 'PrisonerPortal.Controllers.NotificationsController.GetUnreadCount (PrisonerPortal)'
2026-03-19 00:22:49.980 +05:30 [INF] Route matched with {action = "GetUnreadCount", controller = "Notifications"}. Executing controller action with signature Microsoft.AspNetCore.Mvc.IActionResult GetUnreadCount() on controller PrisonerPortal.Controllers.NotificationsController (PrisonerPortal).
2026-03-19 00:22:49.996 +05:30 [INF] Executed DbCommand (1ms) [Parameters=[@userId='?' (Size = 450)], CommandType='"Text"', CommandTimeout='30']
SELECT COUNT(*)
FROM [Notifications] AS [n]
WHERE [n].[UserId] = @userId AND [n].[IsRead] = CAST(0 AS bit)
2026-03-19 00:22:50.009 +05:30 [INF] Executing JsonResult, writing value of type '<>f__AnonymousType2`1[[System.Int32, System.Private.CoreLib, Version=10.0.0.0, Culture=neutral, PublicKeyToken=7cec85d7bea7798e]]'.
2026-03-19 00:22:50.018 +05:30 [INF] Executed action PrisonerPortal.Controllers.NotificationsController.GetUnreadCount (PrisonerPortal) in 25.4285ms
2026-03-19 00:22:50.024 +05:30 [INF] Executed endpoint 'PrisonerPortal.Controllers.NotificationsController.GetUnreadCount (PrisonerPortal)'
2026-03-19 00:22:50.029 +05:30 [INF] Request finished HTTP/1.1 GET http://localhost:5050/Notifications/GetUnreadCount - 200 null application/json; charset=utf-8 74.6227ms
2026-03-19 00:23:02.778 +05:30 [INF] Request starting HTTP/1.1 POST http://localhost:5050/Notifications/MarkAsRead - application/x-www-form-urlencoded 4
2026-03-19 00:23:02.793 +05:30 [INF] Executing endpoint 'PrisonerPortal.Controllers.NotificationsController.MarkAsRead (PrisonerPortal)'
2026-03-19 00:23:02.800 +05:30 [INF] Route matched with {action = "MarkAsRead", controller = "Notifications"}. Executing controller action with signature System.Threading.Tasks.Task`1[Microsoft.AspNetCore.Mvc.IActionResult] MarkAsRead(Int32) on controller PrisonerPortal.Controllers.NotificationsController (PrisonerPortal).
2026-03-19 00:23:02.830 +05:30 [INF] Executed DbCommand (7ms) [Parameters=[@p='?' (DbType = Int32)], CommandType='"Text"', CommandTimeout='30']
SELECT TOP(1) [n].[NotificationId], [n].[CreatedAt], [n].[IsRead], [n].[Message], [n].[RelatedEntityId], [n].[RelatedEntityType], [n].[Title], [n].[Type], [n].[UserId]
FROM [Notifications] AS [n]
WHERE [n].[NotificationId] = @p
2026-03-19 00:23:02.859 +05:30 [INF] Executed DbCommand (10ms) [Parameters=[@p1='?' (DbType = Int32), @p0='?' (DbType = Boolean)], CommandType='"Text"', CommandTimeout='30']
SET IMPLICIT_TRANSACTIONS OFF;
SET NOCOUNT ON;
UPDATE [Notifications] SET [IsRead] = @p0
OUTPUT 1
WHERE [NotificationId] = @p1;
2026-03-19 00:23:02.874 +05:30 [INF] Executing StatusCodeResult, setting HTTP status code 200
2026-03-19 00:23:02.881 +05:30 [INF] Executed action PrisonerPortal.Controllers.NotificationsController.MarkAsRead (PrisonerPortal) in 62.3505ms
2026-03-19 00:23:02.886 +05:30 [INF] Executed endpoint 'PrisonerPortal.Controllers.NotificationsController.MarkAsRead (PrisonerPortal)'
2026-03-19 00:23:02.890 +05:30 [INF] Request finished HTTP/1.1 POST http://localhost:5050/Notifications/MarkAsRead - 200 0 null 112.3938ms
2026-03-19 00:23:11.647 +05:30 [INF] Request starting HTTP/1.1 GET http://localhost:5050/Notifications/Index - null null
2026-03-19 00:23:11.669 +05:30 [INF] Executing endpoint 'PrisonerPortal.Controllers.NotificationsController.Index (PrisonerPortal)'
2026-03-19 00:23:11.675 +05:30 [INF] Route matched with {action = "Index", controller = "Notifications"}. Executing controller action with signature System.Threading.Tasks.Task`1[Microsoft.AspNetCore.Mvc.IActionResult] Index() on controller PrisonerPortal.Controllers.NotificationsController (PrisonerPortal).
2026-03-19 00:23:11.699 +05:30 [INF] Executed DbCommand (3ms) [Parameters=[@userId='?' (Size = 450)], CommandType='"Text"', CommandTimeout='30']
SELECT [n].[NotificationId], [n].[CreatedAt], [n].[IsRead], [n].[Message], [n].[RelatedEntityId], [n].[RelatedEntityType], [n].[Title], [n].[Type], [n].[UserId]
FROM [Notifications] AS [n]
WHERE [n].[UserId] = @userId
ORDER BY [n].[CreatedAt] DESC
2026-03-19 00:23:11.719 +05:30 [INF] Executing ViewResult, running view Index.
2026-03-19 00:23:11.733 +05:30 [INF] Executed ViewResult - view Index executed in 13.8398ms.
2026-03-19 00:23:11.741 +05:30 [INF] Executed action PrisonerPortal.Controllers.NotificationsController.Index (PrisonerPortal) in 47.4507ms
2026-03-19 00:23:11.751 +05:30 [INF] Executed endpoint 'PrisonerPortal.Controllers.NotificationsController.Index (PrisonerPortal)'
2026-03-19 00:23:11.761 +05:30 [INF] Request finished HTTP/1.1 GET http://localhost:5050/Notifications/Index - 200 null text/html; charset=utf-8 113.3741ms
2026-03-19 00:23:11.809 +05:30 [INF] Request starting HTTP/1.1 GET http://localhost:5050/Notifications/GetUnreadCount - null null
2026-03-19 00:23:11.823 +05:30 [INF] Executing endpoint 'PrisonerPortal.Controllers.NotificationsController.GetUnreadCount (PrisonerPortal)'
2026-03-19 00:23:11.831 +05:30 [INF] Route matched with {action = "GetUnreadCount", controller = "Notifications"}. Executing controller action with signature Microsoft.AspNetCore.Mvc.IActionResult GetUnreadCount() on controller PrisonerPortal.Controllers.NotificationsController (PrisonerPortal).
2026-03-19 00:23:11.845 +05:30 [INF] Executed DbCommand (2ms) [Parameters=[@userId='?' (Size = 450)], CommandType='"Text"', CommandTimeout='30']
SELECT COUNT(*)
FROM [Notifications] AS [n]
WHERE [n].[UserId] = @userId AND [n].[IsRead] = CAST(0 AS bit)
2026-03-19 00:23:11.858 +05:30 [INF] Request starting HTTP/1.1 GET http://localhost:5050/favicon.ico - null null
2026-03-19 00:23:11.859 +05:30 [INF] Executing JsonResult, writing value of type '<>f__AnonymousType2`1[[System.Int32, System.Private.CoreLib, Version=10.0.0.0, Culture=neutral, PublicKeyToken=7cec85d7bea7798e]]'.
2026-03-19 00:23:11.880 +05:30 [INF] Executed action PrisonerPortal.Controllers.NotificationsController.GetUnreadCount (PrisonerPortal) in 40ms
2026-03-19 00:23:11.886 +05:30 [INF] Executed endpoint 'PrisonerPortal.Controllers.NotificationsController.GetUnreadCount (PrisonerPortal)'
2026-03-19 00:23:11.892 +05:30 [INF] Request finished HTTP/1.1 GET http://localhost:5050/Notifications/GetUnreadCount - 200 null application/json; charset=utf-8 82.7363ms
2026-03-19 00:23:11.892 +05:30 [INF] The file /favicon.ico was not modified
2026-03-19 00:23:11.927 +05:30 [INF] Request finished HTTP/1.1 GET http://localhost:5050/favicon.ico - 304 null image/x-icon 68.2843ms
2026-03-19 00:23:29.119 +05:30 [INF] Request starting HTTP/1.1 GET http://localhost:5050/Account/Profile - null null
2026-03-19 00:23:29.145 +05:30 [INF] Executing endpoint 'PrisonerPortal.Controllers.AccountController.Profile (PrisonerPortal)'
2026-03-19 00:23:29.193 +05:30 [INF] Route matched with {action = "Profile", controller = "Account"}. Executing controller action with signature System.Threading.Tasks.Task`1[Microsoft.AspNetCore.Mvc.IActionResult] Profile() on controller PrisonerPortal.Controllers.AccountController (PrisonerPortal).
2026-03-19 00:23:29.215 +05:30 [INF] Executed DbCommand (1ms) [Parameters=[@p='?' (Size = 450)], CommandType='"Text"', CommandTimeout='30']
SELECT TOP(1) [a].[Id], [a].[AccessFailedCount], [a].[Address], [a].[ConcurrencyStamp], [a].[CreatedAt], [a].[Email], [a].[EmailConfirmed], [a].[FullName], [a].[IsActive], [a].[LockoutEnabled], [a].[LockoutEnd], [a].[NormalizedEmail], [a].[NormalizedUserName], [a].[PasswordHash], [a].[PhoneNumber], [a].[PhoneNumberConfirmed], [a].[Role], [a].[SecurityStamp], [a].[TwoFactorEnabled], [a].[UserName]
FROM [AspNetUsers] AS [a]
WHERE [a].[Id] = @p
2026-03-19 00:23:29.247 +05:30 [INF] Executing ViewResult, running view Profile.
2026-03-19 00:23:29.347 +05:30 [INF] Executed ViewResult - view Profile executed in 109.5042ms.
2026-03-19 00:23:29.358 +05:30 [INF] Executed action PrisonerPortal.Controllers.AccountController.Profile (PrisonerPortal) in 147.5577ms
2026-03-19 00:23:29.365 +05:30 [INF] Executed endpoint 'PrisonerPortal.Controllers.AccountController.Profile (PrisonerPortal)'
2026-03-19 00:23:29.373 +05:30 [INF] Request finished HTTP/1.1 GET http://localhost:5050/Account/Profile - 200 null text/html; charset=utf-8 254.3694ms
2026-03-19 00:23:29.435 +05:30 [INF] Request starting HTTP/1.1 GET http://localhost:5050/Notifications/GetUnreadCount - null null
2026-03-19 00:23:29.450 +05:30 [INF] Executing endpoint 'PrisonerPortal.Controllers.NotificationsController.GetUnreadCount (PrisonerPortal)'
2026-03-19 00:23:29.459 +05:30 [INF] Route matched with {action = "GetUnreadCount", controller = "Notifications"}. Executing controller action with signature Microsoft.AspNetCore.Mvc.IActionResult GetUnreadCount() on controller PrisonerPortal.Controllers.NotificationsController (PrisonerPortal).
2026-03-19 00:23:29.474 +05:30 [INF] Executed DbCommand (2ms) [Parameters=[@userId='?' (Size = 450)], CommandType='"Text"', CommandTimeout='30']
SELECT COUNT(*)
FROM [Notifications] AS [n]
WHERE [n].[UserId] = @userId AND [n].[IsRead] = CAST(0 AS bit)
2026-03-19 00:23:29.489 +05:30 [INF] Executing JsonResult, writing value of type '<>f__AnonymousType2`1[[System.Int32, System.Private.CoreLib, Version=10.0.0.0, Culture=neutral, PublicKeyToken=7cec85d7bea7798e]]'.
2026-03-19 00:23:29.498 +05:30 [INF] Executed action PrisonerPortal.Controllers.NotificationsController.GetUnreadCount (PrisonerPortal) in 30.2628ms
2026-03-19 00:23:29.509 +05:30 [INF] Executed endpoint 'PrisonerPortal.Controllers.NotificationsController.GetUnreadCount (PrisonerPortal)'
2026-03-19 00:23:29.520 +05:30 [INF] Request finished HTTP/1.1 GET http://localhost:5050/Notifications/GetUnreadCount - 200 null application/json; charset=utf-8 85.32ms
2026-03-19 00:23:31.832 +05:30 [INF] Request starting HTTP/1.1 GET http://localhost:5050/Account/ChangePassword - null null
2026-03-19 00:23:31.847 +05:30 [INF] Executing endpoint 'PrisonerPortal.Controllers.AccountController.ChangePassword (PrisonerPortal)'
2026-03-19 00:23:31.860 +05:30 [INF] Route matched with {action = "ChangePassword", controller = "Account"}. Executing controller action with signature Microsoft.AspNetCore.Mvc.IActionResult ChangePassword() on controller PrisonerPortal.Controllers.AccountController (PrisonerPortal).
2026-03-19 00:23:31.888 +05:30 [INF] Executing ViewResult, running view ChangePassword.
2026-03-19 00:23:31.962 +05:30 [INF] Executed ViewResult - view ChangePassword executed in 81.645ms.
2026-03-19 00:23:31.972 +05:30 [INF] Executed action PrisonerPortal.Controllers.AccountController.ChangePassword (PrisonerPortal) in 91.7832ms
2026-03-19 00:23:31.977 +05:30 [INF] Executed endpoint 'PrisonerPortal.Controllers.AccountController.ChangePassword (PrisonerPortal)'
2026-03-19 00:23:31.984 +05:30 [INF] Request finished HTTP/1.1 GET http://localhost:5050/Account/ChangePassword - 200 null text/html; charset=utf-8 152.2307ms
2026-03-19 00:23:32.069 +05:30 [INF] Request starting HTTP/1.1 GET http://localhost:5050/Notifications/GetUnreadCount - null null
2026-03-19 00:23:32.085 +05:30 [INF] Executing endpoint 'PrisonerPortal.Controllers.NotificationsController.GetUnreadCount (PrisonerPortal)'
2026-03-19 00:23:32.093 +05:30 [INF] Route matched with {action = "GetUnreadCount", controller = "Notifications"}. Executing controller action with signature Microsoft.AspNetCore.Mvc.IActionResult GetUnreadCount() on controller PrisonerPortal.Controllers.NotificationsController (PrisonerPortal).
2026-03-19 00:23:32.107 +05:30 [INF] Executed DbCommand (2ms) [Parameters=[@userId='?' (Size = 450)], CommandType='"Text"', CommandTimeout='30']
SELECT COUNT(*)
FROM [Notifications] AS [n]
WHERE [n].[UserId] = @userId AND [n].[IsRead] = CAST(0 AS bit)
2026-03-19 00:23:32.124 +05:30 [INF] Executing JsonResult, writing value of type '<>f__AnonymousType2`1[[System.Int32, System.Private.CoreLib, Version=10.0.0.0, Culture=neutral, PublicKeyToken=7cec85d7bea7798e]]'.
2026-03-19 00:23:32.131 +05:30 [INF] Executed action PrisonerPortal.Controllers.NotificationsController.GetUnreadCount (PrisonerPortal) in 29.1083ms
2026-03-19 00:23:32.141 +05:30 [INF] Executed endpoint 'PrisonerPortal.Controllers.NotificationsController.GetUnreadCount (PrisonerPortal)'
2026-03-19 00:23:32.149 +05:30 [INF] Request finished HTTP/1.1 GET http://localhost:5050/Notifications/GetUnreadCount - 200 null application/json; charset=utf-8 79.4806ms
2026-03-19 00:24:02.679 +05:30 [INF] Request starting HTTP/1.1 GET http://localhost:5050/Notifications/GetUnreadCount - null null
2026-03-19 00:24:02.695 +05:30 [INF] Executing endpoint 'PrisonerPortal.Controllers.NotificationsController.GetUnreadCount (PrisonerPortal)'
2026-03-19 00:24:02.697 +05:30 [INF] Route matched with {action = "GetUnreadCount", controller = "Notifications"}. Executing controller action with signature Microsoft.AspNetCore.Mvc.IActionResult GetUnreadCount() on controller PrisonerPortal.Controllers.NotificationsController (PrisonerPortal).
2026-03-19 00:24:02.711 +05:30 [INF] Executed DbCommand (10ms) [Parameters=[@userId='?' (Size = 450)], CommandType='"Text"', CommandTimeout='30']
SELECT COUNT(*)
FROM [Notifications] AS [n]
WHERE [n].[UserId] = @userId AND [n].[IsRead] = CAST(0 AS bit)
2026-03-19 00:24:02.723 +05:30 [INF] Executing JsonResult, writing value of type '<>f__AnonymousType2`1[[System.Int32, System.Private.CoreLib, Version=10.0.0.0, Culture=neutral, PublicKeyToken=7cec85d7bea7798e]]'.
2026-03-19 00:24:02.734 +05:30 [INF] Executed action PrisonerPortal.Controllers.NotificationsController.GetUnreadCount (PrisonerPortal) in 33.7664ms
2026-03-19 00:24:02.740 +05:30 [INF] Executed endpoint 'PrisonerPortal.Controllers.NotificationsController.GetUnreadCount (PrisonerPortal)'
2026-03-19 00:24:02.751 +05:30 [INF] Request finished HTTP/1.1 GET http://localhost:5050/Notifications/GetUnreadCount - 200 null application/json; charset=utf-8 71.4212ms
2026-03-19 00:24:32.671 +05:30 [INF] Request starting HTTP/1.1 GET http://localhost:5050/Notifications/GetUnreadCount - null null
2026-03-19 00:24:32.687 +05:30 [INF] Executing endpoint 'PrisonerPortal.Controllers.NotificationsController.GetUnreadCount (PrisonerPortal)'
2026-03-19 00:24:32.689 +05:30 [INF] Route matched with {action = "GetUnreadCount", controller = "Notifications"}. Executing controller action with signature Microsoft.AspNetCore.Mvc.IActionResult GetUnreadCount() on controller PrisonerPortal.Controllers.NotificationsController (PrisonerPortal).
2026-03-19 00:24:32.694 +05:30 [INF] Executed DbCommand (1ms) [Parameters=[@userId='?' (Size = 450)], CommandType='"Text"', CommandTimeout='30']
SELECT COUNT(*)
FROM [Notifications] AS [n]
WHERE [n].[UserId] = @userId AND [n].[IsRead] = CAST(0 AS bit)
2026-03-19 00:24:32.704 +05:30 [INF] Executing JsonResult, writing value of type '<>f__AnonymousType2`1[[System.Int32, System.Private.CoreLib, Version=10.0.0.0, Culture=neutral, PublicKeyToken=7cec85d7bea7798e]]'.
2026-03-19 00:24:32.706 +05:30 [INF] Executed action PrisonerPortal.Controllers.NotificationsController.GetUnreadCount (PrisonerPortal) in 13.8827ms
2026-03-19 00:24:32.709 +05:30 [INF] Executed endpoint 'PrisonerPortal.Controllers.NotificationsController.GetUnreadCount (PrisonerPortal)'
2026-03-19 00:24:32.711 +05:30 [INF] Request finished HTTP/1.1 GET http://localhost:5050/Notifications/GetUnreadCount - 200 null application/json; charset=utf-8 40.3698ms
2026-03-19 00:25:02.676 +05:30 [INF] Request starting HTTP/1.1 GET http://localhost:5050/Notifications/GetUnreadCount - null null
2026-03-19 00:25:02.686 +05:30 [INF] Executing endpoint 'PrisonerPortal.Controllers.NotificationsController.GetUnreadCount (PrisonerPortal)'
2026-03-19 00:25:02.691 +05:30 [INF] Route matched with {action = "GetUnreadCount", controller = "Notifications"}. Executing controller action with signature Microsoft.AspNetCore.Mvc.IActionResult GetUnreadCount() on controller PrisonerPortal.Controllers.NotificationsController (PrisonerPortal).
2026-03-19 00:25:02.706 +05:30 [INF] Executed DbCommand (9ms) [Parameters=[@userId='?' (Size = 450)], CommandType='"Text"', CommandTimeout='30']
SELECT COUNT(*)
FROM [Notifications] AS [n]
WHERE [n].[UserId] = @userId AND [n].[IsRead] = CAST(0 AS bit)
2026-03-19 00:25:02.713 +05:30 [INF] Executing JsonResult, writing value of type '<>f__AnonymousType2`1[[System.Int32, System.Private.CoreLib, Version=10.0.0.0, Culture=neutral, PublicKeyToken=7cec85d7bea7798e]]'.
2026-03-19 00:25:02.720 +05:30 [INF] Executed action PrisonerPortal.Controllers.NotificationsController.GetUnreadCount (PrisonerPortal) in 24.2675ms
2026-03-19 00:25:02.730 +05:30 [INF] Executed endpoint 'PrisonerPortal.Controllers.NotificationsController.GetUnreadCount (PrisonerPortal)'
2026-03-19 00:25:02.734 +05:30 [INF] Request finished HTTP/1.1 GET http://localhost:5050/Notifications/GetUnreadCount - 200 null application/json; charset=utf-8 58.7593ms
2026-03-19 00:25:32.674 +05:30 [INF] Request starting HTTP/1.1 GET http://localhost:5050/Notifications/GetUnreadCount - null null
2026-03-19 00:25:32.688 +05:30 [INF] Executing endpoint 'PrisonerPortal.Controllers.NotificationsController.GetUnreadCount (PrisonerPortal)'
2026-03-19 00:25:32.692 +05:30 [INF] Route matched with {action = "GetUnreadCount", controller = "Notifications"}. Executing controller action with signature Microsoft.AspNetCore.Mvc.IActionResult GetUnreadCount() on controller PrisonerPortal.Controllers.NotificationsController (PrisonerPortal).
2026-03-19 00:25:32.707 +05:30 [INF] Executed DbCommand (1ms) [Parameters=[@userId='?' (Size = 450)], CommandType='"Text"', CommandTimeout='30']
SELECT COUNT(*)
FROM [Notifications] AS [n]
WHERE [n].[UserId] = @userId AND [n].[IsRead] = CAST(0 AS bit)
2026-03-19 00:25:32.720 +05:30 [INF] Executing JsonResult, writing value of type '<>f__AnonymousType2`1[[System.Int32, System.Private.CoreLib, Version=10.0.0.0, Culture=neutral, PublicKeyToken=7cec85d7bea7798e]]'.
2026-03-19 00:25:32.725 +05:30 [INF] Executed action PrisonerPortal.Controllers.NotificationsController.GetUnreadCount (PrisonerPortal) in 20.95ms
2026-03-19 00:25:32.736 +05:30 [INF] Executed endpoint 'PrisonerPortal.Controllers.NotificationsController.GetUnreadCount (PrisonerPortal)'
2026-03-19 00:25:32.759 +05:30 [INF] Request finished HTTP/1.1 GET http://localhost:5050/Notifications/GetUnreadCount - 200 null application/json; charset=utf-8 84.3337ms
2026-03-19 00:26:02.671 +05:30 [INF] Request starting HTTP/1.1 GET http://localhost:5050/Notifications/GetUnreadCount - null null
2026-03-19 00:26:02.680 +05:30 [INF] Executing endpoint 'PrisonerPortal.Controllers.NotificationsController.GetUnreadCount (PrisonerPortal)'
2026-03-19 00:26:02.818 +05:30 [INF] Route matched with {action = "GetUnreadCount", controller = "Notifications"}. Executing controller action with signature Microsoft.AspNetCore.Mvc.IActionResult GetUnreadCount() on controller PrisonerPortal.Controllers.NotificationsController (PrisonerPortal).
2026-03-19 00:26:02.843 +05:30 [INF] Executed DbCommand (10ms) [Parameters=[@userId='?' (Size = 450)], CommandType='"Text"', CommandTimeout='30']
SELECT COUNT(*)
FROM [Notifications] AS [n]
WHERE [n].[UserId] = @userId AND [n].[IsRead] = CAST(0 AS bit)
2026-03-19 00:26:02.863 +05:30 [INF] Executing JsonResult, writing value of type '<>f__AnonymousType2`1[[System.Int32, System.Private.CoreLib, Version=10.0.0.0, Culture=neutral, PublicKeyToken=7cec85d7bea7798e]]'.
2026-03-19 00:26:02.874 +05:30 [INF] Executed action PrisonerPortal.Controllers.NotificationsController.GetUnreadCount (PrisonerPortal) in 42.2919ms
2026-03-19 00:26:02.882 +05:30 [INF] Executed endpoint 'PrisonerPortal.Controllers.NotificationsController.GetUnreadCount (PrisonerPortal)'
2026-03-19 00:26:02.892 +05:30 [INF] Request finished HTTP/1.1 GET http://localhost:5050/Notifications/GetUnreadCount - 200 null application/json; charset=utf-8 221.7427ms
2026-03-19 00:26:32.674 +05:30 [INF] Request starting HTTP/1.1 GET http://localhost:5050/Notifications/GetUnreadCount - null null
2026-03-19 00:26:32.686 +05:30 [INF] Executing endpoint 'PrisonerPortal.Controllers.NotificationsController.GetUnreadCount (PrisonerPortal)'
2026-03-19 00:26:32.688 +05:30 [INF] Route matched with {action = "GetUnreadCount", controller = "Notifications"}. Executing controller action with signature Microsoft.AspNetCore.Mvc.IActionResult GetUnreadCount() on controller PrisonerPortal.Controllers.NotificationsController (PrisonerPortal).
2026-03-19 00:26:32.702 +05:30 [INF] Executed DbCommand (1ms) [Parameters=[@userId='?' (Size = 450)], CommandType='"Text"', CommandTimeout='30']
SELECT COUNT(*)
FROM [Notifications] AS [n]
WHERE [n].[UserId] = @userId AND [n].[IsRead] = CAST(0 AS bit)
2026-03-19 00:26:32.720 +05:30 [INF] Executing JsonResult, writing value of type '<>f__AnonymousType2`1[[System.Int32, System.Private.CoreLib, Version=10.0.0.0, Culture=neutral, PublicKeyToken=7cec85d7bea7798e]]'.
2026-03-19 00:26:32.731 +05:30 [INF] Executed action PrisonerPortal.Controllers.NotificationsController.GetUnreadCount (PrisonerPortal) in 32.7178ms
2026-03-19 00:26:32.739 +05:30 [INF] Executed endpoint 'PrisonerPortal.Controllers.NotificationsController.GetUnreadCount (PrisonerPortal)'
2026-03-19 00:26:32.751 +05:30 [INF] Request finished HTTP/1.1 GET http://localhost:5050/Notifications/GetUnreadCount - 200 null application/json; charset=utf-8 76.7246ms
2026-03-19 00:27:02.085 +05:30 [INF] Request starting HTTP/1.1 GET http://localhost:5050/Notifications/GetUnreadCount - null null
2026-03-19 00:27:02.096 +05:30 [INF] Executing endpoint 'PrisonerPortal.Controllers.NotificationsController.GetUnreadCount (PrisonerPortal)'
2026-03-19 00:27:02.101 +05:30 [INF] Route matched with {action = "GetUnreadCount", controller = "Notifications"}. Executing controller action with signature Microsoft.AspNetCore.Mvc.IActionResult GetUnreadCount() on controller PrisonerPortal.Controllers.NotificationsController (PrisonerPortal).
2026-03-19 00:27:02.117 +05:30 [INF] Executed DbCommand (10ms) [Parameters=[@userId='?' (Size = 450)], CommandType='"Text"', CommandTimeout='30']
SELECT COUNT(*)
FROM [Notifications] AS [n]
WHERE [n].[UserId] = @userId AND [n].[IsRead] = CAST(0 AS bit)
2026-03-19 00:27:02.121 +05:30 [INF] Executing JsonResult, writing value of type '<>f__AnonymousType2`1[[System.Int32, System.Private.CoreLib, Version=10.0.0.0, Culture=neutral, PublicKeyToken=7cec85d7bea7798e]]'.
2026-03-19 00:27:02.124 +05:30 [INF] Executed action PrisonerPortal.Controllers.NotificationsController.GetUnreadCount (PrisonerPortal) in 18.695ms
2026-03-19 00:27:02.129 +05:30 [INF] Executed endpoint 'PrisonerPortal.Controllers.NotificationsController.GetUnreadCount (PrisonerPortal)'
2026-03-19 00:27:02.136 +05:30 [INF] Request finished HTTP/1.1 GET http://localhost:5050/Notifications/GetUnreadCount - 200 null application/json; charset=utf-8 50.3279ms
2026-03-19 00:27:05.869 +05:30 [INF] Request starting HTTP/1.1 GET http://localhost:5050/Family/SearchPrisoner - null null
2026-03-19 00:27:05.889 +05:30 [INF] Executing endpoint 'PrisonerPortal.Controllers.FamilyController.SearchPrisoner (PrisonerPortal)'
2026-03-19 00:27:05.894 +05:30 [INF] Route matched with {action = "SearchPrisoner", controller = "Family"}. Executing controller action with signature System.Threading.Tasks.Task`1[Microsoft.AspNetCore.Mvc.IActionResult] SearchPrisoner(System.String) on controller PrisonerPortal.Controllers.FamilyController (PrisonerPortal).
2026-03-19 00:27:05.926 +05:30 [INF] Executed DbCommand (7ms) [Parameters=[@p='?' (Size = 450)], CommandType='"Text"', CommandTimeout='30']
SELECT TOP(1) [a].[Id], [a].[AccessFailedCount], [a].[Address], [a].[ConcurrencyStamp], [a].[CreatedAt], [a].[Email], [a].[EmailConfirmed], [a].[FullName], [a].[IsActive], [a].[LockoutEnabled], [a].[LockoutEnd], [a].[NormalizedEmail], [a].[NormalizedUserName], [a].[PasswordHash], [a].[PhoneNumber], [a].[PhoneNumberConfirmed], [a].[Role], [a].[SecurityStamp], [a].[TwoFactorEnabled], [a].[UserName]
FROM [AspNetUsers] AS [a]
WHERE [a].[Id] = @p
2026-03-19 00:27:05.951 +05:30 [INF] Executed DbCommand (9ms) [Parameters=[@user_Id='?' (Size = 450)], CommandType='"Text"', CommandTimeout='30']
SELECT [f].[LinkId], [f].[IsVerified], [f].[LinkedAt], [f].[PrisonerId], [f].[Relationship], [f].[UserId], [f].[VerifiedByAdminId]
FROM [FamilyPrisonerLinks] AS [f]
WHERE [f].[UserId] = @user_Id
2026-03-19 00:27:05.962 +05:30 [INF] Executing ViewResult, running view SearchPrisoner.
2026-03-19 00:27:05.973 +05:30 [INF] Executed ViewResult - view SearchPrisoner executed in 10.9204ms.
2026-03-19 00:27:05.978 +05:30 [INF] Executed action PrisonerPortal.Controllers.FamilyController.SearchPrisoner (PrisonerPortal) in 65.9099ms
2026-03-19 00:27:05.991 +05:30 [INF] Executed endpoint 'PrisonerPortal.Controllers.FamilyController.SearchPrisoner (PrisonerPortal)'
2026-03-19 00:27:06.003 +05:30 [INF] Request finished HTTP/1.1 GET http://localhost:5050/Family/SearchPrisoner - 200 null text/html; charset=utf-8 133.1563ms
2026-03-19 00:27:06.122 +05:30 [INF] Request starting HTTP/1.1 GET http://localhost:5050/Notifications/GetUnreadCount - null null
2026-03-19 00:27:06.140 +05:30 [INF] Executing endpoint 'PrisonerPortal.Controllers.NotificationsController.GetUnreadCount (PrisonerPortal)'
2026-03-19 00:27:06.146 +05:30 [INF] Route matched with {action = "GetUnreadCount", controller = "Notifications"}. Executing controller action with signature Microsoft.AspNetCore.Mvc.IActionResult GetUnreadCount() on controller PrisonerPortal.Controllers.NotificationsController (PrisonerPortal).
2026-03-19 00:27:06.168 +05:30 [INF] Executed DbCommand (2ms) [Parameters=[@userId='?' (Size = 450)], CommandType='"Text"', CommandTimeout='30']
SELECT COUNT(*)
FROM [Notifications] AS [n]
WHERE [n].[UserId] = @userId AND [n].[IsRead] = CAST(0 AS bit)
2026-03-19 00:27:06.183 +05:30 [INF] Executing JsonResult, writing value of type '<>f__AnonymousType2`1[[System.Int32, System.Private.CoreLib, Version=10.0.0.0, Culture=neutral, PublicKeyToken=7cec85d7bea7798e]]'.
2026-03-19 00:27:06.189 +05:30 [INF] Executed action PrisonerPortal.Controllers.NotificationsController.GetUnreadCount (PrisonerPortal) in 26.5684ms
2026-03-19 00:27:06.197 +05:30 [INF] Executed endpoint 'PrisonerPortal.Controllers.NotificationsController.GetUnreadCount (PrisonerPortal)'
2026-03-19 00:27:06.205 +05:30 [INF] Request finished HTTP/1.1 GET http://localhost:5050/Notifications/GetUnreadCount - 200 null application/json; charset=utf-8 83.002ms
2026-03-19 00:27:21.432 +05:30 [INF] Request starting HTTP/1.1 GET http://localhost:5050/Family/SearchPrisoner?q=CR-2026-143 - null null
2026-03-19 00:27:21.446 +05:30 [INF] Executing endpoint 'PrisonerPortal.Controllers.FamilyController.SearchPrisoner (PrisonerPortal)'
2026-03-19 00:27:21.451 +05:30 [INF] Route matched with {action = "SearchPrisoner", controller = "Family"}. Executing controller action with signature System.Threading.Tasks.Task`1[Microsoft.AspNetCore.Mvc.IActionResult] SearchPrisoner(System.String) on controller PrisonerPortal.Controllers.FamilyController (PrisonerPortal).
2026-03-19 00:27:21.501 +05:30 [WRN] The query uses a row limiting operator ('Skip'/'Take') without an 'OrderBy' operator. This may lead to unpredictable results. If the 'Distinct' operator is used after 'OrderBy', then make sure to use the 'OrderBy' operator after 'Distinct' as the ordering would otherwise get erased.
2026-03-19 00:27:21.567 +05:30 [INF] Executed DbCommand (7ms) [Parameters=[@p='?' (DbType = Int32), @searchTerm_contains='?' (Size = 150), @searchTerm_contains0='?' (Size = 20), @searchTerm_contains1='?' (Size = 450)], CommandType='"Text"', CommandTimeout='30']
SELECT TOP(@p) [p].[PrisonerId], [p].[CaseNumber], [p].[CellBlock], [p].[CellNumber], [p].[CreatedAt], [p].[CrimeCategory], [p].[DateOfBirth], [p].[FullName], [p].[Gender], [p].[PrisonerCode], [p].[SentenceEndDate], [p].[SentenceStartDate], [p].[Status], [p].[UpdatedAt]
FROM [Prisoners] AS [p]
WHERE LOWER([p].[FullName]) LIKE @searchTerm_contains ESCAPE N'\' OR LOWER([p].[PrisonerCode]) LIKE @searchTerm_contains0 ESCAPE N'\' OR LOWER([p].[CaseNumber]) LIKE @searchTerm_contains1 ESCAPE N'\'
2026-03-19 00:27:21.580 +05:30 [INF] Executed DbCommand (1ms) [Parameters=[@p='?' (Size = 450)], CommandType='"Text"', CommandTimeout='30']
SELECT TOP(1) [a].[Id], [a].[AccessFailedCount], [a].[Address], [a].[ConcurrencyStamp], [a].[CreatedAt], [a].[Email], [a].[EmailConfirmed], [a].[FullName], [a].[IsActive], [a].[LockoutEnabled], [a].[LockoutEnd], [a].[NormalizedEmail], [a].[NormalizedUserName], [a].[PasswordHash], [a].[PhoneNumber], [a].[PhoneNumberConfirmed], [a].[Role], [a].[SecurityStamp], [a].[TwoFactorEnabled], [a].[UserName]
FROM [AspNetUsers] AS [a]
WHERE [a].[Id] = @p
2026-03-19 00:27:21.593 +05:30 [INF] Executed DbCommand (3ms) [Parameters=[@user_Id='?' (Size = 450)], CommandType='"Text"', CommandTimeout='30']
SELECT [f].[LinkId], [f].[IsVerified], [f].[LinkedAt], [f].[PrisonerId], [f].[Relationship], [f].[UserId], [f].[VerifiedByAdminId]
FROM [FamilyPrisonerLinks] AS [f]
WHERE [f].[UserId] = @user_Id
2026-03-19 00:27:21.608 +05:30 [INF] Executing ViewResult, running view SearchPrisoner.
2026-03-19 00:27:21.636 +05:30 [INF] Executed ViewResult - view SearchPrisoner executed in 27.9038ms.
2026-03-19 00:27:21.644 +05:30 [INF] Executed action PrisonerPortal.Controllers.FamilyController.SearchPrisoner (PrisonerPortal) in 180.8253ms
2026-03-19 00:27:21.651 +05:30 [INF] Executed endpoint 'PrisonerPortal.Controllers.FamilyController.SearchPrisoner (PrisonerPortal)'
2026-03-19 00:27:21.663 +05:30 [INF] Request finished HTTP/1.1 GET http://localhost:5050/Family/SearchPrisoner?q=CR-2026-143 - 200 null text/html; charset=utf-8 230.8744ms
2026-03-19 00:27:21.746 +05:30 [INF] Request starting HTTP/1.1 GET http://localhost:5050/Notifications/GetUnreadCount - null null
2026-03-19 00:27:21.767 +05:30 [INF] Executing endpoint 'PrisonerPortal.Controllers.NotificationsController.GetUnreadCount (PrisonerPortal)'
2026-03-19 00:27:21.771 +05:30 [INF] Route matched with {action = "GetUnreadCount", controller = "Notifications"}. Executing controller action with signature Microsoft.AspNetCore.Mvc.IActionResult GetUnreadCount() on controller PrisonerPortal.Controllers.NotificationsController (PrisonerPortal).
2026-03-19 00:27:21.785 +05:30 [INF] Executed DbCommand (1ms) [Parameters=[@userId='?' (Size = 450)], CommandType='"Text"', CommandTimeout='30']
SELECT COUNT(*)
FROM [Notifications] AS [n]
WHERE [n].[UserId] = @userId AND [n].[IsRead] = CAST(0 AS bit)
2026-03-19 00:27:21.796 +05:30 [INF] Executing JsonResult, writing value of type '<>f__AnonymousType2`1[[System.Int32, System.Private.CoreLib, Version=10.0.0.0, Culture=neutral, PublicKeyToken=7cec85d7bea7798e]]'.
2026-03-19 00:27:21.801 +05:30 [INF] Executed action PrisonerPortal.Controllers.NotificationsController.GetUnreadCount (PrisonerPortal) in 19.6025ms
2026-03-19 00:27:21.808 +05:30 [INF] Executed endpoint 'PrisonerPortal.Controllers.NotificationsController.GetUnreadCount (PrisonerPortal)'
2026-03-19 00:27:21.815 +05:30 [INF] Request finished HTTP/1.1 GET http://localhost:5050/Notifications/GetUnreadCount - 200 null application/json; charset=utf-8 68.7483ms
2026-03-19 00:27:52.671 +05:30 [INF] Request starting HTTP/1.1 GET http://localhost:5050/Notifications/GetUnreadCount - null null
2026-03-19 00:27:52.684 +05:30 [INF] Executing endpoint 'PrisonerPortal.Controllers.NotificationsController.GetUnreadCount (PrisonerPortal)'
2026-03-19 00:27:52.685 +05:30 [INF] Route matched with {action = "GetUnreadCount", controller = "Notifications"}. Executing controller action with signature Microsoft.AspNetCore.Mvc.IActionResult GetUnreadCount() on controller PrisonerPortal.Controllers.NotificationsController (PrisonerPortal).
2026-03-19 00:27:52.692 +05:30 [INF] Executed DbCommand (1ms) [Parameters=[@userId='?' (Size = 450)], CommandType='"Text"', CommandTimeout='30']
SELECT COUNT(*)
FROM [Notifications] AS [n]
WHERE [n].[UserId] = @userId AND [n].[IsRead] = CAST(0 AS bit)
2026-03-19 00:27:52.710 +05:30 [INF] Executing JsonResult, writing value of type '<>f__AnonymousType2`1[[System.Int32, System.Private.CoreLib, Version=10.0.0.0, Culture=neutral, PublicKeyToken=7cec85d7bea7798e]]'.
2026-03-19 00:27:52.718 +05:30 [INF] Executed action PrisonerPortal.Controllers.NotificationsController.GetUnreadCount (PrisonerPortal) in 29.4094ms
2026-03-19 00:27:52.728 +05:30 [INF] Executed endpoint 'PrisonerPortal.Controllers.NotificationsController.GetUnreadCount (PrisonerPortal)'
2026-03-19 00:27:52.739 +05:30 [INF] Request finished HTTP/1.1 GET http://localhost:5050/Notifications/GetUnreadCount - 200 null application/json; charset=utf-8 68.0565ms
2026-03-19 00:28:22.681 +05:30 [INF] Request starting HTTP/1.1 GET http://localhost:5050/Notifications/GetUnreadCount - null null
2026-03-19 00:28:22.699 +05:30 [INF] Executing endpoint 'PrisonerPortal.Controllers.NotificationsController.GetUnreadCount (PrisonerPortal)'
2026-03-19 00:28:22.704 +05:30 [INF] Route matched with {action = "GetUnreadCount", controller = "Notifications"}. Executing controller action with signature Microsoft.AspNetCore.Mvc.IActionResult GetUnreadCount() on controller PrisonerPortal.Controllers.NotificationsController (PrisonerPortal).
2026-03-19 00:28:22.727 +05:30 [INF] Executed DbCommand (9ms) [Parameters=[@userId='?' (Size = 450)], CommandType='"Text"', CommandTimeout='30']
SELECT COUNT(*)
FROM [Notifications] AS [n]
WHERE [n].[UserId] = @userId AND [n].[IsRead] = CAST(0 AS bit)
2026-03-19 00:28:22.742 +05:30 [INF] Executing JsonResult, writing value of type '<>f__AnonymousType2`1[[System.Int32, System.Private.CoreLib, Version=10.0.0.0, Culture=neutral, PublicKeyToken=7cec85d7bea7798e]]'.
2026-03-19 00:28:22.745 +05:30 [INF] Executed action PrisonerPortal.Controllers.NotificationsController.GetUnreadCount (PrisonerPortal) in 28.632ms
2026-03-19 00:28:22.754 +05:30 [INF] Executed endpoint 'PrisonerPortal.Controllers.NotificationsController.GetUnreadCount (PrisonerPortal)'
2026-03-19 00:28:22.761 +05:30 [INF] Request finished HTTP/1.1 GET http://localhost:5050/Notifications/GetUnreadCount - 200 null application/json; charset=utf-8 80.1846ms
2026-03-19 00:30:17.135 +05:30 [INF] Executed DbCommand (36ms) [Parameters=[], CommandType='"Text"', CommandTimeout='30']
SELECT 1
2026-03-19 00:30:17.303 +05:30 [INF] Executed DbCommand (32ms) [Parameters=[], CommandType='"Text"', CommandTimeout='30']
SELECT OBJECT_ID(N'[__EFMigrationsHistory]');
2026-03-19 00:30:17.368 +05:30 [INF] Executed DbCommand (22ms) [Parameters=[], CommandType='"Text"', CommandTimeout='30']
SELECT [MigrationId], [ProductVersion]
FROM [__EFMigrationsHistory]
ORDER BY [MigrationId];
2026-03-19 00:30:17.421 +05:30 [INF] User profile is available. Using 'C:\Users\HP\AppData\Local\ASP.NET\DataProtection-Keys' as key repository and Windows DPAPI to encrypt keys at rest.
2026-03-19 00:30:18.277 +05:30 [INF] Executed DbCommand (63ms) [Parameters=[@normalizedName='?' (Size = 256)], CommandType='"Text"', CommandTimeout='30']
SELECT TOP(1) [a].[Id], [a].[ConcurrencyStamp], [a].[Name], [a].[NormalizedName]
FROM [AspNetRoles] AS [a]
WHERE [a].[NormalizedName] = @normalizedName
2026-03-19 00:30:18.458 +05:30 [INF] Executed DbCommand (8ms) [Parameters=[@normalizedName='?' (Size = 256)], CommandType='"Text"', CommandTimeout='30']
SELECT TOP(1) [a].[Id], [a].[ConcurrencyStamp], [a].[Name], [a].[NormalizedName]
FROM [AspNetRoles] AS [a]
WHERE [a].[NormalizedName] = @normalizedName
2026-03-19 00:30:18.555 +05:30 [INF] Executed DbCommand (28ms) [Parameters=[@normalizedEmail='?' (Size = 256)], CommandType='"Text"', CommandTimeout='30']
SELECT TOP(2) [a].[Id], [a].[AccessFailedCount], [a].[Address], [a].[ConcurrencyStamp], [a].[CreatedAt], [a].[Email], [a].[EmailConfirmed], [a].[FullName], [a].[IsActive], [a].[LockoutEnabled], [a].[LockoutEnd], [a].[NormalizedEmail], [a].[NormalizedUserName], [a].[PasswordHash], [a].[PhoneNumber], [a].[PhoneNumberConfirmed], [a].[Role], [a].[SecurityStamp], [a].[TwoFactorEnabled], [a].[UserName]
FROM [AspNetUsers] AS [a]
WHERE [a].[NormalizedEmail] = @normalizedEmail
2026-03-19 00:30:18.744 +05:30 [INF] Executed DbCommand (8ms) [Parameters=[@normalizedRoleName='?' (Size = 256)], CommandType='"Text"', CommandTimeout='30']
SELECT TOP(2) [a].[Id], [a].[ConcurrencyStamp], [a].[Name], [a].[NormalizedName]
FROM [AspNetRoles] AS [a]
WHERE [a].[NormalizedName] = @normalizedRoleName
2026-03-19 00:30:18.900 +05:30 [INF] Executed DbCommand (30ms) [Parameters=[@role_Id='?' (Size = 450)], CommandType='"Text"', CommandTimeout='30']
SELECT [a0].[Id], [a0].[AccessFailedCount], [a0].[Address], [a0].[ConcurrencyStamp], [a0].[CreatedAt], [a0].[Email], [a0].[EmailConfirmed], [a0].[FullName], [a0].[IsActive], [a0].[LockoutEnabled], [a0].[LockoutEnd], [a0].[NormalizedEmail], [a0].[NormalizedUserName], [a0].[PasswordHash], [a0].[PhoneNumber], [a0].[PhoneNumberConfirmed], [a0].[Role], [a0].[SecurityStamp], [a0].[TwoFactorEnabled], [a0].[UserName]
FROM [AspNetUserRoles] AS [a]
INNER JOIN [AspNetUsers] AS [a0] ON [a].[UserId] = [a0].[Id]
WHERE [a].[RoleId] = @role_Id
2026-03-19 00:30:18.997 +05:30 [INF] Executed DbCommand (13ms) [Parameters=[@normalizedUserName='?' (Size = 256)], CommandType='"Text"', CommandTimeout='30']
SELECT TOP(1) [a].[Id], [a].[AccessFailedCount], [a].[Address], [a].[ConcurrencyStamp], [a].[CreatedAt], [a].[Email], [a].[EmailConfirmed], [a].[FullName], [a].[IsActive], [a].[LockoutEnabled], [a].[LockoutEnd], [a].[NormalizedEmail], [a].[NormalizedUserName], [a].[PasswordHash], [a].[PhoneNumber], [a].[PhoneNumberConfirmed], [a].[Role], [a].[SecurityStamp], [a].[TwoFactorEnabled], [a].[UserName]
FROM [AspNetUsers] AS [a]
WHERE [a].[NormalizedUserName] = @normalizedUserName
2026-03-19 00:30:19.048 +05:30 [INF] Executed DbCommand (18ms) [Parameters=[@normalizedEmail='?' (Size = 256)], CommandType='"Text"', CommandTimeout='30']
SELECT TOP(2) [a].[Id], [a].[AccessFailedCount], [a].[Address], [a].[ConcurrencyStamp], [a].[CreatedAt], [a].[Email], [a].[EmailConfirmed], [a].[FullName], [a].[IsActive], [a].[LockoutEnabled], [a].[LockoutEnd], [a].[NormalizedEmail], [a].[NormalizedUserName], [a].[PasswordHash], [a].[PhoneNumber], [a].[PhoneNumberConfirmed], [a].[Role], [a].[SecurityStamp], [a].[TwoFactorEnabled], [a].[UserName]
FROM [AspNetUsers] AS [a]
WHERE [a].[NormalizedEmail] = @normalizedEmail
2026-03-19 00:30:19.315 +05:30 [INF] Executed DbCommand (25ms) [Parameters=[@p19='?' (Size = 450), @p0='?' (DbType = Int32), @p1='?' (Size = 500), @p2='?' (Size = 4000), @p20='?' (Size = 4000), @p3='?' (DbType = DateTime2), @p4='?' (Size = 256), @p5='?' (DbType = Boolean), @p6='?' (Size = 150), @p7='?' (DbType = Boolean), @p8='?' (DbType = Boolean), @p9='?' (DbType = DateTimeOffset), @p10='?' (Size = 256), @p11='?' (Size = 256), @p12='?' (Size = 4000), @p13='?' (Size = 4000), @p14='?' (DbType = Boolean), @p15='?' (Size = 4000), @p16='?' (Size = 4000), @p17='?' (DbType = Boolean), @p18='?' (Size = 256)], CommandType='"Text"', CommandTimeout='30']
SET IMPLICIT_TRANSACTIONS OFF;
SET NOCOUNT ON;
UPDATE [AspNetUsers] SET [AccessFailedCount] = @p0, [Address] = @p1, [ConcurrencyStamp] = @p2, [CreatedAt] = @p3, [Email] = @p4, [EmailConfirmed] = @p5, [FullName] = @p6, [IsActive] = @p7, [LockoutEnabled] = @p8, [LockoutEnd] = @p9, [NormalizedEmail] = @p10, [NormalizedUserName] = @p11, [PasswordHash] = @p12, [PhoneNumber] = @p13, [PhoneNumberConfirmed] = @p14, [Role] = @p15, [SecurityStamp] = @p16, [TwoFactorEnabled] = @p17, [UserName] = @p18
OUTPUT 1
WHERE [Id] = @p19 AND [ConcurrencyStamp] = @p20;
2026-03-19 00:30:19.386 +05:30 [INF] Executed DbCommand (6ms) [Parameters=[@normalizedEmail='?' (Size = 256)], CommandType='"Text"', CommandTimeout='30']
SELECT TOP(2) [a].[Id], [a].[AccessFailedCount], [a].[Address], [a].[ConcurrencyStamp], [a].[CreatedAt], [a].[Email], [a].[EmailConfirmed], [a].[FullName], [a].[IsActive], [a].[LockoutEnabled], [a].[LockoutEnd], [a].[NormalizedEmail], [a].[NormalizedUserName], [a].[PasswordHash], [a].[PhoneNumber], [a].[PhoneNumberConfirmed], [a].[Role], [a].[SecurityStamp], [a].[TwoFactorEnabled], [a].[UserName]
FROM [AspNetUsers] AS [a]
WHERE [a].[NormalizedEmail] = @normalizedEmail
2026-03-19 00:30:19.504 +05:30 [INF] Executed DbCommand (24ms) [Parameters=[], CommandType='"Text"', CommandTimeout='30']
SELECT CASE
    WHEN EXISTS (
        SELECT 1
        FROM [Prisoners] AS [p]) THEN CAST(1 AS bit)
    ELSE CAST(0 AS bit)
END
2026-03-19 00:30:19.537 +05:30 [INF] Executed DbCommand (12ms) [Parameters=[@normalizedEmail='?' (Size = 256)], CommandType='"Text"', CommandTimeout='30']
SELECT TOP(2) [a].[Id], [a].[AccessFailedCount], [a].[Address], [a].[ConcurrencyStamp], [a].[CreatedAt], [a].[Email], [a].[EmailConfirmed], [a].[FullName], [a].[IsActive], [a].[LockoutEnabled], [a].[LockoutEnd], [a].[NormalizedEmail], [a].[NormalizedUserName], [a].[PasswordHash], [a].[PhoneNumber], [a].[PhoneNumberConfirmed], [a].[Role], [a].[SecurityStamp], [a].[TwoFactorEnabled], [a].[UserName]
FROM [AspNetUsers] AS [a]
WHERE [a].[NormalizedEmail] = @normalizedEmail
2026-03-19 00:30:19.598 +05:30 [INF] Executed DbCommand (8ms) [Parameters=[], CommandType='"Text"', CommandTimeout='30']
SELECT CASE
    WHEN EXISTS (
        SELECT 1
        FROM [VisitSlots] AS [v]) THEN CAST(1 AS bit)
    ELSE CAST(0 AS bit)
END
2026-03-19 00:30:19.642 +05:30 [INF] Executed DbCommand (4ms) [Parameters=[@normalizedEmail='?' (Size = 256)], CommandType='"Text"', CommandTimeout='30']
SELECT TOP(2) [a].[Id], [a].[AccessFailedCount], [a].[Address], [a].[ConcurrencyStamp], [a].[CreatedAt], [a].[Email], [a].[EmailConfirmed], [a].[FullName], [a].[IsActive], [a].[LockoutEnabled], [a].[LockoutEnd], [a].[NormalizedEmail], [a].[NormalizedUserName], [a].[PasswordHash], [a].[PhoneNumber], [a].[PhoneNumberConfirmed], [a].[Role], [a].[SecurityStamp], [a].[TwoFactorEnabled], [a].[UserName]
FROM [AspNetUsers] AS [a]
WHERE [a].[NormalizedEmail] = @normalizedEmail
2026-03-19 00:30:19.678 +05:30 [WRN] The query uses the 'First'/'FirstOrDefault' operator without 'OrderBy' and filter operators. This may lead to unpredictable results.
2026-03-19 00:30:19.756 +05:30 [INF] Executed DbCommand (22ms) [Parameters=[], CommandType='"Text"', CommandTimeout='30']
SELECT TOP(1) [p].[PrisonerId], [p].[CaseNumber], [p].[CellBlock], [p].[CellNumber], [p].[CreatedAt], [p].[CrimeCategory], [p].[DateOfBirth], [p].[FullName], [p].[Gender], [p].[PrisonerCode], [p].[SentenceEndDate], [p].[SentenceStartDate], [p].[Status], [p].[UpdatedAt]
FROM [Prisoners] AS [p]
2026-03-19 00:30:19.900 +05:30 [INF] Executed DbCommand (24ms) [Parameters=[@familyUser_Id='?' (Size = 450), @samplePrisoner_PrisonerId='?' (DbType = Int32)], CommandType='"Text"', CommandTimeout='30']
SELECT CASE
    WHEN EXISTS (
        SELECT 1
        FROM [FamilyPrisonerLinks] AS [f]
        WHERE [f].[UserId] = @familyUser_Id AND [f].[PrisonerId] = @samplePrisoner_PrisonerId) THEN CAST(1 AS bit)
    ELSE CAST(0 AS bit)
END
2026-03-19 00:30:19.962 +05:30 [INF] Executed DbCommand (9ms) [Parameters=[@familyUser_Id='?' (Size = 450)], CommandType='"Text"', CommandTimeout='30']
SELECT CASE
    WHEN EXISTS (
        SELECT 1
        FROM [Appointments] AS [a]
        WHERE [a].[UserId] = @familyUser_Id) THEN CAST(1 AS bit)
    ELSE CAST(0 AS bit)
END
2026-03-19 00:30:19.989 +05:30 [WRN] The query uses the 'First'/'FirstOrDefault' operator without 'OrderBy' and filter operators. This may lead to unpredictable results.
2026-03-19 00:30:20.027 +05:30 [INF] Executed DbCommand (5ms) [Parameters=[], CommandType='"Text"', CommandTimeout='30']
SELECT TOP(1) [v].[SlotId], [v].[CreatedAt], [v].[CreatedByAdminId], [v].[CurrentBookings], [v].[EndTime], [v].[IsActive], [v].[MaxCapacity], [v].[SlotDate], [v].[StartTime]
FROM [VisitSlots] AS [v]
2026-03-19 00:30:20.101 +05:30 [INF] ✅ Database ready and seeded.
2026-03-19 00:30:20.122 +05:30 [INF] ✅ App running at http://localhost:5050
2026-03-19 00:30:20.131 +05:30 [INF] ✅ Login: admin@prisonerportal.gov / Admin@123!
2026-03-19 00:30:20.428 +05:30 [INF] Now listening on: http://localhost:5050
2026-03-19 00:30:20.441 +05:30 [INF] Application started. Press Ctrl+C to shut down.
2026-03-19 00:30:20.447 +05:30 [INF] Hosting environment: Development
2026-03-19 00:30:20.455 +05:30 [INF] Content root path: C:\Users\HP\Desktop\Adarsh Yadav Project\PrisonerPortal
2026-03-19 00:30:20.591 +05:30 [INF] Request starting HTTP/1.1 GET http://localhost:5050/Account/Login - null null
2026-03-19 00:30:20.875 +05:30 [INF] Executing endpoint 'PrisonerPortal.Controllers.AccountController.Login (PrisonerPortal)'
2026-03-19 00:30:20.927 +05:30 [INF] Route matched with {action = "Login", controller = "Account"}. Executing controller action with signature Microsoft.AspNetCore.Mvc.IActionResult Login(System.String) on controller PrisonerPortal.Controllers.AccountController (PrisonerPortal).
2026-03-19 00:30:20.995 +05:30 [INF] Executing RedirectResult, redirecting to /Family/Dashboard.
2026-03-19 00:30:21.017 +05:30 [INF] Executed action PrisonerPortal.Controllers.AccountController.Login (PrisonerPortal) in 64.3378ms
2026-03-19 00:30:21.023 +05:30 [INF] Executed endpoint 'PrisonerPortal.Controllers.AccountController.Login (PrisonerPortal)'
2026-03-19 00:30:21.055 +05:30 [INF] Request finished HTTP/1.1 GET http://localhost:5050/Account/Login - 302 0 null 473.2132ms
2026-03-19 00:30:21.075 +05:30 [INF] Request starting HTTP/1.1 GET http://localhost:5050/Family/Dashboard - null null
2026-03-19 00:30:21.138 +05:30 [INF] Executing endpoint 'PrisonerPortal.Controllers.FamilyController.Dashboard (PrisonerPortal)'
2026-03-19 00:30:21.173 +05:30 [INF] Route matched with {action = "Dashboard", controller = "Family"}. Executing controller action with signature System.Threading.Tasks.Task`1[Microsoft.AspNetCore.Mvc.IActionResult] Dashboard() on controller PrisonerPortal.Controllers.FamilyController (PrisonerPortal).
2026-03-19 00:30:21.395 +05:30 [INF] Executed DbCommand (6ms) [Parameters=[@p='?' (Size = 450)], CommandType='"Text"', CommandTimeout='30']
SELECT TOP(1) [a].[Id], [a].[AccessFailedCount], [a].[Address], [a].[ConcurrencyStamp], [a].[CreatedAt], [a].[Email], [a].[EmailConfirmed], [a].[FullName], [a].[IsActive], [a].[LockoutEnabled], [a].[LockoutEnd], [a].[NormalizedEmail], [a].[NormalizedUserName], [a].[PasswordHash], [a].[PhoneNumber], [a].[PhoneNumberConfirmed], [a].[Role], [a].[SecurityStamp], [a].[TwoFactorEnabled], [a].[UserName]
FROM [AspNetUsers] AS [a]
WHERE [a].[Id] = @p
2026-03-19 00:30:21.579 +05:30 [INF] Executed DbCommand (27ms) [Parameters=[@userId='?' (Size = 450)], CommandType='"Text"', CommandTimeout='30']
SELECT [f].[LinkId], [f].[IsVerified], [f].[LinkedAt], [f].[PrisonerId], [f].[Relationship], [f].[UserId], [f].[VerifiedByAdminId], [p].[PrisonerId], [p].[CaseNumber], [p].[CellBlock], [p].[CellNumber], [p].[CreatedAt], [p].[CrimeCategory], [p].[DateOfBirth], [p].[FullName], [p].[Gender], [p].[PrisonerCode], [p].[SentenceEndDate], [p].[SentenceStartDate], [p].[Status], [p].[UpdatedAt]
FROM [FamilyPrisonerLinks] AS [f]
INNER JOIN [Prisoners] AS [p] ON [f].[PrisonerId] = [p].[PrisonerId]
WHERE [f].[UserId] = @userId AND [f].[IsVerified] = CAST(1 AS bit)
2026-03-19 00:30:21.886 +05:30 [INF] Executed DbCommand (43ms) [Parameters=[@userId='?' (Size = 450)], CommandType='"Text"', CommandTimeout='30']
SELECT [a].[AppointmentId], [a].[AdminNotes], [a].[AppointmentCode], [a].[BookedAt], [a].[NumVisitors], [a].[PrisonerId], [a].[Purpose], [a].[RejectionReason], [a].[SlotId], [a].[Status], [a].[UpdatedAt], [a].[UserId], [a].[VisitorNames], [p].[PrisonerId], [p].[CaseNumber], [p].[CellBlock], [p].[CellNumber], [p].[CreatedAt], [p].[CrimeCategory], [p].[DateOfBirth], [p].[FullName], [p].[Gender], [p].[PrisonerCode], [p].[SentenceEndDate], [p].[SentenceStartDate], [p].[Status], [p].[UpdatedAt], [v].[SlotId], [v].[CreatedAt], [v].[CreatedByAdminId], [v].[CurrentBookings], [v].[EndTime], [v].[IsActive], [v].[MaxCapacity], [v].[SlotDate], [v].[StartTime]
FROM [Appointments] AS [a]
INNER JOIN [Prisoners] AS [p] ON [a].[PrisonerId] = [p].[PrisonerId]
INNER JOIN [VisitSlots] AS [v] ON [a].[SlotId] = [v].[SlotId]
WHERE [a].[UserId] = @userId
ORDER BY [a].[BookedAt] DESC
2026-03-19 00:30:22.105 +05:30 [INF] Executed DbCommand (16ms) [Parameters=[@userId='?' (Size = 450)], CommandType='"Text"', CommandTimeout='30']
SELECT [s].[RequestId], [s].[AdminResponse], [s].[AssignedAdminId], [s].[Category], [s].[CreatedAt], [s].[Description], [s].[Priority], [s].[PrisonerId], [s].[RequestCode], [s].[ResolvedAt], [s].[Status], [s].[Subject], [s].[UpdatedAt], [s].[UserId], [p].[PrisonerId], [p].[CaseNumber], [p].[CellBlock], [p].[CellNumber], [p].[CreatedAt], [p].[CrimeCategory], [p].[DateOfBirth], [p].[FullName], [p].[Gender], [p].[PrisonerCode], [p].[SentenceEndDate], [p].[SentenceStartDate], [p].[Status], [p].[UpdatedAt]
FROM [SupportRequests] AS [s]
LEFT JOIN [Prisoners] AS [p] ON [s].[PrisonerId] = [p].[PrisonerId]
WHERE [s].[UserId] = @userId
ORDER BY [s].[CreatedAt] DESC
2026-03-19 00:30:22.417 +05:30 [INF] Executing ViewResult, running view Dashboard.
2026-03-19 00:30:22.944 +05:30 [INF] Executed ViewResult - view Dashboard executed in 579.9273ms.
2026-03-19 00:30:22.959 +05:30 [INF] Executed action PrisonerPortal.Controllers.FamilyController.Dashboard (PrisonerPortal) in 1769.1138ms
2026-03-19 00:30:22.974 +05:30 [INF] Executed endpoint 'PrisonerPortal.Controllers.FamilyController.Dashboard (PrisonerPortal)'
2026-03-19 00:30:23.016 +05:30 [INF] Request finished HTTP/1.1 GET http://localhost:5050/Family/Dashboard - 200 null text/html; charset=utf-8 1940.6101ms
2026-03-19 00:30:23.333 +05:30 [INF] Request starting HTTP/1.1 GET http://localhost:5050/Notifications/GetUnreadCount - null null
2026-03-19 00:30:23.404 +05:30 [INF] Executing endpoint 'PrisonerPortal.Controllers.NotificationsController.GetUnreadCount (PrisonerPortal)'
2026-03-19 00:30:23.416 +05:30 [INF] Route matched with {action = "GetUnreadCount", controller = "Notifications"}. Executing controller action with signature Microsoft.AspNetCore.Mvc.IActionResult GetUnreadCount() on controller PrisonerPortal.Controllers.NotificationsController (PrisonerPortal).
2026-03-19 00:30:23.877 +05:30 [INF] Executed DbCommand (23ms) [Parameters=[@userId='?' (Size = 450)], CommandType='"Text"', CommandTimeout='30']
SELECT COUNT(*)
FROM [Notifications] AS [n]
WHERE [n].[UserId] = @userId AND [n].[IsRead] = CAST(0 AS bit)
2026-03-19 00:30:23.911 +05:30 [INF] Executing JsonResult, writing value of type '<>f__AnonymousType2`1[[System.Int32, System.Private.CoreLib, Version=10.0.0.0, Culture=neutral, PublicKeyToken=7cec85d7bea7798e]]'.
2026-03-19 00:30:24.099 +05:30 [INF] Executed action PrisonerPortal.Controllers.NotificationsController.GetUnreadCount (PrisonerPortal) in 672.8523ms
2026-03-19 00:30:24.113 +05:30 [INF] Executed endpoint 'PrisonerPortal.Controllers.NotificationsController.GetUnreadCount (PrisonerPortal)'
2026-03-19 00:30:24.123 +05:30 [INF] Request finished HTTP/1.1 GET http://localhost:5050/Notifications/GetUnreadCount - 200 null application/json; charset=utf-8 790.9267ms
2026-03-19 00:30:29.501 +05:30 [INF] Request starting HTTP/1.1 GET http://localhost:5050/Notifications/Index - null null
2026-03-19 00:30:29.552 +05:30 [INF] Executing endpoint 'PrisonerPortal.Controllers.NotificationsController.Index (PrisonerPortal)'
2026-03-19 00:30:29.589 +05:30 [INF] Route matched with {action = "Index", controller = "Notifications"}. Executing controller action with signature System.Threading.Tasks.Task`1[Microsoft.AspNetCore.Mvc.IActionResult] Index() on controller PrisonerPortal.Controllers.NotificationsController (PrisonerPortal).
2026-03-19 00:30:29.671 +05:30 [INF] Executed DbCommand (5ms) [Parameters=[@userId='?' (Size = 450)], CommandType='"Text"', CommandTimeout='30']
SELECT [n].[NotificationId], [n].[CreatedAt], [n].[IsRead], [n].[Message], [n].[RelatedEntityId], [n].[RelatedEntityType], [n].[Title], [n].[Type], [n].[UserId]
FROM [Notifications] AS [n]
WHERE [n].[UserId] = @userId
ORDER BY [n].[CreatedAt] DESC
2026-03-19 00:30:29.765 +05:30 [INF] Executing ViewResult, running view Index.
2026-03-19 00:30:29.836 +05:30 [INF] Executed ViewResult - view Index executed in 93.0625ms.
2026-03-19 00:30:29.848 +05:30 [INF] Executed action PrisonerPortal.Controllers.NotificationsController.Index (PrisonerPortal) in 244.104ms
2026-03-19 00:30:29.855 +05:30 [INF] Executed endpoint 'PrisonerPortal.Controllers.NotificationsController.Index (PrisonerPortal)'
2026-03-19 00:30:29.864 +05:30 [INF] Request finished HTTP/1.1 GET http://localhost:5050/Notifications/Index - 200 null text/html; charset=utf-8 362.726ms
2026-03-19 00:30:29.909 +05:30 [INF] Request starting HTTP/1.1 GET http://localhost:5050/Notifications/GetUnreadCount - null null
2026-03-19 00:30:29.935 +05:30 [INF] Executing endpoint 'PrisonerPortal.Controllers.NotificationsController.GetUnreadCount (PrisonerPortal)'
2026-03-19 00:30:29.942 +05:30 [INF] Route matched with {action = "GetUnreadCount", controller = "Notifications"}. Executing controller action with signature Microsoft.AspNetCore.Mvc.IActionResult GetUnreadCount() on controller PrisonerPortal.Controllers.NotificationsController (PrisonerPortal).
2026-03-19 00:30:29.967 +05:30 [INF] Executed DbCommand (3ms) [Parameters=[@userId='?' (Size = 450)], CommandType='"Text"', CommandTimeout='30']
SELECT COUNT(*)
FROM [Notifications] AS [n]
WHERE [n].[UserId] = @userId AND [n].[IsRead] = CAST(0 AS bit)
2026-03-19 00:30:29.981 +05:30 [INF] Executing JsonResult, writing value of type '<>f__AnonymousType2`1[[System.Int32, System.Private.CoreLib, Version=10.0.0.0, Culture=neutral, PublicKeyToken=7cec85d7bea7798e]]'.
2026-03-19 00:30:29.988 +05:30 [INF] Executed action PrisonerPortal.Controllers.NotificationsController.GetUnreadCount (PrisonerPortal) in 32.9573ms
2026-03-19 00:30:29.997 +05:30 [INF] Executed endpoint 'PrisonerPortal.Controllers.NotificationsController.GetUnreadCount (PrisonerPortal)'
2026-03-19 00:30:30.005 +05:30 [INF] Request finished HTTP/1.1 GET http://localhost:5050/Notifications/GetUnreadCount - 200 null application/json; charset=utf-8 96.101ms
2026-03-19 00:30:37.173 +05:30 [INF] Request starting HTTP/1.1 POST http://localhost:5050/Notifications/MarkAsRead - application/x-www-form-urlencoded 4
2026-03-19 00:30:37.195 +05:30 [INF] Executing endpoint 'PrisonerPortal.Controllers.NotificationsController.MarkAsRead (PrisonerPortal)'
2026-03-19 00:30:37.238 +05:30 [INF] Route matched with {action = "MarkAsRead", controller = "Notifications"}. Executing controller action with signature System.Threading.Tasks.Task`1[Microsoft.AspNetCore.Mvc.IActionResult] MarkAsRead(Int32) on controller PrisonerPortal.Controllers.NotificationsController (PrisonerPortal).
2026-03-19 00:30:37.331 +05:30 [INF] Executed DbCommand (6ms) [Parameters=[@p='?' (DbType = Int32)], CommandType='"Text"', CommandTimeout='30']
SELECT TOP(1) [n].[NotificationId], [n].[CreatedAt], [n].[IsRead], [n].[Message], [n].[RelatedEntityId], [n].[RelatedEntityType], [n].[Title], [n].[Type], [n].[UserId]
FROM [Notifications] AS [n]
WHERE [n].[NotificationId] = @p
2026-03-19 00:30:37.397 +05:30 [INF] Executed DbCommand (10ms) [Parameters=[@p1='?' (DbType = Int32), @p0='?' (DbType = Boolean)], CommandType='"Text"', CommandTimeout='30']
SET IMPLICIT_TRANSACTIONS OFF;
SET NOCOUNT ON;
UPDATE [Notifications] SET [IsRead] = @p0
OUTPUT 1
WHERE [NotificationId] = @p1;
2026-03-19 00:30:37.417 +05:30 [INF] Executing RedirectResult, redirecting to /Notifications/Index.
2026-03-19 00:30:37.426 +05:30 [INF] Executed action PrisonerPortal.Controllers.NotificationsController.MarkAsRead (PrisonerPortal) in 171.1937ms
2026-03-19 00:30:37.434 +05:30 [INF] Executed endpoint 'PrisonerPortal.Controllers.NotificationsController.MarkAsRead (PrisonerPortal)'
2026-03-19 00:30:37.437 +05:30 [INF] Request finished HTTP/1.1 POST http://localhost:5050/Notifications/MarkAsRead - 302 0 null 264.5743ms
2026-03-19 00:30:37.460 +05:30 [INF] Request starting HTTP/1.1 GET http://localhost:5050/Notifications/Index - null null
2026-03-19 00:30:37.483 +05:30 [INF] Executing endpoint 'PrisonerPortal.Controllers.NotificationsController.Index (PrisonerPortal)'
2026-03-19 00:30:37.490 +05:30 [INF] Route matched with {action = "Index", controller = "Notifications"}. Executing controller action with signature System.Threading.Tasks.Task`1[Microsoft.AspNetCore.Mvc.IActionResult] Index() on controller PrisonerPortal.Controllers.NotificationsController (PrisonerPortal).
2026-03-19 00:30:37.515 +05:30 [INF] Executed DbCommand (3ms) [Parameters=[@userId='?' (Size = 450)], CommandType='"Text"', CommandTimeout='30']
SELECT [n].[NotificationId], [n].[CreatedAt], [n].[IsRead], [n].[Message], [n].[RelatedEntityId], [n].[RelatedEntityType], [n].[Title], [n].[Type], [n].[UserId]
FROM [Notifications] AS [n]
WHERE [n].[UserId] = @userId
ORDER BY [n].[CreatedAt] DESC
2026-03-19 00:30:37.534 +05:30 [INF] Executing ViewResult, running view Index.
2026-03-19 00:30:37.556 +05:30 [INF] Executed ViewResult - view Index executed in 21.8461ms.
2026-03-19 00:30:37.568 +05:30 [INF] Executed action PrisonerPortal.Controllers.NotificationsController.Index (PrisonerPortal) in 61.8434ms
2026-03-19 00:30:37.576 +05:30 [INF] Executed endpoint 'PrisonerPortal.Controllers.NotificationsController.Index (PrisonerPortal)'
2026-03-19 00:30:37.586 +05:30 [INF] Request finished HTTP/1.1 GET http://localhost:5050/Notifications/Index - 200 null text/html; charset=utf-8 126.0212ms
2026-03-19 00:30:37.676 +05:30 [INF] Request starting HTTP/1.1 GET http://localhost:5050/Notifications/GetUnreadCount - null null
2026-03-19 00:30:37.697 +05:30 [INF] Executing endpoint 'PrisonerPortal.Controllers.NotificationsController.GetUnreadCount (PrisonerPortal)'
2026-03-19 00:30:37.706 +05:30 [INF] Route matched with {action = "GetUnreadCount", controller = "Notifications"}. Executing controller action with signature Microsoft.AspNetCore.Mvc.IActionResult GetUnreadCount() on controller PrisonerPortal.Controllers.NotificationsController (PrisonerPortal).
2026-03-19 00:30:37.744 +05:30 [INF] Executed DbCommand (3ms) [Parameters=[@userId='?' (Size = 450)], CommandType='"Text"', CommandTimeout='30']
SELECT COUNT(*)
FROM [Notifications] AS [n]
WHERE [n].[UserId] = @userId AND [n].[IsRead] = CAST(0 AS bit)
2026-03-19 00:30:37.763 +05:30 [INF] Executing JsonResult, writing value of type '<>f__AnonymousType2`1[[System.Int32, System.Private.CoreLib, Version=10.0.0.0, Culture=neutral, PublicKeyToken=7cec85d7bea7798e]]'.
2026-03-19 00:30:37.767 +05:30 [INF] Executed action PrisonerPortal.Controllers.NotificationsController.GetUnreadCount (PrisonerPortal) in 47.8262ms
2026-03-19 00:30:37.771 +05:30 [INF] Executed endpoint 'PrisonerPortal.Controllers.NotificationsController.GetUnreadCount (PrisonerPortal)'
2026-03-19 00:30:37.778 +05:30 [INF] Request finished HTTP/1.1 GET http://localhost:5050/Notifications/GetUnreadCount - 200 null application/json; charset=utf-8 102.372ms
2026-03-19 00:30:41.259 +05:30 [INF] Request starting HTTP/1.1 POST http://localhost:5050/Notifications/MarkAsRead - application/x-www-form-urlencoded 4
2026-03-19 00:30:41.271 +05:30 [INF] Executing endpoint 'PrisonerPortal.Controllers.NotificationsController.MarkAsRead (PrisonerPortal)'
2026-03-19 00:30:41.278 +05:30 [INF] Route matched with {action = "MarkAsRead", controller = "Notifications"}. Executing controller action with signature System.Threading.Tasks.Task`1[Microsoft.AspNetCore.Mvc.IActionResult] MarkAsRead(Int32) on controller PrisonerPortal.Controllers.NotificationsController (PrisonerPortal).
2026-03-19 00:30:41.299 +05:30 [INF] Executed DbCommand (2ms) [Parameters=[@p='?' (DbType = Int32)], CommandType='"Text"', CommandTimeout='30']
SELECT TOP(1) [n].[NotificationId], [n].[CreatedAt], [n].[IsRead], [n].[Message], [n].[RelatedEntityId], [n].[RelatedEntityType], [n].[Title], [n].[Type], [n].[UserId]
FROM [Notifications] AS [n]
WHERE [n].[NotificationId] = @p
2026-03-19 00:30:41.341 +05:30 [INF] Executed DbCommand (20ms) [Parameters=[@p1='?' (DbType = Int32), @p0='?' (DbType = Boolean)], CommandType='"Text"', CommandTimeout='30']
SET IMPLICIT_TRANSACTIONS OFF;
SET NOCOUNT ON;
UPDATE [Notifications] SET [IsRead] = @p0
OUTPUT 1
WHERE [NotificationId] = @p1;
2026-03-19 00:30:41.363 +05:30 [INF] Executing RedirectResult, redirecting to /Notifications/Index.
2026-03-19 00:30:41.372 +05:30 [INF] Executed action PrisonerPortal.Controllers.NotificationsController.MarkAsRead (PrisonerPortal) in 86.2457ms
2026-03-19 00:30:41.386 +05:30 [INF] Executed endpoint 'PrisonerPortal.Controllers.NotificationsController.MarkAsRead (PrisonerPortal)'
2026-03-19 00:30:41.397 +05:30 [INF] Request finished HTTP/1.1 POST http://localhost:5050/Notifications/MarkAsRead - 302 0 null 137.6916ms
2026-03-19 00:30:41.425 +05:30 [INF] Request starting HTTP/1.1 GET http://localhost:5050/Notifications/Index - null null
2026-03-19 00:30:41.450 +05:30 [INF] Executing endpoint 'PrisonerPortal.Controllers.NotificationsController.Index (PrisonerPortal)'
2026-03-19 00:30:41.457 +05:30 [INF] Route matched with {action = "Index", controller = "Notifications"}. Executing controller action with signature System.Threading.Tasks.Task`1[Microsoft.AspNetCore.Mvc.IActionResult] Index() on controller PrisonerPortal.Controllers.NotificationsController (PrisonerPortal).
2026-03-19 00:30:41.480 +05:30 [INF] Executed DbCommand (3ms) [Parameters=[@userId='?' (Size = 450)], CommandType='"Text"', CommandTimeout='30']
SELECT [n].[NotificationId], [n].[CreatedAt], [n].[IsRead], [n].[Message], [n].[RelatedEntityId], [n].[RelatedEntityType], [n].[Title], [n].[Type], [n].[UserId]
FROM [Notifications] AS [n]
WHERE [n].[UserId] = @userId
ORDER BY [n].[CreatedAt] DESC
2026-03-19 00:30:41.501 +05:30 [INF] Executing ViewResult, running view Index.
2026-03-19 00:30:41.517 +05:30 [INF] Executed ViewResult - view Index executed in 16.1584ms.
2026-03-19 00:30:41.528 +05:30 [INF] Executed action PrisonerPortal.Controllers.NotificationsController.Index (PrisonerPortal) in 54.7623ms
2026-03-19 00:30:41.536 +05:30 [INF] Executed endpoint 'PrisonerPortal.Controllers.NotificationsController.Index (PrisonerPortal)'
2026-03-19 00:30:41.546 +05:30 [INF] Request finished HTTP/1.1 GET http://localhost:5050/Notifications/Index - 200 null text/html; charset=utf-8 120.782ms
2026-03-19 00:30:41.606 +05:30 [INF] Request starting HTTP/1.1 GET http://localhost:5050/Notifications/GetUnreadCount - null null
2026-03-19 00:30:41.626 +05:30 [INF] Executing endpoint 'PrisonerPortal.Controllers.NotificationsController.GetUnreadCount (PrisonerPortal)'
2026-03-19 00:30:41.632 +05:30 [INF] Route matched with {action = "GetUnreadCount", controller = "Notifications"}. Executing controller action with signature Microsoft.AspNetCore.Mvc.IActionResult GetUnreadCount() on controller PrisonerPortal.Controllers.NotificationsController (PrisonerPortal).
2026-03-19 00:30:41.650 +05:30 [INF] Executed DbCommand (1ms) [Parameters=[@userId='?' (Size = 450)], CommandType='"Text"', CommandTimeout='30']
SELECT COUNT(*)
FROM [Notifications] AS [n]
WHERE [n].[UserId] = @userId AND [n].[IsRead] = CAST(0 AS bit)
2026-03-19 00:30:41.664 +05:30 [INF] Executing JsonResult, writing value of type '<>f__AnonymousType2`1[[System.Int32, System.Private.CoreLib, Version=10.0.0.0, Culture=neutral, PublicKeyToken=7cec85d7bea7798e]]'.
2026-03-19 00:30:41.676 +05:30 [INF] Executed action PrisonerPortal.Controllers.NotificationsController.GetUnreadCount (PrisonerPortal) in 31.0585ms
2026-03-19 00:30:41.693 +05:30 [INF] Executed endpoint 'PrisonerPortal.Controllers.NotificationsController.GetUnreadCount (PrisonerPortal)'
2026-03-19 00:30:41.703 +05:30 [INF] Request finished HTTP/1.1 GET http://localhost:5050/Notifications/GetUnreadCount - 200 null application/json; charset=utf-8 96.1353ms
2026-03-19 00:30:45.458 +05:30 [INF] Request starting HTTP/1.1 POST http://localhost:5050/Notifications/MarkAsRead - application/x-www-form-urlencoded 4
2026-03-19 00:30:45.478 +05:30 [INF] Executing endpoint 'PrisonerPortal.Controllers.NotificationsController.MarkAsRead (PrisonerPortal)'
2026-03-19 00:30:45.482 +05:30 [INF] Route matched with {action = "MarkAsRead", controller = "Notifications"}. Executing controller action with signature System.Threading.Tasks.Task`1[Microsoft.AspNetCore.Mvc.IActionResult] MarkAsRead(Int32) on controller PrisonerPortal.Controllers.NotificationsController (PrisonerPortal).
2026-03-19 00:30:45.501 +05:30 [INF] Executed DbCommand (2ms) [Parameters=[@p='?' (DbType = Int32)], CommandType='"Text"', CommandTimeout='30']
SELECT TOP(1) [n].[NotificationId], [n].[CreatedAt], [n].[IsRead], [n].[Message], [n].[RelatedEntityId], [n].[RelatedEntityType], [n].[Title], [n].[Type], [n].[UserId]
FROM [Notifications] AS [n]
WHERE [n].[NotificationId] = @p
2026-03-19 00:30:45.530 +05:30 [INF] Executed DbCommand (2ms) [Parameters=[@p1='?' (DbType = Int32), @p0='?' (DbType = Boolean)], CommandType='"Text"', CommandTimeout='30']
SET IMPLICIT_TRANSACTIONS OFF;
SET NOCOUNT ON;
UPDATE [Notifications] SET [IsRead] = @p0
OUTPUT 1
WHERE [NotificationId] = @p1;
2026-03-19 00:30:45.550 +05:30 [INF] Executing RedirectResult, redirecting to /Notifications/Index.
2026-03-19 00:30:45.559 +05:30 [INF] Executed action PrisonerPortal.Controllers.NotificationsController.MarkAsRead (PrisonerPortal) in 66.4823ms
2026-03-19 00:30:45.567 +05:30 [INF] Executed endpoint 'PrisonerPortal.Controllers.NotificationsController.MarkAsRead (PrisonerPortal)'
2026-03-19 00:30:45.575 +05:30 [INF] Request finished HTTP/1.1 POST http://localhost:5050/Notifications/MarkAsRead - 302 0 null 117.2234ms
2026-03-19 00:30:45.601 +05:30 [INF] Request starting HTTP/1.1 GET http://localhost:5050/Notifications/Index - null null
2026-03-19 00:30:45.620 +05:30 [INF] Executing endpoint 'PrisonerPortal.Controllers.NotificationsController.Index (PrisonerPortal)'
2026-03-19 00:30:45.629 +05:30 [INF] Route matched with {action = "Index", controller = "Notifications"}. Executing controller action with signature System.Threading.Tasks.Task`1[Microsoft.AspNetCore.Mvc.IActionResult] Index() on controller PrisonerPortal.Controllers.NotificationsController (PrisonerPortal).
2026-03-19 00:30:45.647 +05:30 [INF] Executed DbCommand (3ms) [Parameters=[@userId='?' (Size = 450)], CommandType='"Text"', CommandTimeout='30']
SELECT [n].[NotificationId], [n].[CreatedAt], [n].[IsRead], [n].[Message], [n].[RelatedEntityId], [n].[RelatedEntityType], [n].[Title], [n].[Type], [n].[UserId]
FROM [Notifications] AS [n]
WHERE [n].[UserId] = @userId
ORDER BY [n].[CreatedAt] DESC
2026-03-19 00:30:45.661 +05:30 [INF] Executing ViewResult, running view Index.
2026-03-19 00:30:45.670 +05:30 [INF] Executed ViewResult - view Index executed in 8.9756ms.
2026-03-19 00:30:45.681 +05:30 [INF] Executed action PrisonerPortal.Controllers.NotificationsController.Index (PrisonerPortal) in 43.1338ms
2026-03-19 00:30:45.687 +05:30 [INF] Executed endpoint 'PrisonerPortal.Controllers.NotificationsController.Index (PrisonerPortal)'
2026-03-19 00:30:45.696 +05:30 [INF] Request finished HTTP/1.1 GET http://localhost:5050/Notifications/Index - 200 null text/html; charset=utf-8 94.2866ms
2026-03-19 00:30:45.776 +05:30 [INF] Request starting HTTP/1.1 GET http://localhost:5050/Notifications/GetUnreadCount - null null
2026-03-19 00:30:45.797 +05:30 [INF] Executing endpoint 'PrisonerPortal.Controllers.NotificationsController.GetUnreadCount (PrisonerPortal)'
2026-03-19 00:30:45.802 +05:30 [INF] Route matched with {action = "GetUnreadCount", controller = "Notifications"}. Executing controller action with signature Microsoft.AspNetCore.Mvc.IActionResult GetUnreadCount() on controller PrisonerPortal.Controllers.NotificationsController (PrisonerPortal).
2026-03-19 00:30:45.825 +05:30 [INF] Executed DbCommand (3ms) [Parameters=[@userId='?' (Size = 450)], CommandType='"Text"', CommandTimeout='30']
SELECT COUNT(*)
FROM [Notifications] AS [n]
WHERE [n].[UserId] = @userId AND [n].[IsRead] = CAST(0 AS bit)
2026-03-19 00:30:45.845 +05:30 [INF] Executing JsonResult, writing value of type '<>f__AnonymousType2`1[[System.Int32, System.Private.CoreLib, Version=10.0.0.0, Culture=neutral, PublicKeyToken=7cec85d7bea7798e]]'.
2026-03-19 00:30:45.851 +05:30 [INF] Executed action PrisonerPortal.Controllers.NotificationsController.GetUnreadCount (PrisonerPortal) in 36.473ms
2026-03-19 00:30:45.860 +05:30 [INF] Executed endpoint 'PrisonerPortal.Controllers.NotificationsController.GetUnreadCount (PrisonerPortal)'
2026-03-19 00:30:45.864 +05:30 [INF] Request finished HTTP/1.1 GET http://localhost:5050/Notifications/GetUnreadCount - 200 null application/json; charset=utf-8 88.0578ms
2026-03-19 00:30:49.159 +05:30 [INF] Request starting HTTP/1.1 POST http://localhost:5050/Notifications/MarkAsRead - application/x-www-form-urlencoded 4
2026-03-19 00:30:49.178 +05:30 [INF] Executing endpoint 'PrisonerPortal.Controllers.NotificationsController.MarkAsRead (PrisonerPortal)'
2026-03-19 00:30:49.183 +05:30 [INF] Route matched with {action = "MarkAsRead", controller = "Notifications"}. Executing controller action with signature System.Threading.Tasks.Task`1[Microsoft.AspNetCore.Mvc.IActionResult] MarkAsRead(Int32) on controller PrisonerPortal.Controllers.NotificationsController (PrisonerPortal).
2026-03-19 00:30:49.210 +05:30 [INF] Executed DbCommand (2ms) [Parameters=[@p='?' (DbType = Int32)], CommandType='"Text"', CommandTimeout='30']
SELECT TOP(1) [n].[NotificationId], [n].[CreatedAt], [n].[IsRead], [n].[Message], [n].[RelatedEntityId], [n].[RelatedEntityType], [n].[Title], [n].[Type], [n].[UserId]
FROM [Notifications] AS [n]
WHERE [n].[NotificationId] = @p
2026-03-19 00:30:49.247 +05:30 [INF] Executed DbCommand (19ms) [Parameters=[@p1='?' (DbType = Int32), @p0='?' (DbType = Boolean)], CommandType='"Text"', CommandTimeout='30']
SET IMPLICIT_TRANSACTIONS OFF;
SET NOCOUNT ON;
UPDATE [Notifications] SET [IsRead] = @p0
OUTPUT 1
WHERE [NotificationId] = @p1;
2026-03-19 00:30:49.264 +05:30 [INF] Executing RedirectResult, redirecting to /Notifications/Index.
2026-03-19 00:30:49.271 +05:30 [INF] Executed action PrisonerPortal.Controllers.NotificationsController.MarkAsRead (PrisonerPortal) in 69.3642ms
2026-03-19 00:30:49.279 +05:30 [INF] Executed endpoint 'PrisonerPortal.Controllers.NotificationsController.MarkAsRead (PrisonerPortal)'
2026-03-19 00:30:49.284 +05:30 [INF] Request finished HTTP/1.1 POST http://localhost:5050/Notifications/MarkAsRead - 302 0 null 124.9463ms
2026-03-19 00:30:49.306 +05:30 [INF] Request starting HTTP/1.1 GET http://localhost:5050/Notifications/Index - null null
2026-03-19 00:30:49.323 +05:30 [INF] Executing endpoint 'PrisonerPortal.Controllers.NotificationsController.Index (PrisonerPortal)'
2026-03-19 00:30:49.330 +05:30 [INF] Route matched with {action = "Index", controller = "Notifications"}. Executing controller action with signature System.Threading.Tasks.Task`1[Microsoft.AspNetCore.Mvc.IActionResult] Index() on controller PrisonerPortal.Controllers.NotificationsController (PrisonerPortal).
2026-03-19 00:30:49.346 +05:30 [INF] Executed DbCommand (1ms) [Parameters=[@userId='?' (Size = 450)], CommandType='"Text"', CommandTimeout='30']
SELECT [n].[NotificationId], [n].[CreatedAt], [n].[IsRead], [n].[Message], [n].[RelatedEntityId], [n].[RelatedEntityType], [n].[Title], [n].[Type], [n].[UserId]
FROM [Notifications] AS [n]
WHERE [n].[UserId] = @userId
ORDER BY [n].[CreatedAt] DESC
2026-03-19 00:30:49.357 +05:30 [INF] Executing ViewResult, running view Index.
2026-03-19 00:30:49.366 +05:30 [INF] Executed ViewResult - view Index executed in 9.123ms.
2026-03-19 00:30:49.377 +05:30 [INF] Executed action PrisonerPortal.Controllers.NotificationsController.Index (PrisonerPortal) in 35.5966ms
2026-03-19 00:30:49.386 +05:30 [INF] Executed endpoint 'PrisonerPortal.Controllers.NotificationsController.Index (PrisonerPortal)'
2026-03-19 00:30:49.396 +05:30 [INF] Request finished HTTP/1.1 GET http://localhost:5050/Notifications/Index - 200 null text/html; charset=utf-8 89.2879ms
2026-03-19 00:30:49.460 +05:30 [INF] Request starting HTTP/1.1 GET http://localhost:5050/Notifications/GetUnreadCount - null null
2026-03-19 00:30:49.476 +05:30 [INF] Executing endpoint 'PrisonerPortal.Controllers.NotificationsController.GetUnreadCount (PrisonerPortal)'
2026-03-19 00:30:49.481 +05:30 [INF] Route matched with {action = "GetUnreadCount", controller = "Notifications"}. Executing controller action with signature Microsoft.AspNetCore.Mvc.IActionResult GetUnreadCount() on controller PrisonerPortal.Controllers.NotificationsController (PrisonerPortal).
2026-03-19 00:30:49.499 +05:30 [INF] Executed DbCommand (2ms) [Parameters=[@userId='?' (Size = 450)], CommandType='"Text"', CommandTimeout='30']
SELECT COUNT(*)
FROM [Notifications] AS [n]
WHERE [n].[UserId] = @userId AND [n].[IsRead] = CAST(0 AS bit)
2026-03-19 00:30:49.513 +05:30 [INF] Executing JsonResult, writing value of type '<>f__AnonymousType2`1[[System.Int32, System.Private.CoreLib, Version=10.0.0.0, Culture=neutral, PublicKeyToken=7cec85d7bea7798e]]'.
2026-03-19 00:30:49.519 +05:30 [INF] Executed action PrisonerPortal.Controllers.NotificationsController.GetUnreadCount (PrisonerPortal) in 25.7159ms
2026-03-19 00:30:49.530 +05:30 [INF] Executed endpoint 'PrisonerPortal.Controllers.NotificationsController.GetUnreadCount (PrisonerPortal)'
2026-03-19 00:30:49.539 +05:30 [INF] Request finished HTTP/1.1 GET http://localhost:5050/Notifications/GetUnreadCount - 200 null application/json; charset=utf-8 78.6453ms
2026-03-19 00:30:52.771 +05:30 [INF] Request starting HTTP/1.1 POST http://localhost:5050/Notifications/MarkAsRead - application/x-www-form-urlencoded 4
2026-03-19 00:30:52.789 +05:30 [INF] Executing endpoint 'PrisonerPortal.Controllers.NotificationsController.MarkAsRead (PrisonerPortal)'
2026-03-19 00:30:52.796 +05:30 [INF] Route matched with {action = "MarkAsRead", controller = "Notifications"}. Executing controller action with signature System.Threading.Tasks.Task`1[Microsoft.AspNetCore.Mvc.IActionResult] MarkAsRead(Int32) on controller PrisonerPortal.Controllers.NotificationsController (PrisonerPortal).
2026-03-19 00:30:52.819 +05:30 [INF] Executed DbCommand (4ms) [Parameters=[@p='?' (DbType = Int32)], CommandType='"Text"', CommandTimeout='30']
SELECT TOP(1) [n].[NotificationId], [n].[CreatedAt], [n].[IsRead], [n].[Message], [n].[RelatedEntityId], [n].[RelatedEntityType], [n].[Title], [n].[Type], [n].[UserId]
FROM [Notifications] AS [n]
WHERE [n].[NotificationId] = @p
2026-03-19 00:30:52.842 +05:30 [INF] Executed DbCommand (4ms) [Parameters=[@p1='?' (DbType = Int32), @p0='?' (DbType = Boolean)], CommandType='"Text"', CommandTimeout='30']
SET IMPLICIT_TRANSACTIONS OFF;
SET NOCOUNT ON;
UPDATE [Notifications] SET [IsRead] = @p0
OUTPUT 1
WHERE [NotificationId] = @p1;
2026-03-19 00:30:52.858 +05:30 [INF] Executing RedirectResult, redirecting to /Notifications/Index.
2026-03-19 00:30:52.865 +05:30 [INF] Executed action PrisonerPortal.Controllers.NotificationsController.MarkAsRead (PrisonerPortal) in 53.7249ms
2026-03-19 00:30:52.876 +05:30 [INF] Executed endpoint 'PrisonerPortal.Controllers.NotificationsController.MarkAsRead (PrisonerPortal)'
2026-03-19 00:30:52.883 +05:30 [INF] Request finished HTTP/1.1 POST http://localhost:5050/Notifications/MarkAsRead - 302 0 null 111.6615ms
2026-03-19 00:30:52.908 +05:30 [INF] Request starting HTTP/1.1 GET http://localhost:5050/Notifications/Index - null null
2026-03-19 00:30:52.925 +05:30 [INF] Executing endpoint 'PrisonerPortal.Controllers.NotificationsController.Index (PrisonerPortal)'
2026-03-19 00:30:52.932 +05:30 [INF] Route matched with {action = "Index", controller = "Notifications"}. Executing controller action with signature System.Threading.Tasks.Task`1[Microsoft.AspNetCore.Mvc.IActionResult] Index() on controller PrisonerPortal.Controllers.NotificationsController (PrisonerPortal).
2026-03-19 00:30:52.948 +05:30 [INF] Executed DbCommand (2ms) [Parameters=[@userId='?' (Size = 450)], CommandType='"Text"', CommandTimeout='30']
SELECT [n].[NotificationId], [n].[CreatedAt], [n].[IsRead], [n].[Message], [n].[RelatedEntityId], [n].[RelatedEntityType], [n].[Title], [n].[Type], [n].[UserId]
FROM [Notifications] AS [n]
WHERE [n].[UserId] = @userId
ORDER BY [n].[CreatedAt] DESC
2026-03-19 00:30:52.964 +05:30 [INF] Executing ViewResult, running view Index.
2026-03-19 00:30:53.030 +05:30 [INF] Executed ViewResult - view Index executed in 66.5379ms.
2026-03-19 00:30:53.040 +05:30 [INF] Executed action PrisonerPortal.Controllers.NotificationsController.Index (PrisonerPortal) in 95.6706ms
2026-03-19 00:30:53.048 +05:30 [INF] Executed endpoint 'PrisonerPortal.Controllers.NotificationsController.Index (PrisonerPortal)'
2026-03-19 00:30:53.058 +05:30 [INF] Request finished HTTP/1.1 GET http://localhost:5050/Notifications/Index - 200 null text/html; charset=utf-8 149.5184ms
2026-03-19 00:30:53.115 +05:30 [INF] Request starting HTTP/1.1 GET http://localhost:5050/Notifications/GetUnreadCount - null null
2026-03-19 00:30:53.131 +05:30 [INF] Executing endpoint 'PrisonerPortal.Controllers.NotificationsController.GetUnreadCount (PrisonerPortal)'
2026-03-19 00:30:53.139 +05:30 [INF] Route matched with {action = "GetUnreadCount", controller = "Notifications"}. Executing controller action with signature Microsoft.AspNetCore.Mvc.IActionResult GetUnreadCount() on controller PrisonerPortal.Controllers.NotificationsController (PrisonerPortal).
2026-03-19 00:30:53.154 +05:30 [INF] Executed DbCommand (2ms) [Parameters=[@userId='?' (Size = 450)], CommandType='"Text"', CommandTimeout='30']
SELECT COUNT(*)
FROM [Notifications] AS [n]
WHERE [n].[UserId] = @userId AND [n].[IsRead] = CAST(0 AS bit)
2026-03-19 00:30:53.169 +05:30 [INF] Executing JsonResult, writing value of type '<>f__AnonymousType2`1[[System.Int32, System.Private.CoreLib, Version=10.0.0.0, Culture=neutral, PublicKeyToken=7cec85d7bea7798e]]'.
2026-03-19 00:30:53.179 +05:30 [INF] Executed action PrisonerPortal.Controllers.NotificationsController.GetUnreadCount (PrisonerPortal) in 30.8308ms
2026-03-19 00:30:53.191 +05:30 [INF] Executed endpoint 'PrisonerPortal.Controllers.NotificationsController.GetUnreadCount (PrisonerPortal)'
2026-03-19 00:30:53.200 +05:30 [INF] Request finished HTTP/1.1 GET http://localhost:5050/Notifications/GetUnreadCount - 200 null application/json; charset=utf-8 84.1135ms
2026-03-19 00:30:58.958 +05:30 [INF] Request starting HTTP/1.1 GET http://localhost:5050/Family/Dashboard - null null
2026-03-19 00:30:58.978 +05:30 [INF] Executing endpoint 'PrisonerPortal.Controllers.FamilyController.Dashboard (PrisonerPortal)'
2026-03-19 00:30:58.982 +05:30 [INF] Route matched with {action = "Dashboard", controller = "Family"}. Executing controller action with signature System.Threading.Tasks.Task`1[Microsoft.AspNetCore.Mvc.IActionResult] Dashboard() on controller PrisonerPortal.Controllers.FamilyController (PrisonerPortal).
2026-03-19 00:30:59.012 +05:30 [INF] Executed DbCommand (1ms) [Parameters=[@p='?' (Size = 450)], CommandType='"Text"', CommandTimeout='30']
SELECT TOP(1) [a].[Id], [a].[AccessFailedCount], [a].[Address], [a].[ConcurrencyStamp], [a].[CreatedAt], [a].[Email], [a].[EmailConfirmed], [a].[FullName], [a].[IsActive], [a].[LockoutEnabled], [a].[LockoutEnd], [a].[NormalizedEmail], [a].[NormalizedUserName], [a].[PasswordHash], [a].[PhoneNumber], [a].[PhoneNumberConfirmed], [a].[Role], [a].[SecurityStamp], [a].[TwoFactorEnabled], [a].[UserName]
FROM [AspNetUsers] AS [a]
WHERE [a].[Id] = @p
2026-03-19 00:30:59.029 +05:30 [INF] Executed DbCommand (1ms) [Parameters=[@userId='?' (Size = 450)], CommandType='"Text"', CommandTimeout='30']
SELECT [f].[LinkId], [f].[IsVerified], [f].[LinkedAt], [f].[PrisonerId], [f].[Relationship], [f].[UserId], [f].[VerifiedByAdminId], [p].[PrisonerId], [p].[CaseNumber], [p].[CellBlock], [p].[CellNumber], [p].[CreatedAt], [p].[CrimeCategory], [p].[DateOfBirth], [p].[FullName], [p].[Gender], [p].[PrisonerCode], [p].[SentenceEndDate], [p].[SentenceStartDate], [p].[Status], [p].[UpdatedAt]
FROM [FamilyPrisonerLinks] AS [f]
INNER JOIN [Prisoners] AS [p] ON [f].[PrisonerId] = [p].[PrisonerId]
WHERE [f].[UserId] = @userId AND [f].[IsVerified] = CAST(1 AS bit)
2026-03-19 00:30:59.049 +05:30 [INF] Executed DbCommand (2ms) [Parameters=[@userId='?' (Size = 450)], CommandType='"Text"', CommandTimeout='30']
SELECT [a].[AppointmentId], [a].[AdminNotes], [a].[AppointmentCode], [a].[BookedAt], [a].[NumVisitors], [a].[PrisonerId], [a].[Purpose], [a].[RejectionReason], [a].[SlotId], [a].[Status], [a].[UpdatedAt], [a].[UserId], [a].[VisitorNames], [p].[PrisonerId], [p].[CaseNumber], [p].[CellBlock], [p].[CellNumber], [p].[CreatedAt], [p].[CrimeCategory], [p].[DateOfBirth], [p].[FullName], [p].[Gender], [p].[PrisonerCode], [p].[SentenceEndDate], [p].[SentenceStartDate], [p].[Status], [p].[UpdatedAt], [v].[SlotId], [v].[CreatedAt], [v].[CreatedByAdminId], [v].[CurrentBookings], [v].[EndTime], [v].[IsActive], [v].[MaxCapacity], [v].[SlotDate], [v].[StartTime]
FROM [Appointments] AS [a]
INNER JOIN [Prisoners] AS [p] ON [a].[PrisonerId] = [p].[PrisonerId]
INNER JOIN [VisitSlots] AS [v] ON [a].[SlotId] = [v].[SlotId]
WHERE [a].[UserId] = @userId
ORDER BY [a].[BookedAt] DESC
2026-03-19 00:30:59.074 +05:30 [INF] Executed DbCommand (3ms) [Parameters=[@userId='?' (Size = 450)], CommandType='"Text"', CommandTimeout='30']
SELECT [s].[RequestId], [s].[AdminResponse], [s].[AssignedAdminId], [s].[Category], [s].[CreatedAt], [s].[Description], [s].[Priority], [s].[PrisonerId], [s].[RequestCode], [s].[ResolvedAt], [s].[Status], [s].[Subject], [s].[UpdatedAt], [s].[UserId], [p].[PrisonerId], [p].[CaseNumber], [p].[CellBlock], [p].[CellNumber], [p].[CreatedAt], [p].[CrimeCategory], [p].[DateOfBirth], [p].[FullName], [p].[Gender], [p].[PrisonerCode], [p].[SentenceEndDate], [p].[SentenceStartDate], [p].[Status], [p].[UpdatedAt]
FROM [SupportRequests] AS [s]
LEFT JOIN [Prisoners] AS [p] ON [s].[PrisonerId] = [p].[PrisonerId]
WHERE [s].[UserId] = @userId
ORDER BY [s].[CreatedAt] DESC
2026-03-19 00:30:59.088 +05:30 [INF] Executing ViewResult, running view Dashboard.
2026-03-19 00:30:59.096 +05:30 [INF] Executed ViewResult - view Dashboard executed in 8.1483ms.
2026-03-19 00:30:59.105 +05:30 [INF] Executed action PrisonerPortal.Controllers.FamilyController.Dashboard (PrisonerPortal) in 103.7911ms
2026-03-19 00:30:59.112 +05:30 [INF] Executed endpoint 'PrisonerPortal.Controllers.FamilyController.Dashboard (PrisonerPortal)'
2026-03-19 00:30:59.121 +05:30 [INF] Request finished HTTP/1.1 GET http://localhost:5050/Family/Dashboard - 200 null text/html; charset=utf-8 162.9638ms
2026-03-19 00:30:59.174 +05:30 [INF] Request starting HTTP/1.1 GET http://localhost:5050/Notifications/GetUnreadCount - null null
2026-03-19 00:30:59.189 +05:30 [INF] Executing endpoint 'PrisonerPortal.Controllers.NotificationsController.GetUnreadCount (PrisonerPortal)'
2026-03-19 00:30:59.194 +05:30 [INF] Route matched with {action = "GetUnreadCount", controller = "Notifications"}. Executing controller action with signature Microsoft.AspNetCore.Mvc.IActionResult GetUnreadCount() on controller PrisonerPortal.Controllers.NotificationsController (PrisonerPortal).
2026-03-19 00:30:59.213 +05:30 [INF] Executed DbCommand (1ms) [Parameters=[@userId='?' (Size = 450)], CommandType='"Text"', CommandTimeout='30']
SELECT COUNT(*)
FROM [Notifications] AS [n]
WHERE [n].[UserId] = @userId AND [n].[IsRead] = CAST(0 AS bit)
2026-03-19 00:30:59.225 +05:30 [INF] Executing JsonResult, writing value of type '<>f__AnonymousType2`1[[System.Int32, System.Private.CoreLib, Version=10.0.0.0, Culture=neutral, PublicKeyToken=7cec85d7bea7798e]]'.
2026-03-19 00:30:59.231 +05:30 [INF] Executed action PrisonerPortal.Controllers.NotificationsController.GetUnreadCount (PrisonerPortal) in 26.0859ms
2026-03-19 00:30:59.241 +05:30 [INF] Executed endpoint 'PrisonerPortal.Controllers.NotificationsController.GetUnreadCount (PrisonerPortal)'
2026-03-19 00:30:59.252 +05:30 [INF] Request finished HTTP/1.1 GET http://localhost:5050/Notifications/GetUnreadCount - 200 null application/json; charset=utf-8 78.1337ms
2026-03-19 00:31:03.102 +05:30 [INF] Request starting HTTP/1.1 POST http://localhost:5050/Account/Logout - application/x-www-form-urlencoded 225
2026-03-19 00:31:03.126 +05:30 [INF] Executing endpoint 'PrisonerPortal.Controllers.AccountController.Logout (PrisonerPortal)'
2026-03-19 00:31:03.168 +05:30 [INF] Route matched with {action = "Logout", controller = "Account"}. Executing controller action with signature System.Threading.Tasks.Task`1[Microsoft.AspNetCore.Mvc.IActionResult] Logout() on controller PrisonerPortal.Controllers.AccountController (PrisonerPortal).
2026-03-19 00:31:03.418 +05:30 [INF] Executed DbCommand (16ms) [Parameters=[@p0='?' (Size = 4000), @p1='?' (Size = 4000), @p2='?' (Size = 4000), @p3='?' (Size = 4000), @p4='?' (Size = 4000), @p5='?' (Size = 4000), @p6='?' (DbType = DateTime2), @p7='?' (Size = 450)], CommandType='"Text"', CommandTimeout='30']
SET IMPLICIT_TRANSACTIONS OFF;
SET NOCOUNT ON;
INSERT INTO [AuditLogs] ([Action], [EntityId], [EntityType], [IPAddress], [NewValues], [OldValues], [Timestamp], [UserId])
OUTPUT INSERTED.[LogId]
VALUES (@p0, @p1, @p2, @p3, @p4, @p5, @p6, @p7);
2026-03-19 00:31:03.491 +05:30 [INF] AuthenticationScheme: Identity.Application signed out.
2026-03-19 00:31:03.502 +05:30 [INF] AuthenticationScheme: Identity.External signed out.
2026-03-19 00:31:03.508 +05:30 [INF] AuthenticationScheme: Identity.TwoFactorUserId signed out.
2026-03-19 00:31:03.515 +05:30 [INF] Executing RedirectResult, redirecting to /.
2026-03-19 00:31:03.565 +05:30 [INF] Executed action PrisonerPortal.Controllers.AccountController.Logout (PrisonerPortal) in 382.0623ms
2026-03-19 00:31:03.575 +05:30 [INF] Executed endpoint 'PrisonerPortal.Controllers.AccountController.Logout (PrisonerPortal)'
2026-03-19 00:31:03.581 +05:30 [INF] Request finished HTTP/1.1 POST http://localhost:5050/Account/Logout - 302 0 null 478.7784ms
2026-03-19 00:31:03.598 +05:30 [INF] Request starting HTTP/1.1 GET http://localhost:5050/ - null null
2026-03-19 00:31:03.621 +05:30 [INF] Executing endpoint 'PrisonerPortal.Controllers.AccountController.Login (PrisonerPortal)'
2026-03-19 00:31:03.628 +05:30 [INF] Route matched with {action = "Login", controller = "Account"}. Executing controller action with signature Microsoft.AspNetCore.Mvc.IActionResult Login(System.String) on controller PrisonerPortal.Controllers.AccountController (PrisonerPortal).
2026-03-19 00:31:03.661 +05:30 [INF] Executing ViewResult, running view Login.
2026-03-19 00:31:03.831 +05:30 [INF] Executed ViewResult - view Login executed in 176.4741ms.
2026-03-19 00:31:03.843 +05:30 [INF] Executed action PrisonerPortal.Controllers.AccountController.Login (PrisonerPortal) in 197.0311ms
2026-03-19 00:31:03.854 +05:30 [INF] Executed endpoint 'PrisonerPortal.Controllers.AccountController.Login (PrisonerPortal)'
2026-03-19 00:31:03.863 +05:30 [INF] Request finished HTTP/1.1 GET http://localhost:5050/ - 200 null text/html; charset=utf-8 263.9317ms
2026-03-19 00:31:12.493 +05:30 [INF] Request starting HTTP/1.1 POST http://localhost:5050/ - application/x-www-form-urlencoded 269
2026-03-19 00:31:12.519 +05:30 [INF] Executing endpoint 'PrisonerPortal.Controllers.AccountController.Login (PrisonerPortal)'
2026-03-19 00:31:12.559 +05:30 [INF] Route matched with {action = "Login", controller = "Account"}. Executing controller action with signature System.Threading.Tasks.Task`1[Microsoft.AspNetCore.Mvc.IActionResult] Login(PrisonerPortal.Models.ViewModels.LoginViewModel, System.String) on controller PrisonerPortal.Controllers.AccountController (PrisonerPortal).
2026-03-19 00:31:12.605 +05:30 [INF] Executed DbCommand (2ms) [Parameters=[@normalizedEmail='?' (Size = 256)], CommandType='"Text"', CommandTimeout='30']
SELECT TOP(2) [a].[Id], [a].[AccessFailedCount], [a].[Address], [a].[ConcurrencyStamp], [a].[CreatedAt], [a].[Email], [a].[EmailConfirmed], [a].[FullName], [a].[IsActive], [a].[LockoutEnabled], [a].[LockoutEnd], [a].[NormalizedEmail], [a].[NormalizedUserName], [a].[PasswordHash], [a].[PhoneNumber], [a].[PhoneNumberConfirmed], [a].[Role], [a].[SecurityStamp], [a].[TwoFactorEnabled], [a].[UserName]
FROM [AspNetUsers] AS [a]
WHERE [a].[NormalizedEmail] = @normalizedEmail
2026-03-19 00:31:12.626 +05:30 [INF] Executed DbCommand (5ms) [Parameters=[@normalizedUserName='?' (Size = 256)], CommandType='"Text"', CommandTimeout='30']
SELECT TOP(1) [a].[Id], [a].[AccessFailedCount], [a].[Address], [a].[ConcurrencyStamp], [a].[CreatedAt], [a].[Email], [a].[EmailConfirmed], [a].[FullName], [a].[IsActive], [a].[LockoutEnabled], [a].[LockoutEnd], [a].[NormalizedEmail], [a].[NormalizedUserName], [a].[PasswordHash], [a].[PhoneNumber], [a].[PhoneNumberConfirmed], [a].[Role], [a].[SecurityStamp], [a].[TwoFactorEnabled], [a].[UserName]
FROM [AspNetUsers] AS [a]
WHERE [a].[NormalizedUserName] = @normalizedUserName
2026-03-19 00:31:12.956 +05:30 [INF] Executed DbCommand (4ms) [Parameters=[@user_Id='?' (Size = 450)], CommandType='"Text"', CommandTimeout='30']
SELECT [a].[Id], [a].[ClaimType], [a].[ClaimValue], [a].[UserId]
FROM [AspNetUserClaims] AS [a]
WHERE [a].[UserId] = @user_Id
2026-03-19 00:31:13.047 +05:30 [INF] Executed DbCommand (24ms) [Parameters=[@userId='?' (Size = 450)], CommandType='"Text"', CommandTimeout='30']
SELECT [a0].[Name]
FROM [AspNetUserRoles] AS [a]
INNER JOIN [AspNetRoles] AS [a0] ON [a].[RoleId] = [a0].[Id]
WHERE [a].[UserId] = @userId
2026-03-19 00:31:13.075 +05:30 [INF] Executed DbCommand (4ms) [Parameters=[@normalizedName='?' (Size = 256)], CommandType='"Text"', CommandTimeout='30']
SELECT TOP(1) [a].[Id], [a].[ConcurrencyStamp], [a].[Name], [a].[NormalizedName]
FROM [AspNetRoles] AS [a]
WHERE [a].[NormalizedName] = @normalizedName
2026-03-19 00:31:13.142 +05:30 [INF] Executed DbCommand (4ms) [Parameters=[@role_Id='?' (Size = 450)], CommandType='"Text"', CommandTimeout='30']
SELECT [a].[ClaimType], [a].[ClaimValue]
FROM [AspNetRoleClaims] AS [a]
WHERE [a].[RoleId] = @role_Id
2026-03-19 00:31:13.174 +05:30 [INF] AuthenticationScheme: Identity.Application signed in.
2026-03-19 00:31:13.221 +05:30 [INF] Executed DbCommand (18ms) [Parameters=[@p0='?' (Size = 4000), @p1='?' (Size = 4000), @p2='?' (Size = 4000), @p3='?' (Size = 4000), @p4='?' (Size = 4000), @p5='?' (Size = 4000), @p6='?' (DbType = DateTime2), @p7='?' (Size = 450)], CommandType='"Text"', CommandTimeout='30']
SET IMPLICIT_TRANSACTIONS OFF;
SET NOCOUNT ON;
INSERT INTO [AuditLogs] ([Action], [EntityId], [EntityType], [IPAddress], [NewValues], [OldValues], [Timestamp], [UserId])
OUTPUT INSERTED.[LogId]
VALUES (@p0, @p1, @p2, @p3, @p4, @p5, @p6, @p7);
2026-03-19 00:31:13.251 +05:30 [INF] Executed DbCommand (2ms) [Parameters=[@userId='?' (Size = 450)], CommandType='"Text"', CommandTimeout='30']
SELECT [a0].[Name]
FROM [AspNetUserRoles] AS [a]
INNER JOIN [AspNetRoles] AS [a0] ON [a].[RoleId] = [a0].[Id]
WHERE [a].[UserId] = @userId
2026-03-19 00:31:13.271 +05:30 [INF] Executing RedirectResult, redirecting to /Admin/Dashboard.
2026-03-19 00:31:13.277 +05:30 [INF] Executed action PrisonerPortal.Controllers.AccountController.Login (PrisonerPortal) in 704.357ms
2026-03-19 00:31:13.292 +05:30 [INF] Executed endpoint 'PrisonerPortal.Controllers.AccountController.Login (PrisonerPortal)'
2026-03-19 00:31:13.300 +05:30 [INF] Request finished HTTP/1.1 POST http://localhost:5050/ - 302 0 null 807.8869ms
2026-03-19 00:31:13.330 +05:30 [INF] Request starting HTTP/1.1 GET http://localhost:5050/Admin/Dashboard - null null
2026-03-19 00:31:13.359 +05:30 [INF] Executing endpoint 'PrisonerPortal.Controllers.AdminController.Dashboard (PrisonerPortal)'
2026-03-19 00:31:13.392 +05:30 [INF] Route matched with {action = "Dashboard", controller = "Admin"}. Executing controller action with signature System.Threading.Tasks.Task`1[Microsoft.AspNetCore.Mvc.IActionResult] Dashboard() on controller PrisonerPortal.Controllers.AdminController (PrisonerPortal).
2026-03-19 00:31:13.494 +05:30 [INF] Executed DbCommand (4ms) [Parameters=[], CommandType='"Text"', CommandTimeout='30']
SELECT COUNT(*)
FROM [AspNetUsers] AS [a]
WHERE [a].[IsActive] = CAST(1 AS bit) AND [a].[Role] = N'Family'
2026-03-19 00:31:13.555 +05:30 [INF] Executed DbCommand (4ms) [Parameters=[], CommandType='"Text"', CommandTimeout='30']
SELECT COUNT(*)
FROM [Prisoners] AS [p]
WHERE [p].[Status] = N'Active'
2026-03-19 00:31:13.658 +05:30 [INF] Executed DbCommand (8ms) [Parameters=[], CommandType='"Text"', CommandTimeout='30']
SELECT COUNT(*)
FROM [Appointments] AS [a]
INNER JOIN [VisitSlots] AS [v] ON [a].[SlotId] = [v].[SlotId]
WHERE CONVERT(date, [v].[SlotDate]) = CONVERT(date, GETDATE()) AND [a].[Status] IN (N'Approved', N'Pending')
2026-03-19 00:31:13.713 +05:30 [INF] Executed DbCommand (6ms) [Parameters=[], CommandType='"Text"', CommandTimeout='30']
SELECT COUNT(*)
FROM [SupportRequests] AS [s]
WHERE [s].[Status] IN (N'Open', N'InProgress')
2026-03-19 00:31:13.891 +05:30 [INF] Executed DbCommand (18ms) [Parameters=[@p='?' (DbType = Int32)], CommandType='"Text"', CommandTimeout='30']
SELECT [a1].[AppointmentId], [a1].[AdminNotes], [a1].[AppointmentCode], [a1].[BookedAt], [a1].[NumVisitors], [a1].[PrisonerId], [a1].[Purpose], [a1].[RejectionReason], [a1].[SlotId], [a1].[Status], [a1].[UpdatedAt], [a1].[UserId], [a1].[VisitorNames], [a0].[Id], [a0].[AccessFailedCount], [a0].[Address], [a0].[ConcurrencyStamp], [a0].[CreatedAt], [a0].[Email], [a0].[EmailConfirmed], [a0].[FullName], [a0].[IsActive], [a0].[LockoutEnabled], [a0].[LockoutEnd], [a0].[NormalizedEmail], [a0].[NormalizedUserName], [a0].[PasswordHash], [a0].[PhoneNumber], [a0].[PhoneNumberConfirmed], [a0].[Role], [a0].[SecurityStamp], [a0].[TwoFactorEnabled], [a0].[UserName], [p].[PrisonerId], [p].[CaseNumber], [p].[CellBlock], [p].[CellNumber], [p].[CreatedAt], [p].[CrimeCategory], [p].[DateOfBirth], [p].[FullName], [p].[Gender], [p].[PrisonerCode], [p].[SentenceEndDate], [p].[SentenceStartDate], [p].[Status], [p].[UpdatedAt], [v].[SlotId], [v].[CreatedAt], [v].[CreatedByAdminId], [v].[CurrentBookings], [v].[EndTime], [v].[IsActive], [v].[MaxCapacity], [v].[SlotDate], [v].[StartTime]
FROM (
    SELECT TOP(@p) [a].[AppointmentId], [a].[AdminNotes], [a].[AppointmentCode], [a].[BookedAt], [a].[NumVisitors], [a].[PrisonerId], [a].[Purpose], [a].[RejectionReason], [a].[SlotId], [a].[Status], [a].[UpdatedAt], [a].[UserId], [a].[VisitorNames]
    FROM [Appointments] AS [a]
    WHERE [a].[Status] = N'Pending'
    ORDER BY [a].[BookedAt] DESC
) AS [a1]
INNER JOIN [AspNetUsers] AS [a0] ON [a1].[UserId] = [a0].[Id]
INNER JOIN [Prisoners] AS [p] ON [a1].[PrisonerId] = [p].[PrisonerId]
INNER JOIN [VisitSlots] AS [v] ON [a1].[SlotId] = [v].[SlotId]
ORDER BY [a1].[BookedAt] DESC
2026-03-19 00:31:14.052 +05:30 [INF] Executed DbCommand (12ms) [Parameters=[@p='?' (DbType = Int32)], CommandType='"Text"', CommandTimeout='30']
SELECT [s0].[RequestId], [s0].[AdminResponse], [s0].[AssignedAdminId], [s0].[Category], [s0].[CreatedAt], [s0].[Description], [s0].[Priority], [s0].[PrisonerId], [s0].[RequestCode], [s0].[ResolvedAt], [s0].[Status], [s0].[Subject], [s0].[UpdatedAt], [s0].[UserId], [a].[Id], [a].[AccessFailedCount], [a].[Address], [a].[ConcurrencyStamp], [a].[CreatedAt], [a].[Email], [a].[EmailConfirmed], [a].[FullName], [a].[IsActive], [a].[LockoutEnabled], [a].[LockoutEnd], [a].[NormalizedEmail], [a].[NormalizedUserName], [a].[PasswordHash], [a].[PhoneNumber], [a].[PhoneNumberConfirmed], [a].[Role], [a].[SecurityStamp], [a].[TwoFactorEnabled], [a].[UserName], [p].[PrisonerId], [p].[CaseNumber], [p].[CellBlock], [p].[CellNumber], [p].[CreatedAt], [p].[CrimeCategory], [p].[DateOfBirth], [p].[FullName], [p].[Gender], [p].[PrisonerCode], [p].[SentenceEndDate], [p].[SentenceStartDate], [p].[Status], [p].[UpdatedAt]
FROM (
    SELECT TOP(@p) [s].[RequestId], [s].[AdminResponse], [s].[AssignedAdminId], [s].[Category], [s].[CreatedAt], [s].[Description], [s].[Priority], [s].[PrisonerId], [s].[RequestCode], [s].[ResolvedAt], [s].[Status], [s].[Subject], [s].[UpdatedAt], [s].[UserId]
    FROM [SupportRequests] AS [s]
    WHERE [s].[Status] IN (N'Open', N'InProgress')
    ORDER BY [s].[CreatedAt] DESC
) AS [s0]
INNER JOIN [AspNetUsers] AS [a] ON [s0].[UserId] = [a].[Id]
LEFT JOIN [Prisoners] AS [p] ON [s0].[PrisonerId] = [p].[PrisonerId]
ORDER BY [s0].[CreatedAt] DESC
2026-03-19 00:31:14.187 +05:30 [INF] Executed DbCommand (13ms) [Parameters=[@p='?' (DbType = Int32)], CommandType='"Text"', CommandTimeout='30']
SELECT [f0].[LinkId], [f0].[IsVerified], [f0].[LinkedAt], [f0].[PrisonerId], [f0].[Relationship], [f0].[UserId], [f0].[VerifiedByAdminId], [a].[Id], [a].[AccessFailedCount], [a].[Address], [a].[ConcurrencyStamp], [a].[CreatedAt], [a].[Email], [a].[EmailConfirmed], [a].[FullName], [a].[IsActive], [a].[LockoutEnabled], [a].[LockoutEnd], [a].[NormalizedEmail], [a].[NormalizedUserName], [a].[PasswordHash], [a].[PhoneNumber], [a].[PhoneNumberConfirmed], [a].[Role], [a].[SecurityStamp], [a].[TwoFactorEnabled], [a].[UserName], [p].[PrisonerId], [p].[CaseNumber], [p].[CellBlock], [p].[CellNumber], [p].[CreatedAt], [p].[CrimeCategory], [p].[DateOfBirth], [p].[FullName], [p].[Gender], [p].[PrisonerCode], [p].[SentenceEndDate], [p].[SentenceStartDate], [p].[Status], [p].[UpdatedAt]
FROM (
    SELECT TOP(@p) [f].[LinkId], [f].[IsVerified], [f].[LinkedAt], [f].[PrisonerId], [f].[Relationship], [f].[UserId], [f].[VerifiedByAdminId]
    FROM [FamilyPrisonerLinks] AS [f]
    WHERE [f].[IsVerified] = CAST(0 AS bit)
    ORDER BY [f].[LinkedAt] DESC
) AS [f0]
INNER JOIN [AspNetUsers] AS [a] ON [f0].[UserId] = [a].[Id]
INNER JOIN [Prisoners] AS [p] ON [f0].[PrisonerId] = [p].[PrisonerId]
ORDER BY [f0].[LinkedAt] DESC
2026-03-19 00:31:14.257 +05:30 [INF] Executed DbCommand (4ms) [Parameters=[@p='?' (DbType = Int32)], CommandType='"Text"', CommandTimeout='30']
SELECT TOP(@p) [a].[Id], [a].[AccessFailedCount], [a].[Address], [a].[ConcurrencyStamp], [a].[CreatedAt], [a].[Email], [a].[EmailConfirmed], [a].[FullName], [a].[IsActive], [a].[LockoutEnabled], [a].[LockoutEnd], [a].[NormalizedEmail], [a].[NormalizedUserName], [a].[PasswordHash], [a].[PhoneNumber], [a].[PhoneNumberConfirmed], [a].[Role], [a].[SecurityStamp], [a].[TwoFactorEnabled], [a].[UserName]
FROM [AspNetUsers] AS [a]
ORDER BY [a].[CreatedAt] DESC
2026-03-19 00:31:14.276 +05:30 [INF] Executing ViewResult, running view Dashboard.
2026-03-19 00:31:14.388 +05:30 [INF] Executed ViewResult - view Dashboard executed in 114.6931ms.
2026-03-19 00:31:14.396 +05:30 [INF] Executed action PrisonerPortal.Controllers.AdminController.Dashboard (PrisonerPortal) in 988.4516ms
2026-03-19 00:31:14.402 +05:30 [INF] Executed endpoint 'PrisonerPortal.Controllers.AdminController.Dashboard (PrisonerPortal)'
2026-03-19 00:31:14.406 +05:30 [INF] Request finished HTTP/1.1 GET http://localhost:5050/Admin/Dashboard - 200 null text/html; charset=utf-8 1075.9291ms
2026-03-19 00:31:14.472 +05:30 [INF] Request starting HTTP/1.1 GET http://localhost:5050/Notifications/GetUnreadCount - null null
2026-03-19 00:31:14.489 +05:30 [INF] Executing endpoint 'PrisonerPortal.Controllers.NotificationsController.GetUnreadCount (PrisonerPortal)'
2026-03-19 00:31:14.494 +05:30 [INF] Route matched with {action = "GetUnreadCount", controller = "Notifications"}. Executing controller action with signature Microsoft.AspNetCore.Mvc.IActionResult GetUnreadCount() on controller PrisonerPortal.Controllers.NotificationsController (PrisonerPortal).
2026-03-19 00:31:14.513 +05:30 [INF] Executed DbCommand (3ms) [Parameters=[@userId='?' (Size = 450)], CommandType='"Text"', CommandTimeout='30']
SELECT COUNT(*)
FROM [Notifications] AS [n]
WHERE [n].[UserId] = @userId AND [n].[IsRead] = CAST(0 AS bit)
2026-03-19 00:31:14.526 +05:30 [INF] Executing JsonResult, writing value of type '<>f__AnonymousType2`1[[System.Int32, System.Private.CoreLib, Version=10.0.0.0, Culture=neutral, PublicKeyToken=7cec85d7bea7798e]]'.
2026-03-19 00:31:14.534 +05:30 [INF] Executed action PrisonerPortal.Controllers.NotificationsController.GetUnreadCount (PrisonerPortal) in 28.2282ms
2026-03-19 00:31:14.540 +05:30 [INF] Executed endpoint 'PrisonerPortal.Controllers.NotificationsController.GetUnreadCount (PrisonerPortal)'
2026-03-19 00:31:14.549 +05:30 [INF] Request finished HTTP/1.1 GET http://localhost:5050/Notifications/GetUnreadCount - 200 null application/json; charset=utf-8 76.8714ms
2026-03-19 00:31:44.475 +05:30 [INF] Request starting HTTP/1.1 GET http://localhost:5050/Notifications/GetUnreadCount - null null
2026-03-19 00:31:44.492 +05:30 [INF] Executing endpoint 'PrisonerPortal.Controllers.NotificationsController.GetUnreadCount (PrisonerPortal)'
2026-03-19 00:31:44.495 +05:30 [INF] Route matched with {action = "GetUnreadCount", controller = "Notifications"}. Executing controller action with signature Microsoft.AspNetCore.Mvc.IActionResult GetUnreadCount() on controller PrisonerPortal.Controllers.NotificationsController (PrisonerPortal).
2026-03-19 00:31:44.514 +05:30 [INF] Executed DbCommand (12ms) [Parameters=[@userId='?' (Size = 450)], CommandType='"Text"', CommandTimeout='30']
SELECT COUNT(*)
FROM [Notifications] AS [n]
WHERE [n].[UserId] = @userId AND [n].[IsRead] = CAST(0 AS bit)
2026-03-19 00:31:44.535 +05:30 [INF] Executing JsonResult, writing value of type '<>f__AnonymousType2`1[[System.Int32, System.Private.CoreLib, Version=10.0.0.0, Culture=neutral, PublicKeyToken=7cec85d7bea7798e]]'.
2026-03-19 00:31:44.546 +05:30 [INF] Executed action PrisonerPortal.Controllers.NotificationsController.GetUnreadCount (PrisonerPortal) in 47.7691ms
2026-03-19 00:31:44.560 +05:30 [INF] Executed endpoint 'PrisonerPortal.Controllers.NotificationsController.GetUnreadCount (PrisonerPortal)'
2026-03-19 00:31:44.568 +05:30 [INF] Request finished HTTP/1.1 GET http://localhost:5050/Notifications/GetUnreadCount - 200 null application/json; charset=utf-8 93.6556ms
2026-03-19 00:31:45.320 +05:30 [INF] Request starting HTTP/1.1 GET http://localhost:5050/Admin/Appointments - null null
2026-03-19 00:31:45.357 +05:30 [INF] Executing endpoint 'PrisonerPortal.Controllers.AdminController.Appointments (PrisonerPortal)'
2026-03-19 00:31:45.395 +05:30 [INF] Route matched with {action = "Appointments", controller = "Admin"}. Executing controller action with signature System.Threading.Tasks.Task`1[Microsoft.AspNetCore.Mvc.IActionResult] Appointments() on controller PrisonerPortal.Controllers.AdminController (PrisonerPortal).
2026-03-19 00:31:45.552 +05:30 [INF] Executed DbCommand (21ms) [Parameters=[], CommandType='"Text"', CommandTimeout='30']
SELECT [a].[AppointmentId], [a].[AdminNotes], [a].[AppointmentCode], [a].[BookedAt], [a].[NumVisitors], [a].[PrisonerId], [a].[Purpose], [a].[RejectionReason], [a].[SlotId], [a].[Status], [a].[UpdatedAt], [a].[UserId], [a].[VisitorNames], [p].[PrisonerId], [p].[CaseNumber], [p].[CellBlock], [p].[CellNumber], [p].[CreatedAt], [p].[CrimeCategory], [p].[DateOfBirth], [p].[FullName], [p].[Gender], [p].[PrisonerCode], [p].[SentenceEndDate], [p].[SentenceStartDate], [p].[Status], [p].[UpdatedAt], [v].[SlotId], [v].[CreatedAt], [v].[CreatedByAdminId], [v].[CurrentBookings], [v].[EndTime], [v].[IsActive], [v].[MaxCapacity], [v].[SlotDate], [v].[StartTime], [a0].[Id], [a0].[AccessFailedCount], [a0].[Address], [a0].[ConcurrencyStamp], [a0].[CreatedAt], [a0].[Email], [a0].[EmailConfirmed], [a0].[FullName], [a0].[IsActive], [a0].[LockoutEnabled], [a0].[LockoutEnd], [a0].[NormalizedEmail], [a0].[NormalizedUserName], [a0].[PasswordHash], [a0].[PhoneNumber], [a0].[PhoneNumberConfirmed], [a0].[Role], [a0].[SecurityStamp], [a0].[TwoFactorEnabled], [a0].[UserName]
FROM [Appointments] AS [a]
INNER JOIN [Prisoners] AS [p] ON [a].[PrisonerId] = [p].[PrisonerId]
INNER JOIN [VisitSlots] AS [v] ON [a].[SlotId] = [v].[SlotId]
INNER JOIN [AspNetUsers] AS [a0] ON [a].[UserId] = [a0].[Id]
ORDER BY [a].[BookedAt] DESC
2026-03-19 00:31:45.588 +05:30 [INF] Executing ViewResult, running view Appointments.
2026-03-19 00:31:45.674 +05:30 [INF] Executed ViewResult - view Appointments executed in 95.0459ms.
2026-03-19 00:31:45.687 +05:30 [INF] Executed action PrisonerPortal.Controllers.AdminController.Appointments (PrisonerPortal) in 274.8244ms
2026-03-19 00:31:45.694 +05:30 [INF] Executed endpoint 'PrisonerPortal.Controllers.AdminController.Appointments (PrisonerPortal)'
2026-03-19 00:31:45.703 +05:30 [INF] Request finished HTTP/1.1 GET http://localhost:5050/Admin/Appointments - 200 null text/html; charset=utf-8 382.9118ms
2026-03-19 00:31:45.749 +05:30 [INF] Request starting HTTP/1.1 GET http://localhost:5050/Notifications/GetUnreadCount - null null
2026-03-19 00:31:45.770 +05:30 [INF] Executing endpoint 'PrisonerPortal.Controllers.NotificationsController.GetUnreadCount (PrisonerPortal)'
2026-03-19 00:31:45.780 +05:30 [INF] Route matched with {action = "GetUnreadCount", controller = "Notifications"}. Executing controller action with signature Microsoft.AspNetCore.Mvc.IActionResult GetUnreadCount() on controller PrisonerPortal.Controllers.NotificationsController (PrisonerPortal).
2026-03-19 00:31:45.795 +05:30 [INF] Executed DbCommand (1ms) [Parameters=[@userId='?' (Size = 450)], CommandType='"Text"', CommandTimeout='30']
SELECT COUNT(*)
FROM [Notifications] AS [n]
WHERE [n].[UserId] = @userId AND [n].[IsRead] = CAST(0 AS bit)
2026-03-19 00:31:45.806 +05:30 [INF] Executing JsonResult, writing value of type '<>f__AnonymousType2`1[[System.Int32, System.Private.CoreLib, Version=10.0.0.0, Culture=neutral, PublicKeyToken=7cec85d7bea7798e]]'.
2026-03-19 00:31:45.811 +05:30 [INF] Executed action PrisonerPortal.Controllers.NotificationsController.GetUnreadCount (PrisonerPortal) in 18.729ms
2026-03-19 00:31:45.817 +05:30 [INF] Executed endpoint 'PrisonerPortal.Controllers.NotificationsController.GetUnreadCount (PrisonerPortal)'
2026-03-19 00:31:45.824 +05:30 [INF] Request finished HTTP/1.1 GET http://localhost:5050/Notifications/GetUnreadCount - 200 null application/json; charset=utf-8 75.1789ms
2026-03-19 00:31:47.864 +05:30 [INF] Request starting HTTP/1.1 GET http://localhost:5050/Admin/Prisoners - null null
2026-03-19 00:31:47.878 +05:30 [INF] Executing endpoint 'PrisonerPortal.Controllers.AdminController.Prisoners (PrisonerPortal)'
2026-03-19 00:31:47.918 +05:30 [INF] Route matched with {action = "Prisoners", controller = "Admin"}. Executing controller action with signature System.Threading.Tasks.Task`1[Microsoft.AspNetCore.Mvc.IActionResult] Prisoners() on controller PrisonerPortal.Controllers.AdminController (PrisonerPortal).
2026-03-19 00:31:47.973 +05:30 [INF] Executed DbCommand (4ms) [Parameters=[], CommandType='"Text"', CommandTimeout='30']
SELECT [p].[PrisonerId], [p].[CaseNumber], [p].[CellBlock], [p].[CellNumber], [p].[CreatedAt], [p].[CrimeCategory], [p].[DateOfBirth], [p].[FullName], [p].[Gender], [p].[PrisonerCode], [p].[SentenceEndDate], [p].[SentenceStartDate], [p].[Status], [p].[UpdatedAt]
FROM [Prisoners] AS [p]
ORDER BY [p].[FullName]
2026-03-19 00:31:47.998 +05:30 [INF] Executing ViewResult, running view Prisoners.
2026-03-19 00:31:48.060 +05:30 [INF] Executed ViewResult - view Prisoners executed in 65.2775ms.
2026-03-19 00:31:48.073 +05:30 [INF] Executed action PrisonerPortal.Controllers.AdminController.Prisoners (PrisonerPortal) in 143.1614ms
2026-03-19 00:31:48.079 +05:30 [INF] Executed endpoint 'PrisonerPortal.Controllers.AdminController.Prisoners (PrisonerPortal)'
2026-03-19 00:31:48.091 +05:30 [INF] Request finished HTTP/1.1 GET http://localhost:5050/Admin/Prisoners - 200 null text/html; charset=utf-8 227.6467ms
2026-03-19 00:31:48.177 +05:30 [INF] Request starting HTTP/1.1 GET http://localhost:5050/Notifications/GetUnreadCount - null null
2026-03-19 00:31:48.194 +05:30 [INF] Executing endpoint 'PrisonerPortal.Controllers.NotificationsController.GetUnreadCount (PrisonerPortal)'
2026-03-19 00:31:48.199 +05:30 [INF] Route matched with {action = "GetUnreadCount", controller = "Notifications"}. Executing controller action with signature Microsoft.AspNetCore.Mvc.IActionResult GetUnreadCount() on controller PrisonerPortal.Controllers.NotificationsController (PrisonerPortal).
2026-03-19 00:31:48.223 +05:30 [INF] Executed DbCommand (2ms) [Parameters=[@userId='?' (Size = 450)], CommandType='"Text"', CommandTimeout='30']
SELECT COUNT(*)
FROM [Notifications] AS [n]
WHERE [n].[UserId] = @userId AND [n].[IsRead] = CAST(0 AS bit)
2026-03-19 00:31:48.246 +05:30 [INF] Executing JsonResult, writing value of type '<>f__AnonymousType2`1[[System.Int32, System.Private.CoreLib, Version=10.0.0.0, Culture=neutral, PublicKeyToken=7cec85d7bea7798e]]'.
2026-03-19 00:31:48.257 +05:30 [INF] Executed action PrisonerPortal.Controllers.NotificationsController.GetUnreadCount (PrisonerPortal) in 42.0193ms
2026-03-19 00:31:48.272 +05:30 [INF] Executed endpoint 'PrisonerPortal.Controllers.NotificationsController.GetUnreadCount (PrisonerPortal)'
2026-03-19 00:31:48.278 +05:30 [INF] Request finished HTTP/1.1 GET http://localhost:5050/Notifications/GetUnreadCount - 200 null application/json; charset=utf-8 100.8535ms
2026-03-19 00:31:54.617 +05:30 [INF] Request starting HTTP/1.1 GET http://localhost:5050/Admin/ViewPrisoner/3 - null null
2026-03-19 00:31:54.636 +05:30 [INF] Executing endpoint 'PrisonerPortal.Controllers.AdminController.ViewPrisoner (PrisonerPortal)'
2026-03-19 00:31:54.644 +05:30 [INF] Request starting HTTP/1.1 GET http://localhost:5050/Admin/ViewPrisoner/3 - null null
2026-03-19 00:31:54.658 +05:30 [INF] Executing endpoint 'PrisonerPortal.Controllers.AdminController.ViewPrisoner (PrisonerPortal)'
2026-03-19 00:31:54.672 +05:30 [INF] Route matched with {action = "ViewPrisoner", controller = "Admin"}. Executing controller action with signature System.Threading.Tasks.Task`1[Microsoft.AspNetCore.Mvc.IActionResult] ViewPrisoner(Int32) on controller PrisonerPortal.Controllers.AdminController (PrisonerPortal).
2026-03-19 00:31:54.700 +05:30 [INF] Route matched with {action = "ViewPrisoner", controller = "Admin"}. Executing controller action with signature System.Threading.Tasks.Task`1[Microsoft.AspNetCore.Mvc.IActionResult] ViewPrisoner(Int32) on controller PrisonerPortal.Controllers.AdminController (PrisonerPortal).
2026-03-19 00:31:54.799 +05:30 [WRN] Compiling a query which loads related collections for more than one collection navigation, either via 'Include' or through projection, but no 'QuerySplittingBehavior' has been configured. By default, Entity Framework will use 'QuerySplittingBehavior.SingleQuery', which can potentially result in slow query performance. See https://go.microsoft.com/fwlink/?linkid=2134277 for more information. To identify the query that's triggering this warning call 'ConfigureWarnings(w => w.Throw(RelationalEventId.MultipleCollectionIncludeWarning))'.
2026-03-19 00:31:55.017 +05:30 [INF] Executed DbCommand (48ms) [Parameters=[@id='?' (DbType = Int32)], CommandType='"Text"', CommandTimeout='30']
SELECT [p0].[PrisonerId], [p0].[CaseNumber], [p0].[CellBlock], [p0].[CellNumber], [p0].[CreatedAt], [p0].[CrimeCategory], [p0].[DateOfBirth], [p0].[FullName], [p0].[Gender], [p0].[PrisonerCode], [p0].[SentenceEndDate], [p0].[SentenceStartDate], [p0].[Status], [p0].[UpdatedAt], [s0].[LinkId], [s0].[IsVerified], [s0].[LinkedAt], [s0].[PrisonerId], [s0].[Relationship], [s0].[UserId], [s0].[VerifiedByAdminId], [s0].[Id], [s0].[AccessFailedCount], [s0].[Address], [s0].[ConcurrencyStamp], [s0].[CreatedAt], [s0].[Email], [s0].[EmailConfirmed], [s0].[FullName], [s0].[IsActive], [s0].[LockoutEnabled], [s0].[LockoutEnd], [s0].[NormalizedEmail], [s0].[NormalizedUserName], [s0].[PasswordHash], [s0].[PhoneNumber], [s0].[PhoneNumberConfirmed], [s0].[Role], [s0].[SecurityStamp], [s0].[TwoFactorEnabled], [s0].[UserName], [s1].[AppointmentId], [s1].[AdminNotes], [s1].[AppointmentCode], [s1].[BookedAt], [s1].[NumVisitors], [s1].[PrisonerId], [s1].[Purpose], [s1].[RejectionReason], [s1].[SlotId], [s1].[Status], [s1].[UpdatedAt], [s1].[UserId], [s1].[VisitorNames], [s1].[Id], [s1].[AccessFailedCount], [s1].[Address], [s1].[ConcurrencyStamp], [s1].[CreatedAt], [s1].[Email], [s1].[EmailConfirmed], [s1].[FullName], [s1].[IsActive], [s1].[LockoutEnabled], [s1].[LockoutEnd], [s1].[NormalizedEmail], [s1].[NormalizedUserName], [s1].[PasswordHash], [s1].[PhoneNumber], [s1].[PhoneNumberConfirmed], [s1].[Role], [s1].[SecurityStamp], [s1].[TwoFactorEnabled], [s1].[UserName], [s].[RequestId], [s].[AdminResponse], [s].[AssignedAdminId], [s].[Category], [s].[CreatedAt], [s].[Description], [s].[Priority], [s].[PrisonerId], [s].[RequestCode], [s].[ResolvedAt], [s].[Status], [s].[Subject], [s].[UpdatedAt], [s].[UserId]
FROM (
    SELECT TOP(1) [p].[PrisonerId], [p].[CaseNumber], [p].[CellBlock], [p].[CellNumber], [p].[CreatedAt], [p].[CrimeCategory], [p].[DateOfBirth], [p].[FullName], [p].[Gender], [p].[PrisonerCode], [p].[SentenceEndDate], [p].[SentenceStartDate], [p].[Status], [p].[UpdatedAt]
    FROM [Prisoners] AS [p]
    WHERE [p].[PrisonerId] = @id
) AS [p0]
LEFT JOIN (
    SELECT [f].[LinkId], [f].[IsVerified], [f].[LinkedAt], [f].[PrisonerId], [f].[Relationship], [f].[UserId], [f].[VerifiedByAdminId], [a].[Id], [a].[AccessFailedCount], [a].[Address], [a].[ConcurrencyStamp], [a].[CreatedAt], [a].[Email], [a].[EmailConfirmed], [a].[FullName], [a].[IsActive], [a].[LockoutEnabled], [a].[LockoutEnd], [a].[NormalizedEmail], [a].[NormalizedUserName], [a].[PasswordHash], [a].[PhoneNumber], [a].[PhoneNumberConfirmed], [a].[Role], [a].[SecurityStamp], [a].[TwoFactorEnabled], [a].[UserName]
    FROM [FamilyPrisonerLinks] AS [f]
    INNER JOIN [AspNetUsers] AS [a] ON [f].[UserId] = [a].[Id]
) AS [s0] ON [p0].[PrisonerId] = [s0].[PrisonerId]
LEFT JOIN (
    SELECT [a0].[AppointmentId], [a0].[AdminNotes], [a0].[AppointmentCode], [a0].[BookedAt], [a0].[NumVisitors], [a0].[PrisonerId], [a0].[Purpose], [a0].[RejectionReason], [a0].[SlotId], [a0].[Status], [a0].[UpdatedAt], [a0].[UserId], [a0].[VisitorNames], [a1].[Id], [a1].[AccessFailedCount], [a1].[Address], [a1].[ConcurrencyStamp], [a1].[CreatedAt], [a1].[Email], [a1].[EmailConfirmed], [a1].[FullName], [a1].[IsActive], [a1].[LockoutEnabled], [a1].[LockoutEnd], [a1].[NormalizedEmail], [a1].[NormalizedUserName], [a1].[PasswordHash], [a1].[PhoneNumber], [a1].[PhoneNumberConfirmed], [a1].[Role], [a1].[SecurityStamp], [a1].[TwoFactorEnabled], [a1].[UserName]
    FROM [Appointments] AS [a0]
    INNER JOIN [AspNetUsers] AS [a1] ON [a0].[UserId] = [a1].[Id]
) AS [s1] ON [p0].[PrisonerId] = [s1].[PrisonerId]
LEFT JOIN [SupportRequests] AS [s] ON [p0].[PrisonerId] = [s].[PrisonerId]
ORDER BY [p0].[PrisonerId], [s0].[LinkId], [s0].[Id], [s1].[AppointmentId], [s1].[Id]
2026-03-19 00:31:55.041 +05:30 [INF] Executed DbCommand (50ms) [Parameters=[@id='?' (DbType = Int32)], CommandType='"Text"', CommandTimeout='30']
SELECT [p0].[PrisonerId], [p0].[CaseNumber], [p0].[CellBlock], [p0].[CellNumber], [p0].[CreatedAt], [p0].[CrimeCategory], [p0].[DateOfBirth], [p0].[FullName], [p0].[Gender], [p0].[PrisonerCode], [p0].[SentenceEndDate], [p0].[SentenceStartDate], [p0].[Status], [p0].[UpdatedAt], [s0].[LinkId], [s0].[IsVerified], [s0].[LinkedAt], [s0].[PrisonerId], [s0].[Relationship], [s0].[UserId], [s0].[VerifiedByAdminId], [s0].[Id], [s0].[AccessFailedCount], [s0].[Address], [s0].[ConcurrencyStamp], [s0].[CreatedAt], [s0].[Email], [s0].[EmailConfirmed], [s0].[FullName], [s0].[IsActive], [s0].[LockoutEnabled], [s0].[LockoutEnd], [s0].[NormalizedEmail], [s0].[NormalizedUserName], [s0].[PasswordHash], [s0].[PhoneNumber], [s0].[PhoneNumberConfirmed], [s0].[Role], [s0].[SecurityStamp], [s0].[TwoFactorEnabled], [s0].[UserName], [s1].[AppointmentId], [s1].[AdminNotes], [s1].[AppointmentCode], [s1].[BookedAt], [s1].[NumVisitors], [s1].[PrisonerId], [s1].[Purpose], [s1].[RejectionReason], [s1].[SlotId], [s1].[Status], [s1].[UpdatedAt], [s1].[UserId], [s1].[VisitorNames], [s1].[Id], [s1].[AccessFailedCount], [s1].[Address], [s1].[ConcurrencyStamp], [s1].[CreatedAt], [s1].[Email], [s1].[EmailConfirmed], [s1].[FullName], [s1].[IsActive], [s1].[LockoutEnabled], [s1].[LockoutEnd], [s1].[NormalizedEmail], [s1].[NormalizedUserName], [s1].[PasswordHash], [s1].[PhoneNumber], [s1].[PhoneNumberConfirmed], [s1].[Role], [s1].[SecurityStamp], [s1].[TwoFactorEnabled], [s1].[UserName], [s].[RequestId], [s].[AdminResponse], [s].[AssignedAdminId], [s].[Category], [s].[CreatedAt], [s].[Description], [s].[Priority], [s].[PrisonerId], [s].[RequestCode], [s].[ResolvedAt], [s].[Status], [s].[Subject], [s].[UpdatedAt], [s].[UserId]
FROM (
    SELECT TOP(1) [p].[PrisonerId], [p].[CaseNumber], [p].[CellBlock], [p].[CellNumber], [p].[CreatedAt], [p].[CrimeCategory], [p].[DateOfBirth], [p].[FullName], [p].[Gender], [p].[PrisonerCode], [p].[SentenceEndDate], [p].[SentenceStartDate], [p].[Status], [p].[UpdatedAt]
    FROM [Prisoners] AS [p]
    WHERE [p].[PrisonerId] = @id
) AS [p0]
LEFT JOIN (
    SELECT [f].[LinkId], [f].[IsVerified], [f].[LinkedAt], [f].[PrisonerId], [f].[Relationship], [f].[UserId], [f].[VerifiedByAdminId], [a].[Id], [a].[AccessFailedCount], [a].[Address], [a].[ConcurrencyStamp], [a].[CreatedAt], [a].[Email], [a].[EmailConfirmed], [a].[FullName], [a].[IsActive], [a].[LockoutEnabled], [a].[LockoutEnd], [a].[NormalizedEmail], [a].[NormalizedUserName], [a].[PasswordHash], [a].[PhoneNumber], [a].[PhoneNumberConfirmed], [a].[Role], [a].[SecurityStamp], [a].[TwoFactorEnabled], [a].[UserName]
    FROM [FamilyPrisonerLinks] AS [f]
    INNER JOIN [AspNetUsers] AS [a] ON [f].[UserId] = [a].[Id]
) AS [s0] ON [p0].[PrisonerId] = [s0].[PrisonerId]
LEFT JOIN (
    SELECT [a0].[AppointmentId], [a0].[AdminNotes], [a0].[AppointmentCode], [a0].[BookedAt], [a0].[NumVisitors], [a0].[PrisonerId], [a0].[Purpose], [a0].[RejectionReason], [a0].[SlotId], [a0].[Status], [a0].[UpdatedAt], [a0].[UserId], [a0].[VisitorNames], [a1].[Id], [a1].[AccessFailedCount], [a1].[Address], [a1].[ConcurrencyStamp], [a1].[CreatedAt], [a1].[Email], [a1].[EmailConfirmed], [a1].[FullName], [a1].[IsActive], [a1].[LockoutEnabled], [a1].[LockoutEnd], [a1].[NormalizedEmail], [a1].[NormalizedUserName], [a1].[PasswordHash], [a1].[PhoneNumber], [a1].[PhoneNumberConfirmed], [a1].[Role], [a1].[SecurityStamp], [a1].[TwoFactorEnabled], [a1].[UserName]
    FROM [Appointments] AS [a0]
    INNER JOIN [AspNetUsers] AS [a1] ON [a0].[UserId] = [a1].[Id]
) AS [s1] ON [p0].[PrisonerId] = [s1].[PrisonerId]
LEFT JOIN [SupportRequests] AS [s] ON [p0].[PrisonerId] = [s].[PrisonerId]
ORDER BY [p0].[PrisonerId], [s0].[LinkId], [s0].[Id], [s1].[AppointmentId], [s1].[Id]
2026-03-19 00:31:55.084 +05:30 [INF] Executing ViewResult, running view ViewPrisoner.
2026-03-19 00:31:55.084 +05:30 [INF] Executing ViewResult, running view ViewPrisoner.
2026-03-19 00:31:55.149 +05:30 [INF] Executed ViewResult - view ViewPrisoner executed in 68.5096ms.
2026-03-19 00:31:55.149 +05:30 [INF] Executed ViewResult - view ViewPrisoner executed in 68.0521ms.
2026-03-19 00:31:55.162 +05:30 [INF] Executed action PrisonerPortal.Controllers.AdminController.ViewPrisoner (PrisonerPortal) in 474.5253ms
2026-03-19 00:31:55.173 +05:30 [INF] Executed action PrisonerPortal.Controllers.AdminController.ViewPrisoner (PrisonerPortal) in 463.4001ms
2026-03-19 00:31:55.182 +05:30 [INF] Executed endpoint 'PrisonerPortal.Controllers.AdminController.ViewPrisoner (PrisonerPortal)'
2026-03-19 00:31:55.191 +05:30 [INF] Executed endpoint 'PrisonerPortal.Controllers.AdminController.ViewPrisoner (PrisonerPortal)'
2026-03-19 00:31:55.197 +05:30 [INF] Request finished HTTP/1.1 GET http://localhost:5050/Admin/ViewPrisoner/3 - 200 null text/html; charset=utf-8 579.6926ms
2026-03-19 00:31:55.207 +05:30 [INF] Request finished HTTP/1.1 GET http://localhost:5050/Admin/ViewPrisoner/3 - 200 null text/html; charset=utf-8 562.8843ms
2026-03-19 00:31:55.272 +05:30 [INF] Request starting HTTP/1.1 GET http://localhost:5050/Notifications/GetUnreadCount - null null
2026-03-19 00:31:55.290 +05:30 [INF] Executing endpoint 'PrisonerPortal.Controllers.NotificationsController.GetUnreadCount (PrisonerPortal)'
2026-03-19 00:31:55.294 +05:30 [INF] Route matched with {action = "GetUnreadCount", controller = "Notifications"}. Executing controller action with signature Microsoft.AspNetCore.Mvc.IActionResult GetUnreadCount() on controller PrisonerPortal.Controllers.NotificationsController (PrisonerPortal).
2026-03-19 00:31:55.310 +05:30 [INF] Executed DbCommand (1ms) [Parameters=[@userId='?' (Size = 450)], CommandType='"Text"', CommandTimeout='30']
SELECT COUNT(*)
FROM [Notifications] AS [n]
WHERE [n].[UserId] = @userId AND [n].[IsRead] = CAST(0 AS bit)
2026-03-19 00:31:55.322 +05:30 [INF] Executing JsonResult, writing value of type '<>f__AnonymousType2`1[[System.Int32, System.Private.CoreLib, Version=10.0.0.0, Culture=neutral, PublicKeyToken=7cec85d7bea7798e]]'.
2026-03-19 00:31:55.327 +05:30 [INF] Executed action PrisonerPortal.Controllers.NotificationsController.GetUnreadCount (PrisonerPortal) in 20.194ms
2026-03-19 00:31:55.337 +05:30 [INF] Executed endpoint 'PrisonerPortal.Controllers.NotificationsController.GetUnreadCount (PrisonerPortal)'
2026-03-19 00:31:55.344 +05:30 [INF] Request finished HTTP/1.1 GET http://localhost:5050/Notifications/GetUnreadCount - 200 null application/json; charset=utf-8 72.5437ms
2026-03-19 00:32:09.318 +05:30 [INF] Request starting HTTP/1.1 GET http://localhost:5050/Admin/Prisoners - null null
2026-03-19 00:32:09.338 +05:30 [INF] Executing endpoint 'PrisonerPortal.Controllers.AdminController.Prisoners (PrisonerPortal)'
2026-03-19 00:32:09.343 +05:30 [INF] Route matched with {action = "Prisoners", controller = "Admin"}. Executing controller action with signature System.Threading.Tasks.Task`1[Microsoft.AspNetCore.Mvc.IActionResult] Prisoners() on controller PrisonerPortal.Controllers.AdminController (PrisonerPortal).
2026-03-19 00:32:09.367 +05:30 [INF] Executed DbCommand (3ms) [Parameters=[], CommandType='"Text"', CommandTimeout='30']
SELECT [p].[PrisonerId], [p].[CaseNumber], [p].[CellBlock], [p].[CellNumber], [p].[CreatedAt], [p].[CrimeCategory], [p].[DateOfBirth], [p].[FullName], [p].[Gender], [p].[PrisonerCode], [p].[SentenceEndDate], [p].[SentenceStartDate], [p].[Status], [p].[UpdatedAt]
FROM [Prisoners] AS [p]
ORDER BY [p].[FullName]
2026-03-19 00:32:09.386 +05:30 [INF] Executing ViewResult, running view Prisoners.
2026-03-19 00:32:09.401 +05:30 [INF] Executed ViewResult - view Prisoners executed in 14.8993ms.
2026-03-19 00:32:09.409 +05:30 [INF] Executed action PrisonerPortal.Controllers.AdminController.Prisoners (PrisonerPortal) in 49.7734ms
2026-03-19 00:32:09.420 +05:30 [INF] Executed endpoint 'PrisonerPortal.Controllers.AdminController.Prisoners (PrisonerPortal)'
2026-03-19 00:32:09.430 +05:30 [INF] Request finished HTTP/1.1 GET http://localhost:5050/Admin/Prisoners - 200 null text/html; charset=utf-8 111.8137ms
2026-03-19 00:32:09.504 +05:30 [INF] Request starting HTTP/1.1 GET http://localhost:5050/Notifications/GetUnreadCount - null null
2026-03-19 00:32:09.520 +05:30 [INF] Executing endpoint 'PrisonerPortal.Controllers.NotificationsController.GetUnreadCount (PrisonerPortal)'
2026-03-19 00:32:09.526 +05:30 [INF] Route matched with {action = "GetUnreadCount", controller = "Notifications"}. Executing controller action with signature Microsoft.AspNetCore.Mvc.IActionResult GetUnreadCount() on controller PrisonerPortal.Controllers.NotificationsController (PrisonerPortal).
2026-03-19 00:32:09.554 +05:30 [INF] Executed DbCommand (2ms) [Parameters=[@userId='?' (Size = 450)], CommandType='"Text"', CommandTimeout='30']
SELECT COUNT(*)
FROM [Notifications] AS [n]
WHERE [n].[UserId] = @userId AND [n].[IsRead] = CAST(0 AS bit)
2026-03-19 00:32:09.569 +05:30 [INF] Executing JsonResult, writing value of type '<>f__AnonymousType2`1[[System.Int32, System.Private.CoreLib, Version=10.0.0.0, Culture=neutral, PublicKeyToken=7cec85d7bea7798e]]'.
2026-03-19 00:32:09.575 +05:30 [INF] Executed action PrisonerPortal.Controllers.NotificationsController.GetUnreadCount (PrisonerPortal) in 28.4303ms
2026-03-19 00:32:09.585 +05:30 [INF] Executed endpoint 'PrisonerPortal.Controllers.NotificationsController.GetUnreadCount (PrisonerPortal)'
2026-03-19 00:32:09.591 +05:30 [INF] Request finished HTTP/1.1 GET http://localhost:5050/Notifications/GetUnreadCount - 200 null application/json; charset=utf-8 86.597ms
2026-03-19 00:32:13.135 +05:30 [INF] Request starting HTTP/1.1 GET http://localhost:5050/Admin/ViewPrisoner/4 - null null
2026-03-19 00:32:13.153 +05:30 [INF] Executing endpoint 'PrisonerPortal.Controllers.AdminController.ViewPrisoner (PrisonerPortal)'
2026-03-19 00:32:13.158 +05:30 [INF] Request starting HTTP/1.1 GET http://localhost:5050/Admin/ViewPrisoner/4 - null null
2026-03-19 00:32:13.158 +05:30 [INF] Route matched with {action = "ViewPrisoner", controller = "Admin"}. Executing controller action with signature System.Threading.Tasks.Task`1[Microsoft.AspNetCore.Mvc.IActionResult] ViewPrisoner(Int32) on controller PrisonerPortal.Controllers.AdminController (PrisonerPortal).
2026-03-19 00:32:13.182 +05:30 [INF] Executing endpoint 'PrisonerPortal.Controllers.AdminController.ViewPrisoner (PrisonerPortal)'
2026-03-19 00:32:13.203 +05:30 [INF] Executed DbCommand (1ms) [Parameters=[@id='?' (DbType = Int32)], CommandType='"Text"', CommandTimeout='30']
SELECT [p0].[PrisonerId], [p0].[CaseNumber], [p0].[CellBlock], [p0].[CellNumber], [p0].[CreatedAt], [p0].[CrimeCategory], [p0].[DateOfBirth], [p0].[FullName], [p0].[Gender], [p0].[PrisonerCode], [p0].[SentenceEndDate], [p0].[SentenceStartDate], [p0].[Status], [p0].[UpdatedAt], [s0].[LinkId], [s0].[IsVerified], [s0].[LinkedAt], [s0].[PrisonerId], [s0].[Relationship], [s0].[UserId], [s0].[VerifiedByAdminId], [s0].[Id], [s0].[AccessFailedCount], [s0].[Address], [s0].[ConcurrencyStamp], [s0].[CreatedAt], [s0].[Email], [s0].[EmailConfirmed], [s0].[FullName], [s0].[IsActive], [s0].[LockoutEnabled], [s0].[LockoutEnd], [s0].[NormalizedEmail], [s0].[NormalizedUserName], [s0].[PasswordHash], [s0].[PhoneNumber], [s0].[PhoneNumberConfirmed], [s0].[Role], [s0].[SecurityStamp], [s0].[TwoFactorEnabled], [s0].[UserName], [s1].[AppointmentId], [s1].[AdminNotes], [s1].[AppointmentCode], [s1].[BookedAt], [s1].[NumVisitors], [s1].[PrisonerId], [s1].[Purpose], [s1].[RejectionReason], [s1].[SlotId], [s1].[Status], [s1].[UpdatedAt], [s1].[UserId], [s1].[VisitorNames], [s1].[Id], [s1].[AccessFailedCount], [s1].[Address], [s1].[ConcurrencyStamp], [s1].[CreatedAt], [s1].[Email], [s1].[EmailConfirmed], [s1].[FullName], [s1].[IsActive], [s1].[LockoutEnabled], [s1].[LockoutEnd], [s1].[NormalizedEmail], [s1].[NormalizedUserName], [s1].[PasswordHash], [s1].[PhoneNumber], [s1].[PhoneNumberConfirmed], [s1].[Role], [s1].[SecurityStamp], [s1].[TwoFactorEnabled], [s1].[UserName], [s].[RequestId], [s].[AdminResponse], [s].[AssignedAdminId], [s].[Category], [s].[CreatedAt], [s].[Description], [s].[Priority], [s].[PrisonerId], [s].[RequestCode], [s].[ResolvedAt], [s].[Status], [s].[Subject], [s].[UpdatedAt], [s].[UserId]
FROM (
    SELECT TOP(1) [p].[PrisonerId], [p].[CaseNumber], [p].[CellBlock], [p].[CellNumber], [p].[CreatedAt], [p].[CrimeCategory], [p].[DateOfBirth], [p].[FullName], [p].[Gender], [p].[PrisonerCode], [p].[SentenceEndDate], [p].[SentenceStartDate], [p].[Status], [p].[UpdatedAt]
    FROM [Prisoners] AS [p]
    WHERE [p].[PrisonerId] = @id
) AS [p0]
LEFT JOIN (
    SELECT [f].[LinkId], [f].[IsVerified], [f].[LinkedAt], [f].[PrisonerId], [f].[Relationship], [f].[UserId], [f].[VerifiedByAdminId], [a].[Id], [a].[AccessFailedCount], [a].[Address], [a].[ConcurrencyStamp], [a].[CreatedAt], [a].[Email], [a].[EmailConfirmed], [a].[FullName], [a].[IsActive], [a].[LockoutEnabled], [a].[LockoutEnd], [a].[NormalizedEmail], [a].[NormalizedUserName], [a].[PasswordHash], [a].[PhoneNumber], [a].[PhoneNumberConfirmed], [a].[Role], [a].[SecurityStamp], [a].[TwoFactorEnabled], [a].[UserName]
    FROM [FamilyPrisonerLinks] AS [f]
    INNER JOIN [AspNetUsers] AS [a] ON [f].[UserId] = [a].[Id]
) AS [s0] ON [p0].[PrisonerId] = [s0].[PrisonerId]
LEFT JOIN (
    SELECT [a0].[AppointmentId], [a0].[AdminNotes], [a0].[AppointmentCode], [a0].[BookedAt], [a0].[NumVisitors], [a0].[PrisonerId], [a0].[Purpose], [a0].[RejectionReason], [a0].[SlotId], [a0].[Status], [a0].[UpdatedAt], [a0].[UserId], [a0].[VisitorNames], [a1].[Id], [a1].[AccessFailedCount], [a1].[Address], [a1].[ConcurrencyStamp], [a1].[CreatedAt], [a1].[Email], [a1].[EmailConfirmed], [a1].[FullName], [a1].[IsActive], [a1].[LockoutEnabled], [a1].[LockoutEnd], [a1].[NormalizedEmail], [a1].[NormalizedUserName], [a1].[PasswordHash], [a1].[PhoneNumber], [a1].[PhoneNumberConfirmed], [a1].[Role], [a1].[SecurityStamp], [a1].[TwoFactorEnabled], [a1].[UserName]
    FROM [Appointments] AS [a0]
    INNER JOIN [AspNetUsers] AS [a1] ON [a0].[UserId] = [a1].[Id]
) AS [s1] ON [p0].[PrisonerId] = [s1].[PrisonerId]
LEFT JOIN [SupportRequests] AS [s] ON [p0].[PrisonerId] = [s].[PrisonerId]
ORDER BY [p0].[PrisonerId], [s0].[LinkId], [s0].[Id], [s1].[AppointmentId], [s1].[Id]
2026-03-19 00:32:13.205 +05:30 [INF] Route matched with {action = "ViewPrisoner", controller = "Admin"}. Executing controller action with signature System.Threading.Tasks.Task`1[Microsoft.AspNetCore.Mvc.IActionResult] ViewPrisoner(Int32) on controller PrisonerPortal.Controllers.AdminController (PrisonerPortal).
2026-03-19 00:32:13.227 +05:30 [INF] Executing ViewResult, running view ViewPrisoner.
2026-03-19 00:32:13.245 +05:30 [INF] Executed DbCommand (3ms) [Parameters=[@id='?' (DbType = Int32)], CommandType='"Text"', CommandTimeout='30']
SELECT [p0].[PrisonerId], [p0].[CaseNumber], [p0].[CellBlock], [p0].[CellNumber], [p0].[CreatedAt], [p0].[CrimeCategory], [p0].[DateOfBirth], [p0].[FullName], [p0].[Gender], [p0].[PrisonerCode], [p0].[SentenceEndDate], [p0].[SentenceStartDate], [p0].[Status], [p0].[UpdatedAt], [s0].[LinkId], [s0].[IsVerified], [s0].[LinkedAt], [s0].[PrisonerId], [s0].[Relationship], [s0].[UserId], [s0].[VerifiedByAdminId], [s0].[Id], [s0].[AccessFailedCount], [s0].[Address], [s0].[ConcurrencyStamp], [s0].[CreatedAt], [s0].[Email], [s0].[EmailConfirmed], [s0].[FullName], [s0].[IsActive], [s0].[LockoutEnabled], [s0].[LockoutEnd], [s0].[NormalizedEmail], [s0].[NormalizedUserName], [s0].[PasswordHash], [s0].[PhoneNumber], [s0].[PhoneNumberConfirmed], [s0].[Role], [s0].[SecurityStamp], [s0].[TwoFactorEnabled], [s0].[UserName], [s1].[AppointmentId], [s1].[AdminNotes], [s1].[AppointmentCode], [s1].[BookedAt], [s1].[NumVisitors], [s1].[PrisonerId], [s1].[Purpose], [s1].[RejectionReason], [s1].[SlotId], [s1].[Status], [s1].[UpdatedAt], [s1].[UserId], [s1].[VisitorNames], [s1].[Id], [s1].[AccessFailedCount], [s1].[Address], [s1].[ConcurrencyStamp], [s1].[CreatedAt], [s1].[Email], [s1].[EmailConfirmed], [s1].[FullName], [s1].[IsActive], [s1].[LockoutEnabled], [s1].[LockoutEnd], [s1].[NormalizedEmail], [s1].[NormalizedUserName], [s1].[PasswordHash], [s1].[PhoneNumber], [s1].[PhoneNumberConfirmed], [s1].[Role], [s1].[SecurityStamp], [s1].[TwoFactorEnabled], [s1].[UserName], [s].[RequestId], [s].[AdminResponse], [s].[AssignedAdminId], [s].[Category], [s].[CreatedAt], [s].[Description], [s].[Priority], [s].[PrisonerId], [s].[RequestCode], [s].[ResolvedAt], [s].[Status], [s].[Subject], [s].[UpdatedAt], [s].[UserId]
FROM (
    SELECT TOP(1) [p].[PrisonerId], [p].[CaseNumber], [p].[CellBlock], [p].[CellNumber], [p].[CreatedAt], [p].[CrimeCategory], [p].[DateOfBirth], [p].[FullName], [p].[Gender], [p].[PrisonerCode], [p].[SentenceEndDate], [p].[SentenceStartDate], [p].[Status], [p].[UpdatedAt]
    FROM [Prisoners] AS [p]
    WHERE [p].[PrisonerId] = @id
) AS [p0]
LEFT JOIN (
    SELECT [f].[LinkId], [f].[IsVerified], [f].[LinkedAt], [f].[PrisonerId], [f].[Relationship], [f].[UserId], [f].[VerifiedByAdminId], [a].[Id], [a].[AccessFailedCount], [a].[Address], [a].[ConcurrencyStamp], [a].[CreatedAt], [a].[Email], [a].[EmailConfirmed], [a].[FullName], [a].[IsActive], [a].[LockoutEnabled], [a].[LockoutEnd], [a].[NormalizedEmail], [a].[NormalizedUserName], [a].[PasswordHash], [a].[PhoneNumber], [a].[PhoneNumberConfirmed], [a].[Role], [a].[SecurityStamp], [a].[TwoFactorEnabled], [a].[UserName]
    FROM [FamilyPrisonerLinks] AS [f]
    INNER JOIN [AspNetUsers] AS [a] ON [f].[UserId] = [a].[Id]
) AS [s0] ON [p0].[PrisonerId] = [s0].[PrisonerId]
LEFT JOIN (
    SELECT [a0].[AppointmentId], [a0].[AdminNotes], [a0].[AppointmentCode], [a0].[BookedAt], [a0].[NumVisitors], [a0].[PrisonerId], [a0].[Purpose], [a0].[RejectionReason], [a0].[SlotId], [a0].[Status], [a0].[UpdatedAt], [a0].[UserId], [a0].[VisitorNames], [a1].[Id], [a1].[AccessFailedCount], [a1].[Address], [a1].[ConcurrencyStamp], [a1].[CreatedAt], [a1].[Email], [a1].[EmailConfirmed], [a1].[FullName], [a1].[IsActive], [a1].[LockoutEnabled], [a1].[LockoutEnd], [a1].[NormalizedEmail], [a1].[NormalizedUserName], [a1].[PasswordHash], [a1].[PhoneNumber], [a1].[PhoneNumberConfirmed], [a1].[Role], [a1].[SecurityStamp], [a1].[TwoFactorEnabled], [a1].[UserName]
    FROM [Appointments] AS [a0]
    INNER JOIN [AspNetUsers] AS [a1] ON [a0].[UserId] = [a1].[Id]
) AS [s1] ON [p0].[PrisonerId] = [s1].[PrisonerId]
LEFT JOIN [SupportRequests] AS [s] ON [p0].[PrisonerId] = [s].[PrisonerId]
ORDER BY [p0].[PrisonerId], [s0].[LinkId], [s0].[Id], [s1].[AppointmentId], [s1].[Id]
2026-03-19 00:32:13.251 +05:30 [INF] Executed ViewResult - view ViewPrisoner executed in 24.2733ms.
2026-03-19 00:32:13.266 +05:30 [INF] Executing ViewResult, running view ViewPrisoner.
2026-03-19 00:32:13.273 +05:30 [INF] Executed action PrisonerPortal.Controllers.AdminController.ViewPrisoner (PrisonerPortal) in 73.6795ms
2026-03-19 00:32:13.283 +05:30 [INF] Executed ViewResult - view ViewPrisoner executed in 16.5407ms.
2026-03-19 00:32:13.289 +05:30 [INF] Executed endpoint 'PrisonerPortal.Controllers.AdminController.ViewPrisoner (PrisonerPortal)'
2026-03-19 00:32:13.299 +05:30 [INF] Executed action PrisonerPortal.Controllers.AdminController.ViewPrisoner (PrisonerPortal) in 59.9774ms
2026-03-19 00:32:13.306 +05:30 [INF] Request finished HTTP/1.1 GET http://localhost:5050/Admin/ViewPrisoner/4 - 200 null text/html; charset=utf-8 170.47ms
2026-03-19 00:32:13.316 +05:30 [INF] Executed endpoint 'PrisonerPortal.Controllers.AdminController.ViewPrisoner (PrisonerPortal)'
2026-03-19 00:32:13.343 +05:30 [INF] Request finished HTTP/1.1 GET http://localhost:5050/Admin/ViewPrisoner/4 - 200 null text/html; charset=utf-8 184.4658ms
2026-03-19 00:32:13.368 +05:30 [INF] Request starting HTTP/1.1 GET http://localhost:5050/Notifications/GetUnreadCount - null null
2026-03-19 00:32:13.384 +05:30 [INF] Executing endpoint 'PrisonerPortal.Controllers.NotificationsController.GetUnreadCount (PrisonerPortal)'
2026-03-19 00:32:13.389 +05:30 [INF] Route matched with {action = "GetUnreadCount", controller = "Notifications"}. Executing controller action with signature Microsoft.AspNetCore.Mvc.IActionResult GetUnreadCount() on controller PrisonerPortal.Controllers.NotificationsController (PrisonerPortal).
2026-03-19 00:32:13.403 +05:30 [INF] Executed DbCommand (1ms) [Parameters=[@userId='?' (Size = 450)], CommandType='"Text"', CommandTimeout='30']
SELECT COUNT(*)
FROM [Notifications] AS [n]
WHERE [n].[UserId] = @userId AND [n].[IsRead] = CAST(0 AS bit)
2026-03-19 00:32:13.417 +05:30 [INF] Executing JsonResult, writing value of type '<>f__AnonymousType2`1[[System.Int32, System.Private.CoreLib, Version=10.0.0.0, Culture=neutral, PublicKeyToken=7cec85d7bea7798e]]'.
2026-03-19 00:32:13.422 +05:30 [INF] Executed action PrisonerPortal.Controllers.NotificationsController.GetUnreadCount (PrisonerPortal) in 22.4903ms
2026-03-19 00:32:13.432 +05:30 [INF] Executed endpoint 'PrisonerPortal.Controllers.NotificationsController.GetUnreadCount (PrisonerPortal)'
2026-03-19 00:32:13.436 +05:30 [INF] Request finished HTTP/1.1 GET http://localhost:5050/Notifications/GetUnreadCount - 200 null application/json; charset=utf-8 67.9935ms
2026-03-19 00:32:40.587 +05:30 [INF] Request starting HTTP/1.1 GET http://localhost:5050/Admin/Dashboard - null null
2026-03-19 00:32:40.612 +05:30 [INF] Executing endpoint 'PrisonerPortal.Controllers.AdminController.Dashboard (PrisonerPortal)'
2026-03-19 00:32:40.617 +05:30 [INF] Route matched with {action = "Dashboard", controller = "Admin"}. Executing controller action with signature System.Threading.Tasks.Task`1[Microsoft.AspNetCore.Mvc.IActionResult] Dashboard() on controller PrisonerPortal.Controllers.AdminController (PrisonerPortal).
2026-03-19 00:32:40.656 +05:30 [INF] Executed DbCommand (13ms) [Parameters=[], CommandType='"Text"', CommandTimeout='30']
SELECT COUNT(*)
FROM [AspNetUsers] AS [a]
WHERE [a].[IsActive] = CAST(1 AS bit) AND [a].[Role] = N'Family'
2026-03-19 00:32:40.682 +05:30 [INF] Executed DbCommand (6ms) [Parameters=[], CommandType='"Text"', CommandTimeout='30']
SELECT COUNT(*)
FROM [Prisoners] AS [p]
WHERE [p].[Status] = N'Active'
2026-03-19 00:32:40.716 +05:30 [INF] Executed DbCommand (12ms) [Parameters=[], CommandType='"Text"', CommandTimeout='30']
SELECT COUNT(*)
FROM [Appointments] AS [a]
INNER JOIN [VisitSlots] AS [v] ON [a].[SlotId] = [v].[SlotId]
WHERE CONVERT(date, [v].[SlotDate]) = CONVERT(date, GETDATE()) AND [a].[Status] IN (N'Approved', N'Pending')
2026-03-19 00:32:40.745 +05:30 [INF] Executed DbCommand (10ms) [Parameters=[], CommandType='"Text"', CommandTimeout='30']
SELECT COUNT(*)
FROM [SupportRequests] AS [s]
WHERE [s].[Status] IN (N'Open', N'InProgress')
2026-03-19 00:32:40.789 +05:30 [INF] Executed DbCommand (23ms) [Parameters=[@p='?' (DbType = Int32)], CommandType='"Text"', CommandTimeout='30']
SELECT [a1].[AppointmentId], [a1].[AdminNotes], [a1].[AppointmentCode], [a1].[BookedAt], [a1].[NumVisitors], [a1].[PrisonerId], [a1].[Purpose], [a1].[RejectionReason], [a1].[SlotId], [a1].[Status], [a1].[UpdatedAt], [a1].[UserId], [a1].[VisitorNames], [a0].[Id], [a0].[AccessFailedCount], [a0].[Address], [a0].[ConcurrencyStamp], [a0].[CreatedAt], [a0].[Email], [a0].[EmailConfirmed], [a0].[FullName], [a0].[IsActive], [a0].[LockoutEnabled], [a0].[LockoutEnd], [a0].[NormalizedEmail], [a0].[NormalizedUserName], [a0].[PasswordHash], [a0].[PhoneNumber], [a0].[PhoneNumberConfirmed], [a0].[Role], [a0].[SecurityStamp], [a0].[TwoFactorEnabled], [a0].[UserName], [p].[PrisonerId], [p].[CaseNumber], [p].[CellBlock], [p].[CellNumber], [p].[CreatedAt], [p].[CrimeCategory], [p].[DateOfBirth], [p].[FullName], [p].[Gender], [p].[PrisonerCode], [p].[SentenceEndDate], [p].[SentenceStartDate], [p].[Status], [p].[UpdatedAt], [v].[SlotId], [v].[CreatedAt], [v].[CreatedByAdminId], [v].[CurrentBookings], [v].[EndTime], [v].[IsActive], [v].[MaxCapacity], [v].[SlotDate], [v].[StartTime]
FROM (
    SELECT TOP(@p) [a].[AppointmentId], [a].[AdminNotes], [a].[AppointmentCode], [a].[BookedAt], [a].[NumVisitors], [a].[PrisonerId], [a].[Purpose], [a].[RejectionReason], [a].[SlotId], [a].[Status], [a].[UpdatedAt], [a].[UserId], [a].[VisitorNames]
    FROM [Appointments] AS [a]
    WHERE [a].[Status] = N'Pending'
    ORDER BY [a].[BookedAt] DESC
) AS [a1]
INNER JOIN [AspNetUsers] AS [a0] ON [a1].[UserId] = [a0].[Id]
INNER JOIN [Prisoners] AS [p] ON [a1].[PrisonerId] = [p].[PrisonerId]
INNER JOIN [VisitSlots] AS [v] ON [a1].[SlotId] = [v].[SlotId]
ORDER BY [a1].[BookedAt] DESC
2026-03-19 00:32:40.828 +05:30 [INF] Executed DbCommand (16ms) [Parameters=[@p='?' (DbType = Int32)], CommandType='"Text"', CommandTimeout='30']
SELECT [s0].[RequestId], [s0].[AdminResponse], [s0].[AssignedAdminId], [s0].[Category], [s0].[CreatedAt], [s0].[Description], [s0].[Priority], [s0].[PrisonerId], [s0].[RequestCode], [s0].[ResolvedAt], [s0].[Status], [s0].[Subject], [s0].[UpdatedAt], [s0].[UserId], [a].[Id], [a].[AccessFailedCount], [a].[Address], [a].[ConcurrencyStamp], [a].[CreatedAt], [a].[Email], [a].[EmailConfirmed], [a].[FullName], [a].[IsActive], [a].[LockoutEnabled], [a].[LockoutEnd], [a].[NormalizedEmail], [a].[NormalizedUserName], [a].[PasswordHash], [a].[PhoneNumber], [a].[PhoneNumberConfirmed], [a].[Role], [a].[SecurityStamp], [a].[TwoFactorEnabled], [a].[UserName], [p].[PrisonerId], [p].[CaseNumber], [p].[CellBlock], [p].[CellNumber], [p].[CreatedAt], [p].[CrimeCategory], [p].[DateOfBirth], [p].[FullName], [p].[Gender], [p].[PrisonerCode], [p].[SentenceEndDate], [p].[SentenceStartDate], [p].[Status], [p].[UpdatedAt]
FROM (
    SELECT TOP(@p) [s].[RequestId], [s].[AdminResponse], [s].[AssignedAdminId], [s].[Category], [s].[CreatedAt], [s].[Description], [s].[Priority], [s].[PrisonerId], [s].[RequestCode], [s].[ResolvedAt], [s].[Status], [s].[Subject], [s].[UpdatedAt], [s].[UserId]
    FROM [SupportRequests] AS [s]
    WHERE [s].[Status] IN (N'Open', N'InProgress')
    ORDER BY [s].[CreatedAt] DESC
) AS [s0]
INNER JOIN [AspNetUsers] AS [a] ON [s0].[UserId] = [a].[Id]
LEFT JOIN [Prisoners] AS [p] ON [s0].[PrisonerId] = [p].[PrisonerId]
ORDER BY [s0].[CreatedAt] DESC
2026-03-19 00:32:40.869 +05:30 [INF] Executed DbCommand (20ms) [Parameters=[@p='?' (DbType = Int32)], CommandType='"Text"', CommandTimeout='30']
SELECT [f0].[LinkId], [f0].[IsVerified], [f0].[LinkedAt], [f0].[PrisonerId], [f0].[Relationship], [f0].[UserId], [f0].[VerifiedByAdminId], [a].[Id], [a].[AccessFailedCount], [a].[Address], [a].[ConcurrencyStamp], [a].[CreatedAt], [a].[Email], [a].[EmailConfirmed], [a].[FullName], [a].[IsActive], [a].[LockoutEnabled], [a].[LockoutEnd], [a].[NormalizedEmail], [a].[NormalizedUserName], [a].[PasswordHash], [a].[PhoneNumber], [a].[PhoneNumberConfirmed], [a].[Role], [a].[SecurityStamp], [a].[TwoFactorEnabled], [a].[UserName], [p].[PrisonerId], [p].[CaseNumber], [p].[CellBlock], [p].[CellNumber], [p].[CreatedAt], [p].[CrimeCategory], [p].[DateOfBirth], [p].[FullName], [p].[Gender], [p].[PrisonerCode], [p].[SentenceEndDate], [p].[SentenceStartDate], [p].[Status], [p].[UpdatedAt]
FROM (
    SELECT TOP(@p) [f].[LinkId], [f].[IsVerified], [f].[LinkedAt], [f].[PrisonerId], [f].[Relationship], [f].[UserId], [f].[VerifiedByAdminId]
    FROM [FamilyPrisonerLinks] AS [f]
    WHERE [f].[IsVerified] = CAST(0 AS bit)
    ORDER BY [f].[LinkedAt] DESC
) AS [f0]
INNER JOIN [AspNetUsers] AS [a] ON [f0].[UserId] = [a].[Id]
INNER JOIN [Prisoners] AS [p] ON [f0].[PrisonerId] = [p].[PrisonerId]
ORDER BY [f0].[LinkedAt] DESC
2026-03-19 00:32:40.892 +05:30 [INF] Executed DbCommand (8ms) [Parameters=[@p='?' (DbType = Int32)], CommandType='"Text"', CommandTimeout='30']
SELECT TOP(@p) [a].[Id], [a].[AccessFailedCount], [a].[Address], [a].[ConcurrencyStamp], [a].[CreatedAt], [a].[Email], [a].[EmailConfirmed], [a].[FullName], [a].[IsActive], [a].[LockoutEnabled], [a].[LockoutEnd], [a].[NormalizedEmail], [a].[NormalizedUserName], [a].[PasswordHash], [a].[PhoneNumber], [a].[PhoneNumberConfirmed], [a].[Role], [a].[SecurityStamp], [a].[TwoFactorEnabled], [a].[UserName]
FROM [AspNetUsers] AS [a]
ORDER BY [a].[CreatedAt] DESC
2026-03-19 00:32:40.906 +05:30 [INF] Executing ViewResult, running view Dashboard.
2026-03-19 00:32:40.918 +05:30 [INF] Executed ViewResult - view Dashboard executed in 11.494ms.
2026-03-19 00:32:40.927 +05:30 [INF] Executed action PrisonerPortal.Controllers.AdminController.Dashboard (PrisonerPortal) in 285.3818ms
2026-03-19 00:32:40.937 +05:30 [INF] Executed endpoint 'PrisonerPortal.Controllers.AdminController.Dashboard (PrisonerPortal)'
2026-03-19 00:32:40.945 +05:30 [INF] Request finished HTTP/1.1 GET http://localhost:5050/Admin/Dashboard - 200 null text/html; charset=utf-8 358.1718ms
2026-03-19 00:32:41.004 +05:30 [INF] Request starting HTTP/1.1 GET http://localhost:5050/Notifications/GetUnreadCount - null null
2026-03-19 00:32:41.023 +05:30 [INF] Executing endpoint 'PrisonerPortal.Controllers.NotificationsController.GetUnreadCount (PrisonerPortal)'
2026-03-19 00:32:41.029 +05:30 [INF] Route matched with {action = "GetUnreadCount", controller = "Notifications"}. Executing controller action with signature Microsoft.AspNetCore.Mvc.IActionResult GetUnreadCount() on controller PrisonerPortal.Controllers.NotificationsController (PrisonerPortal).
2026-03-19 00:32:41.057 +05:30 [INF] Executed DbCommand (14ms) [Parameters=[@userId='?' (Size = 450)], CommandType='"Text"', CommandTimeout='30']
SELECT COUNT(*)
FROM [Notifications] AS [n]
WHERE [n].[UserId] = @userId AND [n].[IsRead] = CAST(0 AS bit)
2026-03-19 00:32:41.067 +05:30 [INF] Executing JsonResult, writing value of type '<>f__AnonymousType2`1[[System.Int32, System.Private.CoreLib, Version=10.0.0.0, Culture=neutral, PublicKeyToken=7cec85d7bea7798e]]'.
2026-03-19 00:32:41.074 +05:30 [INF] Executed action PrisonerPortal.Controllers.NotificationsController.GetUnreadCount (PrisonerPortal) in 33.859ms
2026-03-19 00:32:41.084 +05:30 [INF] Executed endpoint 'PrisonerPortal.Controllers.NotificationsController.GetUnreadCount (PrisonerPortal)'
2026-03-19 00:32:41.092 +05:30 [INF] Request finished HTTP/1.1 GET http://localhost:5050/Notifications/GetUnreadCount - 200 null application/json; charset=utf-8 87.7265ms
2026-03-19 00:32:45.322 +05:30 [INF] Request starting HTTP/1.1 GET http://localhost:5050/Admin/Prisoners - null null
2026-03-19 00:32:45.341 +05:30 [INF] Executing endpoint 'PrisonerPortal.Controllers.AdminController.Prisoners (PrisonerPortal)'
2026-03-19 00:32:45.351 +05:30 [INF] Route matched with {action = "Prisoners", controller = "Admin"}. Executing controller action with signature System.Threading.Tasks.Task`1[Microsoft.AspNetCore.Mvc.IActionResult] Prisoners() on controller PrisonerPortal.Controllers.AdminController (PrisonerPortal).
2026-03-19 00:32:45.374 +05:30 [INF] Executed DbCommand (3ms) [Parameters=[], CommandType='"Text"', CommandTimeout='30']
SELECT [p].[PrisonerId], [p].[CaseNumber], [p].[CellBlock], [p].[CellNumber], [p].[CreatedAt], [p].[CrimeCategory], [p].[DateOfBirth], [p].[FullName], [p].[Gender], [p].[PrisonerCode], [p].[SentenceEndDate], [p].[SentenceStartDate], [p].[Status], [p].[UpdatedAt]
FROM [Prisoners] AS [p]
ORDER BY [p].[FullName]
2026-03-19 00:32:45.392 +05:30 [INF] Executing ViewResult, running view Prisoners.
2026-03-19 00:32:45.407 +05:30 [INF] Executed ViewResult - view Prisoners executed in 15.0342ms.
2026-03-19 00:32:45.417 +05:30 [INF] Executed action PrisonerPortal.Controllers.AdminController.Prisoners (PrisonerPortal) in 49.8614ms
2026-03-19 00:32:45.425 +05:30 [INF] Executed endpoint 'PrisonerPortal.Controllers.AdminController.Prisoners (PrisonerPortal)'
2026-03-19 00:32:45.435 +05:30 [INF] Request finished HTTP/1.1 GET http://localhost:5050/Admin/Prisoners - 200 null text/html; charset=utf-8 113.4543ms
2026-03-19 00:32:45.487 +05:30 [INF] Request starting HTTP/1.1 GET http://localhost:5050/Notifications/GetUnreadCount - null null
2026-03-19 00:32:45.506 +05:30 [INF] Executing endpoint 'PrisonerPortal.Controllers.NotificationsController.GetUnreadCount (PrisonerPortal)'
2026-03-19 00:32:45.511 +05:30 [INF] Route matched with {action = "GetUnreadCount", controller = "Notifications"}. Executing controller action with signature Microsoft.AspNetCore.Mvc.IActionResult GetUnreadCount() on controller PrisonerPortal.Controllers.NotificationsController (PrisonerPortal).
2026-03-19 00:32:45.524 +05:30 [INF] Executed DbCommand (1ms) [Parameters=[@userId='?' (Size = 450)], CommandType='"Text"', CommandTimeout='30']
SELECT COUNT(*)
FROM [Notifications] AS [n]
WHERE [n].[UserId] = @userId AND [n].[IsRead] = CAST(0 AS bit)
2026-03-19 00:32:45.537 +05:30 [INF] Executing JsonResult, writing value of type '<>f__AnonymousType2`1[[System.Int32, System.Private.CoreLib, Version=10.0.0.0, Culture=neutral, PublicKeyToken=7cec85d7bea7798e]]'.
2026-03-19 00:32:45.542 +05:30 [INF] Executed action PrisonerPortal.Controllers.NotificationsController.GetUnreadCount (PrisonerPortal) in 21.1099ms
2026-03-19 00:32:45.551 +05:30 [INF] Executed endpoint 'PrisonerPortal.Controllers.NotificationsController.GetUnreadCount (PrisonerPortal)'
2026-03-19 00:32:45.556 +05:30 [INF] Request finished HTTP/1.1 GET http://localhost:5050/Notifications/GetUnreadCount - 200 null application/json; charset=utf-8 68.8139ms
2026-03-19 00:32:50.679 +05:30 [INF] Request starting HTTP/1.1 GET http://localhost:5050/Admin/ViewPrisoner/1 - null null
2026-03-19 00:32:50.691 +05:30 [INF] Executing endpoint 'PrisonerPortal.Controllers.AdminController.ViewPrisoner (PrisonerPortal)'
2026-03-19 00:32:50.694 +05:30 [INF] Route matched with {action = "ViewPrisoner", controller = "Admin"}. Executing controller action with signature System.Threading.Tasks.Task`1[Microsoft.AspNetCore.Mvc.IActionResult] ViewPrisoner(Int32) on controller PrisonerPortal.Controllers.AdminController (PrisonerPortal).
2026-03-19 00:32:50.757 +05:30 [INF] Executed DbCommand (51ms) [Parameters=[@id='?' (DbType = Int32)], CommandType='"Text"', CommandTimeout='30']
SELECT [p0].[PrisonerId], [p0].[CaseNumber], [p0].[CellBlock], [p0].[CellNumber], [p0].[CreatedAt], [p0].[CrimeCategory], [p0].[DateOfBirth], [p0].[FullName], [p0].[Gender], [p0].[PrisonerCode], [p0].[SentenceEndDate], [p0].[SentenceStartDate], [p0].[Status], [p0].[UpdatedAt], [s0].[LinkId], [s0].[IsVerified], [s0].[LinkedAt], [s0].[PrisonerId], [s0].[Relationship], [s0].[UserId], [s0].[VerifiedByAdminId], [s0].[Id], [s0].[AccessFailedCount], [s0].[Address], [s0].[ConcurrencyStamp], [s0].[CreatedAt], [s0].[Email], [s0].[EmailConfirmed], [s0].[FullName], [s0].[IsActive], [s0].[LockoutEnabled], [s0].[LockoutEnd], [s0].[NormalizedEmail], [s0].[NormalizedUserName], [s0].[PasswordHash], [s0].[PhoneNumber], [s0].[PhoneNumberConfirmed], [s0].[Role], [s0].[SecurityStamp], [s0].[TwoFactorEnabled], [s0].[UserName], [s1].[AppointmentId], [s1].[AdminNotes], [s1].[AppointmentCode], [s1].[BookedAt], [s1].[NumVisitors], [s1].[PrisonerId], [s1].[Purpose], [s1].[RejectionReason], [s1].[SlotId], [s1].[Status], [s1].[UpdatedAt], [s1].[UserId], [s1].[VisitorNames], [s1].[Id], [s1].[AccessFailedCount], [s1].[Address], [s1].[ConcurrencyStamp], [s1].[CreatedAt], [s1].[Email], [s1].[EmailConfirmed], [s1].[FullName], [s1].[IsActive], [s1].[LockoutEnabled], [s1].[LockoutEnd], [s1].[NormalizedEmail], [s1].[NormalizedUserName], [s1].[PasswordHash], [s1].[PhoneNumber], [s1].[PhoneNumberConfirmed], [s1].[Role], [s1].[SecurityStamp], [s1].[TwoFactorEnabled], [s1].[UserName], [s].[RequestId], [s].[AdminResponse], [s].[AssignedAdminId], [s].[Category], [s].[CreatedAt], [s].[Description], [s].[Priority], [s].[PrisonerId], [s].[RequestCode], [s].[ResolvedAt], [s].[Status], [s].[Subject], [s].[UpdatedAt], [s].[UserId]
FROM (
    SELECT TOP(1) [p].[PrisonerId], [p].[CaseNumber], [p].[CellBlock], [p].[CellNumber], [p].[CreatedAt], [p].[CrimeCategory], [p].[DateOfBirth], [p].[FullName], [p].[Gender], [p].[PrisonerCode], [p].[SentenceEndDate], [p].[SentenceStartDate], [p].[Status], [p].[UpdatedAt]
    FROM [Prisoners] AS [p]
    WHERE [p].[PrisonerId] = @id
) AS [p0]
LEFT JOIN (
    SELECT [f].[LinkId], [f].[IsVerified], [f].[LinkedAt], [f].[PrisonerId], [f].[Relationship], [f].[UserId], [f].[VerifiedByAdminId], [a].[Id], [a].[AccessFailedCount], [a].[Address], [a].[ConcurrencyStamp], [a].[CreatedAt], [a].[Email], [a].[EmailConfirmed], [a].[FullName], [a].[IsActive], [a].[LockoutEnabled], [a].[LockoutEnd], [a].[NormalizedEmail], [a].[NormalizedUserName], [a].[PasswordHash], [a].[PhoneNumber], [a].[PhoneNumberConfirmed], [a].[Role], [a].[SecurityStamp], [a].[TwoFactorEnabled], [a].[UserName]
    FROM [FamilyPrisonerLinks] AS [f]
    INNER JOIN [AspNetUsers] AS [a] ON [f].[UserId] = [a].[Id]
) AS [s0] ON [p0].[PrisonerId] = [s0].[PrisonerId]
LEFT JOIN (
    SELECT [a0].[AppointmentId], [a0].[AdminNotes], [a0].[AppointmentCode], [a0].[BookedAt], [a0].[NumVisitors], [a0].[PrisonerId], [a0].[Purpose], [a0].[RejectionReason], [a0].[SlotId], [a0].[Status], [a0].[UpdatedAt], [a0].[UserId], [a0].[VisitorNames], [a1].[Id], [a1].[AccessFailedCount], [a1].[Address], [a1].[ConcurrencyStamp], [a1].[CreatedAt], [a1].[Email], [a1].[EmailConfirmed], [a1].[FullName], [a1].[IsActive], [a1].[LockoutEnabled], [a1].[LockoutEnd], [a1].[NormalizedEmail], [a1].[NormalizedUserName], [a1].[PasswordHash], [a1].[PhoneNumber], [a1].[PhoneNumberConfirmed], [a1].[Role], [a1].[SecurityStamp], [a1].[TwoFactorEnabled], [a1].[UserName]
    FROM [Appointments] AS [a0]
    INNER JOIN [AspNetUsers] AS [a1] ON [a0].[UserId] = [a1].[Id]
) AS [s1] ON [p0].[PrisonerId] = [s1].[PrisonerId]
LEFT JOIN [SupportRequests] AS [s] ON [p0].[PrisonerId] = [s].[PrisonerId]
ORDER BY [p0].[PrisonerId], [s0].[LinkId], [s0].[Id], [s1].[AppointmentId], [s1].[Id]
2026-03-19 00:32:50.788 +05:30 [INF] Executing ViewResult, running view ViewPrisoner.
2026-03-19 00:32:50.800 +05:30 [INF] Executed ViewResult - view ViewPrisoner executed in 11.7384ms.
2026-03-19 00:32:50.807 +05:30 [INF] Executed action PrisonerPortal.Controllers.AdminController.ViewPrisoner (PrisonerPortal) in 103.4894ms
2026-03-19 00:32:50.815 +05:30 [INF] Executed endpoint 'PrisonerPortal.Controllers.AdminController.ViewPrisoner (PrisonerPortal)'
2026-03-19 00:32:50.823 +05:30 [INF] Request finished HTTP/1.1 GET http://localhost:5050/Admin/ViewPrisoner/1 - 200 null text/html; charset=utf-8 143.6652ms
2026-03-19 00:32:50.881 +05:30 [INF] Request starting HTTP/1.1 GET http://localhost:5050/Notifications/GetUnreadCount - null null
2026-03-19 00:32:50.899 +05:30 [INF] Executing endpoint 'PrisonerPortal.Controllers.NotificationsController.GetUnreadCount (PrisonerPortal)'
2026-03-19 00:32:50.905 +05:30 [INF] Route matched with {action = "GetUnreadCount", controller = "Notifications"}. Executing controller action with signature Microsoft.AspNetCore.Mvc.IActionResult GetUnreadCount() on controller PrisonerPortal.Controllers.NotificationsController (PrisonerPortal).
2026-03-19 00:32:50.921 +05:30 [INF] Executed DbCommand (1ms) [Parameters=[@userId='?' (Size = 450)], CommandType='"Text"', CommandTimeout='30']
SELECT COUNT(*)
FROM [Notifications] AS [n]
WHERE [n].[UserId] = @userId AND [n].[IsRead] = CAST(0 AS bit)
2026-03-19 00:32:50.933 +05:30 [INF] Executing JsonResult, writing value of type '<>f__AnonymousType2`1[[System.Int32, System.Private.CoreLib, Version=10.0.0.0, Culture=neutral, PublicKeyToken=7cec85d7bea7798e]]'.
2026-03-19 00:32:50.939 +05:30 [INF] Executed action PrisonerPortal.Controllers.NotificationsController.GetUnreadCount (PrisonerPortal) in 22.8806ms
2026-03-19 00:32:50.947 +05:30 [INF] Executed endpoint 'PrisonerPortal.Controllers.NotificationsController.GetUnreadCount (PrisonerPortal)'
2026-03-19 00:32:50.954 +05:30 [INF] Request finished HTTP/1.1 GET http://localhost:5050/Notifications/GetUnreadCount - 200 null application/json; charset=utf-8 72.6589ms
2026-03-19 00:33:06.407 +05:30 [INF] Request starting HTTP/1.1 GET http://localhost:5050/Admin/Dashboard - null null
2026-03-19 00:33:06.423 +05:30 [INF] Executing endpoint 'PrisonerPortal.Controllers.AdminController.Dashboard (PrisonerPortal)'
2026-03-19 00:33:06.430 +05:30 [INF] Route matched with {action = "Dashboard", controller = "Admin"}. Executing controller action with signature System.Threading.Tasks.Task`1[Microsoft.AspNetCore.Mvc.IActionResult] Dashboard() on controller PrisonerPortal.Controllers.AdminController (PrisonerPortal).
2026-03-19 00:33:06.458 +05:30 [INF] Executed DbCommand (6ms) [Parameters=[], CommandType='"Text"', CommandTimeout='30']
SELECT COUNT(*)
FROM [AspNetUsers] AS [a]
WHERE [a].[IsActive] = CAST(1 AS bit) AND [a].[Role] = N'Family'
2026-03-19 00:33:06.482 +05:30 [INF] Executed DbCommand (3ms) [Parameters=[], CommandType='"Text"', CommandTimeout='30']
SELECT COUNT(*)
FROM [Prisoners] AS [p]
WHERE [p].[Status] = N'Active'
2026-03-19 00:33:06.498 +05:30 [INF] Executed DbCommand (1ms) [Parameters=[], CommandType='"Text"', CommandTimeout='30']
SELECT COUNT(*)
FROM [Appointments] AS [a]
INNER JOIN [VisitSlots] AS [v] ON [a].[SlotId] = [v].[SlotId]
WHERE CONVERT(date, [v].[SlotDate]) = CONVERT(date, GETDATE()) AND [a].[Status] IN (N'Approved', N'Pending')
2026-03-19 00:33:06.512 +05:30 [INF] Executed DbCommand (3ms) [Parameters=[], CommandType='"Text"', CommandTimeout='30']
SELECT COUNT(*)
FROM [SupportRequests] AS [s]
WHERE [s].[Status] IN (N'Open', N'InProgress')
2026-03-19 00:33:06.531 +05:30 [INF] Executed DbCommand (3ms) [Parameters=[@p='?' (DbType = Int32)], CommandType='"Text"', CommandTimeout='30']
SELECT [a1].[AppointmentId], [a1].[AdminNotes], [a1].[AppointmentCode], [a1].[BookedAt], [a1].[NumVisitors], [a1].[PrisonerId], [a1].[Purpose], [a1].[RejectionReason], [a1].[SlotId], [a1].[Status], [a1].[UpdatedAt], [a1].[UserId], [a1].[VisitorNames], [a0].[Id], [a0].[AccessFailedCount], [a0].[Address], [a0].[ConcurrencyStamp], [a0].[CreatedAt], [a0].[Email], [a0].[EmailConfirmed], [a0].[FullName], [a0].[IsActive], [a0].[LockoutEnabled], [a0].[LockoutEnd], [a0].[NormalizedEmail], [a0].[NormalizedUserName], [a0].[PasswordHash], [a0].[PhoneNumber], [a0].[PhoneNumberConfirmed], [a0].[Role], [a0].[SecurityStamp], [a0].[TwoFactorEnabled], [a0].[UserName], [p].[PrisonerId], [p].[CaseNumber], [p].[CellBlock], [p].[CellNumber], [p].[CreatedAt], [p].[CrimeCategory], [p].[DateOfBirth], [p].[FullName], [p].[Gender], [p].[PrisonerCode], [p].[SentenceEndDate], [p].[SentenceStartDate], [p].[Status], [p].[UpdatedAt], [v].[SlotId], [v].[CreatedAt], [v].[CreatedByAdminId], [v].[CurrentBookings], [v].[EndTime], [v].[IsActive], [v].[MaxCapacity], [v].[SlotDate], [v].[StartTime]
FROM (
    SELECT TOP(@p) [a].[AppointmentId], [a].[AdminNotes], [a].[AppointmentCode], [a].[BookedAt], [a].[NumVisitors], [a].[PrisonerId], [a].[Purpose], [a].[RejectionReason], [a].[SlotId], [a].[Status], [a].[UpdatedAt], [a].[UserId], [a].[VisitorNames]
    FROM [Appointments] AS [a]
    WHERE [a].[Status] = N'Pending'
    ORDER BY [a].[BookedAt] DESC
) AS [a1]
INNER JOIN [AspNetUsers] AS [a0] ON [a1].[UserId] = [a0].[Id]
INNER JOIN [Prisoners] AS [p] ON [a1].[PrisonerId] = [p].[PrisonerId]
INNER JOIN [VisitSlots] AS [v] ON [a1].[SlotId] = [v].[SlotId]
ORDER BY [a1].[BookedAt] DESC
2026-03-19 00:33:06.551 +05:30 [INF] Executed DbCommand (1ms) [Parameters=[@p='?' (DbType = Int32)], CommandType='"Text"', CommandTimeout='30']
SELECT [s0].[RequestId], [s0].[AdminResponse], [s0].[AssignedAdminId], [s0].[Category], [s0].[CreatedAt], [s0].[Description], [s0].[Priority], [s0].[PrisonerId], [s0].[RequestCode], [s0].[ResolvedAt], [s0].[Status], [s0].[Subject], [s0].[UpdatedAt], [s0].[UserId], [a].[Id], [a].[AccessFailedCount], [a].[Address], [a].[ConcurrencyStamp], [a].[CreatedAt], [a].[Email], [a].[EmailConfirmed], [a].[FullName], [a].[IsActive], [a].[LockoutEnabled], [a].[LockoutEnd], [a].[NormalizedEmail], [a].[NormalizedUserName], [a].[PasswordHash], [a].[PhoneNumber], [a].[PhoneNumberConfirmed], [a].[Role], [a].[SecurityStamp], [a].[TwoFactorEnabled], [a].[UserName], [p].[PrisonerId], [p].[CaseNumber], [p].[CellBlock], [p].[CellNumber], [p].[CreatedAt], [p].[CrimeCategory], [p].[DateOfBirth], [p].[FullName], [p].[Gender], [p].[PrisonerCode], [p].[SentenceEndDate], [p].[SentenceStartDate], [p].[Status], [p].[UpdatedAt]
FROM (
    SELECT TOP(@p) [s].[RequestId], [s].[AdminResponse], [s].[AssignedAdminId], [s].[Category], [s].[CreatedAt], [s].[Description], [s].[Priority], [s].[PrisonerId], [s].[RequestCode], [s].[ResolvedAt], [s].[Status], [s].[Subject], [s].[UpdatedAt], [s].[UserId]
    FROM [SupportRequests] AS [s]
    WHERE [s].[Status] IN (N'Open', N'InProgress')
    ORDER BY [s].[CreatedAt] DESC
) AS [s0]
INNER JOIN [AspNetUsers] AS [a] ON [s0].[UserId] = [a].[Id]
LEFT JOIN [Prisoners] AS [p] ON [s0].[PrisonerId] = [p].[PrisonerId]
ORDER BY [s0].[CreatedAt] DESC
2026-03-19 00:33:06.568 +05:30 [INF] Executed DbCommand (1ms) [Parameters=[@p='?' (DbType = Int32)], CommandType='"Text"', CommandTimeout='30']
SELECT [f0].[LinkId], [f0].[IsVerified], [f0].[LinkedAt], [f0].[PrisonerId], [f0].[Relationship], [f0].[UserId], [f0].[VerifiedByAdminId], [a].[Id], [a].[AccessFailedCount], [a].[Address], [a].[ConcurrencyStamp], [a].[CreatedAt], [a].[Email], [a].[EmailConfirmed], [a].[FullName], [a].[IsActive], [a].[LockoutEnabled], [a].[LockoutEnd], [a].[NormalizedEmail], [a].[NormalizedUserName], [a].[PasswordHash], [a].[PhoneNumber], [a].[PhoneNumberConfirmed], [a].[Role], [a].[SecurityStamp], [a].[TwoFactorEnabled], [a].[UserName], [p].[PrisonerId], [p].[CaseNumber], [p].[CellBlock], [p].[CellNumber], [p].[CreatedAt], [p].[CrimeCategory], [p].[DateOfBirth], [p].[FullName], [p].[Gender], [p].[PrisonerCode], [p].[SentenceEndDate], [p].[SentenceStartDate], [p].[Status], [p].[UpdatedAt]
FROM (
    SELECT TOP(@p) [f].[LinkId], [f].[IsVerified], [f].[LinkedAt], [f].[PrisonerId], [f].[Relationship], [f].[UserId], [f].[VerifiedByAdminId]
    FROM [FamilyPrisonerLinks] AS [f]
    WHERE [f].[IsVerified] = CAST(0 AS bit)
    ORDER BY [f].[LinkedAt] DESC
) AS [f0]
INNER JOIN [AspNetUsers] AS [a] ON [f0].[UserId] = [a].[Id]
INNER JOIN [Prisoners] AS [p] ON [f0].[PrisonerId] = [p].[PrisonerId]
ORDER BY [f0].[LinkedAt] DESC
2026-03-19 00:33:06.599 +05:30 [INF] Executed DbCommand (2ms) [Parameters=[@p='?' (DbType = Int32)], CommandType='"Text"', CommandTimeout='30']
SELECT TOP(@p) [a].[Id], [a].[AccessFailedCount], [a].[Address], [a].[ConcurrencyStamp], [a].[CreatedAt], [a].[Email], [a].[EmailConfirmed], [a].[FullName], [a].[IsActive], [a].[LockoutEnabled], [a].[LockoutEnd], [a].[NormalizedEmail], [a].[NormalizedUserName], [a].[PasswordHash], [a].[PhoneNumber], [a].[PhoneNumberConfirmed], [a].[Role], [a].[SecurityStamp], [a].[TwoFactorEnabled], [a].[UserName]
FROM [AspNetUsers] AS [a]
ORDER BY [a].[CreatedAt] DESC
2026-03-19 00:33:06.616 +05:30 [INF] Executing ViewResult, running view Dashboard.
2026-03-19 00:33:06.629 +05:30 [INF] Executed ViewResult - view Dashboard executed in 12.6168ms.
2026-03-19 00:33:06.638 +05:30 [INF] Executed action PrisonerPortal.Controllers.AdminController.Dashboard (PrisonerPortal) in 190.4637ms
2026-03-19 00:33:06.648 +05:30 [INF] Executed endpoint 'PrisonerPortal.Controllers.AdminController.Dashboard (PrisonerPortal)'
2026-03-19 00:33:06.656 +05:30 [INF] Request finished HTTP/1.1 GET http://localhost:5050/Admin/Dashboard - 200 null text/html; charset=utf-8 248.701ms
2026-03-19 00:33:06.711 +05:30 [INF] Request starting HTTP/1.1 GET http://localhost:5050/Notifications/GetUnreadCount - null null
2026-03-19 00:33:06.731 +05:30 [INF] Executing endpoint 'PrisonerPortal.Controllers.NotificationsController.GetUnreadCount (PrisonerPortal)'
2026-03-19 00:33:06.738 +05:30 [INF] Route matched with {action = "GetUnreadCount", controller = "Notifications"}. Executing controller action with signature Microsoft.AspNetCore.Mvc.IActionResult GetUnreadCount() on controller PrisonerPortal.Controllers.NotificationsController (PrisonerPortal).
2026-03-19 00:33:06.753 +05:30 [INF] Executed DbCommand (1ms) [Parameters=[@userId='?' (Size = 450)], CommandType='"Text"', CommandTimeout='30']
SELECT COUNT(*)
FROM [Notifications] AS [n]
WHERE [n].[UserId] = @userId AND [n].[IsRead] = CAST(0 AS bit)
2026-03-19 00:33:06.767 +05:30 [INF] Executing JsonResult, writing value of type '<>f__AnonymousType2`1[[System.Int32, System.Private.CoreLib, Version=10.0.0.0, Culture=neutral, PublicKeyToken=7cec85d7bea7798e]]'.
2026-03-19 00:33:06.771 +05:30 [INF] Executed action PrisonerPortal.Controllers.NotificationsController.GetUnreadCount (PrisonerPortal) in 21.858ms
2026-03-19 00:33:06.780 +05:30 [INF] Executed endpoint 'PrisonerPortal.Controllers.NotificationsController.GetUnreadCount (PrisonerPortal)'
2026-03-19 00:33:06.786 +05:30 [INF] Request finished HTTP/1.1 GET http://localhost:5050/Notifications/GetUnreadCount - 200 null application/json; charset=utf-8 75.3914ms
2026-03-19 00:33:16.449 +05:30 [INF] Request starting HTTP/1.1 POST http://localhost:5050/Account/Logout - application/x-www-form-urlencoded 225
2026-03-19 00:33:16.478 +05:30 [INF] Executing endpoint 'PrisonerPortal.Controllers.AccountController.Logout (PrisonerPortal)'
2026-03-19 00:33:16.487 +05:30 [INF] Route matched with {action = "Logout", controller = "Account"}. Executing controller action with signature System.Threading.Tasks.Task`1[Microsoft.AspNetCore.Mvc.IActionResult] Logout() on controller PrisonerPortal.Controllers.AccountController (PrisonerPortal).
2026-03-19 00:33:16.535 +05:30 [INF] Executed DbCommand (17ms) [Parameters=[@p0='?' (Size = 4000), @p1='?' (Size = 4000), @p2='?' (Size = 4000), @p3='?' (Size = 4000), @p4='?' (Size = 4000), @p5='?' (Size = 4000), @p6='?' (DbType = DateTime2), @p7='?' (Size = 450)], CommandType='"Text"', CommandTimeout='30']
SET IMPLICIT_TRANSACTIONS OFF;
SET NOCOUNT ON;
INSERT INTO [AuditLogs] ([Action], [EntityId], [EntityType], [IPAddress], [NewValues], [OldValues], [Timestamp], [UserId])
OUTPUT INSERTED.[LogId]
VALUES (@p0, @p1, @p2, @p3, @p4, @p5, @p6, @p7);
2026-03-19 00:33:16.551 +05:30 [INF] AuthenticationScheme: Identity.Application signed out.
2026-03-19 00:33:16.559 +05:30 [INF] AuthenticationScheme: Identity.External signed out.
2026-03-19 00:33:16.565 +05:30 [INF] AuthenticationScheme: Identity.TwoFactorUserId signed out.
2026-03-19 00:33:16.572 +05:30 [INF] Executing RedirectResult, redirecting to /.
2026-03-19 00:33:16.579 +05:30 [INF] Executed action PrisonerPortal.Controllers.AccountController.Logout (PrisonerPortal) in 71.9403ms
2026-03-19 00:33:16.584 +05:30 [INF] Executed endpoint 'PrisonerPortal.Controllers.AccountController.Logout (PrisonerPortal)'
2026-03-19 00:33:16.590 +05:30 [INF] Request finished HTTP/1.1 POST http://localhost:5050/Account/Logout - 302 0 null 141.6216ms
2026-03-19 00:33:16.612 +05:30 [INF] Request starting HTTP/1.1 GET http://localhost:5050/ - null null
2026-03-19 00:33:16.625 +05:30 [INF] Executing endpoint 'PrisonerPortal.Controllers.AccountController.Login (PrisonerPortal)'
2026-03-19 00:33:16.633 +05:30 [INF] Route matched with {action = "Login", controller = "Account"}. Executing controller action with signature Microsoft.AspNetCore.Mvc.IActionResult Login(System.String) on controller PrisonerPortal.Controllers.AccountController (PrisonerPortal).
2026-03-19 00:33:16.646 +05:30 [INF] Executing ViewResult, running view Login.
2026-03-19 00:33:16.667 +05:30 [INF] Executed ViewResult - view Login executed in 20.9057ms.
2026-03-19 00:33:16.676 +05:30 [INF] Executed action PrisonerPortal.Controllers.AccountController.Login (PrisonerPortal) in 30.9137ms
2026-03-19 00:33:16.682 +05:30 [INF] Executed endpoint 'PrisonerPortal.Controllers.AccountController.Login (PrisonerPortal)'
2026-03-19 00:33:16.688 +05:30 [INF] Request finished HTTP/1.1 GET http://localhost:5050/ - 200 null text/html; charset=utf-8 75.863ms
2026-03-19 00:33:19.798 +05:30 [INF] Request starting HTTP/1.1 GET http://localhost:5050/Account/Register - null null
2026-03-19 00:33:19.817 +05:30 [INF] Executing endpoint 'PrisonerPortal.Controllers.AccountController.Register (PrisonerPortal)'
2026-03-19 00:33:19.835 +05:30 [INF] Route matched with {action = "Register", controller = "Account"}. Executing controller action with signature Microsoft.AspNetCore.Mvc.IActionResult Register() on controller PrisonerPortal.Controllers.AccountController (PrisonerPortal).
2026-03-19 00:33:19.862 +05:30 [INF] Executing ViewResult, running view Register.
2026-03-19 00:33:20.012 +05:30 [INF] Executed ViewResult - view Register executed in 155.4764ms.
2026-03-19 00:33:20.025 +05:30 [INF] Executed action PrisonerPortal.Controllers.AccountController.Register (PrisonerPortal) in 169.4568ms
2026-03-19 00:33:20.031 +05:30 [INF] Executed endpoint 'PrisonerPortal.Controllers.AccountController.Register (PrisonerPortal)'
2026-03-19 00:33:20.036 +05:30 [INF] Request finished HTTP/1.1 GET http://localhost:5050/Account/Register - 200 null text/html; charset=utf-8 237.7976ms
2026-03-19 00:33:42.916 +05:30 [INF] Request starting HTTP/1.1 GET http://localhost:5050/Account/CheckEmail?email=subbu%40gmail.com - null null
2026-03-19 00:33:42.945 +05:30 [INF] Executing endpoint 'PrisonerPortal.Controllers.AccountController.CheckEmail (PrisonerPortal)'
2026-03-19 00:33:42.995 +05:30 [INF] Route matched with {action = "CheckEmail", controller = "Account"}. Executing controller action with signature System.Threading.Tasks.Task`1[Microsoft.AspNetCore.Mvc.JsonResult] CheckEmail(System.String) on controller PrisonerPortal.Controllers.AccountController (PrisonerPortal).
2026-03-19 00:33:43.058 +05:30 [INF] Executed DbCommand (11ms) [Parameters=[@normalizedEmail='?' (Size = 256)], CommandType='"Text"', CommandTimeout='30']
SELECT TOP(2) [a].[Id], [a].[AccessFailedCount], [a].[Address], [a].[ConcurrencyStamp], [a].[CreatedAt], [a].[Email], [a].[EmailConfirmed], [a].[FullName], [a].[IsActive], [a].[LockoutEnabled], [a].[LockoutEnd], [a].[NormalizedEmail], [a].[NormalizedUserName], [a].[PasswordHash], [a].[PhoneNumber], [a].[PhoneNumberConfirmed], [a].[Role], [a].[SecurityStamp], [a].[TwoFactorEnabled], [a].[UserName]
FROM [AspNetUsers] AS [a]
WHERE [a].[NormalizedEmail] = @normalizedEmail
2026-03-19 00:33:43.075 +05:30 [INF] Executing JsonResult, writing value of type '<>f__AnonymousType0`1[[System.Boolean, System.Private.CoreLib, Version=10.0.0.0, Culture=neutral, PublicKeyToken=7cec85d7bea7798e]]'.
2026-03-19 00:33:43.089 +05:30 [INF] Executed action PrisonerPortal.Controllers.AccountController.CheckEmail (PrisonerPortal) in 77.7815ms
2026-03-19 00:33:43.094 +05:30 [INF] Executed endpoint 'PrisonerPortal.Controllers.AccountController.CheckEmail (PrisonerPortal)'
2026-03-19 00:33:43.103 +05:30 [INF] Request finished HTTP/1.1 GET http://localhost:5050/Account/CheckEmail?email=subbu%40gmail.com - 200 null application/json; charset=utf-8 187.092ms
2026-03-19 00:40:33.966 +05:30 [INF] Request starting HTTP/1.1 GET http://localhost:5050/Account/Login - null null
2026-03-19 00:40:34.029 +05:30 [INF] Executing endpoint 'PrisonerPortal.Controllers.AccountController.Login (PrisonerPortal)'
2026-03-19 00:40:34.035 +05:30 [INF] Route matched with {action = "Login", controller = "Account"}. Executing controller action with signature Microsoft.AspNetCore.Mvc.IActionResult Login(System.String) on controller PrisonerPortal.Controllers.AccountController (PrisonerPortal).
2026-03-19 00:40:34.050 +05:30 [INF] Executing ViewResult, running view Login.
2026-03-19 00:40:34.076 +05:30 [INF] Executed ViewResult - view Login executed in 25.754ms.
2026-03-19 00:40:34.313 +05:30 [INF] Request starting HTTP/1.1 GET http://localhost:5050/js/auth.js?v=9sIGdczUEDWh4daUxaCSMrHNRN7bWZMV5QPW_ssfaiA - null null
2026-03-19 00:40:34.527 +05:30 [INF] Executed action PrisonerPortal.Controllers.AccountController.Login (PrisonerPortal) in 479.2727ms
2026-03-19 00:40:34.692 +05:30 [INF] Executed endpoint 'PrisonerPortal.Controllers.AccountController.Login (PrisonerPortal)'
2026-03-19 00:40:34.699 +05:30 [INF] Request finished HTTP/1.1 GET http://localhost:5050/Account/Login - 200 null text/html; charset=utf-8 733.0722ms
2026-03-19 00:40:34.733 +05:30 [INF] Sending file. Request path: '/js/auth.js'. Physical path: 'C:\Users\HP\Desktop\Adarsh Yadav Project\PrisonerPortal\wwwroot\js\auth.js'
2026-03-19 00:40:34.739 +05:30 [INF] Request finished HTTP/1.1 GET http://localhost:5050/js/auth.js?v=9sIGdczUEDWh4daUxaCSMrHNRN7bWZMV5QPW_ssfaiA - 200 8012 text/javascript 425.6848ms
2026-03-19 00:40:39.770 +05:30 [INF] Request starting HTTP/1.1 GET http://localhost:5050/Account/Register - null null
2026-03-19 00:40:39.787 +05:30 [INF] Executing endpoint 'PrisonerPortal.Controllers.AccountController.Register (PrisonerPortal)'
2026-03-19 00:40:39.794 +05:30 [INF] Route matched with {action = "Register", controller = "Account"}. Executing controller action with signature Microsoft.AspNetCore.Mvc.IActionResult Register() on controller PrisonerPortal.Controllers.AccountController (PrisonerPortal).
2026-03-19 00:40:41.468 +05:30 [INF] Request starting HTTP/1.1 GET http://localhost:5050/Account/Register - null null
2026-03-19 00:40:41.489 +05:30 [INF] Executing endpoint 'PrisonerPortal.Controllers.AccountController.Register (PrisonerPortal)'
2026-03-19 00:40:41.498 +05:30 [INF] Route matched with {action = "Register", controller = "Account"}. Executing controller action with signature Microsoft.AspNetCore.Mvc.IActionResult Register() on controller PrisonerPortal.Controllers.AccountController (PrisonerPortal).
2026-03-19 00:40:43.095 +05:30 [INF] Request starting HTTP/1.1 GET http://localhost:5050/Account/Register - null null
2026-03-19 00:40:43.110 +05:30 [INF] Executing endpoint 'PrisonerPortal.Controllers.AccountController.Register (PrisonerPortal)'
2026-03-19 00:40:43.116 +05:30 [INF] Route matched with {action = "Register", controller = "Account"}. Executing controller action with signature Microsoft.AspNetCore.Mvc.IActionResult Register() on controller PrisonerPortal.Controllers.AccountController (PrisonerPortal).
2026-03-19 00:40:43.310 +05:30 [INF] Request starting HTTP/1.1 GET http://localhost:5050/Account/Register - null null
2026-03-19 00:40:43.323 +05:30 [INF] Executing endpoint 'PrisonerPortal.Controllers.AccountController.Register (PrisonerPortal)'
2026-03-19 00:40:43.328 +05:30 [INF] Route matched with {action = "Register", controller = "Account"}. Executing controller action with signature Microsoft.AspNetCore.Mvc.IActionResult Register() on controller PrisonerPortal.Controllers.AccountController (PrisonerPortal).
2026-03-19 00:40:45.494 +05:30 [INF] Request starting HTTP/1.1 GET http://localhost:5050/Account/Register - null null
2026-03-19 00:40:45.511 +05:30 [INF] Executing endpoint 'PrisonerPortal.Controllers.AccountController.Register (PrisonerPortal)'
2026-03-19 00:40:45.517 +05:30 [INF] Route matched with {action = "Register", controller = "Account"}. Executing controller action with signature Microsoft.AspNetCore.Mvc.IActionResult Register() on controller PrisonerPortal.Controllers.AccountController (PrisonerPortal).
2026-03-19 00:40:45.707 +05:30 [INF] Request starting HTTP/1.1 GET http://localhost:5050/Account/Register - null null
2026-03-19 00:40:45.723 +05:30 [INF] Executing endpoint 'PrisonerPortal.Controllers.AccountController.Register (PrisonerPortal)'
2026-03-19 00:40:45.729 +05:30 [INF] Route matched with {action = "Register", controller = "Account"}. Executing controller action with signature Microsoft.AspNetCore.Mvc.IActionResult Register() on controller PrisonerPortal.Controllers.AccountController (PrisonerPortal).
2026-03-19 00:40:47.468 +05:30 [INF] Request starting HTTP/1.1 GET http://localhost:5050/Account/Register - null null
2026-03-19 00:40:47.488 +05:30 [INF] Executing endpoint 'PrisonerPortal.Controllers.AccountController.Register (PrisonerPortal)'
2026-03-19 00:40:47.494 +05:30 [INF] Route matched with {action = "Register", controller = "Account"}. Executing controller action with signature Microsoft.AspNetCore.Mvc.IActionResult Register() on controller PrisonerPortal.Controllers.AccountController (PrisonerPortal).
2026-03-19 00:40:48.089 +05:30 [INF] Request starting HTTP/1.1 GET http://localhost:5050/Account/Register - null null
2026-03-19 00:40:48.110 +05:30 [INF] Executing endpoint 'PrisonerPortal.Controllers.AccountController.Register (PrisonerPortal)'
2026-03-19 00:40:48.117 +05:30 [INF] Route matched with {action = "Register", controller = "Account"}. Executing controller action with signature Microsoft.AspNetCore.Mvc.IActionResult Register() on controller PrisonerPortal.Controllers.AccountController (PrisonerPortal).
2026-03-19 00:40:49.112 +05:30 [INF] Request starting HTTP/1.1 GET http://localhost:5050/Account/Register - null null
2026-03-19 00:40:49.131 +05:30 [INF] Executing endpoint 'PrisonerPortal.Controllers.AccountController.Register (PrisonerPortal)'
2026-03-19 00:40:49.136 +05:30 [INF] Route matched with {action = "Register", controller = "Account"}. Executing controller action with signature Microsoft.AspNetCore.Mvc.IActionResult Register() on controller PrisonerPortal.Controllers.AccountController (PrisonerPortal).
2026-03-19 00:40:49.606 +05:30 [INF] Request starting HTTP/1.1 GET http://localhost:5050/Account/Register - null null
2026-03-19 00:40:49.625 +05:30 [INF] Executing endpoint 'PrisonerPortal.Controllers.AccountController.Register (PrisonerPortal)'
2026-03-19 00:40:49.631 +05:30 [INF] Route matched with {action = "Register", controller = "Account"}. Executing controller action with signature Microsoft.AspNetCore.Mvc.IActionResult Register() on controller PrisonerPortal.Controllers.AccountController (PrisonerPortal).
2026-03-19 00:40:50.020 +05:30 [INF] Request starting HTTP/1.1 GET http://localhost:5050/Account/Register - null null
2026-03-19 00:40:50.039 +05:30 [INF] Executing endpoint 'PrisonerPortal.Controllers.AccountController.Register (PrisonerPortal)'
2026-03-19 00:40:50.049 +05:30 [INF] Route matched with {action = "Register", controller = "Account"}. Executing controller action with signature Microsoft.AspNetCore.Mvc.IActionResult Register() on controller PrisonerPortal.Controllers.AccountController (PrisonerPortal).
2026-03-19 00:40:50.307 +05:30 [INF] Request starting HTTP/1.1 GET http://localhost:5050/Account/Register - null null
2026-03-19 00:40:50.326 +05:30 [INF] Executing endpoint 'PrisonerPortal.Controllers.AccountController.Register (PrisonerPortal)'
2026-03-19 00:40:50.334 +05:30 [INF] Route matched with {action = "Register", controller = "Account"}. Executing controller action with signature Microsoft.AspNetCore.Mvc.IActionResult Register() on controller PrisonerPortal.Controllers.AccountController (PrisonerPortal).
2026-03-19 00:40:50.931 +05:30 [INF] Request starting HTTP/1.1 GET http://localhost:5050/Account/Register - null null
2026-03-19 00:40:50.949 +05:30 [INF] Executing endpoint 'PrisonerPortal.Controllers.AccountController.Register (PrisonerPortal)'
2026-03-19 00:40:50.958 +05:30 [INF] Route matched with {action = "Register", controller = "Account"}. Executing controller action with signature Microsoft.AspNetCore.Mvc.IActionResult Register() on controller PrisonerPortal.Controllers.AccountController (PrisonerPortal).
2026-03-19 00:40:56.897 +05:30 [INF] Request starting HTTP/1.1 GET http://localhost:5050/Account/Register - null null
2026-03-19 00:40:56.916 +05:30 [INF] Executing endpoint 'PrisonerPortal.Controllers.AccountController.Register (PrisonerPortal)'
2026-03-19 00:40:56.923 +05:30 [INF] Route matched with {action = "Register", controller = "Account"}. Executing controller action with signature Microsoft.AspNetCore.Mvc.IActionResult Register() on controller PrisonerPortal.Controllers.AccountController (PrisonerPortal).
2026-03-19 00:40:58.812 +05:30 [INF] Executing ViewResult, running view Register.
2026-03-19 00:40:58.812 +05:30 [INF] Executing ViewResult, running view Register.
2026-03-19 00:40:58.813 +05:30 [INF] Executing ViewResult, running view Register.
2026-03-19 00:40:58.813 +05:30 [INF] Executing ViewResult, running view Register.
2026-03-19 00:40:58.813 +05:30 [INF] Executing ViewResult, running view Register.
2026-03-19 00:40:58.813 +05:30 [INF] Executing ViewResult, running view Register.
2026-03-19 00:40:58.813 +05:30 [INF] Executing ViewResult, running view Register.
2026-03-19 00:40:58.813 +05:30 [INF] Executing ViewResult, running view Register.
2026-03-19 00:40:58.814 +05:30 [INF] Executing ViewResult, running view Register.
2026-03-19 00:40:58.814 +05:30 [INF] Executing ViewResult, running view Register.
2026-03-19 00:40:58.814 +05:30 [INF] Executing ViewResult, running view Register.
2026-03-19 00:40:58.814 +05:30 [INF] Executing ViewResult, running view Register.
2026-03-19 00:40:58.814 +05:30 [INF] Executing ViewResult, running view Register.
2026-03-19 00:40:58.815 +05:30 [INF] Executing ViewResult, running view Register.
2026-03-19 00:40:58.986 +05:30 [INF] Executed ViewResult - view Register executed in 15643.746ms.
2026-03-19 00:40:58.986 +05:30 [INF] Executed ViewResult - view Register executed in 9828.9017ms.
2026-03-19 00:40:58.986 +05:30 [INF] Executed ViewResult - view Register executed in 13456.1913ms.
2026-03-19 00:40:58.986 +05:30 [INF] Executed ViewResult - view Register executed in 9341.7628ms.
2026-03-19 00:40:58.986 +05:30 [INF] Executed ViewResult - view Register executed in 17472.2357ms.
2026-03-19 00:40:58.986 +05:30 [INF] Executed ViewResult - view Register executed in 8919.622ms.
2026-03-19 00:40:58.987 +05:30 [INF] Executed ViewResult - view Register executed in 13246.4196ms.
2026-03-19 00:40:58.987 +05:30 [INF] Executed ViewResult - view Register executed in 10850.8274ms.
2026-03-19 00:40:58.987 +05:30 [INF] Executed ViewResult - view Register executed in 15857.5526ms.
2026-03-19 00:40:58.987 +05:30 [INF] Executed ViewResult - view Register executed in 8011.5631ms.
2026-03-19 00:40:58.987 +05:30 [INF] Executed ViewResult - view Register executed in 19177.0787ms.
2026-03-19 00:40:58.987 +05:30 [INF] Executed ViewResult - view Register executed in 11473.5697ms.
2026-03-19 00:40:58.987 +05:30 [INF] Executed ViewResult - view Register executed in 8634.7411ms.
2026-03-19 00:40:58.988 +05:30 [INF] Executed ViewResult - view Register executed in 2050.4432ms.
2026-03-19 00:40:58.995 +05:30 [INF] Executed action PrisonerPortal.Controllers.AccountController.Register (PrisonerPortal) in 15653.1261ms
2026-03-19 00:40:59.007 +05:30 [INF] Executed action PrisonerPortal.Controllers.AccountController.Register (PrisonerPortal) in 9849.9908ms
2026-03-19 00:40:59.018 +05:30 [INF] Executed action PrisonerPortal.Controllers.AccountController.Register (PrisonerPortal) in 13488.8442ms
2026-03-19 00:40:59.025 +05:30 [INF] Executed action PrisonerPortal.Controllers.AccountController.Register (PrisonerPortal) in 9381.0806ms
2026-03-19 00:40:59.028 +05:30 [INF] Executed action PrisonerPortal.Controllers.AccountController.Register (PrisonerPortal) in 17514.735ms
2026-03-19 00:40:59.038 +05:30 [INF] Executed action PrisonerPortal.Controllers.AccountController.Register (PrisonerPortal) in 8972.1884ms
2026-03-19 00:40:59.048 +05:30 [INF] Executed action PrisonerPortal.Controllers.AccountController.Register (PrisonerPortal) in 13308.591ms
2026-03-19 00:40:59.058 +05:30 [INF] Executed action PrisonerPortal.Controllers.AccountController.Register (PrisonerPortal) in 10923.1345ms
2026-03-19 00:40:59.063 +05:30 [INF] Executed action PrisonerPortal.Controllers.AccountController.Register (PrisonerPortal) in 15934.2997ms
2026-03-19 00:40:59.072 +05:30 [INF] Executed action PrisonerPortal.Controllers.AccountController.Register (PrisonerPortal) in 8098.1504ms
2026-03-19 00:40:59.085 +05:30 [INF] Executed action PrisonerPortal.Controllers.AccountController.Register (PrisonerPortal) in 19276.8366ms
2026-03-19 00:40:59.093 +05:30 [INF] Executed action PrisonerPortal.Controllers.AccountController.Register (PrisonerPortal) in 11580.516ms
2026-03-19 00:40:59.104 +05:30 [INF] Executed action PrisonerPortal.Controllers.AccountController.Register (PrisonerPortal) in 8752.4744ms
2026-03-19 00:40:59.110 +05:30 [INF] Executed action PrisonerPortal.Controllers.AccountController.Register (PrisonerPortal) in 2173.579ms
2026-03-19 00:40:59.118 +05:30 [INF] Executed endpoint 'PrisonerPortal.Controllers.AccountController.Register (PrisonerPortal)'
2026-03-19 00:40:59.126 +05:30 [INF] Executed endpoint 'PrisonerPortal.Controllers.AccountController.Register (PrisonerPortal)'
2026-03-19 00:40:59.133 +05:30 [INF] Executed endpoint 'PrisonerPortal.Controllers.AccountController.Register (PrisonerPortal)'
2026-03-19 00:40:59.142 +05:30 [INF] Executed endpoint 'PrisonerPortal.Controllers.AccountController.Register (PrisonerPortal)'
2026-03-19 00:40:59.153 +05:30 [INF] Executed endpoint 'PrisonerPortal.Controllers.AccountController.Register (PrisonerPortal)'
2026-03-19 00:40:59.158 +05:30 [INF] Executed endpoint 'PrisonerPortal.Controllers.AccountController.Register (PrisonerPortal)'
2026-03-19 00:40:59.164 +05:30 [INF] Executed endpoint 'PrisonerPortal.Controllers.AccountController.Register (PrisonerPortal)'
2026-03-19 00:40:59.172 +05:30 [INF] Executed endpoint 'PrisonerPortal.Controllers.AccountController.Register (PrisonerPortal)'
2026-03-19 00:40:59.175 +05:30 [INF] Executed endpoint 'PrisonerPortal.Controllers.AccountController.Register (PrisonerPortal)'
2026-03-19 00:40:59.182 +05:30 [INF] Executed endpoint 'PrisonerPortal.Controllers.AccountController.Register (PrisonerPortal)'
2026-03-19 00:40:59.188 +05:30 [INF] Executed endpoint 'PrisonerPortal.Controllers.AccountController.Register (PrisonerPortal)'
2026-03-19 00:40:59.191 +05:30 [INF] Executed endpoint 'PrisonerPortal.Controllers.AccountController.Register (PrisonerPortal)'
2026-03-19 00:40:59.194 +05:30 [INF] Executed endpoint 'PrisonerPortal.Controllers.AccountController.Register (PrisonerPortal)'
2026-03-19 00:40:59.203 +05:30 [INF] Executed endpoint 'PrisonerPortal.Controllers.AccountController.Register (PrisonerPortal)'
2026-03-19 00:40:59.208 +05:30 [INF] Request finished HTTP/1.1 GET http://localhost:5050/Account/Register - 200 null text/html; charset=utf-8 15897.9369ms
2026-03-19 00:40:59.210 +05:30 [INF] Request finished HTTP/1.1 GET http://localhost:5050/Account/Register - 200 null text/html; charset=utf-8 10097.926ms
2026-03-19 00:40:59.217 +05:30 [INF] Request finished HTTP/1.1 GET http://localhost:5050/Account/Register - 200 null text/html; charset=utf-8 13722.4634ms
2026-03-19 00:40:59.222 +05:30 [INF] Request finished HTTP/1.1 GET http://localhost:5050/Account/Register - 200 null text/html; charset=utf-8 9616.5185ms
2026-03-19 00:40:59.226 +05:30 [INF] Request finished HTTP/1.1 GET http://localhost:5050/Account/Register - 200 null text/html; charset=utf-8 17757.3332ms
2026-03-19 00:40:59.230 +05:30 [INF] Request finished HTTP/1.1 GET http://localhost:5050/Account/Register - 200 null text/html; charset=utf-8 9210.0924ms
2026-03-19 00:40:59.236 +05:30 [INF] Request finished HTTP/1.1 GET http://localhost:5050/Account/Register - 200 null text/html; charset=utf-8 13529.0638ms
2026-03-19 00:40:59.239 +05:30 [INF] Request finished HTTP/1.1 GET http://localhost:5050/Account/Register - 200 null text/html; charset=utf-8 11150.7936ms
2026-03-19 00:40:59.242 +05:30 [INF] Request finished HTTP/1.1 GET http://localhost:5050/Account/Register - 200 null text/html; charset=utf-8 16146.5841ms
2026-03-19 00:40:59.245 +05:30 [INF] Request finished HTTP/1.1 GET http://localhost:5050/Account/Register - 200 null text/html; charset=utf-8 8313.8615ms
2026-03-19 00:40:59.253 +05:30 [INF] Request finished HTTP/1.1 GET http://localhost:5050/Account/Register - 200 null text/html; charset=utf-8 19483.3116ms
2026-03-19 00:40:59.257 +05:30 [INF] Request finished HTTP/1.1 GET http://localhost:5050/Account/Register - 200 null text/html; charset=utf-8 11788.8818ms
2026-03-19 00:40:59.260 +05:30 [INF] Request finished HTTP/1.1 GET http://localhost:5050/Account/Register - 200 null text/html; charset=utf-8 8952.1296ms
2026-03-19 00:40:59.263 +05:30 [INF] Request finished HTTP/1.1 GET http://localhost:5050/Account/Register - 200 null text/html; charset=utf-8 2366.1197ms
2026-03-19 00:40:59.486 +05:30 [INF] Request starting HTTP/1.1 GET http://localhost:5050/js/auth.js?v=9sIGdczUEDWh4daUxaCSMrHNRN7bWZMV5QPW_ssfaiA - null null
2026-03-19 00:40:59.507 +05:30 [INF] The file /js/auth.js was not modified
2026-03-19 00:40:59.513 +05:30 [INF] Request finished HTTP/1.1 GET http://localhost:5050/js/auth.js?v=9sIGdczUEDWh4daUxaCSMrHNRN7bWZMV5QPW_ssfaiA - 304 null text/javascript 26.8233ms
2026-03-19 00:41:04.126 +05:30 [INF] Request starting HTTP/1.1 GET http://localhost:5050/Account/CheckEmail?email=subbu%40gmail.com - null null
2026-03-19 00:41:04.140 +05:30 [INF] Executing endpoint 'PrisonerPortal.Controllers.AccountController.CheckEmail (PrisonerPortal)'
2026-03-19 00:41:04.148 +05:30 [INF] Route matched with {action = "CheckEmail", controller = "Account"}. Executing controller action with signature System.Threading.Tasks.Task`1[Microsoft.AspNetCore.Mvc.JsonResult] CheckEmail(System.String) on controller PrisonerPortal.Controllers.AccountController (PrisonerPortal).
2026-03-19 00:41:04.311 +05:30 [INF] Executed DbCommand (25ms) [Parameters=[@normalizedEmail='?' (Size = 256)], CommandType='"Text"', CommandTimeout='30']
SELECT TOP(2) [a].[Id], [a].[AccessFailedCount], [a].[Address], [a].[ConcurrencyStamp], [a].[CreatedAt], [a].[Email], [a].[EmailConfirmed], [a].[FullName], [a].[IsActive], [a].[LockoutEnabled], [a].[LockoutEnd], [a].[NormalizedEmail], [a].[NormalizedUserName], [a].[PasswordHash], [a].[PhoneNumber], [a].[PhoneNumberConfirmed], [a].[Role], [a].[SecurityStamp], [a].[TwoFactorEnabled], [a].[UserName]
FROM [AspNetUsers] AS [a]
WHERE [a].[NormalizedEmail] = @normalizedEmail
2026-03-19 00:41:04.325 +05:30 [INF] Executing JsonResult, writing value of type '<>f__AnonymousType0`1[[System.Boolean, System.Private.CoreLib, Version=10.0.0.0, Culture=neutral, PublicKeyToken=7cec85d7bea7798e]]'.
2026-03-19 00:41:04.329 +05:30 [INF] Executed action PrisonerPortal.Controllers.AccountController.CheckEmail (PrisonerPortal) in 168.3377ms
2026-03-19 00:41:04.337 +05:30 [INF] Executed endpoint 'PrisonerPortal.Controllers.AccountController.CheckEmail (PrisonerPortal)'
2026-03-19 00:41:04.344 +05:30 [INF] Request finished HTTP/1.1 GET http://localhost:5050/Account/CheckEmail?email=subbu%40gmail.com - 200 null application/json; charset=utf-8 217.6093ms
2026-03-19 00:46:06.016 +05:30 [INF] Request starting HTTP/1.1 GET http://localhost:5050/Account/Login - null null
2026-03-19 00:46:06.057 +05:30 [INF] Executing endpoint 'PrisonerPortal.Controllers.AccountController.Login (PrisonerPortal)'
2026-03-19 00:46:06.064 +05:30 [INF] Route matched with {action = "Login", controller = "Account"}. Executing controller action with signature Microsoft.AspNetCore.Mvc.IActionResult Login(System.String) on controller PrisonerPortal.Controllers.AccountController (PrisonerPortal).
2026-03-19 00:46:06.076 +05:30 [INF] Executing ViewResult, running view Login.
2026-03-19 00:46:06.091 +05:30 [INF] Executed ViewResult - view Login executed in 15.7307ms.
2026-03-19 00:46:06.105 +05:30 [INF] Executed action PrisonerPortal.Controllers.AccountController.Login (PrisonerPortal) in 31.246ms
2026-03-19 00:46:06.120 +05:30 [INF] Executed endpoint 'PrisonerPortal.Controllers.AccountController.Login (PrisonerPortal)'
2026-03-19 00:46:06.134 +05:30 [INF] Request finished HTTP/1.1 GET http://localhost:5050/Account/Login - 200 null text/html; charset=utf-8 118.6059ms
2026-03-19 00:46:06.209 +05:30 [INF] Request starting HTTP/1.1 GET http://localhost:5050/js/auth.js?v=9sIGdczUEDWh4daUxaCSMrHNRN7bWZMV5QPW_ssfaiA - null null
2026-03-19 00:46:06.249 +05:30 [INF] The file /js/auth.js was not modified
2026-03-19 00:46:06.253 +05:30 [INF] Request finished HTTP/1.1 GET http://localhost:5050/js/auth.js?v=9sIGdczUEDWh4daUxaCSMrHNRN7bWZMV5QPW_ssfaiA - 304 null text/javascript 43.9992ms
2026-03-19 00:46:50.811 +05:30 [INF] Request starting HTTP/1.1 GET http://localhost:5050/Account/Register - null null
2026-03-19 00:46:50.824 +05:30 [INF] Executing endpoint 'PrisonerPortal.Controllers.AccountController.Register (PrisonerPortal)'
2026-03-19 00:46:50.829 +05:30 [INF] Route matched with {action = "Register", controller = "Account"}. Executing controller action with signature Microsoft.AspNetCore.Mvc.IActionResult Register() on controller PrisonerPortal.Controllers.AccountController (PrisonerPortal).
2026-03-19 00:46:52.378 +05:30 [INF] Executing ViewResult, running view Register.
2026-03-19 00:46:52.462 +05:30 [INF] Executed ViewResult - view Register executed in 1620.5925ms.
2026-03-19 00:46:52.474 +05:30 [INF] Executed action PrisonerPortal.Controllers.AccountController.Register (PrisonerPortal) in 1632.6174ms
2026-03-19 00:46:52.483 +05:30 [INF] Executed endpoint 'PrisonerPortal.Controllers.AccountController.Register (PrisonerPortal)'
2026-03-19 00:46:52.487 +05:30 [INF] Request finished HTTP/1.1 GET http://localhost:5050/Account/Register - 200 null text/html; charset=utf-8 1676.1537ms
2026-03-19 00:46:56.080 +05:30 [INF] Request starting HTTP/1.1 GET http://localhost:5050/Account/CheckEmail?email=subbu%40gmail.com - null null
2026-03-19 00:46:56.102 +05:30 [INF] Executing endpoint 'PrisonerPortal.Controllers.AccountController.CheckEmail (PrisonerPortal)'
2026-03-19 00:46:56.109 +05:30 [INF] Route matched with {action = "CheckEmail", controller = "Account"}. Executing controller action with signature System.Threading.Tasks.Task`1[Microsoft.AspNetCore.Mvc.JsonResult] CheckEmail(System.String) on controller PrisonerPortal.Controllers.AccountController (PrisonerPortal).
2026-03-19 00:46:56.139 +05:30 [INF] Executed DbCommand (12ms) [Parameters=[@normalizedEmail='?' (Size = 256)], CommandType='"Text"', CommandTimeout='30']
SELECT TOP(2) [a].[Id], [a].[AccessFailedCount], [a].[Address], [a].[ConcurrencyStamp], [a].[CreatedAt], [a].[Email], [a].[EmailConfirmed], [a].[FullName], [a].[IsActive], [a].[LockoutEnabled], [a].[LockoutEnd], [a].[NormalizedEmail], [a].[NormalizedUserName], [a].[PasswordHash], [a].[PhoneNumber], [a].[PhoneNumberConfirmed], [a].[Role], [a].[SecurityStamp], [a].[TwoFactorEnabled], [a].[UserName]
FROM [AspNetUsers] AS [a]
WHERE [a].[NormalizedEmail] = @normalizedEmail
2026-03-19 00:46:56.157 +05:30 [INF] Executing JsonResult, writing value of type '<>f__AnonymousType0`1[[System.Boolean, System.Private.CoreLib, Version=10.0.0.0, Culture=neutral, PublicKeyToken=7cec85d7bea7798e]]'.
2026-03-19 00:46:56.167 +05:30 [INF] Executed action PrisonerPortal.Controllers.AccountController.CheckEmail (PrisonerPortal) in 43.8503ms
2026-03-19 00:46:56.178 +05:30 [INF] Executed endpoint 'PrisonerPortal.Controllers.AccountController.CheckEmail (PrisonerPortal)'
2026-03-19 00:46:56.189 +05:30 [INF] Request finished HTTP/1.1 GET http://localhost:5050/Account/CheckEmail?email=subbu%40gmail.com - 200 null application/json; charset=utf-8 109.4415ms
2026-03-19 00:47:24.872 +05:30 [INF] Request starting HTTP/1.1 POST http://localhost:5050/Account/Register - application/x-www-form-urlencoded 323
2026-03-19 00:47:24.893 +05:30 [INF] Executing endpoint 'PrisonerPortal.Controllers.AccountController.Register (PrisonerPortal)'
2026-03-19 00:47:24.948 +05:30 [INF] Route matched with {action = "Register", controller = "Account"}. Executing controller action with signature System.Threading.Tasks.Task`1[Microsoft.AspNetCore.Mvc.IActionResult] Register(PrisonerPortal.Models.ViewModels.RegisterViewModel) on controller PrisonerPortal.Controllers.AccountController (PrisonerPortal).
2026-03-19 00:47:24.987 +05:30 [INF] Executing ViewResult, running view Register.
2026-03-19 00:47:24.997 +05:30 [INF] Executed ViewResult - view Register executed in 10.0008ms.
2026-03-19 00:47:25.005 +05:30 [INF] Executed action PrisonerPortal.Controllers.AccountController.Register (PrisonerPortal) in 42.3769ms
2026-03-19 00:47:25.012 +05:30 [INF] Executed endpoint 'PrisonerPortal.Controllers.AccountController.Register (PrisonerPortal)'
2026-03-19 00:47:25.023 +05:30 [INF] Request finished HTTP/1.1 POST http://localhost:5050/Account/Register - 200 null text/html; charset=utf-8 150.8477ms
2026-03-19 00:47:25.041 +05:30 [INF] Request starting HTTP/1.1 GET http://localhost:5050/js/auth.js?v=9sIGdczUEDWh4daUxaCSMrHNRN7bWZMV5QPW_ssfaiA - null null
2026-03-19 00:47:25.057 +05:30 [INF] The file /js/auth.js was not modified
2026-03-19 00:47:25.062 +05:30 [INF] Request finished HTTP/1.1 GET http://localhost:5050/js/auth.js?v=9sIGdczUEDWh4daUxaCSMrHNRN7bWZMV5QPW_ssfaiA - 304 null text/javascript 20.2797ms
2026-03-19 00:47:38.427 +05:30 [INF] Request starting HTTP/1.1 GET http://localhost:5050/ - null null
2026-03-19 00:47:38.443 +05:30 [INF] Executing endpoint 'PrisonerPortal.Controllers.AccountController.Login (PrisonerPortal)'
2026-03-19 00:47:38.449 +05:30 [INF] Route matched with {action = "Login", controller = "Account"}. Executing controller action with signature Microsoft.AspNetCore.Mvc.IActionResult Login(System.String) on controller PrisonerPortal.Controllers.AccountController (PrisonerPortal).
2026-03-19 00:47:38.461 +05:30 [INF] Executing ViewResult, running view Login.
2026-03-19 00:47:38.473 +05:30 [INF] Executed ViewResult - view Login executed in 12.5305ms.
2026-03-19 00:47:38.486 +05:30 [INF] Executed action PrisonerPortal.Controllers.AccountController.Login (PrisonerPortal) in 27.2018ms
2026-03-19 00:47:38.502 +05:30 [INF] Executed endpoint 'PrisonerPortal.Controllers.AccountController.Login (PrisonerPortal)'
2026-03-19 00:47:38.509 +05:30 [INF] Request finished HTTP/1.1 GET http://localhost:5050/ - 200 null text/html; charset=utf-8 81.4773ms
2026-03-19 00:48:02.570 +05:30 [INF] Request starting HTTP/1.1 POST http://localhost:5050/ - application/x-www-form-urlencoded 260
2026-03-19 00:48:02.588 +05:30 [INF] Executing endpoint 'PrisonerPortal.Controllers.AccountController.Login (PrisonerPortal)'
2026-03-19 00:48:02.596 +05:30 [INF] Route matched with {action = "Login", controller = "Account"}. Executing controller action with signature System.Threading.Tasks.Task`1[Microsoft.AspNetCore.Mvc.IActionResult] Login(PrisonerPortal.Models.ViewModels.LoginViewModel, System.String) on controller PrisonerPortal.Controllers.AccountController (PrisonerPortal).
2026-03-19 00:48:02.627 +05:30 [INF] Executed DbCommand (16ms) [Parameters=[@normalizedEmail='?' (Size = 256)], CommandType='"Text"', CommandTimeout='30']
SELECT TOP(2) [a].[Id], [a].[AccessFailedCount], [a].[Address], [a].[ConcurrencyStamp], [a].[CreatedAt], [a].[Email], [a].[EmailConfirmed], [a].[FullName], [a].[IsActive], [a].[LockoutEnabled], [a].[LockoutEnd], [a].[NormalizedEmail], [a].[NormalizedUserName], [a].[PasswordHash], [a].[PhoneNumber], [a].[PhoneNumberConfirmed], [a].[Role], [a].[SecurityStamp], [a].[TwoFactorEnabled], [a].[UserName]
FROM [AspNetUsers] AS [a]
WHERE [a].[NormalizedEmail] = @normalizedEmail
2026-03-19 00:48:02.642 +05:30 [INF] Executing ViewResult, running view Login.
2026-03-19 00:48:02.663 +05:30 [INF] Executed ViewResult - view Login executed in 21.4486ms.
2026-03-19 00:48:02.673 +05:30 [INF] Executed action PrisonerPortal.Controllers.AccountController.Login (PrisonerPortal) in 69.2026ms
2026-03-19 00:48:02.684 +05:30 [INF] Executed endpoint 'PrisonerPortal.Controllers.AccountController.Login (PrisonerPortal)'
2026-03-19 00:48:02.695 +05:30 [INF] Request finished HTTP/1.1 POST http://localhost:5050/ - 200 null text/html; charset=utf-8 124.9659ms
