2026-03-20 08:42:57.858 +05:30 [INF] Executed DbCommand (16ms) [Parameters=[], CommandType='"Text"', CommandTimeout='30']
SELECT 1
2026-03-20 08:42:57.925 +05:30 [INF] Executed DbCommand (12ms) [Parameters=[], CommandType='"Text"', CommandTimeout='30']
SELECT OBJECT_ID(N'[__EFMigrationsHistory]');
2026-03-20 08:42:57.949 +05:30 [INF] Executed DbCommand (9ms) [Parameters=[], CommandType='"Text"', CommandTimeout='30']
SELECT [MigrationId], [ProductVersion]
FROM [__EFMigrationsHistory]
ORDER BY [MigrationId];
2026-03-20 08:42:57.973 +05:30 [INF] User profile is available. Using 'C:\Users\HP\AppData\Local\ASP.NET\DataProtection-Keys' as key repository and Windows DPAPI to encrypt keys at rest.
2026-03-20 08:42:58.294 +05:30 [INF] Executed DbCommand (30ms) [Parameters=[@normalizedName='?' (Size = 256)], CommandType='"Text"', CommandTimeout='30']
SELECT TOP(1) [a].[Id], [a].[ConcurrencyStamp], [a].[Name], [a].[NormalizedName]
FROM [AspNetRoles] AS [a]
WHERE [a].[NormalizedName] = @normalizedName
2026-03-20 08:42:58.377 +05:30 [INF] Executed DbCommand (4ms) [Parameters=[@normalizedName='?' (Size = 256)], CommandType='"Text"', CommandTimeout='30']
SELECT TOP(1) [a].[Id], [a].[ConcurrencyStamp], [a].[Name], [a].[NormalizedName]
FROM [AspNetRoles] AS [a]
WHERE [a].[NormalizedName] = @normalizedName
2026-03-20 08:42:58.426 +05:30 [INF] Executed DbCommand (6ms) [Parameters=[@normalizedEmail='?' (Size = 256)], CommandType='"Text"', CommandTimeout='30']
SELECT TOP(2) [a].[Id], [a].[AccessFailedCount], [a].[Address], [a].[ConcurrencyStamp], [a].[CreatedAt], [a].[Email], [a].[EmailConfirmed], [a].[FullName], [a].[IsActive], [a].[LockoutEnabled], [a].[LockoutEnd], [a].[NormalizedEmail], [a].[NormalizedUserName], [a].[PasswordHash], [a].[PhoneNumber], [a].[PhoneNumberConfirmed], [a].[Role], [a].[SecurityStamp], [a].[TwoFactorEnabled], [a].[UserName]
FROM [AspNetUsers] AS [a]
WHERE [a].[NormalizedEmail] = @normalizedEmail
2026-03-20 08:42:58.546 +05:30 [INF] Executed DbCommand (4ms) [Parameters=[@normalizedRoleName='?' (Size = 256)], CommandType='"Text"', CommandTimeout='30']
SELECT TOP(2) [a].[Id], [a].[ConcurrencyStamp], [a].[Name], [a].[NormalizedName]
FROM [AspNetRoles] AS [a]
WHERE [a].[NormalizedName] = @normalizedRoleName
2026-03-20 08:42:58.640 +05:30 [INF] Executed DbCommand (5ms) [Parameters=[@role_Id='?' (Size = 450)], CommandType='"Text"', CommandTimeout='30']
SELECT [a0].[Id], [a0].[AccessFailedCount], [a0].[Address], [a0].[ConcurrencyStamp], [a0].[CreatedAt], [a0].[Email], [a0].[EmailConfirmed], [a0].[FullName], [a0].[IsActive], [a0].[LockoutEnabled], [a0].[LockoutEnd], [a0].[NormalizedEmail], [a0].[NormalizedUserName], [a0].[PasswordHash], [a0].[PhoneNumber], [a0].[PhoneNumberConfirmed], [a0].[Role], [a0].[SecurityStamp], [a0].[TwoFactorEnabled], [a0].[UserName]
FROM [AspNetUserRoles] AS [a]
INNER JOIN [AspNetUsers] AS [a0] ON [a].[UserId] = [a0].[Id]
WHERE [a].[RoleId] = @role_Id
2026-03-20 08:42:58.646 +05:30 [INF] Executed DbCommand (1ms) [Parameters=[@normalizedEmail='?' (Size = 256)], CommandType='"Text"', CommandTimeout='30']
SELECT TOP(2) [a].[Id], [a].[AccessFailedCount], [a].[Address], [a].[ConcurrencyStamp], [a].[CreatedAt], [a].[Email], [a].[EmailConfirmed], [a].[FullName], [a].[IsActive], [a].[LockoutEnabled], [a].[LockoutEnd], [a].[NormalizedEmail], [a].[NormalizedUserName], [a].[PasswordHash], [a].[PhoneNumber], [a].[PhoneNumberConfirmed], [a].[Role], [a].[SecurityStamp], [a].[TwoFactorEnabled], [a].[UserName]
FROM [AspNetUsers] AS [a]
WHERE [a].[NormalizedEmail] = @normalizedEmail
2026-03-20 08:42:58.691 +05:30 [INF] Executed DbCommand (4ms) [Parameters=[], CommandType='"Text"', CommandTimeout='30']
SELECT CASE
    WHEN EXISTS (
        SELECT 1
        FROM [Prisoners] AS [p]) THEN CAST(1 AS bit)
    ELSE CAST(0 AS bit)
END
2026-03-20 08:42:58.697 +05:30 [INF] Executed DbCommand (1ms) [Parameters=[@normalizedEmail='?' (Size = 256)], CommandType='"Text"', CommandTimeout='30']
SELECT TOP(2) [a].[Id], [a].[AccessFailedCount], [a].[Address], [a].[ConcurrencyStamp], [a].[CreatedAt], [a].[Email], [a].[EmailConfirmed], [a].[FullName], [a].[IsActive], [a].[LockoutEnabled], [a].[LockoutEnd], [a].[NormalizedEmail], [a].[NormalizedUserName], [a].[PasswordHash], [a].[PhoneNumber], [a].[PhoneNumberConfirmed], [a].[Role], [a].[SecurityStamp], [a].[TwoFactorEnabled], [a].[UserName]
FROM [AspNetUsers] AS [a]
WHERE [a].[NormalizedEmail] = @normalizedEmail
2026-03-20 08:42:58.718 +05:30 [INF] Executed DbCommand (4ms) [Parameters=[], CommandType='"Text"', CommandTimeout='30']
SELECT CASE
    WHEN EXISTS (
        SELECT 1
        FROM [VisitSlots] AS [v]) THEN CAST(1 AS bit)
    ELSE CAST(0 AS bit)
END
2026-03-20 08:42:58.793 +05:30 [INF] Executed DbCommand (1ms) [Parameters=[@normalizedEmail='?' (Size = 256)], CommandType='"Text"', CommandTimeout='30']
SELECT TOP(2) [a].[Id], [a].[AccessFailedCount], [a].[Address], [a].[ConcurrencyStamp], [a].[CreatedAt], [a].[Email], [a].[EmailConfirmed], [a].[FullName], [a].[IsActive], [a].[LockoutEnabled], [a].[LockoutEnd], [a].[NormalizedEmail], [a].[NormalizedUserName], [a].[PasswordHash], [a].[PhoneNumber], [a].[PhoneNumberConfirmed], [a].[Role], [a].[SecurityStamp], [a].[TwoFactorEnabled], [a].[UserName]
FROM [AspNetUsers] AS [a]
WHERE [a].[NormalizedEmail] = @normalizedEmail
2026-03-20 08:42:58.802 +05:30 [WRN] The query uses the 'First'/'FirstOrDefault' operator without 'OrderBy' and filter operators. This may lead to unpredictable results.
2026-03-20 08:42:58.824 +05:30 [INF] Executed DbCommand (3ms) [Parameters=[], CommandType='"Text"', CommandTimeout='30']
SELECT TOP(1) [p].[PrisonerId], [p].[CaseNumber], [p].[CellBlock], [p].[CellNumber], [p].[CreatedAt], [p].[CrimeCategory], [p].[DateOfBirth], [p].[FullName], [p].[Gender], [p].[PrisonerCode], [p].[SentenceEndDate], [p].[SentenceStartDate], [p].[Status], [p].[UpdatedAt]
FROM [Prisoners] AS [p]
2026-03-20 08:42:58.907 +05:30 [INF] Executed DbCommand (9ms) [Parameters=[@familyUser_Id='?' (Size = 450), @samplePrisoner_PrisonerId='?' (DbType = Int32)], CommandType='"Text"', CommandTimeout='30']
SELECT CASE
    WHEN EXISTS (
        SELECT 1
        FROM [FamilyPrisonerLinks] AS [f]
        WHERE [f].[UserId] = @familyUser_Id AND [f].[PrisonerId] = @samplePrisoner_PrisonerId) THEN CAST(1 AS bit)
    ELSE CAST(0 AS bit)
END
2026-03-20 08:42:58.937 +05:30 [INF] Executed DbCommand (5ms) [Parameters=[@familyUser_Id='?' (Size = 450)], CommandType='"Text"', CommandTimeout='30']
SELECT CASE
    WHEN EXISTS (
        SELECT 1
        FROM [Appointments] AS [a]
        WHERE [a].[UserId] = @familyUser_Id) THEN CAST(1 AS bit)
    ELSE CAST(0 AS bit)
END
2026-03-20 08:42:58.943 +05:30 [WRN] The query uses the 'First'/'FirstOrDefault' operator without 'OrderBy' and filter operators. This may lead to unpredictable results.
2026-03-20 08:42:58.964 +05:30 [INF] Executed DbCommand (2ms) [Parameters=[], CommandType='"Text"', CommandTimeout='30']
SELECT TOP(1) [v].[SlotId], [v].[CreatedAt], [v].[CreatedByAdminId], [v].[CurrentBookings], [v].[EndTime], [v].[IsActive], [v].[MaxCapacity], [v].[SlotDate], [v].[StartTime]
FROM [VisitSlots] AS [v]
2026-03-20 08:42:59.012 +05:30 [INF] ✅ Database ready and seeded.
2026-03-20 08:42:59.020 +05:30 [INF] ✅ App running at http://localhost:5050
2026-03-20 08:42:59.022 +05:30 [INF] ✅ Login: admin@prisonerportal.gov / Admin@123!
2026-03-20 08:42:59.240 +05:30 [INF] Now listening on: http://localhost:5050
2026-03-20 08:42:59.252 +05:30 [INF] Application started. Press Ctrl+C to shut down.
2026-03-20 08:42:59.254 +05:30 [INF] Hosting environment: Development
2026-03-20 08:42:59.260 +05:30 [INF] Content root path: C:\Users\HP\Desktop\Adarsh Yadav Project\PrisonerPortal
2026-03-20 08:42:59.342 +05:30 [INF] Request starting HTTP/1.1 GET http://localhost:5050/Account/Login - null null
2026-03-20 08:42:59.420 +05:30 [INF] Executing endpoint 'PrisonerPortal.Controllers.AccountController.Login (PrisonerPortal)'
2026-03-20 08:42:59.457 +05:30 [INF] Route matched with {action = "Login", controller = "Account"}. Executing controller action with signature Microsoft.AspNetCore.Mvc.IActionResult Login(System.String) on controller PrisonerPortal.Controllers.AccountController (PrisonerPortal).
2026-03-20 08:42:59.635 +05:30 [INF] Executing ViewResult, running view Login.
2026-03-20 08:43:00.139 +05:30 [INF] Executed ViewResult - view Login executed in 626.994ms.
2026-03-20 08:43:00.145 +05:30 [INF] Executed action PrisonerPortal.Controllers.AccountController.Login (PrisonerPortal) in 676.4248ms
2026-03-20 08:43:00.148 +05:30 [INF] Executed endpoint 'PrisonerPortal.Controllers.AccountController.Login (PrisonerPortal)'
2026-03-20 08:43:00.155 +05:30 [INF] Request starting HTTP/1.1 GET http://localhost:5050/css/site.css?v=JpFZafcUyRvCtAIsaWITbNWqhwGAfs7utDlB9kzheC4 - null null
2026-03-20 08:43:00.157 +05:30 [INF] Request starting HTTP/1.1 GET http://localhost:5050/css/components.css?v=elf4DFhCVIE8d9eGP2egurRhUBwkdM7IqUaeO1X2ZPo - null null
2026-03-20 08:43:00.159 +05:30 [INF] Request finished HTTP/1.1 GET http://localhost:5050/Account/Login - 200 null text/html; charset=utf-8 818.8409ms
2026-03-20 08:43:00.159 +05:30 [INF] Request starting HTTP/1.1 GET http://localhost:5050/js/site.js?v=zIkpxiSb20xI1GzbX49ogguRCWNfYaxVh_KTD9brSds - null null
2026-03-20 08:43:00.160 +05:30 [INF] Request starting HTTP/1.1 GET http://localhost:5050/lib/jquery-validation-unobtrusive/dist/jquery.validate.unobtrusive.min.js - null null
2026-03-20 08:43:00.161 +05:30 [INF] Request starting HTTP/1.1 GET http://localhost:5050/js/auth.js?v=9sIGdczUEDWh4daUxaCSMrHNRN7bWZMV5QPW_ssfaiA - null null
2026-03-20 08:43:00.167 +05:30 [INF] The file /css/site.css was not modified
2026-03-20 08:43:00.167 +05:30 [INF] The file /css/components.css was not modified
2026-03-20 08:43:00.169 +05:30 [INF] Request starting HTTP/1.1 GET http://localhost:5050/lib/jquery-validation/dist/jquery.validate.min.js - null null
2026-03-20 08:43:00.171 +05:30 [INF] The file /js/site.js was not modified
2026-03-20 08:43:00.176 +05:30 [INF] The file /lib/jquery-validation-unobtrusive/dist/jquery.validate.unobtrusive.min.js was not modified
2026-03-20 08:43:00.178 +05:30 [INF] The file /js/auth.js was not modified
2026-03-20 08:43:00.180 +05:30 [INF] Request finished HTTP/1.1 GET http://localhost:5050/css/site.css?v=JpFZafcUyRvCtAIsaWITbNWqhwGAfs7utDlB9kzheC4 - 304 null text/css 24.8039ms
2026-03-20 08:43:00.180 +05:30 [INF] Request finished HTTP/1.1 GET http://localhost:5050/css/components.css?v=elf4DFhCVIE8d9eGP2egurRhUBwkdM7IqUaeO1X2ZPo - 304 null text/css 22.9906ms
2026-03-20 08:43:00.184 +05:30 [INF] The file /lib/jquery-validation/dist/jquery.validate.min.js was not modified
2026-03-20 08:43:00.185 +05:30 [INF] Request finished HTTP/1.1 GET http://localhost:5050/js/site.js?v=zIkpxiSb20xI1GzbX49ogguRCWNfYaxVh_KTD9brSds - 304 null text/javascript 25.781ms
2026-03-20 08:43:00.186 +05:30 [INF] Request finished HTTP/1.1 GET http://localhost:5050/lib/jquery-validation-unobtrusive/dist/jquery.validate.unobtrusive.min.js - 304 null text/javascript 26.4264ms
2026-03-20 08:43:00.188 +05:30 [INF] Request finished HTTP/1.1 GET http://localhost:5050/js/auth.js?v=9sIGdczUEDWh4daUxaCSMrHNRN7bWZMV5QPW_ssfaiA - 304 null text/javascript 27.3993ms
2026-03-20 08:43:00.198 +05:30 [INF] Request finished HTTP/1.1 GET http://localhost:5050/lib/jquery-validation/dist/jquery.validate.min.js - 304 null text/javascript 29.235ms
2026-03-20 08:43:08.467 +05:30 [INF] Request starting HTTP/1.1 POST http://localhost:5050/ - application/x-www-form-urlencoded 269
2026-03-20 08:43:08.477 +05:30 [INF] Executing endpoint 'PrisonerPortal.Controllers.AccountController.Login (PrisonerPortal)'
2026-03-20 08:43:08.492 +05:30 [INF] Route matched with {action = "Login", controller = "Account"}. Executing controller action with signature System.Threading.Tasks.Task`1[Microsoft.AspNetCore.Mvc.IActionResult] Login(PrisonerPortal.Models.ViewModels.LoginViewModel, System.String) on controller PrisonerPortal.Controllers.AccountController (PrisonerPortal).
2026-03-20 08:43:08.578 +05:30 [INF] Executed DbCommand (1ms) [Parameters=[@normalizedEmail='?' (Size = 256)], CommandType='"Text"', CommandTimeout='30']
SELECT TOP(2) [a].[Id], [a].[AccessFailedCount], [a].[Address], [a].[ConcurrencyStamp], [a].[CreatedAt], [a].[Email], [a].[EmailConfirmed], [a].[FullName], [a].[IsActive], [a].[LockoutEnabled], [a].[LockoutEnd], [a].[NormalizedEmail], [a].[NormalizedUserName], [a].[PasswordHash], [a].[PhoneNumber], [a].[PhoneNumberConfirmed], [a].[Role], [a].[SecurityStamp], [a].[TwoFactorEnabled], [a].[UserName]
FROM [AspNetUsers] AS [a]
WHERE [a].[NormalizedEmail] = @normalizedEmail
2026-03-20 08:43:08.608 +05:30 [INF] Executed DbCommand (4ms) [Parameters=[@normalizedUserName='?' (Size = 256)], CommandType='"Text"', CommandTimeout='30']
SELECT TOP(1) [a].[Id], [a].[AccessFailedCount], [a].[Address], [a].[ConcurrencyStamp], [a].[CreatedAt], [a].[Email], [a].[EmailConfirmed], [a].[FullName], [a].[IsActive], [a].[LockoutEnabled], [a].[LockoutEnd], [a].[NormalizedEmail], [a].[NormalizedUserName], [a].[PasswordHash], [a].[PhoneNumber], [a].[PhoneNumberConfirmed], [a].[Role], [a].[SecurityStamp], [a].[TwoFactorEnabled], [a].[UserName]
FROM [AspNetUsers] AS [a]
WHERE [a].[NormalizedUserName] = @normalizedUserName
2026-03-20 08:43:08.788 +05:30 [INF] Executed DbCommand (3ms) [Parameters=[@user_Id='?' (Size = 450)], CommandType='"Text"', CommandTimeout='30']
SELECT [a].[Id], [a].[ClaimType], [a].[ClaimValue], [a].[UserId]
FROM [AspNetUserClaims] AS [a]
WHERE [a].[UserId] = @user_Id
2026-03-20 08:43:08.820 +05:30 [INF] Executed DbCommand (4ms) [Parameters=[@userId='?' (Size = 450)], CommandType='"Text"', CommandTimeout='30']
SELECT [a0].[Name]
FROM [AspNetUserRoles] AS [a]
INNER JOIN [AspNetRoles] AS [a0] ON [a].[RoleId] = [a0].[Id]
WHERE [a].[UserId] = @userId
2026-03-20 08:43:08.829 +05:30 [INF] Executed DbCommand (1ms) [Parameters=[@normalizedName='?' (Size = 256)], CommandType='"Text"', CommandTimeout='30']
SELECT TOP(1) [a].[Id], [a].[ConcurrencyStamp], [a].[Name], [a].[NormalizedName]
FROM [AspNetRoles] AS [a]
WHERE [a].[NormalizedName] = @normalizedName
2026-03-20 08:43:08.855 +05:30 [INF] Executed DbCommand (2ms) [Parameters=[@role_Id='?' (Size = 450)], CommandType='"Text"', CommandTimeout='30']
SELECT [a].[ClaimType], [a].[ClaimValue]
FROM [AspNetRoleClaims] AS [a]
WHERE [a].[RoleId] = @role_Id
2026-03-20 08:43:08.872 +05:30 [INF] AuthenticationScheme: Identity.Application signed in.
2026-03-20 08:43:08.989 +05:30 [INF] Executed DbCommand (8ms) [Parameters=[@p0='?' (Size = 4000), @p1='?' (Size = 4000), @p2='?' (Size = 4000), @p3='?' (Size = 4000), @p4='?' (Size = 4000), @p5='?' (Size = 4000), @p6='?' (DbType = DateTime2), @p7='?' (Size = 450)], CommandType='"Text"', CommandTimeout='30']
SET IMPLICIT_TRANSACTIONS OFF;
SET NOCOUNT ON;
INSERT INTO [AuditLogs] ([Action], [EntityId], [EntityType], [IPAddress], [NewValues], [OldValues], [Timestamp], [UserId])
OUTPUT INSERTED.[LogId]
VALUES (@p0, @p1, @p2, @p3, @p4, @p5, @p6, @p7);
2026-03-20 08:43:09.033 +05:30 [INF] Executed DbCommand (1ms) [Parameters=[@userId='?' (Size = 450)], CommandType='"Text"', CommandTimeout='30']
SELECT [a0].[Name]
FROM [AspNetUserRoles] AS [a]
INNER JOIN [AspNetRoles] AS [a0] ON [a].[RoleId] = [a0].[Id]
WHERE [a].[UserId] = @userId
2026-03-20 08:43:09.048 +05:30 [INF] Executing RedirectResult, redirecting to /Admin/Dashboard.
2026-03-20 08:43:09.054 +05:30 [INF] Executed action PrisonerPortal.Controllers.AccountController.Login (PrisonerPortal) in 555.4429ms
2026-03-20 08:43:09.057 +05:30 [INF] Executed endpoint 'PrisonerPortal.Controllers.AccountController.Login (PrisonerPortal)'
2026-03-20 08:43:09.064 +05:30 [INF] Request finished HTTP/1.1 POST http://localhost:5050/ - 302 0 null 596.8663ms
2026-03-20 08:43:09.070 +05:30 [INF] Request starting HTTP/1.1 GET http://localhost:5050/Admin/Dashboard - null null
2026-03-20 08:43:09.092 +05:30 [INF] Executing endpoint 'PrisonerPortal.Controllers.AdminController.Dashboard (PrisonerPortal)'
2026-03-20 08:43:09.107 +05:30 [INF] Route matched with {action = "Dashboard", controller = "Admin"}. Executing controller action with signature System.Threading.Tasks.Task`1[Microsoft.AspNetCore.Mvc.IActionResult] Dashboard() on controller PrisonerPortal.Controllers.AdminController (PrisonerPortal).
2026-03-20 08:43:09.293 +05:30 [INF] Executed DbCommand (3ms) [Parameters=[], CommandType='"Text"', CommandTimeout='30']
SELECT COUNT(*)
FROM [AspNetUsers] AS [a]
WHERE [a].[IsActive] = CAST(1 AS bit) AND [a].[Role] = N'Family'
2026-03-20 08:43:09.321 +05:30 [INF] Executed DbCommand (2ms) [Parameters=[], CommandType='"Text"', CommandTimeout='30']
SELECT COUNT(*)
FROM [Prisoners] AS [p]
WHERE [p].[Status] = N'Active'
2026-03-20 08:43:09.387 +05:30 [INF] Executed DbCommand (4ms) [Parameters=[], CommandType='"Text"', CommandTimeout='30']
SELECT COUNT(*)
FROM [Appointments] AS [a]
INNER JOIN [VisitSlots] AS [v] ON [a].[SlotId] = [v].[SlotId]
WHERE CONVERT(date, [v].[SlotDate]) = CONVERT(date, GETDATE()) AND [a].[Status] IN (N'Approved', N'Pending')
2026-03-20 08:43:09.404 +05:30 [INF] Executed DbCommand (5ms) [Parameters=[], CommandType='"Text"', CommandTimeout='30']
SELECT COUNT(*)
FROM [SupportRequests] AS [s]
WHERE [s].[Status] IN (N'Open', N'InProgress')
2026-03-20 08:43:09.517 +05:30 [INF] Executed DbCommand (9ms) [Parameters=[@p='?' (DbType = Int32)], CommandType='"Text"', CommandTimeout='30']
SELECT [a1].[AppointmentId], [a1].[AdminNotes], [a1].[AppointmentCode], [a1].[BookedAt], [a1].[NumVisitors], [a1].[PrisonerId], [a1].[Purpose], [a1].[RejectionReason], [a1].[SlotId], [a1].[Status], [a1].[UpdatedAt], [a1].[UserId], [a1].[VisitorNames], [a0].[Id], [a0].[AccessFailedCount], [a0].[Address], [a0].[ConcurrencyStamp], [a0].[CreatedAt], [a0].[Email], [a0].[EmailConfirmed], [a0].[FullName], [a0].[IsActive], [a0].[LockoutEnabled], [a0].[LockoutEnd], [a0].[NormalizedEmail], [a0].[NormalizedUserName], [a0].[PasswordHash], [a0].[PhoneNumber], [a0].[PhoneNumberConfirmed], [a0].[Role], [a0].[SecurityStamp], [a0].[TwoFactorEnabled], [a0].[UserName], [p].[PrisonerId], [p].[CaseNumber], [p].[CellBlock], [p].[CellNumber], [p].[CreatedAt], [p].[CrimeCategory], [p].[DateOfBirth], [p].[FullName], [p].[Gender], [p].[PrisonerCode], [p].[SentenceEndDate], [p].[SentenceStartDate], [p].[Status], [p].[UpdatedAt], [v].[SlotId], [v].[CreatedAt], [v].[CreatedByAdminId], [v].[CurrentBookings], [v].[EndTime], [v].[IsActive], [v].[MaxCapacity], [v].[SlotDate], [v].[StartTime]
FROM (
    SELECT TOP(@p) [a].[AppointmentId], [a].[AdminNotes], [a].[AppointmentCode], [a].[BookedAt], [a].[NumVisitors], [a].[PrisonerId], [a].[Purpose], [a].[RejectionReason], [a].[SlotId], [a].[Status], [a].[UpdatedAt], [a].[UserId], [a].[VisitorNames]
    FROM [Appointments] AS [a]
    WHERE [a].[Status] = N'Pending'
    ORDER BY [a].[BookedAt] DESC
) AS [a1]
INNER JOIN [AspNetUsers] AS [a0] ON [a1].[UserId] = [a0].[Id]
INNER JOIN [Prisoners] AS [p] ON [a1].[PrisonerId] = [p].[PrisonerId]
INNER JOIN [VisitSlots] AS [v] ON [a1].[SlotId] = [v].[SlotId]
ORDER BY [a1].[BookedAt] DESC
2026-03-20 08:43:09.588 +05:30 [INF] Executed DbCommand (6ms) [Parameters=[@p='?' (DbType = Int32)], CommandType='"Text"', CommandTimeout='30']
SELECT [s0].[RequestId], [s0].[AdminResponse], [s0].[AssignedAdminId], [s0].[Category], [s0].[CreatedAt], [s0].[Description], [s0].[Priority], [s0].[PrisonerId], [s0].[RequestCode], [s0].[ResolvedAt], [s0].[Status], [s0].[Subject], [s0].[UpdatedAt], [s0].[UserId], [a].[Id], [a].[AccessFailedCount], [a].[Address], [a].[ConcurrencyStamp], [a].[CreatedAt], [a].[Email], [a].[EmailConfirmed], [a].[FullName], [a].[IsActive], [a].[LockoutEnabled], [a].[LockoutEnd], [a].[NormalizedEmail], [a].[NormalizedUserName], [a].[PasswordHash], [a].[PhoneNumber], [a].[PhoneNumberConfirmed], [a].[Role], [a].[SecurityStamp], [a].[TwoFactorEnabled], [a].[UserName], [p].[PrisonerId], [p].[CaseNumber], [p].[CellBlock], [p].[CellNumber], [p].[CreatedAt], [p].[CrimeCategory], [p].[DateOfBirth], [p].[FullName], [p].[Gender], [p].[PrisonerCode], [p].[SentenceEndDate], [p].[SentenceStartDate], [p].[Status], [p].[UpdatedAt]
FROM (
    SELECT TOP(@p) [s].[RequestId], [s].[AdminResponse], [s].[AssignedAdminId], [s].[Category], [s].[CreatedAt], [s].[Description], [s].[Priority], [s].[PrisonerId], [s].[RequestCode], [s].[ResolvedAt], [s].[Status], [s].[Subject], [s].[UpdatedAt], [s].[UserId]
    FROM [SupportRequests] AS [s]
    WHERE [s].[Status] IN (N'Open', N'InProgress')
    ORDER BY [s].[CreatedAt] DESC
) AS [s0]
INNER JOIN [AspNetUsers] AS [a] ON [s0].[UserId] = [a].[Id]
LEFT JOIN [Prisoners] AS [p] ON [s0].[PrisonerId] = [p].[PrisonerId]
ORDER BY [s0].[CreatedAt] DESC
2026-03-20 08:43:09.647 +05:30 [INF] Executed DbCommand (8ms) [Parameters=[@p='?' (DbType = Int32)], CommandType='"Text"', CommandTimeout='30']
SELECT [f0].[LinkId], [f0].[IsVerified], [f0].[LinkedAt], [f0].[PrisonerId], [f0].[Relationship], [f0].[UserId], [f0].[VerifiedByAdminId], [a].[Id], [a].[AccessFailedCount], [a].[Address], [a].[ConcurrencyStamp], [a].[CreatedAt], [a].[Email], [a].[EmailConfirmed], [a].[FullName], [a].[IsActive], [a].[LockoutEnabled], [a].[LockoutEnd], [a].[NormalizedEmail], [a].[NormalizedUserName], [a].[PasswordHash], [a].[PhoneNumber], [a].[PhoneNumberConfirmed], [a].[Role], [a].[SecurityStamp], [a].[TwoFactorEnabled], [a].[UserName], [p].[PrisonerId], [p].[CaseNumber], [p].[CellBlock], [p].[CellNumber], [p].[CreatedAt], [p].[CrimeCategory], [p].[DateOfBirth], [p].[FullName], [p].[Gender], [p].[PrisonerCode], [p].[SentenceEndDate], [p].[SentenceStartDate], [p].[Status], [p].[UpdatedAt]
FROM (
    SELECT TOP(@p) [f].[LinkId], [f].[IsVerified], [f].[LinkedAt], [f].[PrisonerId], [f].[Relationship], [f].[UserId], [f].[VerifiedByAdminId]
    FROM [FamilyPrisonerLinks] AS [f]
    WHERE [f].[IsVerified] = CAST(0 AS bit)
    ORDER BY [f].[LinkedAt] DESC
) AS [f0]
INNER JOIN [AspNetUsers] AS [a] ON [f0].[UserId] = [a].[Id]
INNER JOIN [Prisoners] AS [p] ON [f0].[PrisonerId] = [p].[PrisonerId]
ORDER BY [f0].[LinkedAt] DESC
2026-03-20 08:43:09.668 +05:30 [INF] Executed DbCommand (2ms) [Parameters=[@p='?' (DbType = Int32)], CommandType='"Text"', CommandTimeout='30']
SELECT TOP(@p) [a].[Id], [a].[AccessFailedCount], [a].[Address], [a].[ConcurrencyStamp], [a].[CreatedAt], [a].[Email], [a].[EmailConfirmed], [a].[FullName], [a].[IsActive], [a].[LockoutEnabled], [a].[LockoutEnd], [a].[NormalizedEmail], [a].[NormalizedUserName], [a].[PasswordHash], [a].[PhoneNumber], [a].[PhoneNumberConfirmed], [a].[Role], [a].[SecurityStamp], [a].[TwoFactorEnabled], [a].[UserName]
FROM [AspNetUsers] AS [a]
ORDER BY [a].[CreatedAt] DESC
2026-03-20 08:43:09.709 +05:30 [INF] Executing ViewResult, running view Dashboard.
2026-03-20 08:43:09.790 +05:30 [INF] Executed ViewResult - view Dashboard executed in 116.068ms.
2026-03-20 08:43:09.795 +05:30 [INF] Executed action PrisonerPortal.Controllers.AdminController.Dashboard (PrisonerPortal) in 679.8913ms
2026-03-20 08:43:09.798 +05:30 [INF] Executed endpoint 'PrisonerPortal.Controllers.AdminController.Dashboard (PrisonerPortal)'
2026-03-20 08:43:09.799 +05:30 [INF] Request finished HTTP/1.1 GET http://localhost:5050/Admin/Dashboard - 200 null text/html; charset=utf-8 729.5976ms
2026-03-20 08:43:09.828 +05:30 [INF] Request starting HTTP/1.1 GET http://localhost:5050/Notifications/GetUnreadCount - null null
2026-03-20 08:43:09.838 +05:30 [INF] Executing endpoint 'PrisonerPortal.Controllers.NotificationsController.GetUnreadCount (PrisonerPortal)'
2026-03-20 08:43:09.840 +05:30 [INF] Route matched with {action = "GetUnreadCount", controller = "Notifications"}. Executing controller action with signature Microsoft.AspNetCore.Mvc.IActionResult GetUnreadCount() on controller PrisonerPortal.Controllers.NotificationsController (PrisonerPortal).
2026-03-20 08:43:09.862 +05:30 [INF] Executed DbCommand (3ms) [Parameters=[@userId='?' (Size = 450)], CommandType='"Text"', CommandTimeout='30']
SELECT COUNT(*)
FROM [Notifications] AS [n]
WHERE [n].[UserId] = @userId AND [n].[IsRead] = CAST(0 AS bit)
2026-03-20 08:43:09.872 +05:30 [INF] Executing JsonResult, writing value of type '<>f__AnonymousType2`1[[System.Int32, System.Private.CoreLib, Version=10.0.0.0, Culture=neutral, PublicKeyToken=7cec85d7bea7798e]]'.
2026-03-20 08:43:09.946 +05:30 [INF] Executed action PrisonerPortal.Controllers.NotificationsController.GetUnreadCount (PrisonerPortal) in 103.4228ms
2026-03-20 08:43:09.950 +05:30 [INF] Executed endpoint 'PrisonerPortal.Controllers.NotificationsController.GetUnreadCount (PrisonerPortal)'
2026-03-20 08:43:09.953 +05:30 [INF] Request finished HTTP/1.1 GET http://localhost:5050/Notifications/GetUnreadCount - 200 null application/json; charset=utf-8 125.7711ms
2026-03-20 08:43:14.341 +05:30 [INF] Request starting HTTP/1.1 GET http://localhost:5050/Admin/Prisoners - null null
2026-03-20 08:43:14.366 +05:30 [INF] Executing endpoint 'PrisonerPortal.Controllers.AdminController.Prisoners (PrisonerPortal)'
2026-03-20 08:43:14.379 +05:30 [INF] Route matched with {action = "Prisoners", controller = "Admin"}. Executing controller action with signature System.Threading.Tasks.Task`1[Microsoft.AspNetCore.Mvc.IActionResult] Prisoners() on controller PrisonerPortal.Controllers.AdminController (PrisonerPortal).
2026-03-20 08:43:14.414 +05:30 [INF] Executed DbCommand (3ms) [Parameters=[], CommandType='"Text"', CommandTimeout='30']
SELECT [p].[PrisonerId], [p].[CaseNumber], [p].[CellBlock], [p].[CellNumber], [p].[CreatedAt], [p].[CrimeCategory], [p].[DateOfBirth], [p].[FullName], [p].[Gender], [p].[PrisonerCode], [p].[SentenceEndDate], [p].[SentenceStartDate], [p].[Status], [p].[UpdatedAt]
FROM [Prisoners] AS [p]
ORDER BY [p].[FullName]
2026-03-20 08:43:14.468 +05:30 [INF] Executing ViewResult, running view Prisoners.
2026-03-20 08:43:14.494 +05:30 [INF] Executed ViewResult - view Prisoners executed in 70.7449ms.
2026-03-20 08:43:14.499 +05:30 [INF] Executed action PrisonerPortal.Controllers.AdminController.Prisoners (PrisonerPortal) in 113.2989ms
2026-03-20 08:43:14.503 +05:30 [INF] Executed endpoint 'PrisonerPortal.Controllers.AdminController.Prisoners (PrisonerPortal)'
2026-03-20 08:43:14.504 +05:30 [INF] Request finished HTTP/1.1 GET http://localhost:5050/Admin/Prisoners - 200 null text/html; charset=utf-8 162.7547ms
2026-03-20 08:43:14.515 +05:30 [INF] Request starting HTTP/1.1 GET http://localhost:5050/Notifications/GetUnreadCount - null null
2026-03-20 08:43:14.521 +05:30 [INF] Executing endpoint 'PrisonerPortal.Controllers.NotificationsController.GetUnreadCount (PrisonerPortal)'
2026-03-20 08:43:14.522 +05:30 [INF] Route matched with {action = "GetUnreadCount", controller = "Notifications"}. Executing controller action with signature Microsoft.AspNetCore.Mvc.IActionResult GetUnreadCount() on controller PrisonerPortal.Controllers.NotificationsController (PrisonerPortal).
2026-03-20 08:43:14.526 +05:30 [INF] Executed DbCommand (0ms) [Parameters=[@userId='?' (Size = 450)], CommandType='"Text"', CommandTimeout='30']
SELECT COUNT(*)
FROM [Notifications] AS [n]
WHERE [n].[UserId] = @userId AND [n].[IsRead] = CAST(0 AS bit)
2026-03-20 08:43:14.528 +05:30 [INF] Executing JsonResult, writing value of type '<>f__AnonymousType2`1[[System.Int32, System.Private.CoreLib, Version=10.0.0.0, Culture=neutral, PublicKeyToken=7cec85d7bea7798e]]'.
2026-03-20 08:43:14.530 +05:30 [INF] Executed action PrisonerPortal.Controllers.NotificationsController.GetUnreadCount (PrisonerPortal) in 5.3288ms
2026-03-20 08:43:14.531 +05:30 [INF] Executed endpoint 'PrisonerPortal.Controllers.NotificationsController.GetUnreadCount (PrisonerPortal)'
2026-03-20 08:43:14.533 +05:30 [INF] Request finished HTTP/1.1 GET http://localhost:5050/Notifications/GetUnreadCount - 200 null application/json; charset=utf-8 18.2812ms
2026-03-20 08:43:17.385 +05:30 [INF] Request starting HTTP/1.1 GET http://localhost:5050/Admin/ViewPrisoner/4 - null null
2026-03-20 08:43:17.394 +05:30 [INF] Executing endpoint 'PrisonerPortal.Controllers.AdminController.ViewPrisoner (PrisonerPortal)'
2026-03-20 08:43:17.402 +05:30 [INF] Route matched with {action = "ViewPrisoner", controller = "Admin"}. Executing controller action with signature System.Threading.Tasks.Task`1[Microsoft.AspNetCore.Mvc.IActionResult] ViewPrisoner(Int32) on controller PrisonerPortal.Controllers.AdminController (PrisonerPortal).
2026-03-20 08:43:17.477 +05:30 [WRN] Compiling a query which loads related collections for more than one collection navigation, either via 'Include' or through projection, but no 'QuerySplittingBehavior' has been configured. By default, Entity Framework will use 'QuerySplittingBehavior.SingleQuery', which can potentially result in slow query performance. See https://go.microsoft.com/fwlink/?linkid=2134277 for more information. To identify the query that's triggering this warning call 'ConfigureWarnings(w => w.Throw(RelationalEventId.MultipleCollectionIncludeWarning))'.
2026-03-20 08:43:17.589 +05:30 [INF] Executed DbCommand (19ms) [Parameters=[@id='?' (DbType = Int32)], CommandType='"Text"', CommandTimeout='30']
SELECT [p0].[PrisonerId], [p0].[CaseNumber], [p0].[CellBlock], [p0].[CellNumber], [p0].[CreatedAt], [p0].[CrimeCategory], [p0].[DateOfBirth], [p0].[FullName], [p0].[Gender], [p0].[PrisonerCode], [p0].[SentenceEndDate], [p0].[SentenceStartDate], [p0].[Status], [p0].[UpdatedAt], [s0].[LinkId], [s0].[IsVerified], [s0].[LinkedAt], [s0].[PrisonerId], [s0].[Relationship], [s0].[UserId], [s0].[VerifiedByAdminId], [s0].[Id], [s0].[AccessFailedCount], [s0].[Address], [s0].[ConcurrencyStamp], [s0].[CreatedAt], [s0].[Email], [s0].[EmailConfirmed], [s0].[FullName], [s0].[IsActive], [s0].[LockoutEnabled], [s0].[LockoutEnd], [s0].[NormalizedEmail], [s0].[NormalizedUserName], [s0].[PasswordHash], [s0].[PhoneNumber], [s0].[PhoneNumberConfirmed], [s0].[Role], [s0].[SecurityStamp], [s0].[TwoFactorEnabled], [s0].[UserName], [s1].[AppointmentId], [s1].[AdminNotes], [s1].[AppointmentCode], [s1].[BookedAt], [s1].[NumVisitors], [s1].[PrisonerId], [s1].[Purpose], [s1].[RejectionReason], [s1].[SlotId], [s1].[Status], [s1].[UpdatedAt], [s1].[UserId], [s1].[VisitorNames], [s1].[Id], [s1].[AccessFailedCount], [s1].[Address], [s1].[ConcurrencyStamp], [s1].[CreatedAt], [s1].[Email], [s1].[EmailConfirmed], [s1].[FullName], [s1].[IsActive], [s1].[LockoutEnabled], [s1].[LockoutEnd], [s1].[NormalizedEmail], [s1].[NormalizedUserName], [s1].[PasswordHash], [s1].[PhoneNumber], [s1].[PhoneNumberConfirmed], [s1].[Role], [s1].[SecurityStamp], [s1].[TwoFactorEnabled], [s1].[UserName], [s].[RequestId], [s].[AdminResponse], [s].[AssignedAdminId], [s].[Category], [s].[CreatedAt], [s].[Description], [s].[Priority], [s].[PrisonerId], [s].[RequestCode], [s].[ResolvedAt], [s].[Status], [s].[Subject], [s].[UpdatedAt], [s].[UserId]
FROM (
    SELECT TOP(1) [p].[PrisonerId], [p].[CaseNumber], [p].[CellBlock], [p].[CellNumber], [p].[CreatedAt], [p].[CrimeCategory], [p].[DateOfBirth], [p].[FullName], [p].[Gender], [p].[PrisonerCode], [p].[SentenceEndDate], [p].[SentenceStartDate], [p].[Status], [p].[UpdatedAt]
    FROM [Prisoners] AS [p]
    WHERE [p].[PrisonerId] = @id
) AS [p0]
LEFT JOIN (
    SELECT [f].[LinkId], [f].[IsVerified], [f].[LinkedAt], [f].[PrisonerId], [f].[Relationship], [f].[UserId], [f].[VerifiedByAdminId], [a].[Id], [a].[AccessFailedCount], [a].[Address], [a].[ConcurrencyStamp], [a].[CreatedAt], [a].[Email], [a].[EmailConfirmed], [a].[FullName], [a].[IsActive], [a].[LockoutEnabled], [a].[LockoutEnd], [a].[NormalizedEmail], [a].[NormalizedUserName], [a].[PasswordHash], [a].[PhoneNumber], [a].[PhoneNumberConfirmed], [a].[Role], [a].[SecurityStamp], [a].[TwoFactorEnabled], [a].[UserName]
    FROM [FamilyPrisonerLinks] AS [f]
    INNER JOIN [AspNetUsers] AS [a] ON [f].[UserId] = [a].[Id]
) AS [s0] ON [p0].[PrisonerId] = [s0].[PrisonerId]
LEFT JOIN (
    SELECT [a0].[AppointmentId], [a0].[AdminNotes], [a0].[AppointmentCode], [a0].[BookedAt], [a0].[NumVisitors], [a0].[PrisonerId], [a0].[Purpose], [a0].[RejectionReason], [a0].[SlotId], [a0].[Status], [a0].[UpdatedAt], [a0].[UserId], [a0].[VisitorNames], [a1].[Id], [a1].[AccessFailedCount], [a1].[Address], [a1].[ConcurrencyStamp], [a1].[CreatedAt], [a1].[Email], [a1].[EmailConfirmed], [a1].[FullName], [a1].[IsActive], [a1].[LockoutEnabled], [a1].[LockoutEnd], [a1].[NormalizedEmail], [a1].[NormalizedUserName], [a1].[PasswordHash], [a1].[PhoneNumber], [a1].[PhoneNumberConfirmed], [a1].[Role], [a1].[SecurityStamp], [a1].[TwoFactorEnabled], [a1].[UserName]
    FROM [Appointments] AS [a0]
    INNER JOIN [AspNetUsers] AS [a1] ON [a0].[UserId] = [a1].[Id]
) AS [s1] ON [p0].[PrisonerId] = [s1].[PrisonerId]
LEFT JOIN [SupportRequests] AS [s] ON [p0].[PrisonerId] = [s].[PrisonerId]
ORDER BY [p0].[PrisonerId], [s0].[LinkId], [s0].[Id], [s1].[AppointmentId], [s1].[Id]
2026-03-20 08:43:17.618 +05:30 [INF] Request starting HTTP/1.1 GET http://localhost:5050/Admin/ViewPrisoner/4 - null null
2026-03-20 08:43:17.624 +05:30 [INF] Executing endpoint 'PrisonerPortal.Controllers.AdminController.ViewPrisoner (PrisonerPortal)'
2026-03-20 08:43:17.627 +05:30 [INF] Route matched with {action = "ViewPrisoner", controller = "Admin"}. Executing controller action with signature System.Threading.Tasks.Task`1[Microsoft.AspNetCore.Mvc.IActionResult] ViewPrisoner(Int32) on controller PrisonerPortal.Controllers.AdminController (PrisonerPortal).
2026-03-20 08:43:17.631 +05:30 [INF] Executed DbCommand (1ms) [Parameters=[@id='?' (DbType = Int32)], CommandType='"Text"', CommandTimeout='30']
SELECT [p0].[PrisonerId], [p0].[CaseNumber], [p0].[CellBlock], [p0].[CellNumber], [p0].[CreatedAt], [p0].[CrimeCategory], [p0].[DateOfBirth], [p0].[FullName], [p0].[Gender], [p0].[PrisonerCode], [p0].[SentenceEndDate], [p0].[SentenceStartDate], [p0].[Status], [p0].[UpdatedAt], [s0].[LinkId], [s0].[IsVerified], [s0].[LinkedAt], [s0].[PrisonerId], [s0].[Relationship], [s0].[UserId], [s0].[VerifiedByAdminId], [s0].[Id], [s0].[AccessFailedCount], [s0].[Address], [s0].[ConcurrencyStamp], [s0].[CreatedAt], [s0].[Email], [s0].[EmailConfirmed], [s0].[FullName], [s0].[IsActive], [s0].[LockoutEnabled], [s0].[LockoutEnd], [s0].[NormalizedEmail], [s0].[NormalizedUserName], [s0].[PasswordHash], [s0].[PhoneNumber], [s0].[PhoneNumberConfirmed], [s0].[Role], [s0].[SecurityStamp], [s0].[TwoFactorEnabled], [s0].[UserName], [s1].[AppointmentId], [s1].[AdminNotes], [s1].[AppointmentCode], [s1].[BookedAt], [s1].[NumVisitors], [s1].[PrisonerId], [s1].[Purpose], [s1].[RejectionReason], [s1].[SlotId], [s1].[Status], [s1].[UpdatedAt], [s1].[UserId], [s1].[VisitorNames], [s1].[Id], [s1].[AccessFailedCount], [s1].[Address], [s1].[ConcurrencyStamp], [s1].[CreatedAt], [s1].[Email], [s1].[EmailConfirmed], [s1].[FullName], [s1].[IsActive], [s1].[LockoutEnabled], [s1].[LockoutEnd], [s1].[NormalizedEmail], [s1].[NormalizedUserName], [s1].[PasswordHash], [s1].[PhoneNumber], [s1].[PhoneNumberConfirmed], [s1].[Role], [s1].[SecurityStamp], [s1].[TwoFactorEnabled], [s1].[UserName], [s].[RequestId], [s].[AdminResponse], [s].[AssignedAdminId], [s].[Category], [s].[CreatedAt], [s].[Description], [s].[Priority], [s].[PrisonerId], [s].[RequestCode], [s].[ResolvedAt], [s].[Status], [s].[Subject], [s].[UpdatedAt], [s].[UserId]
FROM (
    SELECT TOP(1) [p].[PrisonerId], [p].[CaseNumber], [p].[CellBlock], [p].[CellNumber], [p].[CreatedAt], [p].[CrimeCategory], [p].[DateOfBirth], [p].[FullName], [p].[Gender], [p].[PrisonerCode], [p].[SentenceEndDate], [p].[SentenceStartDate], [p].[Status], [p].[UpdatedAt]
    FROM [Prisoners] AS [p]
    WHERE [p].[PrisonerId] = @id
) AS [p0]
LEFT JOIN (
    SELECT [f].[LinkId], [f].[IsVerified], [f].[LinkedAt], [f].[PrisonerId], [f].[Relationship], [f].[UserId], [f].[VerifiedByAdminId], [a].[Id], [a].[AccessFailedCount], [a].[Address], [a].[ConcurrencyStamp], [a].[CreatedAt], [a].[Email], [a].[EmailConfirmed], [a].[FullName], [a].[IsActive], [a].[LockoutEnabled], [a].[LockoutEnd], [a].[NormalizedEmail], [a].[NormalizedUserName], [a].[PasswordHash], [a].[PhoneNumber], [a].[PhoneNumberConfirmed], [a].[Role], [a].[SecurityStamp], [a].[TwoFactorEnabled], [a].[UserName]
    FROM [FamilyPrisonerLinks] AS [f]
    INNER JOIN [AspNetUsers] AS [a] ON [f].[UserId] = [a].[Id]
) AS [s0] ON [p0].[PrisonerId] = [s0].[PrisonerId]
LEFT JOIN (
    SELECT [a0].[AppointmentId], [a0].[AdminNotes], [a0].[AppointmentCode], [a0].[BookedAt], [a0].[NumVisitors], [a0].[PrisonerId], [a0].[Purpose], [a0].[RejectionReason], [a0].[SlotId], [a0].[Status], [a0].[UpdatedAt], [a0].[UserId], [a0].[VisitorNames], [a1].[Id], [a1].[AccessFailedCount], [a1].[Address], [a1].[ConcurrencyStamp], [a1].[CreatedAt], [a1].[Email], [a1].[EmailConfirmed], [a1].[FullName], [a1].[IsActive], [a1].[LockoutEnabled], [a1].[LockoutEnd], [a1].[NormalizedEmail], [a1].[NormalizedUserName], [a1].[PasswordHash], [a1].[PhoneNumber], [a1].[PhoneNumberConfirmed], [a1].[Role], [a1].[SecurityStamp], [a1].[TwoFactorEnabled], [a1].[UserName]
    FROM [Appointments] AS [a0]
    INNER JOIN [AspNetUsers] AS [a1] ON [a0].[UserId] = [a1].[Id]
) AS [s1] ON [p0].[PrisonerId] = [s1].[PrisonerId]
LEFT JOIN [SupportRequests] AS [s] ON [p0].[PrisonerId] = [s].[PrisonerId]
ORDER BY [p0].[PrisonerId], [s0].[LinkId], [s0].[Id], [s1].[AppointmentId], [s1].[Id]
2026-03-20 08:43:17.638 +05:30 [INF] Executing ViewResult, running view ViewPrisoner.
2026-03-20 08:43:17.638 +05:30 [INF] Executing ViewResult, running view ViewPrisoner.
2026-03-20 08:43:17.652 +05:30 [INF] Executed ViewResult - view ViewPrisoner executed in 34.401ms.
2026-03-20 08:43:17.652 +05:30 [INF] Executed ViewResult - view ViewPrisoner executed in 17.8634ms.
2026-03-20 08:43:17.657 +05:30 [INF] Executed action PrisonerPortal.Controllers.AdminController.ViewPrisoner (PrisonerPortal) in 251.1169ms
2026-03-20 08:43:17.659 +05:30 [INF] Executed action PrisonerPortal.Controllers.AdminController.ViewPrisoner (PrisonerPortal) in 30.3117ms
2026-03-20 08:43:17.661 +05:30 [INF] Executed endpoint 'PrisonerPortal.Controllers.AdminController.ViewPrisoner (PrisonerPortal)'
2026-03-20 08:43:17.662 +05:30 [INF] Executed endpoint 'PrisonerPortal.Controllers.AdminController.ViewPrisoner (PrisonerPortal)'
2026-03-20 08:43:17.663 +05:30 [INF] Request finished HTTP/1.1 GET http://localhost:5050/Admin/ViewPrisoner/4 - 200 null text/html; charset=utf-8 277.8471ms
2026-03-20 08:43:17.665 +05:30 [INF] Request finished HTTP/1.1 GET http://localhost:5050/Admin/ViewPrisoner/4 - 200 null text/html; charset=utf-8 46.6792ms
2026-03-20 08:43:17.673 +05:30 [INF] Request starting HTTP/1.1 GET http://localhost:5050/Notifications/GetUnreadCount - null null
2026-03-20 08:43:17.677 +05:30 [INF] Executing endpoint 'PrisonerPortal.Controllers.NotificationsController.GetUnreadCount (PrisonerPortal)'
2026-03-20 08:43:17.679 +05:30 [INF] Route matched with {action = "GetUnreadCount", controller = "Notifications"}. Executing controller action with signature Microsoft.AspNetCore.Mvc.IActionResult GetUnreadCount() on controller PrisonerPortal.Controllers.NotificationsController (PrisonerPortal).
2026-03-20 08:43:17.683 +05:30 [INF] Executed DbCommand (1ms) [Parameters=[@userId='?' (Size = 450)], CommandType='"Text"', CommandTimeout='30']
SELECT COUNT(*)
FROM [Notifications] AS [n]
WHERE [n].[UserId] = @userId AND [n].[IsRead] = CAST(0 AS bit)
2026-03-20 08:43:17.685 +05:30 [INF] Executing JsonResult, writing value of type '<>f__AnonymousType2`1[[System.Int32, System.Private.CoreLib, Version=10.0.0.0, Culture=neutral, PublicKeyToken=7cec85d7bea7798e]]'.
2026-03-20 08:43:17.686 +05:30 [INF] Executed action PrisonerPortal.Controllers.NotificationsController.GetUnreadCount (PrisonerPortal) in 5.0655ms
2026-03-20 08:43:17.687 +05:30 [INF] Executed endpoint 'PrisonerPortal.Controllers.NotificationsController.GetUnreadCount (PrisonerPortal)'
2026-03-20 08:43:17.689 +05:30 [INF] Request finished HTTP/1.1 GET http://localhost:5050/Notifications/GetUnreadCount - 200 null application/json; charset=utf-8 15.1145ms
2026-03-20 08:43:31.819 +05:30 [INF] Request starting HTTP/1.1 GET http://localhost:5050/Admin/Users - null null
2026-03-20 08:43:31.828 +05:30 [INF] Executing endpoint 'PrisonerPortal.Controllers.AdminController.Users (PrisonerPortal)'
2026-03-20 08:43:31.865 +05:30 [INF] Route matched with {action = "Users", controller = "Admin"}. Executing controller action with signature System.Threading.Tasks.Task`1[Microsoft.AspNetCore.Mvc.IActionResult] Users(System.String, System.String) on controller PrisonerPortal.Controllers.AdminController (PrisonerPortal).
2026-03-20 08:43:31.901 +05:30 [INF] Executed DbCommand (3ms) [Parameters=[], CommandType='"Text"', CommandTimeout='30']
SELECT [a].[Id], [a].[AccessFailedCount], [a].[Address], [a].[ConcurrencyStamp], [a].[CreatedAt], [a].[Email], [a].[EmailConfirmed], [a].[FullName], [a].[IsActive], [a].[LockoutEnabled], [a].[LockoutEnd], [a].[NormalizedEmail], [a].[NormalizedUserName], [a].[PasswordHash], [a].[PhoneNumber], [a].[PhoneNumberConfirmed], [a].[Role], [a].[SecurityStamp], [a].[TwoFactorEnabled], [a].[UserName]
FROM [AspNetUsers] AS [a]
ORDER BY [a].[CreatedAt] DESC
2026-03-20 08:43:31.936 +05:30 [INF] Executing ViewResult, running view Users.
2026-03-20 08:43:31.967 +05:30 [INF] Executed ViewResult - view Users executed in 58.4294ms.
2026-03-20 08:43:31.972 +05:30 [INF] Executed action PrisonerPortal.Controllers.AdminController.Users (PrisonerPortal) in 102.045ms
2026-03-20 08:43:31.975 +05:30 [INF] Executed endpoint 'PrisonerPortal.Controllers.AdminController.Users (PrisonerPortal)'
2026-03-20 08:43:31.976 +05:30 [INF] Request finished HTTP/1.1 GET http://localhost:5050/Admin/Users - 200 null text/html; charset=utf-8 157.0966ms
2026-03-20 08:43:31.997 +05:30 [INF] Request starting HTTP/1.1 GET http://localhost:5050/Notifications/GetUnreadCount - null null
2026-03-20 08:43:32.003 +05:30 [INF] Executing endpoint 'PrisonerPortal.Controllers.NotificationsController.GetUnreadCount (PrisonerPortal)'
2026-03-20 08:43:32.005 +05:30 [INF] Route matched with {action = "GetUnreadCount", controller = "Notifications"}. Executing controller action with signature Microsoft.AspNetCore.Mvc.IActionResult GetUnreadCount() on controller PrisonerPortal.Controllers.NotificationsController (PrisonerPortal).
2026-03-20 08:43:32.008 +05:30 [INF] Executed DbCommand (0ms) [Parameters=[@userId='?' (Size = 450)], CommandType='"Text"', CommandTimeout='30']
SELECT COUNT(*)
FROM [Notifications] AS [n]
WHERE [n].[UserId] = @userId AND [n].[IsRead] = CAST(0 AS bit)
2026-03-20 08:43:32.010 +05:30 [INF] Executing JsonResult, writing value of type '<>f__AnonymousType2`1[[System.Int32, System.Private.CoreLib, Version=10.0.0.0, Culture=neutral, PublicKeyToken=7cec85d7bea7798e]]'.
2026-03-20 08:43:32.012 +05:30 [INF] Executed action PrisonerPortal.Controllers.NotificationsController.GetUnreadCount (PrisonerPortal) in 4.9639ms
2026-03-20 08:43:32.013 +05:30 [INF] Executed endpoint 'PrisonerPortal.Controllers.NotificationsController.GetUnreadCount (PrisonerPortal)'
2026-03-20 08:43:32.015 +05:30 [INF] Request finished HTTP/1.1 GET http://localhost:5050/Notifications/GetUnreadCount - 200 null application/json; charset=utf-8 17.6101ms
2026-03-20 08:43:36.599 +05:30 [INF] Request starting HTTP/1.1 GET http://localhost:5050/Admin/VisitSlots - null null
2026-03-20 08:43:36.603 +05:30 [INF] Executing endpoint 'PrisonerPortal.Controllers.AdminController.VisitSlots (PrisonerPortal)'
2026-03-20 08:43:36.609 +05:30 [INF] Route matched with {action = "VisitSlots", controller = "Admin"}. Executing controller action with signature System.Threading.Tasks.Task`1[Microsoft.AspNetCore.Mvc.IActionResult] VisitSlots() on controller PrisonerPortal.Controllers.AdminController (PrisonerPortal).
2026-03-20 08:43:36.657 +05:30 [INF] Executed DbCommand (12ms) [Parameters=[], CommandType='"Text"', CommandTimeout='30']
SELECT [v].[SlotId], [v].[CreatedAt], [v].[CreatedByAdminId], [v].[CurrentBookings], [v].[EndTime], [v].[IsActive], [v].[MaxCapacity], [v].[SlotDate], [v].[StartTime], [a].[Id], [a].[AccessFailedCount], [a].[Address], [a].[ConcurrencyStamp], [a].[CreatedAt], [a].[Email], [a].[EmailConfirmed], [a].[FullName], [a].[IsActive], [a].[LockoutEnabled], [a].[LockoutEnd], [a].[NormalizedEmail], [a].[NormalizedUserName], [a].[PasswordHash], [a].[PhoneNumber], [a].[PhoneNumberConfirmed], [a].[Role], [a].[SecurityStamp], [a].[TwoFactorEnabled], [a].[UserName]
FROM [VisitSlots] AS [v]
INNER JOIN [AspNetUsers] AS [a] ON [v].[CreatedByAdminId] = [a].[Id]
WHERE [v].[SlotDate] >= DATEADD(day, CAST(-7.0E0 AS int), CONVERT(date, GETDATE()))
ORDER BY [v].[SlotDate] DESC, [v].[StartTime]
2026-03-20 08:43:36.711 +05:30 [INF] Executing ViewResult, running view VisitSlots.
2026-03-20 08:43:36.741 +05:30 [INF] Executed ViewResult - view VisitSlots executed in 60.9264ms.
2026-03-20 08:43:36.745 +05:30 [INF] Executed action PrisonerPortal.Controllers.AdminController.VisitSlots (PrisonerPortal) in 133.3854ms
2026-03-20 08:43:36.748 +05:30 [INF] Executed endpoint 'PrisonerPortal.Controllers.AdminController.VisitSlots (PrisonerPortal)'
2026-03-20 08:43:36.749 +05:30 [INF] Request finished HTTP/1.1 GET http://localhost:5050/Admin/VisitSlots - 200 null text/html; charset=utf-8 150.5789ms
2026-03-20 08:43:36.769 +05:30 [INF] Request starting HTTP/1.1 GET http://localhost:5050/Notifications/GetUnreadCount - null null
2026-03-20 08:43:36.775 +05:30 [INF] Executing endpoint 'PrisonerPortal.Controllers.NotificationsController.GetUnreadCount (PrisonerPortal)'
2026-03-20 08:43:36.777 +05:30 [INF] Route matched with {action = "GetUnreadCount", controller = "Notifications"}. Executing controller action with signature Microsoft.AspNetCore.Mvc.IActionResult GetUnreadCount() on controller PrisonerPortal.Controllers.NotificationsController (PrisonerPortal).
2026-03-20 08:43:36.779 +05:30 [INF] Executed DbCommand (0ms) [Parameters=[@userId='?' (Size = 450)], CommandType='"Text"', CommandTimeout='30']
SELECT COUNT(*)
FROM [Notifications] AS [n]
WHERE [n].[UserId] = @userId AND [n].[IsRead] = CAST(0 AS bit)
2026-03-20 08:43:36.781 +05:30 [INF] Executing JsonResult, writing value of type '<>f__AnonymousType2`1[[System.Int32, System.Private.CoreLib, Version=10.0.0.0, Culture=neutral, PublicKeyToken=7cec85d7bea7798e]]'.
2026-03-20 08:43:36.782 +05:30 [INF] Executed action PrisonerPortal.Controllers.NotificationsController.GetUnreadCount (PrisonerPortal) in 3.8281ms
2026-03-20 08:43:36.783 +05:30 [INF] Executed endpoint 'PrisonerPortal.Controllers.NotificationsController.GetUnreadCount (PrisonerPortal)'
2026-03-20 08:43:36.783 +05:30 [INF] Request finished HTTP/1.1 GET http://localhost:5050/Notifications/GetUnreadCount - 200 null application/json; charset=utf-8 14.4975ms
2026-03-20 08:44:01.358 +05:30 [INF] Request starting HTTP/1.1 GET http://localhost:5050/Admin/FamilyLinks - null null
2026-03-20 08:44:01.362 +05:30 [INF] Executing endpoint 'PrisonerPortal.Controllers.AdminController.FamilyLinks (PrisonerPortal)'
2026-03-20 08:44:01.372 +05:30 [INF] Route matched with {action = "FamilyLinks", controller = "Admin"}. Executing controller action with signature System.Threading.Tasks.Task`1[Microsoft.AspNetCore.Mvc.IActionResult] FamilyLinks(System.String) on controller PrisonerPortal.Controllers.AdminController (PrisonerPortal).
2026-03-20 08:44:01.440 +05:30 [INF] Executed DbCommand (7ms) [Parameters=[], CommandType='"Text"', CommandTimeout='30']
SELECT [f].[LinkId], [f].[IsVerified], [f].[LinkedAt], [f].[PrisonerId], [f].[Relationship], [f].[UserId], [f].[VerifiedByAdminId], [a].[Id], [a].[AccessFailedCount], [a].[Address], [a].[ConcurrencyStamp], [a].[CreatedAt], [a].[Email], [a].[EmailConfirmed], [a].[FullName], [a].[IsActive], [a].[LockoutEnabled], [a].[LockoutEnd], [a].[NormalizedEmail], [a].[NormalizedUserName], [a].[PasswordHash], [a].[PhoneNumber], [a].[PhoneNumberConfirmed], [a].[Role], [a].[SecurityStamp], [a].[TwoFactorEnabled], [a].[UserName], [p].[PrisonerId], [p].[CaseNumber], [p].[CellBlock], [p].[CellNumber], [p].[CreatedAt], [p].[CrimeCategory], [p].[DateOfBirth], [p].[FullName], [p].[Gender], [p].[PrisonerCode], [p].[SentenceEndDate], [p].[SentenceStartDate], [p].[Status], [p].[UpdatedAt]
FROM [FamilyPrisonerLinks] AS [f]
INNER JOIN [AspNetUsers] AS [a] ON [f].[UserId] = [a].[Id]
INNER JOIN [Prisoners] AS [p] ON [f].[PrisonerId] = [p].[PrisonerId]
ORDER BY [f].[LinkedAt] DESC
2026-03-20 08:44:01.555 +05:30 [INF] Executing ViewResult, running view FamilyLinks.
2026-03-20 08:44:01.582 +05:30 [INF] Executed ViewResult - view FamilyLinks executed in 58.0173ms.
2026-03-20 08:44:01.584 +05:30 [INF] Executed action PrisonerPortal.Controllers.AdminController.FamilyLinks (PrisonerPortal) in 207.6881ms
2026-03-20 08:44:01.585 +05:30 [INF] Request starting HTTP/1.1 GET http://localhost:5050/Admin/FamilyLinks - null null
2026-03-20 08:44:01.586 +05:30 [INF] Executed endpoint 'PrisonerPortal.Controllers.AdminController.FamilyLinks (PrisonerPortal)'
2026-03-20 08:44:01.589 +05:30 [INF] Executing endpoint 'PrisonerPortal.Controllers.AdminController.FamilyLinks (PrisonerPortal)'
2026-03-20 08:44:01.589 +05:30 [INF] Request finished HTTP/1.1 GET http://localhost:5050/Admin/FamilyLinks - 200 null text/html; charset=utf-8 231.3816ms
2026-03-20 08:44:01.590 +05:30 [INF] Route matched with {action = "FamilyLinks", controller = "Admin"}. Executing controller action with signature System.Threading.Tasks.Task`1[Microsoft.AspNetCore.Mvc.IActionResult] FamilyLinks(System.String) on controller PrisonerPortal.Controllers.AdminController (PrisonerPortal).
2026-03-20 08:44:01.596 +05:30 [INF] Executed DbCommand (1ms) [Parameters=[], CommandType='"Text"', CommandTimeout='30']
SELECT [f].[LinkId], [f].[IsVerified], [f].[LinkedAt], [f].[PrisonerId], [f].[Relationship], [f].[UserId], [f].[VerifiedByAdminId], [a].[Id], [a].[AccessFailedCount], [a].[Address], [a].[ConcurrencyStamp], [a].[CreatedAt], [a].[Email], [a].[EmailConfirmed], [a].[FullName], [a].[IsActive], [a].[LockoutEnabled], [a].[LockoutEnd], [a].[NormalizedEmail], [a].[NormalizedUserName], [a].[PasswordHash], [a].[PhoneNumber], [a].[PhoneNumberConfirmed], [a].[Role], [a].[SecurityStamp], [a].[TwoFactorEnabled], [a].[UserName], [p].[PrisonerId], [p].[CaseNumber], [p].[CellBlock], [p].[CellNumber], [p].[CreatedAt], [p].[CrimeCategory], [p].[DateOfBirth], [p].[FullName], [p].[Gender], [p].[PrisonerCode], [p].[SentenceEndDate], [p].[SentenceStartDate], [p].[Status], [p].[UpdatedAt]
FROM [FamilyPrisonerLinks] AS [f]
INNER JOIN [AspNetUsers] AS [a] ON [f].[UserId] = [a].[Id]
INNER JOIN [Prisoners] AS [p] ON [f].[PrisonerId] = [p].[PrisonerId]
ORDER BY [f].[LinkedAt] DESC
2026-03-20 08:44:01.598 +05:30 [INF] Executing ViewResult, running view FamilyLinks.
2026-03-20 08:44:01.601 +05:30 [INF] Executed ViewResult - view FamilyLinks executed in 2.6396ms.
2026-03-20 08:44:01.603 +05:30 [INF] Executed action PrisonerPortal.Controllers.AdminController.FamilyLinks (PrisonerPortal) in 9.0102ms
2026-03-20 08:44:01.604 +05:30 [INF] Executed endpoint 'PrisonerPortal.Controllers.AdminController.FamilyLinks (PrisonerPortal)'
2026-03-20 08:44:01.605 +05:30 [INF] Request finished HTTP/1.1 GET http://localhost:5050/Admin/FamilyLinks - 200 null text/html; charset=utf-8 20.3892ms
2026-03-20 08:44:01.617 +05:30 [INF] Request starting HTTP/1.1 GET http://localhost:5050/Notifications/GetUnreadCount - null null
2026-03-20 08:44:01.620 +05:30 [INF] Executing endpoint 'PrisonerPortal.Controllers.NotificationsController.GetUnreadCount (PrisonerPortal)'
2026-03-20 08:44:01.621 +05:30 [INF] Route matched with {action = "GetUnreadCount", controller = "Notifications"}. Executing controller action with signature Microsoft.AspNetCore.Mvc.IActionResult GetUnreadCount() on controller PrisonerPortal.Controllers.NotificationsController (PrisonerPortal).
2026-03-20 08:44:01.624 +05:30 [INF] Executed DbCommand (0ms) [Parameters=[@userId='?' (Size = 450)], CommandType='"Text"', CommandTimeout='30']
SELECT COUNT(*)
FROM [Notifications] AS [n]
WHERE [n].[UserId] = @userId AND [n].[IsRead] = CAST(0 AS bit)
2026-03-20 08:44:01.627 +05:30 [INF] Executing JsonResult, writing value of type '<>f__AnonymousType2`1[[System.Int32, System.Private.CoreLib, Version=10.0.0.0, Culture=neutral, PublicKeyToken=7cec85d7bea7798e]]'.
2026-03-20 08:44:01.629 +05:30 [INF] Executed action PrisonerPortal.Controllers.NotificationsController.GetUnreadCount (PrisonerPortal) in 5.6284ms
2026-03-20 08:44:01.631 +05:30 [INF] Executed endpoint 'PrisonerPortal.Controllers.NotificationsController.GetUnreadCount (PrisonerPortal)'
2026-03-20 08:44:01.632 +05:30 [INF] Request finished HTTP/1.1 GET http://localhost:5050/Notifications/GetUnreadCount - 200 null application/json; charset=utf-8 14.5648ms
2026-03-20 08:44:10.341 +05:30 [INF] Request starting HTTP/1.1 GET http://localhost:5050/Admin/ViewPrisoner/1 - null null
2026-03-20 08:44:10.347 +05:30 [INF] Executing endpoint 'PrisonerPortal.Controllers.AdminController.ViewPrisoner (PrisonerPortal)'
2026-03-20 08:44:10.348 +05:30 [INF] Route matched with {action = "ViewPrisoner", controller = "Admin"}. Executing controller action with signature System.Threading.Tasks.Task`1[Microsoft.AspNetCore.Mvc.IActionResult] ViewPrisoner(Int32) on controller PrisonerPortal.Controllers.AdminController (PrisonerPortal).
2026-03-20 08:44:10.352 +05:30 [INF] Executed DbCommand (1ms) [Parameters=[@id='?' (DbType = Int32)], CommandType='"Text"', CommandTimeout='30']
SELECT [p0].[PrisonerId], [p0].[CaseNumber], [p0].[CellBlock], [p0].[CellNumber], [p0].[CreatedAt], [p0].[CrimeCategory], [p0].[DateOfBirth], [p0].[FullName], [p0].[Gender], [p0].[PrisonerCode], [p0].[SentenceEndDate], [p0].[SentenceStartDate], [p0].[Status], [p0].[UpdatedAt], [s0].[LinkId], [s0].[IsVerified], [s0].[LinkedAt], [s0].[PrisonerId], [s0].[Relationship], [s0].[UserId], [s0].[VerifiedByAdminId], [s0].[Id], [s0].[AccessFailedCount], [s0].[Address], [s0].[ConcurrencyStamp], [s0].[CreatedAt], [s0].[Email], [s0].[EmailConfirmed], [s0].[FullName], [s0].[IsActive], [s0].[LockoutEnabled], [s0].[LockoutEnd], [s0].[NormalizedEmail], [s0].[NormalizedUserName], [s0].[PasswordHash], [s0].[PhoneNumber], [s0].[PhoneNumberConfirmed], [s0].[Role], [s0].[SecurityStamp], [s0].[TwoFactorEnabled], [s0].[UserName], [s1].[AppointmentId], [s1].[AdminNotes], [s1].[AppointmentCode], [s1].[BookedAt], [s1].[NumVisitors], [s1].[PrisonerId], [s1].[Purpose], [s1].[RejectionReason], [s1].[SlotId], [s1].[Status], [s1].[UpdatedAt], [s1].[UserId], [s1].[VisitorNames], [s1].[Id], [s1].[AccessFailedCount], [s1].[Address], [s1].[ConcurrencyStamp], [s1].[CreatedAt], [s1].[Email], [s1].[EmailConfirmed], [s1].[FullName], [s1].[IsActive], [s1].[LockoutEnabled], [s1].[LockoutEnd], [s1].[NormalizedEmail], [s1].[NormalizedUserName], [s1].[PasswordHash], [s1].[PhoneNumber], [s1].[PhoneNumberConfirmed], [s1].[Role], [s1].[SecurityStamp], [s1].[TwoFactorEnabled], [s1].[UserName], [s].[RequestId], [s].[AdminResponse], [s].[AssignedAdminId], [s].[Category], [s].[CreatedAt], [s].[Description], [s].[Priority], [s].[PrisonerId], [s].[RequestCode], [s].[ResolvedAt], [s].[Status], [s].[Subject], [s].[UpdatedAt], [s].[UserId]
FROM (
    SELECT TOP(1) [p].[PrisonerId], [p].[CaseNumber], [p].[CellBlock], [p].[CellNumber], [p].[CreatedAt], [p].[CrimeCategory], [p].[DateOfBirth], [p].[FullName], [p].[Gender], [p].[PrisonerCode], [p].[SentenceEndDate], [p].[SentenceStartDate], [p].[Status], [p].[UpdatedAt]
    FROM [Prisoners] AS [p]
    WHERE [p].[PrisonerId] = @id
) AS [p0]
LEFT JOIN (
    SELECT [f].[LinkId], [f].[IsVerified], [f].[LinkedAt], [f].[PrisonerId], [f].[Relationship], [f].[UserId], [f].[VerifiedByAdminId], [a].[Id], [a].[AccessFailedCount], [a].[Address], [a].[ConcurrencyStamp], [a].[CreatedAt], [a].[Email], [a].[EmailConfirmed], [a].[FullName], [a].[IsActive], [a].[LockoutEnabled], [a].[LockoutEnd], [a].[NormalizedEmail], [a].[NormalizedUserName], [a].[PasswordHash], [a].[PhoneNumber], [a].[PhoneNumberConfirmed], [a].[Role], [a].[SecurityStamp], [a].[TwoFactorEnabled], [a].[UserName]
    FROM [FamilyPrisonerLinks] AS [f]
    INNER JOIN [AspNetUsers] AS [a] ON [f].[UserId] = [a].[Id]
) AS [s0] ON [p0].[PrisonerId] = [s0].[PrisonerId]
LEFT JOIN (
    SELECT [a0].[AppointmentId], [a0].[AdminNotes], [a0].[AppointmentCode], [a0].[BookedAt], [a0].[NumVisitors], [a0].[PrisonerId], [a0].[Purpose], [a0].[RejectionReason], [a0].[SlotId], [a0].[Status], [a0].[UpdatedAt], [a0].[UserId], [a0].[VisitorNames], [a1].[Id], [a1].[AccessFailedCount], [a1].[Address], [a1].[ConcurrencyStamp], [a1].[CreatedAt], [a1].[Email], [a1].[EmailConfirmed], [a1].[FullName], [a1].[IsActive], [a1].[LockoutEnabled], [a1].[LockoutEnd], [a1].[NormalizedEmail], [a1].[NormalizedUserName], [a1].[PasswordHash], [a1].[PhoneNumber], [a1].[PhoneNumberConfirmed], [a1].[Role], [a1].[SecurityStamp], [a1].[TwoFactorEnabled], [a1].[UserName]
    FROM [Appointments] AS [a0]
    INNER JOIN [AspNetUsers] AS [a1] ON [a0].[UserId] = [a1].[Id]
) AS [s1] ON [p0].[PrisonerId] = [s1].[PrisonerId]
LEFT JOIN [SupportRequests] AS [s] ON [p0].[PrisonerId] = [s].[PrisonerId]
ORDER BY [p0].[PrisonerId], [s0].[LinkId], [s0].[Id], [s1].[AppointmentId], [s1].[Id]
2026-03-20 08:44:10.394 +05:30 [INF] Executing ViewResult, running view ViewPrisoner.
2026-03-20 08:44:10.402 +05:30 [INF] Executed ViewResult - view ViewPrisoner executed in 7.5505ms.
2026-03-20 08:44:10.406 +05:30 [INF] Executed action PrisonerPortal.Controllers.AdminController.ViewPrisoner (PrisonerPortal) in 56.2706ms
2026-03-20 08:44:10.408 +05:30 [INF] Executed endpoint 'PrisonerPortal.Controllers.AdminController.ViewPrisoner (PrisonerPortal)'
2026-03-20 08:44:10.409 +05:30 [INF] Request finished HTTP/1.1 GET http://localhost:5050/Admin/ViewPrisoner/1 - 200 null text/html; charset=utf-8 68.7915ms
2026-03-20 08:44:10.441 +05:30 [INF] Request starting HTTP/1.1 GET http://localhost:5050/Notifications/GetUnreadCount - null null
2026-03-20 08:44:10.446 +05:30 [INF] Executing endpoint 'PrisonerPortal.Controllers.NotificationsController.GetUnreadCount (PrisonerPortal)'
2026-03-20 08:44:10.448 +05:30 [INF] Route matched with {action = "GetUnreadCount", controller = "Notifications"}. Executing controller action with signature Microsoft.AspNetCore.Mvc.IActionResult GetUnreadCount() on controller PrisonerPortal.Controllers.NotificationsController (PrisonerPortal).
2026-03-20 08:44:10.452 +05:30 [INF] Executed DbCommand (0ms) [Parameters=[@userId='?' (Size = 450)], CommandType='"Text"', CommandTimeout='30']
SELECT COUNT(*)
FROM [Notifications] AS [n]
WHERE [n].[UserId] = @userId AND [n].[IsRead] = CAST(0 AS bit)
2026-03-20 08:44:10.454 +05:30 [INF] Executing JsonResult, writing value of type '<>f__AnonymousType2`1[[System.Int32, System.Private.CoreLib, Version=10.0.0.0, Culture=neutral, PublicKeyToken=7cec85d7bea7798e]]'.
2026-03-20 08:44:10.456 +05:30 [INF] Executed action PrisonerPortal.Controllers.NotificationsController.GetUnreadCount (PrisonerPortal) in 5.6604ms
2026-03-20 08:44:10.458 +05:30 [INF] Executed endpoint 'PrisonerPortal.Controllers.NotificationsController.GetUnreadCount (PrisonerPortal)'
2026-03-20 08:44:10.459 +05:30 [INF] Request finished HTTP/1.1 GET http://localhost:5050/Notifications/GetUnreadCount - 200 null application/json; charset=utf-8 18.2325ms
2026-03-20 08:44:17.592 +05:30 [INF] Request starting HTTP/1.1 GET http://localhost:5050/Admin/Dashboard - null null
2026-03-20 08:44:17.599 +05:30 [INF] Executing endpoint 'PrisonerPortal.Controllers.AdminController.Dashboard (PrisonerPortal)'
2026-03-20 08:44:17.600 +05:30 [INF] Route matched with {action = "Dashboard", controller = "Admin"}. Executing controller action with signature System.Threading.Tasks.Task`1[Microsoft.AspNetCore.Mvc.IActionResult] Dashboard() on controller PrisonerPortal.Controllers.AdminController (PrisonerPortal).
2026-03-20 08:44:17.603 +05:30 [INF] Executed DbCommand (1ms) [Parameters=[], CommandType='"Text"', CommandTimeout='30']
SELECT COUNT(*)
FROM [AspNetUsers] AS [a]
WHERE [a].[IsActive] = CAST(1 AS bit) AND [a].[Role] = N'Family'
2026-03-20 08:44:17.605 +05:30 [INF] Executed DbCommand (0ms) [Parameters=[], CommandType='"Text"', CommandTimeout='30']
SELECT COUNT(*)
FROM [Prisoners] AS [p]
WHERE [p].[Status] = N'Active'
2026-03-20 08:44:17.608 +05:30 [INF] Executed DbCommand (0ms) [Parameters=[], CommandType='"Text"', CommandTimeout='30']
SELECT COUNT(*)
FROM [Appointments] AS [a]
INNER JOIN [VisitSlots] AS [v] ON [a].[SlotId] = [v].[SlotId]
WHERE CONVERT(date, [v].[SlotDate]) = CONVERT(date, GETDATE()) AND [a].[Status] IN (N'Approved', N'Pending')
2026-03-20 08:44:17.610 +05:30 [INF] Executed DbCommand (1ms) [Parameters=[], CommandType='"Text"', CommandTimeout='30']
SELECT COUNT(*)
FROM [SupportRequests] AS [s]
WHERE [s].[Status] IN (N'Open', N'InProgress')
2026-03-20 08:44:17.615 +05:30 [INF] Executed DbCommand (1ms) [Parameters=[@p='?' (DbType = Int32)], CommandType='"Text"', CommandTimeout='30']
SELECT [a1].[AppointmentId], [a1].[AdminNotes], [a1].[AppointmentCode], [a1].[BookedAt], [a1].[NumVisitors], [a1].[PrisonerId], [a1].[Purpose], [a1].[RejectionReason], [a1].[SlotId], [a1].[Status], [a1].[UpdatedAt], [a1].[UserId], [a1].[VisitorNames], [a0].[Id], [a0].[AccessFailedCount], [a0].[Address], [a0].[ConcurrencyStamp], [a0].[CreatedAt], [a0].[Email], [a0].[EmailConfirmed], [a0].[FullName], [a0].[IsActive], [a0].[LockoutEnabled], [a0].[LockoutEnd], [a0].[NormalizedEmail], [a0].[NormalizedUserName], [a0].[PasswordHash], [a0].[PhoneNumber], [a0].[PhoneNumberConfirmed], [a0].[Role], [a0].[SecurityStamp], [a0].[TwoFactorEnabled], [a0].[UserName], [p].[PrisonerId], [p].[CaseNumber], [p].[CellBlock], [p].[CellNumber], [p].[CreatedAt], [p].[CrimeCategory], [p].[DateOfBirth], [p].[FullName], [p].[Gender], [p].[PrisonerCode], [p].[SentenceEndDate], [p].[SentenceStartDate], [p].[Status], [p].[UpdatedAt], [v].[SlotId], [v].[CreatedAt], [v].[CreatedByAdminId], [v].[CurrentBookings], [v].[EndTime], [v].[IsActive], [v].[MaxCapacity], [v].[SlotDate], [v].[StartTime]
FROM (
    SELECT TOP(@p) [a].[AppointmentId], [a].[AdminNotes], [a].[AppointmentCode], [a].[BookedAt], [a].[NumVisitors], [a].[PrisonerId], [a].[Purpose], [a].[RejectionReason], [a].[SlotId], [a].[Status], [a].[UpdatedAt], [a].[UserId], [a].[VisitorNames]
    FROM [Appointments] AS [a]
    WHERE [a].[Status] = N'Pending'
    ORDER BY [a].[BookedAt] DESC
) AS [a1]
INNER JOIN [AspNetUsers] AS [a0] ON [a1].[UserId] = [a0].[Id]
INNER JOIN [Prisoners] AS [p] ON [a1].[PrisonerId] = [p].[PrisonerId]
INNER JOIN [VisitSlots] AS [v] ON [a1].[SlotId] = [v].[SlotId]
ORDER BY [a1].[BookedAt] DESC
2026-03-20 08:44:17.618 +05:30 [INF] Executed DbCommand (1ms) [Parameters=[@p='?' (DbType = Int32)], CommandType='"Text"', CommandTimeout='30']
SELECT [s0].[RequestId], [s0].[AdminResponse], [s0].[AssignedAdminId], [s0].[Category], [s0].[CreatedAt], [s0].[Description], [s0].[Priority], [s0].[PrisonerId], [s0].[RequestCode], [s0].[ResolvedAt], [s0].[Status], [s0].[Subject], [s0].[UpdatedAt], [s0].[UserId], [a].[Id], [a].[AccessFailedCount], [a].[Address], [a].[ConcurrencyStamp], [a].[CreatedAt], [a].[Email], [a].[EmailConfirmed], [a].[FullName], [a].[IsActive], [a].[LockoutEnabled], [a].[LockoutEnd], [a].[NormalizedEmail], [a].[NormalizedUserName], [a].[PasswordHash], [a].[PhoneNumber], [a].[PhoneNumberConfirmed], [a].[Role], [a].[SecurityStamp], [a].[TwoFactorEnabled], [a].[UserName], [p].[PrisonerId], [p].[CaseNumber], [p].[CellBlock], [p].[CellNumber], [p].[CreatedAt], [p].[CrimeCategory], [p].[DateOfBirth], [p].[FullName], [p].[Gender], [p].[PrisonerCode], [p].[SentenceEndDate], [p].[SentenceStartDate], [p].[Status], [p].[UpdatedAt]
FROM (
    SELECT TOP(@p) [s].[RequestId], [s].[AdminResponse], [s].[AssignedAdminId], [s].[Category], [s].[CreatedAt], [s].[Description], [s].[Priority], [s].[PrisonerId], [s].[RequestCode], [s].[ResolvedAt], [s].[Status], [s].[Subject], [s].[UpdatedAt], [s].[UserId]
    FROM [SupportRequests] AS [s]
    WHERE [s].[Status] IN (N'Open', N'InProgress')
    ORDER BY [s].[CreatedAt] DESC
) AS [s0]
INNER JOIN [AspNetUsers] AS [a] ON [s0].[UserId] = [a].[Id]
LEFT JOIN [Prisoners] AS [p] ON [s0].[PrisonerId] = [p].[PrisonerId]
ORDER BY [s0].[CreatedAt] DESC
2026-03-20 08:44:17.623 +05:30 [INF] Executed DbCommand (1ms) [Parameters=[@p='?' (DbType = Int32)], CommandType='"Text"', CommandTimeout='30']
SELECT [f0].[LinkId], [f0].[IsVerified], [f0].[LinkedAt], [f0].[PrisonerId], [f0].[Relationship], [f0].[UserId], [f0].[VerifiedByAdminId], [a].[Id], [a].[AccessFailedCount], [a].[Address], [a].[ConcurrencyStamp], [a].[CreatedAt], [a].[Email], [a].[EmailConfirmed], [a].[FullName], [a].[IsActive], [a].[LockoutEnabled], [a].[LockoutEnd], [a].[NormalizedEmail], [a].[NormalizedUserName], [a].[PasswordHash], [a].[PhoneNumber], [a].[PhoneNumberConfirmed], [a].[Role], [a].[SecurityStamp], [a].[TwoFactorEnabled], [a].[UserName], [p].[PrisonerId], [p].[CaseNumber], [p].[CellBlock], [p].[CellNumber], [p].[CreatedAt], [p].[CrimeCategory], [p].[DateOfBirth], [p].[FullName], [p].[Gender], [p].[PrisonerCode], [p].[SentenceEndDate], [p].[SentenceStartDate], [p].[Status], [p].[UpdatedAt]
FROM (
    SELECT TOP(@p) [f].[LinkId], [f].[IsVerified], [f].[LinkedAt], [f].[PrisonerId], [f].[Relationship], [f].[UserId], [f].[VerifiedByAdminId]
    FROM [FamilyPrisonerLinks] AS [f]
    WHERE [f].[IsVerified] = CAST(0 AS bit)
    ORDER BY [f].[LinkedAt] DESC
) AS [f0]
INNER JOIN [AspNetUsers] AS [a] ON [f0].[UserId] = [a].[Id]
INNER JOIN [Prisoners] AS [p] ON [f0].[PrisonerId] = [p].[PrisonerId]
ORDER BY [f0].[LinkedAt] DESC
2026-03-20 08:44:17.627 +05:30 [INF] Executed DbCommand (1ms) [Parameters=[@p='?' (DbType = Int32)], CommandType='"Text"', CommandTimeout='30']
SELECT TOP(@p) [a].[Id], [a].[AccessFailedCount], [a].[Address], [a].[ConcurrencyStamp], [a].[CreatedAt], [a].[Email], [a].[EmailConfirmed], [a].[FullName], [a].[IsActive], [a].[LockoutEnabled], [a].[LockoutEnd], [a].[NormalizedEmail], [a].[NormalizedUserName], [a].[PasswordHash], [a].[PhoneNumber], [a].[PhoneNumberConfirmed], [a].[Role], [a].[SecurityStamp], [a].[TwoFactorEnabled], [a].[UserName]
FROM [AspNetUsers] AS [a]
ORDER BY [a].[CreatedAt] DESC
2026-03-20 08:44:17.633 +05:30 [INF] Executing ViewResult, running view Dashboard.
2026-03-20 08:44:17.639 +05:30 [INF] Executed ViewResult - view Dashboard executed in 5.9503ms.
2026-03-20 08:44:17.643 +05:30 [INF] Executed action PrisonerPortal.Controllers.AdminController.Dashboard (PrisonerPortal) in 41.4639ms
2026-03-20 08:44:17.645 +05:30 [INF] Executed endpoint 'PrisonerPortal.Controllers.AdminController.Dashboard (PrisonerPortal)'
2026-03-20 08:44:17.647 +05:30 [INF] Request finished HTTP/1.1 GET http://localhost:5050/Admin/Dashboard - 200 null text/html; charset=utf-8 54.7566ms
2026-03-20 08:44:17.660 +05:30 [INF] Request starting HTTP/1.1 GET http://localhost:5050/Notifications/GetUnreadCount - null null
2026-03-20 08:44:17.664 +05:30 [INF] Executing endpoint 'PrisonerPortal.Controllers.NotificationsController.GetUnreadCount (PrisonerPortal)'
2026-03-20 08:44:17.665 +05:30 [INF] Route matched with {action = "GetUnreadCount", controller = "Notifications"}. Executing controller action with signature Microsoft.AspNetCore.Mvc.IActionResult GetUnreadCount() on controller PrisonerPortal.Controllers.NotificationsController (PrisonerPortal).
2026-03-20 08:44:17.670 +05:30 [INF] Executed DbCommand (0ms) [Parameters=[@userId='?' (Size = 450)], CommandType='"Text"', CommandTimeout='30']
SELECT COUNT(*)
FROM [Notifications] AS [n]
WHERE [n].[UserId] = @userId AND [n].[IsRead] = CAST(0 AS bit)
2026-03-20 08:44:17.672 +05:30 [INF] Executing JsonResult, writing value of type '<>f__AnonymousType2`1[[System.Int32, System.Private.CoreLib, Version=10.0.0.0, Culture=neutral, PublicKeyToken=7cec85d7bea7798e]]'.
2026-03-20 08:44:17.673 +05:30 [INF] Executed action PrisonerPortal.Controllers.NotificationsController.GetUnreadCount (PrisonerPortal) in 4.369ms
2026-03-20 08:44:17.674 +05:30 [INF] Executed endpoint 'PrisonerPortal.Controllers.NotificationsController.GetUnreadCount (PrisonerPortal)'
2026-03-20 08:44:17.675 +05:30 [INF] Request finished HTTP/1.1 GET http://localhost:5050/Notifications/GetUnreadCount - 200 null application/json; charset=utf-8 15.2972ms
2026-03-20 08:44:28.157 +05:30 [INF] Request starting HTTP/1.1 POST http://localhost:5050/Account/Logout - application/x-www-form-urlencoded 225
2026-03-20 08:44:28.163 +05:30 [INF] Executing endpoint 'PrisonerPortal.Controllers.AccountController.Logout (PrisonerPortal)'
2026-03-20 08:44:28.175 +05:30 [INF] Route matched with {action = "Logout", controller = "Account"}. Executing controller action with signature System.Threading.Tasks.Task`1[Microsoft.AspNetCore.Mvc.IActionResult] Logout() on controller PrisonerPortal.Controllers.AccountController (PrisonerPortal).
2026-03-20 08:44:28.186 +05:30 [INF] Executed DbCommand (2ms) [Parameters=[@p0='?' (Size = 4000), @p1='?' (Size = 4000), @p2='?' (Size = 4000), @p3='?' (Size = 4000), @p4='?' (Size = 4000), @p5='?' (Size = 4000), @p6='?' (DbType = DateTime2), @p7='?' (Size = 450)], CommandType='"Text"', CommandTimeout='30']
SET IMPLICIT_TRANSACTIONS OFF;
SET NOCOUNT ON;
INSERT INTO [AuditLogs] ([Action], [EntityId], [EntityType], [IPAddress], [NewValues], [OldValues], [Timestamp], [UserId])
OUTPUT INSERTED.[LogId]
VALUES (@p0, @p1, @p2, @p3, @p4, @p5, @p6, @p7);
2026-03-20 08:44:28.195 +05:30 [INF] AuthenticationScheme: Identity.Application signed out.
2026-03-20 08:44:28.200 +05:30 [INF] AuthenticationScheme: Identity.External signed out.
2026-03-20 08:44:28.201 +05:30 [INF] AuthenticationScheme: Identity.TwoFactorUserId signed out.
2026-03-20 08:44:28.203 +05:30 [INF] Executing RedirectResult, redirecting to /.
2026-03-20 08:44:28.226 +05:30 [INF] Executed action PrisonerPortal.Controllers.AccountController.Logout (PrisonerPortal) in 47.6874ms
2026-03-20 08:44:28.229 +05:30 [INF] Executed endpoint 'PrisonerPortal.Controllers.AccountController.Logout (PrisonerPortal)'
2026-03-20 08:44:28.231 +05:30 [INF] Request finished HTTP/1.1 POST http://localhost:5050/Account/Logout - 302 0 null 74.4015ms
2026-03-20 08:44:28.236 +05:30 [INF] Request starting HTTP/1.1 GET http://localhost:5050/ - null null
2026-03-20 08:44:28.244 +05:30 [INF] Executing endpoint 'PrisonerPortal.Controllers.AccountController.Login (PrisonerPortal)'
2026-03-20 08:44:28.245 +05:30 [INF] Route matched with {action = "Login", controller = "Account"}. Executing controller action with signature Microsoft.AspNetCore.Mvc.IActionResult Login(System.String) on controller PrisonerPortal.Controllers.AccountController (PrisonerPortal).
2026-03-20 08:44:28.246 +05:30 [INF] Executing ViewResult, running view Login.
2026-03-20 08:44:28.266 +05:30 [INF] Executed ViewResult - view Login executed in 19.3791ms.
2026-03-20 08:44:28.270 +05:30 [INF] Executed action PrisonerPortal.Controllers.AccountController.Login (PrisonerPortal) in 24.0564ms
2026-03-20 08:44:28.272 +05:30 [INF] Executed endpoint 'PrisonerPortal.Controllers.AccountController.Login (PrisonerPortal)'
2026-03-20 08:44:28.273 +05:30 [INF] Request finished HTTP/1.1 GET http://localhost:5050/ - 200 null text/html; charset=utf-8 37.0114ms
2026-03-20 08:44:31.633 +05:30 [INF] Request starting HTTP/1.1 GET http://localhost:5050/Account/Register - null null
2026-03-20 08:44:31.639 +05:30 [INF] Executing endpoint 'PrisonerPortal.Controllers.AccountController.Register (PrisonerPortal)'
2026-03-20 08:44:31.643 +05:30 [INF] Route matched with {action = "Register", controller = "Account"}. Executing controller action with signature Microsoft.AspNetCore.Mvc.IActionResult Register() on controller PrisonerPortal.Controllers.AccountController (PrisonerPortal).
2026-03-20 08:44:31.692 +05:30 [INF] Executing ViewResult, running view Register.
2026-03-20 08:44:31.755 +05:30 [INF] Executed ViewResult - view Register executed in 109.1799ms.
2026-03-20 08:44:31.760 +05:30 [INF] Executed action PrisonerPortal.Controllers.AccountController.Register (PrisonerPortal) in 114.2757ms
2026-03-20 08:44:31.762 +05:30 [INF] Executed endpoint 'PrisonerPortal.Controllers.AccountController.Register (PrisonerPortal)'
2026-03-20 08:44:31.763 +05:30 [INF] Request finished HTTP/1.1 GET http://localhost:5050/Account/Register - 200 null text/html; charset=utf-8 130.196ms
2026-03-20 08:44:39.428 +05:30 [INF] Request starting HTTP/1.1 GET http://localhost:5050/Account/CheckEmail?email=subbu%40gmail.com - null null
2026-03-20 08:44:39.433 +05:30 [INF] Executing endpoint 'PrisonerPortal.Controllers.AccountController.CheckEmail (PrisonerPortal)'
2026-03-20 08:44:39.442 +05:30 [INF] Route matched with {action = "CheckEmail", controller = "Account"}. Executing controller action with signature System.Threading.Tasks.Task`1[Microsoft.AspNetCore.Mvc.JsonResult] CheckEmail(System.String) on controller PrisonerPortal.Controllers.AccountController (PrisonerPortal).
2026-03-20 08:44:39.453 +05:30 [INF] Executed DbCommand (1ms) [Parameters=[@normalizedEmail='?' (Size = 256)], CommandType='"Text"', CommandTimeout='30']
SELECT TOP(2) [a].[Id], [a].[AccessFailedCount], [a].[Address], [a].[ConcurrencyStamp], [a].[CreatedAt], [a].[Email], [a].[EmailConfirmed], [a].[FullName], [a].[IsActive], [a].[LockoutEnabled], [a].[LockoutEnd], [a].[NormalizedEmail], [a].[NormalizedUserName], [a].[PasswordHash], [a].[PhoneNumber], [a].[PhoneNumberConfirmed], [a].[Role], [a].[SecurityStamp], [a].[TwoFactorEnabled], [a].[UserName]
FROM [AspNetUsers] AS [a]
WHERE [a].[NormalizedEmail] = @normalizedEmail
2026-03-20 08:44:39.460 +05:30 [INF] Executing JsonResult, writing value of type '<>f__AnonymousType0`1[[System.Boolean, System.Private.CoreLib, Version=10.0.0.0, Culture=neutral, PublicKeyToken=7cec85d7bea7798e]]'.
2026-03-20 08:44:39.465 +05:30 [INF] Executed action PrisonerPortal.Controllers.AccountController.CheckEmail (PrisonerPortal) in 19.6464ms
2026-03-20 08:44:39.468 +05:30 [INF] Executed endpoint 'PrisonerPortal.Controllers.AccountController.CheckEmail (PrisonerPortal)'
2026-03-20 08:44:39.470 +05:30 [INF] Request finished HTTP/1.1 GET http://localhost:5050/Account/CheckEmail?email=subbu%40gmail.com - 200 null application/json; charset=utf-8 41.7175ms
2026-03-20 08:45:15.639 +05:30 [INF] Request starting HTTP/1.1 POST http://localhost:5050/Account/Register - application/x-www-form-urlencoded 323
2026-03-20 08:45:15.644 +05:30 [INF] Executing endpoint 'PrisonerPortal.Controllers.AccountController.Register (PrisonerPortal)'
2026-03-20 08:45:15.653 +05:30 [INF] Route matched with {action = "Register", controller = "Account"}. Executing controller action with signature System.Threading.Tasks.Task`1[Microsoft.AspNetCore.Mvc.IActionResult] Register(PrisonerPortal.Models.ViewModels.RegisterViewModel) on controller PrisonerPortal.Controllers.AccountController (PrisonerPortal).
2026-03-20 08:45:15.663 +05:30 [INF] Executed DbCommand (1ms) [Parameters=[@normalizedEmail='?' (Size = 256)], CommandType='"Text"', CommandTimeout='30']
SELECT TOP(2) [a].[Id], [a].[AccessFailedCount], [a].[Address], [a].[ConcurrencyStamp], [a].[CreatedAt], [a].[Email], [a].[EmailConfirmed], [a].[FullName], [a].[IsActive], [a].[LockoutEnabled], [a].[LockoutEnd], [a].[NormalizedEmail], [a].[NormalizedUserName], [a].[PasswordHash], [a].[PhoneNumber], [a].[PhoneNumberConfirmed], [a].[Role], [a].[SecurityStamp], [a].[TwoFactorEnabled], [a].[UserName]
FROM [AspNetUsers] AS [a]
WHERE [a].[NormalizedEmail] = @normalizedEmail
2026-03-20 08:45:15.775 +05:30 [INF] Executed DbCommand (1ms) [Parameters=[@normalizedUserName='?' (Size = 256)], CommandType='"Text"', CommandTimeout='30']
SELECT TOP(1) [a].[Id], [a].[AccessFailedCount], [a].[Address], [a].[ConcurrencyStamp], [a].[CreatedAt], [a].[Email], [a].[EmailConfirmed], [a].[FullName], [a].[IsActive], [a].[LockoutEnabled], [a].[LockoutEnd], [a].[NormalizedEmail], [a].[NormalizedUserName], [a].[PasswordHash], [a].[PhoneNumber], [a].[PhoneNumberConfirmed], [a].[Role], [a].[SecurityStamp], [a].[TwoFactorEnabled], [a].[UserName]
FROM [AspNetUsers] AS [a]
WHERE [a].[NormalizedUserName] = @normalizedUserName
2026-03-20 08:45:15.783 +05:30 [INF] Executed DbCommand (1ms) [Parameters=[@normalizedEmail='?' (Size = 256)], CommandType='"Text"', CommandTimeout='30']
SELECT TOP(2) [a].[Id], [a].[AccessFailedCount], [a].[Address], [a].[ConcurrencyStamp], [a].[CreatedAt], [a].[Email], [a].[EmailConfirmed], [a].[FullName], [a].[IsActive], [a].[LockoutEnabled], [a].[LockoutEnd], [a].[NormalizedEmail], [a].[NormalizedUserName], [a].[PasswordHash], [a].[PhoneNumber], [a].[PhoneNumberConfirmed], [a].[Role], [a].[SecurityStamp], [a].[TwoFactorEnabled], [a].[UserName]
FROM [AspNetUsers] AS [a]
WHERE [a].[NormalizedEmail] = @normalizedEmail
2026-03-20 08:45:15.808 +05:30 [INF] Executed DbCommand (4ms) [Parameters=[@p0='?' (Size = 450), @p1='?' (DbType = Int32), @p2='?' (Size = 500), @p3='?' (Size = 4000), @p4='?' (DbType = DateTime2), @p5='?' (Size = 256), @p6='?' (DbType = Boolean), @p7='?' (Size = 150), @p8='?' (DbType = Boolean), @p9='?' (DbType = DateTimeOffset), @p10='?' (Size = 256), @p11='?' (Size = 256), @p12='?' (Size = 4000), @p13='?' (Size = 4000), @p14='?' (DbType = Boolean), @p15='?' (Size = 4000), @p16='?' (Size = 4000), @p17='?' (DbType = Boolean), @p18='?' (Size = 256)], CommandType='"Text"', CommandTimeout='30']
SET IMPLICIT_TRANSACTIONS OFF;
SET NOCOUNT ON;
INSERT INTO [AspNetUsers] ([Id], [AccessFailedCount], [Address], [ConcurrencyStamp], [CreatedAt], [Email], [EmailConfirmed], [FullName], [LockoutEnabled], [LockoutEnd], [NormalizedEmail], [NormalizedUserName], [PasswordHash], [PhoneNumber], [PhoneNumberConfirmed], [Role], [SecurityStamp], [TwoFactorEnabled], [UserName])
OUTPUT INSERTED.[IsActive]
VALUES (@p0, @p1, @p2, @p3, @p4, @p5, @p6, @p7, @p8, @p9, @p10, @p11, @p12, @p13, @p14, @p15, @p16, @p17, @p18);
2026-03-20 08:45:15.827 +05:30 [INF] Executed DbCommand (1ms) [Parameters=[@normalizedRoleName='?' (Size = 256)], CommandType='"Text"', CommandTimeout='30']
SELECT TOP(2) [a].[Id], [a].[ConcurrencyStamp], [a].[Name], [a].[NormalizedName]
FROM [AspNetRoles] AS [a]
WHERE [a].[NormalizedName] = @normalizedRoleName
2026-03-20 08:45:15.881 +05:30 [INF] Executed DbCommand (2ms) [Parameters=[@p='?' (Size = 450), @p1='?' (Size = 450)], CommandType='"Text"', CommandTimeout='30']
SELECT TOP(1) [a].[UserId], [a].[RoleId]
FROM [AspNetUserRoles] AS [a]
WHERE [a].[UserId] = @p AND [a].[RoleId] = @p1
2026-03-20 08:45:15.892 +05:30 [INF] Executed DbCommand (1ms) [Parameters=[@normalizedRoleName='?' (Size = 256)], CommandType='"Text"', CommandTimeout='30']
SELECT TOP(2) [a].[Id], [a].[ConcurrencyStamp], [a].[Name], [a].[NormalizedName]
FROM [AspNetRoles] AS [a]
WHERE [a].[NormalizedName] = @normalizedRoleName
2026-03-20 08:45:15.913 +05:30 [INF] Executed DbCommand (1ms) [Parameters=[@normalizedUserName='?' (Size = 256)], CommandType='"Text"', CommandTimeout='30']
SELECT TOP(1) [a].[Id], [a].[AccessFailedCount], [a].[Address], [a].[ConcurrencyStamp], [a].[CreatedAt], [a].[Email], [a].[EmailConfirmed], [a].[FullName], [a].[IsActive], [a].[LockoutEnabled], [a].[LockoutEnd], [a].[NormalizedEmail], [a].[NormalizedUserName], [a].[PasswordHash], [a].[PhoneNumber], [a].[PhoneNumberConfirmed], [a].[Role], [a].[SecurityStamp], [a].[TwoFactorEnabled], [a].[UserName]
FROM [AspNetUsers] AS [a]
WHERE [a].[NormalizedUserName] = @normalizedUserName
2026-03-20 08:45:15.920 +05:30 [INF] Executed DbCommand (1ms) [Parameters=[@normalizedEmail='?' (Size = 256)], CommandType='"Text"', CommandTimeout='30']
SELECT TOP(2) [a].[Id], [a].[AccessFailedCount], [a].[Address], [a].[ConcurrencyStamp], [a].[CreatedAt], [a].[Email], [a].[EmailConfirmed], [a].[FullName], [a].[IsActive], [a].[LockoutEnabled], [a].[LockoutEnd], [a].[NormalizedEmail], [a].[NormalizedUserName], [a].[PasswordHash], [a].[PhoneNumber], [a].[PhoneNumberConfirmed], [a].[Role], [a].[SecurityStamp], [a].[TwoFactorEnabled], [a].[UserName]
FROM [AspNetUsers] AS [a]
WHERE [a].[NormalizedEmail] = @normalizedEmail
2026-03-20 08:45:15.975 +05:30 [INF] Executed DbCommand (10ms) [Parameters=[@p0='?' (Size = 450), @p1='?' (Size = 450), @p21='?' (Size = 450), @p2='?' (DbType = Int32), @p3='?' (Size = 500), @p4='?' (Size = 4000), @p22='?' (Size = 4000), @p5='?' (DbType = DateTime2), @p6='?' (Size = 256), @p7='?' (DbType = Boolean), @p8='?' (Size = 150), @p9='?' (DbType = Boolean), @p10='?' (DbType = Boolean), @p11='?' (DbType = DateTimeOffset), @p12='?' (Size = 256), @p13='?' (Size = 256), @p14='?' (Size = 4000), @p15='?' (Size = 4000), @p16='?' (DbType = Boolean), @p17='?' (Size = 4000), @p18='?' (Size = 4000), @p19='?' (DbType = Boolean), @p20='?' (Size = 256)], CommandType='"Text"', CommandTimeout='30']
SET NOCOUNT ON;
INSERT INTO [AspNetUserRoles] ([RoleId], [UserId])
VALUES (@p0, @p1);
UPDATE [AspNetUsers] SET [AccessFailedCount] = @p2, [Address] = @p3, [ConcurrencyStamp] = @p4, [CreatedAt] = @p5, [Email] = @p6, [EmailConfirmed] = @p7, [FullName] = @p8, [IsActive] = @p9, [LockoutEnabled] = @p10, [LockoutEnd] = @p11, [NormalizedEmail] = @p12, [NormalizedUserName] = @p13, [PasswordHash] = @p14, [PhoneNumber] = @p15, [PhoneNumberConfirmed] = @p16, [Role] = @p17, [SecurityStamp] = @p18, [TwoFactorEnabled] = @p19, [UserName] = @p20
OUTPUT 1
WHERE [Id] = @p21 AND [ConcurrencyStamp] = @p22;
2026-03-20 08:45:16.039 +05:30 [INF] Executed DbCommand (5ms) [Parameters=[@p0='?' (DbType = DateTime2), @p1='?' (DbType = Boolean), @p2='?' (Size = 4000), @p3='?' (DbType = Int32), @p4='?' (Size = 4000), @p5='?' (Size = 4000), @p6='?' (Size = 4000), @p7='?' (Size = 450)], CommandType='"Text"', CommandTimeout='30']
SET IMPLICIT_TRANSACTIONS OFF;
SET NOCOUNT ON;
INSERT INTO [Notifications] ([CreatedAt], [IsRead], [Message], [RelatedEntityId], [RelatedEntityType], [Title], [Type], [UserId])
OUTPUT INSERTED.[NotificationId]
VALUES (@p0, @p1, @p2, @p3, @p4, @p5, @p6, @p7);
2026-03-20 08:45:16.052 +05:30 [INF] Executed DbCommand (1ms) [Parameters=[@p0='?' (Size = 4000), @p1='?' (Size = 4000), @p2='?' (Size = 4000), @p3='?' (Size = 4000), @p4='?' (Size = 4000), @p5='?' (Size = 4000), @p6='?' (DbType = DateTime2), @p7='?' (Size = 450)], CommandType='"Text"', CommandTimeout='30']
SET IMPLICIT_TRANSACTIONS OFF;
SET NOCOUNT ON;
INSERT INTO [AuditLogs] ([Action], [EntityId], [EntityType], [IPAddress], [NewValues], [OldValues], [Timestamp], [UserId])
OUTPUT INSERTED.[LogId]
VALUES (@p0, @p1, @p2, @p3, @p4, @p5, @p6, @p7);
2026-03-20 08:45:16.056 +05:30 [INF] Executed DbCommand (0ms) [Parameters=[@user_Id='?' (Size = 450)], CommandType='"Text"', CommandTimeout='30']
SELECT [a].[Id], [a].[ClaimType], [a].[ClaimValue], [a].[UserId]
FROM [AspNetUserClaims] AS [a]
WHERE [a].[UserId] = @user_Id
2026-03-20 08:45:16.058 +05:30 [INF] Executed DbCommand (0ms) [Parameters=[@userId='?' (Size = 450)], CommandType='"Text"', CommandTimeout='30']
SELECT [a0].[Name]
FROM [AspNetUserRoles] AS [a]
INNER JOIN [AspNetRoles] AS [a0] ON [a].[RoleId] = [a0].[Id]
WHERE [a].[UserId] = @userId
2026-03-20 08:45:16.060 +05:30 [INF] Executed DbCommand (0ms) [Parameters=[@normalizedName='?' (Size = 256)], CommandType='"Text"', CommandTimeout='30']
SELECT TOP(1) [a].[Id], [a].[ConcurrencyStamp], [a].[Name], [a].[NormalizedName]
FROM [AspNetRoles] AS [a]
WHERE [a].[NormalizedName] = @normalizedName
2026-03-20 08:45:16.062 +05:30 [INF] Executed DbCommand (0ms) [Parameters=[@role_Id='?' (Size = 450)], CommandType='"Text"', CommandTimeout='30']
SELECT [a].[ClaimType], [a].[ClaimValue]
FROM [AspNetRoleClaims] AS [a]
WHERE [a].[RoleId] = @role_Id
2026-03-20 08:45:16.064 +05:30 [INF] AuthenticationScheme: Identity.Application signed in.
2026-03-20 08:45:16.065 +05:30 [INF] Executing RedirectResult, redirecting to /Family/Dashboard.
2026-03-20 08:45:16.066 +05:30 [INF] Executed action PrisonerPortal.Controllers.AccountController.Register (PrisonerPortal) in 409.392ms
2026-03-20 08:45:16.067 +05:30 [INF] Executed endpoint 'PrisonerPortal.Controllers.AccountController.Register (PrisonerPortal)'
2026-03-20 08:45:16.068 +05:30 [INF] Request finished HTTP/1.1 POST http://localhost:5050/Account/Register - 302 0 null 428.5676ms
2026-03-20 08:45:16.071 +05:30 [INF] Request starting HTTP/1.1 GET http://localhost:5050/Family/Dashboard - null null
2026-03-20 08:45:16.073 +05:30 [INF] Executing endpoint 'PrisonerPortal.Controllers.FamilyController.Dashboard (PrisonerPortal)'
2026-03-20 08:45:16.084 +05:30 [INF] Route matched with {action = "Dashboard", controller = "Family"}. Executing controller action with signature System.Threading.Tasks.Task`1[Microsoft.AspNetCore.Mvc.IActionResult] Dashboard() on controller PrisonerPortal.Controllers.FamilyController (PrisonerPortal).
2026-03-20 08:45:16.109 +05:30 [INF] Executed DbCommand (2ms) [Parameters=[@p='?' (Size = 450)], CommandType='"Text"', CommandTimeout='30']
SELECT TOP(1) [a].[Id], [a].[AccessFailedCount], [a].[Address], [a].[ConcurrencyStamp], [a].[CreatedAt], [a].[Email], [a].[EmailConfirmed], [a].[FullName], [a].[IsActive], [a].[LockoutEnabled], [a].[LockoutEnd], [a].[NormalizedEmail], [a].[NormalizedUserName], [a].[PasswordHash], [a].[PhoneNumber], [a].[PhoneNumberConfirmed], [a].[Role], [a].[SecurityStamp], [a].[TwoFactorEnabled], [a].[UserName]
FROM [AspNetUsers] AS [a]
WHERE [a].[Id] = @p
2026-03-20 08:45:16.147 +05:30 [INF] Executed DbCommand (5ms) [Parameters=[@userId='?' (Size = 450)], CommandType='"Text"', CommandTimeout='30']
SELECT [f].[LinkId], [f].[IsVerified], [f].[LinkedAt], [f].[PrisonerId], [f].[Relationship], [f].[UserId], [f].[VerifiedByAdminId], [p].[PrisonerId], [p].[CaseNumber], [p].[CellBlock], [p].[CellNumber], [p].[CreatedAt], [p].[CrimeCategory], [p].[DateOfBirth], [p].[FullName], [p].[Gender], [p].[PrisonerCode], [p].[SentenceEndDate], [p].[SentenceStartDate], [p].[Status], [p].[UpdatedAt]
FROM [FamilyPrisonerLinks] AS [f]
INNER JOIN [Prisoners] AS [p] ON [f].[PrisonerId] = [p].[PrisonerId]
WHERE [f].[UserId] = @userId AND [f].[IsVerified] = CAST(1 AS bit)
2026-03-20 08:45:16.198 +05:30 [INF] Executed DbCommand (5ms) [Parameters=[@userId='?' (Size = 450)], CommandType='"Text"', CommandTimeout='30']
SELECT [a].[AppointmentId], [a].[AdminNotes], [a].[AppointmentCode], [a].[BookedAt], [a].[NumVisitors], [a].[PrisonerId], [a].[Purpose], [a].[RejectionReason], [a].[SlotId], [a].[Status], [a].[UpdatedAt], [a].[UserId], [a].[VisitorNames], [p].[PrisonerId], [p].[CaseNumber], [p].[CellBlock], [p].[CellNumber], [p].[CreatedAt], [p].[CrimeCategory], [p].[DateOfBirth], [p].[FullName], [p].[Gender], [p].[PrisonerCode], [p].[SentenceEndDate], [p].[SentenceStartDate], [p].[Status], [p].[UpdatedAt], [v].[SlotId], [v].[CreatedAt], [v].[CreatedByAdminId], [v].[CurrentBookings], [v].[EndTime], [v].[IsActive], [v].[MaxCapacity], [v].[SlotDate], [v].[StartTime]
FROM [Appointments] AS [a]
INNER JOIN [Prisoners] AS [p] ON [a].[PrisonerId] = [p].[PrisonerId]
INNER JOIN [VisitSlots] AS [v] ON [a].[SlotId] = [v].[SlotId]
WHERE [a].[UserId] = @userId
ORDER BY [a].[BookedAt] DESC
2026-03-20 08:45:16.245 +05:30 [INF] Executed DbCommand (5ms) [Parameters=[@userId='?' (Size = 450)], CommandType='"Text"', CommandTimeout='30']
SELECT [s].[RequestId], [s].[AdminResponse], [s].[AssignedAdminId], [s].[Category], [s].[CreatedAt], [s].[Description], [s].[Priority], [s].[PrisonerId], [s].[RequestCode], [s].[ResolvedAt], [s].[Status], [s].[Subject], [s].[UpdatedAt], [s].[UserId], [p].[PrisonerId], [p].[CaseNumber], [p].[CellBlock], [p].[CellNumber], [p].[CreatedAt], [p].[CrimeCategory], [p].[DateOfBirth], [p].[FullName], [p].[Gender], [p].[PrisonerCode], [p].[SentenceEndDate], [p].[SentenceStartDate], [p].[Status], [p].[UpdatedAt]
FROM [SupportRequests] AS [s]
LEFT JOIN [Prisoners] AS [p] ON [s].[PrisonerId] = [p].[PrisonerId]
WHERE [s].[UserId] = @userId
ORDER BY [s].[CreatedAt] DESC
2026-03-20 08:45:16.303 +05:30 [INF] Executing ViewResult, running view Dashboard.
2026-03-20 08:45:16.427 +05:30 [INF] Executed ViewResult - view Dashboard executed in 161.139ms.
2026-03-20 08:45:16.430 +05:30 [INF] Executed action PrisonerPortal.Controllers.FamilyController.Dashboard (PrisonerPortal) in 340.9924ms
2026-03-20 08:45:16.434 +05:30 [INF] Executed endpoint 'PrisonerPortal.Controllers.FamilyController.Dashboard (PrisonerPortal)'
2026-03-20 08:45:16.435 +05:30 [INF] Request finished HTTP/1.1 GET http://localhost:5050/Family/Dashboard - 200 null text/html; charset=utf-8 363.5615ms
2026-03-20 08:45:16.470 +05:30 [INF] Request starting HTTP/1.1 GET http://localhost:5050/Notifications/GetUnreadCount - null null
2026-03-20 08:45:16.476 +05:30 [INF] Executing endpoint 'PrisonerPortal.Controllers.NotificationsController.GetUnreadCount (PrisonerPortal)'
2026-03-20 08:45:16.478 +05:30 [INF] Route matched with {action = "GetUnreadCount", controller = "Notifications"}. Executing controller action with signature Microsoft.AspNetCore.Mvc.IActionResult GetUnreadCount() on controller PrisonerPortal.Controllers.NotificationsController (PrisonerPortal).
2026-03-20 08:45:16.481 +05:30 [INF] Executed DbCommand (0ms) [Parameters=[@userId='?' (Size = 450)], CommandType='"Text"', CommandTimeout='30']
SELECT COUNT(*)
FROM [Notifications] AS [n]
WHERE [n].[UserId] = @userId AND [n].[IsRead] = CAST(0 AS bit)
2026-03-20 08:45:16.483 +05:30 [INF] Executing JsonResult, writing value of type '<>f__AnonymousType2`1[[System.Int32, System.Private.CoreLib, Version=10.0.0.0, Culture=neutral, PublicKeyToken=7cec85d7bea7798e]]'.
2026-03-20 08:45:16.484 +05:30 [INF] Executed action PrisonerPortal.Controllers.NotificationsController.GetUnreadCount (PrisonerPortal) in 4.2799ms
2026-03-20 08:45:16.485 +05:30 [INF] Executed endpoint 'PrisonerPortal.Controllers.NotificationsController.GetUnreadCount (PrisonerPortal)'
2026-03-20 08:45:16.487 +05:30 [INF] Request finished HTTP/1.1 GET http://localhost:5050/Notifications/GetUnreadCount - 200 null application/json; charset=utf-8 16.3391ms
2026-03-20 08:45:28.928 +05:30 [INF] Request starting HTTP/1.1 GET http://localhost:5050/Family/SearchPrisoner - null null
2026-03-20 08:45:28.934 +05:30 [INF] Executing endpoint 'PrisonerPortal.Controllers.FamilyController.SearchPrisoner (PrisonerPortal)'
2026-03-20 08:45:28.941 +05:30 [INF] Route matched with {action = "SearchPrisoner", controller = "Family"}. Executing controller action with signature System.Threading.Tasks.Task`1[Microsoft.AspNetCore.Mvc.IActionResult] SearchPrisoner(System.String) on controller PrisonerPortal.Controllers.FamilyController (PrisonerPortal).
2026-03-20 08:45:28.948 +05:30 [INF] Executed DbCommand (1ms) [Parameters=[@p='?' (Size = 450)], CommandType='"Text"', CommandTimeout='30']
SELECT TOP(1) [a].[Id], [a].[AccessFailedCount], [a].[Address], [a].[ConcurrencyStamp], [a].[CreatedAt], [a].[Email], [a].[EmailConfirmed], [a].[FullName], [a].[IsActive], [a].[LockoutEnabled], [a].[LockoutEnd], [a].[NormalizedEmail], [a].[NormalizedUserName], [a].[PasswordHash], [a].[PhoneNumber], [a].[PhoneNumberConfirmed], [a].[Role], [a].[SecurityStamp], [a].[TwoFactorEnabled], [a].[UserName]
FROM [AspNetUsers] AS [a]
WHERE [a].[Id] = @p
2026-03-20 08:45:28.960 +05:30 [INF] Executed DbCommand (2ms) [Parameters=[@user_Id='?' (Size = 450)], CommandType='"Text"', CommandTimeout='30']
SELECT [f].[LinkId], [f].[IsVerified], [f].[LinkedAt], [f].[PrisonerId], [f].[Relationship], [f].[UserId], [f].[VerifiedByAdminId]
FROM [FamilyPrisonerLinks] AS [f]
WHERE [f].[UserId] = @user_Id
2026-03-20 08:45:28.999 +05:30 [INF] Executing ViewResult, running view SearchPrisoner.
2026-03-20 08:45:29.035 +05:30 [INF] Executed ViewResult - view SearchPrisoner executed in 65.3507ms.
2026-03-20 08:45:29.041 +05:30 [INF] Executed action PrisonerPortal.Controllers.FamilyController.SearchPrisoner (PrisonerPortal) in 98.0802ms
2026-03-20 08:45:29.043 +05:30 [INF] Executed endpoint 'PrisonerPortal.Controllers.FamilyController.SearchPrisoner (PrisonerPortal)'
2026-03-20 08:45:29.044 +05:30 [INF] Request finished HTTP/1.1 GET http://localhost:5050/Family/SearchPrisoner - 200 null text/html; charset=utf-8 116.0469ms
2026-03-20 08:45:29.063 +05:30 [INF] Request starting HTTP/1.1 GET http://localhost:5050/Notifications/GetUnreadCount - null null
2026-03-20 08:45:29.066 +05:30 [INF] Executing endpoint 'PrisonerPortal.Controllers.NotificationsController.GetUnreadCount (PrisonerPortal)'
2026-03-20 08:45:29.067 +05:30 [INF] Route matched with {action = "GetUnreadCount", controller = "Notifications"}. Executing controller action with signature Microsoft.AspNetCore.Mvc.IActionResult GetUnreadCount() on controller PrisonerPortal.Controllers.NotificationsController (PrisonerPortal).
2026-03-20 08:45:29.070 +05:30 [INF] Executed DbCommand (1ms) [Parameters=[@userId='?' (Size = 450)], CommandType='"Text"', CommandTimeout='30']
SELECT COUNT(*)
FROM [Notifications] AS [n]
WHERE [n].[UserId] = @userId AND [n].[IsRead] = CAST(0 AS bit)
2026-03-20 08:45:29.072 +05:30 [INF] Executing JsonResult, writing value of type '<>f__AnonymousType2`1[[System.Int32, System.Private.CoreLib, Version=10.0.0.0, Culture=neutral, PublicKeyToken=7cec85d7bea7798e]]'.
2026-03-20 08:45:29.074 +05:30 [INF] Executed action PrisonerPortal.Controllers.NotificationsController.GetUnreadCount (PrisonerPortal) in 4.7216ms
2026-03-20 08:45:29.075 +05:30 [INF] Executed endpoint 'PrisonerPortal.Controllers.NotificationsController.GetUnreadCount (PrisonerPortal)'
2026-03-20 08:45:29.076 +05:30 [INF] Request finished HTTP/1.1 GET http://localhost:5050/Notifications/GetUnreadCount - 200 null application/json; charset=utf-8 13.1603ms
2026-03-20 08:45:38.981 +05:30 [INF] Request starting HTTP/1.1 GET http://localhost:5050/Family/SearchPrisoner?q=CR-2026-143 - null null
2026-03-20 08:45:38.984 +05:30 [INF] Executing endpoint 'PrisonerPortal.Controllers.FamilyController.SearchPrisoner (PrisonerPortal)'
2026-03-20 08:45:38.986 +05:30 [INF] Route matched with {action = "SearchPrisoner", controller = "Family"}. Executing controller action with signature System.Threading.Tasks.Task`1[Microsoft.AspNetCore.Mvc.IActionResult] SearchPrisoner(System.String) on controller PrisonerPortal.Controllers.FamilyController (PrisonerPortal).
2026-03-20 08:45:38.995 +05:30 [WRN] The query uses a row limiting operator ('Skip'/'Take') without an 'OrderBy' operator. This may lead to unpredictable results. If the 'Distinct' operator is used after 'OrderBy', then make sure to use the 'OrderBy' operator after 'Distinct' as the ordering would otherwise get erased.
2026-03-20 08:45:39.015 +05:30 [INF] Executed DbCommand (5ms) [Parameters=[@p='?' (DbType = Int32), @searchTerm_contains='?' (Size = 150), @searchTerm_contains0='?' (Size = 20), @searchTerm_contains1='?' (Size = 450)], CommandType='"Text"', CommandTimeout='30']
SELECT TOP(@p) [p].[PrisonerId], [p].[CaseNumber], [p].[CellBlock], [p].[CellNumber], [p].[CreatedAt], [p].[CrimeCategory], [p].[DateOfBirth], [p].[FullName], [p].[Gender], [p].[PrisonerCode], [p].[SentenceEndDate], [p].[SentenceStartDate], [p].[Status], [p].[UpdatedAt]
FROM [Prisoners] AS [p]
WHERE LOWER([p].[FullName]) LIKE @searchTerm_contains ESCAPE N'\' OR LOWER([p].[PrisonerCode]) LIKE @searchTerm_contains0 ESCAPE N'\' OR LOWER([p].[CaseNumber]) LIKE @searchTerm_contains1 ESCAPE N'\'
2026-03-20 08:45:39.024 +05:30 [INF] Executed DbCommand (1ms) [Parameters=[@p='?' (Size = 450)], CommandType='"Text"', CommandTimeout='30']
SELECT TOP(1) [a].[Id], [a].[AccessFailedCount], [a].[Address], [a].[ConcurrencyStamp], [a].[CreatedAt], [a].[Email], [a].[EmailConfirmed], [a].[FullName], [a].[IsActive], [a].[LockoutEnabled], [a].[LockoutEnd], [a].[NormalizedEmail], [a].[NormalizedUserName], [a].[PasswordHash], [a].[PhoneNumber], [a].[PhoneNumberConfirmed], [a].[Role], [a].[SecurityStamp], [a].[TwoFactorEnabled], [a].[UserName]
FROM [AspNetUsers] AS [a]
WHERE [a].[Id] = @p
2026-03-20 08:45:39.028 +05:30 [INF] Executed DbCommand (0ms) [Parameters=[@user_Id='?' (Size = 450)], CommandType='"Text"', CommandTimeout='30']
SELECT [f].[LinkId], [f].[IsVerified], [f].[LinkedAt], [f].[PrisonerId], [f].[Relationship], [f].[UserId], [f].[VerifiedByAdminId]
FROM [FamilyPrisonerLinks] AS [f]
WHERE [f].[UserId] = @user_Id
2026-03-20 08:45:39.030 +05:30 [INF] Executing ViewResult, running view SearchPrisoner.
2026-03-20 08:45:39.037 +05:30 [INF] Executed ViewResult - view SearchPrisoner executed in 7.248ms.
2026-03-20 08:45:39.039 +05:30 [INF] Executed action PrisonerPortal.Controllers.FamilyController.SearchPrisoner (PrisonerPortal) in 49.7576ms
2026-03-20 08:45:39.040 +05:30 [INF] Executed endpoint 'PrisonerPortal.Controllers.FamilyController.SearchPrisoner (PrisonerPortal)'
2026-03-20 08:45:39.041 +05:30 [INF] Request finished HTTP/1.1 GET http://localhost:5050/Family/SearchPrisoner?q=CR-2026-143 - 200 null text/html; charset=utf-8 60.6796ms
2026-03-20 08:45:39.057 +05:30 [INF] Request starting HTTP/1.1 GET http://localhost:5050/Notifications/GetUnreadCount - null null
2026-03-20 08:45:39.061 +05:30 [INF] Executing endpoint 'PrisonerPortal.Controllers.NotificationsController.GetUnreadCount (PrisonerPortal)'
2026-03-20 08:45:39.062 +05:30 [INF] Route matched with {action = "GetUnreadCount", controller = "Notifications"}. Executing controller action with signature Microsoft.AspNetCore.Mvc.IActionResult GetUnreadCount() on controller PrisonerPortal.Controllers.NotificationsController (PrisonerPortal).
2026-03-20 08:45:39.065 +05:30 [INF] Executed DbCommand (0ms) [Parameters=[@userId='?' (Size = 450)], CommandType='"Text"', CommandTimeout='30']
SELECT COUNT(*)
FROM [Notifications] AS [n]
WHERE [n].[UserId] = @userId AND [n].[IsRead] = CAST(0 AS bit)
2026-03-20 08:45:39.068 +05:30 [INF] Executing JsonResult, writing value of type '<>f__AnonymousType2`1[[System.Int32, System.Private.CoreLib, Version=10.0.0.0, Culture=neutral, PublicKeyToken=7cec85d7bea7798e]]'.
2026-03-20 08:45:39.070 +05:30 [INF] Executed action PrisonerPortal.Controllers.NotificationsController.GetUnreadCount (PrisonerPortal) in 5.4704ms
2026-03-20 08:45:39.071 +05:30 [INF] Executed endpoint 'PrisonerPortal.Controllers.NotificationsController.GetUnreadCount (PrisonerPortal)'
2026-03-20 08:45:39.073 +05:30 [INF] Request finished HTTP/1.1 GET http://localhost:5050/Notifications/GetUnreadCount - 200 null application/json; charset=utf-8 15.0899ms
2026-03-20 08:46:07.254 +05:30 [INF] Request starting HTTP/1.1 POST http://localhost:5050/Family/RequestLink - application/x-www-form-urlencoded 257
2026-03-20 08:46:07.262 +05:30 [INF] Executing endpoint 'PrisonerPortal.Controllers.FamilyController.RequestLink (PrisonerPortal)'
2026-03-20 08:46:07.276 +05:30 [INF] Route matched with {action = "RequestLink", controller = "Family"}. Executing controller action with signature System.Threading.Tasks.Task`1[Microsoft.AspNetCore.Mvc.IActionResult] RequestLink(PrisonerPortal.Models.ViewModels.LinkRequestViewModel) on controller PrisonerPortal.Controllers.FamilyController (PrisonerPortal).
2026-03-20 08:46:07.293 +05:30 [INF] Executed DbCommand (1ms) [Parameters=[@p='?' (Size = 450)], CommandType='"Text"', CommandTimeout='30']
SELECT TOP(1) [a].[Id], [a].[AccessFailedCount], [a].[Address], [a].[ConcurrencyStamp], [a].[CreatedAt], [a].[Email], [a].[EmailConfirmed], [a].[FullName], [a].[IsActive], [a].[LockoutEnabled], [a].[LockoutEnd], [a].[NormalizedEmail], [a].[NormalizedUserName], [a].[PasswordHash], [a].[PhoneNumber], [a].[PhoneNumberConfirmed], [a].[Role], [a].[SecurityStamp], [a].[TwoFactorEnabled], [a].[UserName]
FROM [AspNetUsers] AS [a]
WHERE [a].[Id] = @p
2026-03-20 08:46:07.319 +05:30 [INF] Executed DbCommand (3ms) [Parameters=[@user_Id='?' (Size = 450), @8__locals1_model_PrisonerId='?' (DbType = Int32)], CommandType='"Text"', CommandTimeout='30']
SELECT CASE
    WHEN EXISTS (
        SELECT 1
        FROM [FamilyPrisonerLinks] AS [f]
        WHERE [f].[UserId] = @user_Id AND [f].[PrisonerId] = @8__locals1_model_PrisonerId) THEN CAST(1 AS bit)
    ELSE CAST(0 AS bit)
END
2026-03-20 08:46:07.347 +05:30 [INF] Executed DbCommand (2ms) [Parameters=[@userId='?' (Size = 450), @prisonerId='?' (DbType = Int32)], CommandType='"Text"', CommandTimeout='30']
SELECT TOP(1) [f].[LinkId], [f].[IsVerified], [f].[LinkedAt], [f].[PrisonerId], [f].[Relationship], [f].[UserId], [f].[VerifiedByAdminId]
FROM [FamilyPrisonerLinks] AS [f]
WHERE [f].[UserId] = @userId AND [f].[PrisonerId] = @prisonerId
2026-03-20 08:46:07.377 +05:30 [INF] Executed DbCommand (6ms) [Parameters=[@p0='?' (DbType = Boolean), @p1='?' (DbType = DateTime2), @p2='?' (DbType = Int32), @p3='?' (Size = 4000), @p4='?' (Size = 450), @p5='?' (Size = 450)], CommandType='"Text"', CommandTimeout='30']
SET IMPLICIT_TRANSACTIONS OFF;
SET NOCOUNT ON;
INSERT INTO [FamilyPrisonerLinks] ([IsVerified], [LinkedAt], [PrisonerId], [Relationship], [UserId], [VerifiedByAdminId])
OUTPUT INSERTED.[LinkId]
VALUES (@p0, @p1, @p2, @p3, @p4, @p5);
2026-03-20 08:46:07.385 +05:30 [INF] Executing RedirectResult, redirecting to /Family/SearchPrisoner.
2026-03-20 08:46:07.387 +05:30 [INF] Executed action PrisonerPortal.Controllers.FamilyController.RequestLink (PrisonerPortal) in 102.4026ms
2026-03-20 08:46:07.388 +05:30 [INF] Executed endpoint 'PrisonerPortal.Controllers.FamilyController.RequestLink (PrisonerPortal)'
2026-03-20 08:46:07.390 +05:30 [INF] Request finished HTTP/1.1 POST http://localhost:5050/Family/RequestLink - 302 0 null 135.8405ms
2026-03-20 08:46:07.394 +05:30 [INF] Request starting HTTP/1.1 GET http://localhost:5050/Family/SearchPrisoner - null null
2026-03-20 08:46:07.398 +05:30 [INF] Executing endpoint 'PrisonerPortal.Controllers.FamilyController.SearchPrisoner (PrisonerPortal)'
2026-03-20 08:46:07.399 +05:30 [INF] Route matched with {action = "SearchPrisoner", controller = "Family"}. Executing controller action with signature System.Threading.Tasks.Task`1[Microsoft.AspNetCore.Mvc.IActionResult] SearchPrisoner(System.String) on controller PrisonerPortal.Controllers.FamilyController (PrisonerPortal).
2026-03-20 08:46:07.403 +05:30 [INF] Executed DbCommand (1ms) [Parameters=[@p='?' (Size = 450)], CommandType='"Text"', CommandTimeout='30']
SELECT TOP(1) [a].[Id], [a].[AccessFailedCount], [a].[Address], [a].[ConcurrencyStamp], [a].[CreatedAt], [a].[Email], [a].[EmailConfirmed], [a].[FullName], [a].[IsActive], [a].[LockoutEnabled], [a].[LockoutEnd], [a].[NormalizedEmail], [a].[NormalizedUserName], [a].[PasswordHash], [a].[PhoneNumber], [a].[PhoneNumberConfirmed], [a].[Role], [a].[SecurityStamp], [a].[TwoFactorEnabled], [a].[UserName]
FROM [AspNetUsers] AS [a]
WHERE [a].[Id] = @p
2026-03-20 08:46:07.406 +05:30 [INF] Executed DbCommand (1ms) [Parameters=[@user_Id='?' (Size = 450)], CommandType='"Text"', CommandTimeout='30']
SELECT [f].[LinkId], [f].[IsVerified], [f].[LinkedAt], [f].[PrisonerId], [f].[Relationship], [f].[UserId], [f].[VerifiedByAdminId]
FROM [FamilyPrisonerLinks] AS [f]
WHERE [f].[UserId] = @user_Id
2026-03-20 08:46:07.410 +05:30 [INF] Executing ViewResult, running view SearchPrisoner.
2026-03-20 08:46:07.414 +05:30 [INF] Executed ViewResult - view SearchPrisoner executed in 3.314ms.
2026-03-20 08:46:07.415 +05:30 [INF] Executed action PrisonerPortal.Controllers.FamilyController.SearchPrisoner (PrisonerPortal) in 13.3997ms
2026-03-20 08:46:07.416 +05:30 [INF] Executed endpoint 'PrisonerPortal.Controllers.FamilyController.SearchPrisoner (PrisonerPortal)'
2026-03-20 08:46:07.417 +05:30 [INF] Request finished HTTP/1.1 GET http://localhost:5050/Family/SearchPrisoner - 200 null text/html; charset=utf-8 22.7663ms
2026-03-20 08:46:07.441 +05:30 [INF] Request starting HTTP/1.1 GET http://localhost:5050/Notifications/GetUnreadCount - null null
2026-03-20 08:46:07.446 +05:30 [INF] Executing endpoint 'PrisonerPortal.Controllers.NotificationsController.GetUnreadCount (PrisonerPortal)'
2026-03-20 08:46:07.447 +05:30 [INF] Route matched with {action = "GetUnreadCount", controller = "Notifications"}. Executing controller action with signature Microsoft.AspNetCore.Mvc.IActionResult GetUnreadCount() on controller PrisonerPortal.Controllers.NotificationsController (PrisonerPortal).
2026-03-20 08:46:07.450 +05:30 [INF] Executed DbCommand (1ms) [Parameters=[@userId='?' (Size = 450)], CommandType='"Text"', CommandTimeout='30']
SELECT COUNT(*)
FROM [Notifications] AS [n]
WHERE [n].[UserId] = @userId AND [n].[IsRead] = CAST(0 AS bit)
2026-03-20 08:46:07.452 +05:30 [INF] Executing JsonResult, writing value of type '<>f__AnonymousType2`1[[System.Int32, System.Private.CoreLib, Version=10.0.0.0, Culture=neutral, PublicKeyToken=7cec85d7bea7798e]]'.
2026-03-20 08:46:07.454 +05:30 [INF] Executed action PrisonerPortal.Controllers.NotificationsController.GetUnreadCount (PrisonerPortal) in 5.0349ms
2026-03-20 08:46:07.455 +05:30 [INF] Executed endpoint 'PrisonerPortal.Controllers.NotificationsController.GetUnreadCount (PrisonerPortal)'
2026-03-20 08:46:07.457 +05:30 [INF] Request finished HTTP/1.1 GET http://localhost:5050/Notifications/GetUnreadCount - 200 null application/json; charset=utf-8 15.3293ms
2026-03-20 08:46:10.862 +05:30 [INF] Request starting HTTP/1.1 GET http://localhost:5050/Family/Dashboard - null null
2026-03-20 08:46:10.865 +05:30 [INF] Executing endpoint 'PrisonerPortal.Controllers.FamilyController.Dashboard (PrisonerPortal)'
2026-03-20 08:46:10.866 +05:30 [INF] Route matched with {action = "Dashboard", controller = "Family"}. Executing controller action with signature System.Threading.Tasks.Task`1[Microsoft.AspNetCore.Mvc.IActionResult] Dashboard() on controller PrisonerPortal.Controllers.FamilyController (PrisonerPortal).
2026-03-20 08:46:10.871 +05:30 [INF] Executed DbCommand (1ms) [Parameters=[@p='?' (Size = 450)], CommandType='"Text"', CommandTimeout='30']
SELECT TOP(1) [a].[Id], [a].[AccessFailedCount], [a].[Address], [a].[ConcurrencyStamp], [a].[CreatedAt], [a].[Email], [a].[EmailConfirmed], [a].[FullName], [a].[IsActive], [a].[LockoutEnabled], [a].[LockoutEnd], [a].[NormalizedEmail], [a].[NormalizedUserName], [a].[PasswordHash], [a].[PhoneNumber], [a].[PhoneNumberConfirmed], [a].[Role], [a].[SecurityStamp], [a].[TwoFactorEnabled], [a].[UserName]
FROM [AspNetUsers] AS [a]
WHERE [a].[Id] = @p
2026-03-20 08:46:10.876 +05:30 [INF] Executed DbCommand (0ms) [Parameters=[@userId='?' (Size = 450)], CommandType='"Text"', CommandTimeout='30']
SELECT [f].[LinkId], [f].[IsVerified], [f].[LinkedAt], [f].[PrisonerId], [f].[Relationship], [f].[UserId], [f].[VerifiedByAdminId], [p].[PrisonerId], [p].[CaseNumber], [p].[CellBlock], [p].[CellNumber], [p].[CreatedAt], [p].[CrimeCategory], [p].[DateOfBirth], [p].[FullName], [p].[Gender], [p].[PrisonerCode], [p].[SentenceEndDate], [p].[SentenceStartDate], [p].[Status], [p].[UpdatedAt]
FROM [FamilyPrisonerLinks] AS [f]
INNER JOIN [Prisoners] AS [p] ON [f].[PrisonerId] = [p].[PrisonerId]
WHERE [f].[UserId] = @userId AND [f].[IsVerified] = CAST(1 AS bit)
2026-03-20 08:46:10.879 +05:30 [INF] Executed DbCommand (1ms) [Parameters=[@userId='?' (Size = 450)], CommandType='"Text"', CommandTimeout='30']
SELECT [a].[AppointmentId], [a].[AdminNotes], [a].[AppointmentCode], [a].[BookedAt], [a].[NumVisitors], [a].[PrisonerId], [a].[Purpose], [a].[RejectionReason], [a].[SlotId], [a].[Status], [a].[UpdatedAt], [a].[UserId], [a].[VisitorNames], [p].[PrisonerId], [p].[CaseNumber], [p].[CellBlock], [p].[CellNumber], [p].[CreatedAt], [p].[CrimeCategory], [p].[DateOfBirth], [p].[FullName], [p].[Gender], [p].[PrisonerCode], [p].[SentenceEndDate], [p].[SentenceStartDate], [p].[Status], [p].[UpdatedAt], [v].[SlotId], [v].[CreatedAt], [v].[CreatedByAdminId], [v].[CurrentBookings], [v].[EndTime], [v].[IsActive], [v].[MaxCapacity], [v].[SlotDate], [v].[StartTime]
FROM [Appointments] AS [a]
INNER JOIN [Prisoners] AS [p] ON [a].[PrisonerId] = [p].[PrisonerId]
INNER JOIN [VisitSlots] AS [v] ON [a].[SlotId] = [v].[SlotId]
WHERE [a].[UserId] = @userId
ORDER BY [a].[BookedAt] DESC
2026-03-20 08:46:10.882 +05:30 [INF] Executed DbCommand (0ms) [Parameters=[@userId='?' (Size = 450)], CommandType='"Text"', CommandTimeout='30']
SELECT [s].[RequestId], [s].[AdminResponse], [s].[AssignedAdminId], [s].[Category], [s].[CreatedAt], [s].[Description], [s].[Priority], [s].[PrisonerId], [s].[RequestCode], [s].[ResolvedAt], [s].[Status], [s].[Subject], [s].[UpdatedAt], [s].[UserId], [p].[PrisonerId], [p].[CaseNumber], [p].[CellBlock], [p].[CellNumber], [p].[CreatedAt], [p].[CrimeCategory], [p].[DateOfBirth], [p].[FullName], [p].[Gender], [p].[PrisonerCode], [p].[SentenceEndDate], [p].[SentenceStartDate], [p].[Status], [p].[UpdatedAt]
FROM [SupportRequests] AS [s]
LEFT JOIN [Prisoners] AS [p] ON [s].[PrisonerId] = [p].[PrisonerId]
WHERE [s].[UserId] = @userId
ORDER BY [s].[CreatedAt] DESC
2026-03-20 08:46:10.885 +05:30 [INF] Executing ViewResult, running view Dashboard.
2026-03-20 08:46:10.887 +05:30 [INF] Executed ViewResult - view Dashboard executed in 2.044ms.
2026-03-20 08:46:10.889 +05:30 [INF] Executed action PrisonerPortal.Controllers.FamilyController.Dashboard (PrisonerPortal) in 20.2356ms
2026-03-20 08:46:10.890 +05:30 [INF] Executed endpoint 'PrisonerPortal.Controllers.FamilyController.Dashboard (PrisonerPortal)'
2026-03-20 08:46:10.891 +05:30 [INF] Request finished HTTP/1.1 GET http://localhost:5050/Family/Dashboard - 200 null text/html; charset=utf-8 29.1881ms
2026-03-20 08:46:10.910 +05:30 [INF] Request starting HTTP/1.1 GET http://localhost:5050/Notifications/GetUnreadCount - null null
2026-03-20 08:46:10.913 +05:30 [INF] Executing endpoint 'PrisonerPortal.Controllers.NotificationsController.GetUnreadCount (PrisonerPortal)'
2026-03-20 08:46:10.915 +05:30 [INF] Route matched with {action = "GetUnreadCount", controller = "Notifications"}. Executing controller action with signature Microsoft.AspNetCore.Mvc.IActionResult GetUnreadCount() on controller PrisonerPortal.Controllers.NotificationsController (PrisonerPortal).
2026-03-20 08:46:10.918 +05:30 [INF] Executed DbCommand (1ms) [Parameters=[@userId='?' (Size = 450)], CommandType='"Text"', CommandTimeout='30']
SELECT COUNT(*)
FROM [Notifications] AS [n]
WHERE [n].[UserId] = @userId AND [n].[IsRead] = CAST(0 AS bit)
2026-03-20 08:46:10.920 +05:30 [INF] Executing JsonResult, writing value of type '<>f__AnonymousType2`1[[System.Int32, System.Private.CoreLib, Version=10.0.0.0, Culture=neutral, PublicKeyToken=7cec85d7bea7798e]]'.
2026-03-20 08:46:10.922 +05:30 [INF] Executed action PrisonerPortal.Controllers.NotificationsController.GetUnreadCount (PrisonerPortal) in 5.5081ms
2026-03-20 08:46:10.925 +05:30 [INF] Executed endpoint 'PrisonerPortal.Controllers.NotificationsController.GetUnreadCount (PrisonerPortal)'
2026-03-20 08:46:10.926 +05:30 [INF] Request finished HTTP/1.1 GET http://localhost:5050/Notifications/GetUnreadCount - 200 null application/json; charset=utf-8 16.4421ms
2026-03-20 08:46:14.117 +05:30 [INF] Request starting HTTP/1.1 POST http://localhost:5050/Account/Logout - application/x-www-form-urlencoded 225
2026-03-20 08:46:14.121 +05:30 [INF] Executing endpoint 'PrisonerPortal.Controllers.AccountController.Logout (PrisonerPortal)'
2026-03-20 08:46:14.123 +05:30 [INF] Route matched with {action = "Logout", controller = "Account"}. Executing controller action with signature System.Threading.Tasks.Task`1[Microsoft.AspNetCore.Mvc.IActionResult] Logout() on controller PrisonerPortal.Controllers.AccountController (PrisonerPortal).
2026-03-20 08:46:14.134 +05:30 [INF] Executed DbCommand (4ms) [Parameters=[@p0='?' (Size = 4000), @p1='?' (Size = 4000), @p2='?' (Size = 4000), @p3='?' (Size = 4000), @p4='?' (Size = 4000), @p5='?' (Size = 4000), @p6='?' (DbType = DateTime2), @p7='?' (Size = 450)], CommandType='"Text"', CommandTimeout='30']
SET IMPLICIT_TRANSACTIONS OFF;
SET NOCOUNT ON;
INSERT INTO [AuditLogs] ([Action], [EntityId], [EntityType], [IPAddress], [NewValues], [OldValues], [Timestamp], [UserId])
OUTPUT INSERTED.[LogId]
VALUES (@p0, @p1, @p2, @p3, @p4, @p5, @p6, @p7);
2026-03-20 08:46:14.141 +05:30 [INF] AuthenticationScheme: Identity.Application signed out.
2026-03-20 08:46:14.143 +05:30 [INF] AuthenticationScheme: Identity.External signed out.
2026-03-20 08:46:14.144 +05:30 [INF] AuthenticationScheme: Identity.TwoFactorUserId signed out.
2026-03-20 08:46:14.145 +05:30 [INF] Executing RedirectResult, redirecting to /.
2026-03-20 08:46:14.147 +05:30 [INF] Executed action PrisonerPortal.Controllers.AccountController.Logout (PrisonerPortal) in 18.4164ms
2026-03-20 08:46:14.148 +05:30 [INF] Executed endpoint 'PrisonerPortal.Controllers.AccountController.Logout (PrisonerPortal)'
2026-03-20 08:46:14.149 +05:30 [INF] Request finished HTTP/1.1 POST http://localhost:5050/Account/Logout - 302 0 null 32.5515ms
2026-03-20 08:46:14.153 +05:30 [INF] Request starting HTTP/1.1 GET http://localhost:5050/ - null null
2026-03-20 08:46:14.155 +05:30 [INF] Executing endpoint 'PrisonerPortal.Controllers.AccountController.Login (PrisonerPortal)'
2026-03-20 08:46:14.156 +05:30 [INF] Route matched with {action = "Login", controller = "Account"}. Executing controller action with signature Microsoft.AspNetCore.Mvc.IActionResult Login(System.String) on controller PrisonerPortal.Controllers.AccountController (PrisonerPortal).
2026-03-20 08:46:14.159 +05:30 [INF] Executing ViewResult, running view Login.
2026-03-20 08:46:14.162 +05:30 [INF] Executed ViewResult - view Login executed in 2.7038ms.
2026-03-20 08:46:14.164 +05:30 [INF] Executed action PrisonerPortal.Controllers.AccountController.Login (PrisonerPortal) in 5.1802ms
2026-03-20 08:46:14.165 +05:30 [INF] Executed endpoint 'PrisonerPortal.Controllers.AccountController.Login (PrisonerPortal)'
2026-03-20 08:46:14.167 +05:30 [INF] Request finished HTTP/1.1 GET http://localhost:5050/ - 200 null text/html; charset=utf-8 13.9635ms
2026-03-20 08:46:21.382 +05:30 [INF] Request starting HTTP/1.1 POST http://localhost:5050/ - application/x-www-form-urlencoded 269
2026-03-20 08:46:21.386 +05:30 [INF] Executing endpoint 'PrisonerPortal.Controllers.AccountController.Login (PrisonerPortal)'
2026-03-20 08:46:21.388 +05:30 [INF] Route matched with {action = "Login", controller = "Account"}. Executing controller action with signature System.Threading.Tasks.Task`1[Microsoft.AspNetCore.Mvc.IActionResult] Login(PrisonerPortal.Models.ViewModels.LoginViewModel, System.String) on controller PrisonerPortal.Controllers.AccountController (PrisonerPortal).
2026-03-20 08:46:21.392 +05:30 [INF] Executed DbCommand (1ms) [Parameters=[@normalizedEmail='?' (Size = 256)], CommandType='"Text"', CommandTimeout='30']
SELECT TOP(2) [a].[Id], [a].[AccessFailedCount], [a].[Address], [a].[ConcurrencyStamp], [a].[CreatedAt], [a].[Email], [a].[EmailConfirmed], [a].[FullName], [a].[IsActive], [a].[LockoutEnabled], [a].[LockoutEnd], [a].[NormalizedEmail], [a].[NormalizedUserName], [a].[PasswordHash], [a].[PhoneNumber], [a].[PhoneNumberConfirmed], [a].[Role], [a].[SecurityStamp], [a].[TwoFactorEnabled], [a].[UserName]
FROM [AspNetUsers] AS [a]
WHERE [a].[NormalizedEmail] = @normalizedEmail
2026-03-20 08:46:21.397 +05:30 [INF] Executed DbCommand (1ms) [Parameters=[@normalizedUserName='?' (Size = 256)], CommandType='"Text"', CommandTimeout='30']
SELECT TOP(1) [a].[Id], [a].[AccessFailedCount], [a].[Address], [a].[ConcurrencyStamp], [a].[CreatedAt], [a].[Email], [a].[EmailConfirmed], [a].[FullName], [a].[IsActive], [a].[LockoutEnabled], [a].[LockoutEnd], [a].[NormalizedEmail], [a].[NormalizedUserName], [a].[PasswordHash], [a].[PhoneNumber], [a].[PhoneNumberConfirmed], [a].[Role], [a].[SecurityStamp], [a].[TwoFactorEnabled], [a].[UserName]
FROM [AspNetUsers] AS [a]
WHERE [a].[NormalizedUserName] = @normalizedUserName
2026-03-20 08:46:21.491 +05:30 [INF] Executed DbCommand (1ms) [Parameters=[@user_Id='?' (Size = 450)], CommandType='"Text"', CommandTimeout='30']
SELECT [a].[Id], [a].[ClaimType], [a].[ClaimValue], [a].[UserId]
FROM [AspNetUserClaims] AS [a]
WHERE [a].[UserId] = @user_Id
2026-03-20 08:46:21.498 +05:30 [INF] Executed DbCommand (1ms) [Parameters=[@userId='?' (Size = 450)], CommandType='"Text"', CommandTimeout='30']
SELECT [a0].[Name]
FROM [AspNetUserRoles] AS [a]
INNER JOIN [AspNetRoles] AS [a0] ON [a].[RoleId] = [a0].[Id]
WHERE [a].[UserId] = @userId
2026-03-20 08:46:21.505 +05:30 [INF] Executed DbCommand (1ms) [Parameters=[@normalizedName='?' (Size = 256)], CommandType='"Text"', CommandTimeout='30']
SELECT TOP(1) [a].[Id], [a].[ConcurrencyStamp], [a].[Name], [a].[NormalizedName]
FROM [AspNetRoles] AS [a]
WHERE [a].[NormalizedName] = @normalizedName
2026-03-20 08:46:21.511 +05:30 [INF] Executed DbCommand (1ms) [Parameters=[@role_Id='?' (Size = 450)], CommandType='"Text"', CommandTimeout='30']
SELECT [a].[ClaimType], [a].[ClaimValue]
FROM [AspNetRoleClaims] AS [a]
WHERE [a].[RoleId] = @role_Id
2026-03-20 08:46:21.515 +05:30 [INF] AuthenticationScheme: Identity.Application signed in.
2026-03-20 08:46:21.519 +05:30 [INF] Executed DbCommand (1ms) [Parameters=[@p0='?' (Size = 4000), @p1='?' (Size = 4000), @p2='?' (Size = 4000), @p3='?' (Size = 4000), @p4='?' (Size = 4000), @p5='?' (Size = 4000), @p6='?' (DbType = DateTime2), @p7='?' (Size = 450)], CommandType='"Text"', CommandTimeout='30']
SET IMPLICIT_TRANSACTIONS OFF;
SET NOCOUNT ON;
INSERT INTO [AuditLogs] ([Action], [EntityId], [EntityType], [IPAddress], [NewValues], [OldValues], [Timestamp], [UserId])
OUTPUT INSERTED.[LogId]
VALUES (@p0, @p1, @p2, @p3, @p4, @p5, @p6, @p7);
2026-03-20 08:46:21.524 +05:30 [INF] Executed DbCommand (1ms) [Parameters=[@userId='?' (Size = 450)], CommandType='"Text"', CommandTimeout='30']
SELECT [a0].[Name]
FROM [AspNetUserRoles] AS [a]
INNER JOIN [AspNetRoles] AS [a0] ON [a].[RoleId] = [a0].[Id]
WHERE [a].[UserId] = @userId
2026-03-20 08:46:21.533 +05:30 [INF] Executing RedirectResult, redirecting to /Admin/Dashboard.
2026-03-20 08:46:21.536 +05:30 [INF] Executed action PrisonerPortal.Controllers.AccountController.Login (PrisonerPortal) in 145.0667ms
2026-03-20 08:46:21.538 +05:30 [INF] Executed endpoint 'PrisonerPortal.Controllers.AccountController.Login (PrisonerPortal)'
2026-03-20 08:46:21.539 +05:30 [INF] Request finished HTTP/1.1 POST http://localhost:5050/ - 302 0 null 157.3431ms
2026-03-20 08:46:21.546 +05:30 [INF] Request starting HTTP/1.1 GET http://localhost:5050/Admin/Dashboard - null null
2026-03-20 08:46:21.548 +05:30 [INF] Executing endpoint 'PrisonerPortal.Controllers.AdminController.Dashboard (PrisonerPortal)'
2026-03-20 08:46:21.549 +05:30 [INF] Route matched with {action = "Dashboard", controller = "Admin"}. Executing controller action with signature System.Threading.Tasks.Task`1[Microsoft.AspNetCore.Mvc.IActionResult] Dashboard() on controller PrisonerPortal.Controllers.AdminController (PrisonerPortal).
2026-03-20 08:46:21.553 +05:30 [INF] Executed DbCommand (1ms) [Parameters=[], CommandType='"Text"', CommandTimeout='30']
SELECT COUNT(*)
FROM [AspNetUsers] AS [a]
WHERE [a].[IsActive] = CAST(1 AS bit) AND [a].[Role] = N'Family'
2026-03-20 08:46:21.556 +05:30 [INF] Executed DbCommand (0ms) [Parameters=[], CommandType='"Text"', CommandTimeout='30']
SELECT COUNT(*)
FROM [Prisoners] AS [p]
WHERE [p].[Status] = N'Active'
2026-03-20 08:46:21.559 +05:30 [INF] Executed DbCommand (0ms) [Parameters=[], CommandType='"Text"', CommandTimeout='30']
SELECT COUNT(*)
FROM [Appointments] AS [a]
INNER JOIN [VisitSlots] AS [v] ON [a].[SlotId] = [v].[SlotId]
WHERE CONVERT(date, [v].[SlotDate]) = CONVERT(date, GETDATE()) AND [a].[Status] IN (N'Approved', N'Pending')
2026-03-20 08:46:21.561 +05:30 [INF] Executed DbCommand (0ms) [Parameters=[], CommandType='"Text"', CommandTimeout='30']
SELECT COUNT(*)
FROM [SupportRequests] AS [s]
WHERE [s].[Status] IN (N'Open', N'InProgress')
2026-03-20 08:46:21.563 +05:30 [INF] Executed DbCommand (0ms) [Parameters=[@p='?' (DbType = Int32)], CommandType='"Text"', CommandTimeout='30']
SELECT [a1].[AppointmentId], [a1].[AdminNotes], [a1].[AppointmentCode], [a1].[BookedAt], [a1].[NumVisitors], [a1].[PrisonerId], [a1].[Purpose], [a1].[RejectionReason], [a1].[SlotId], [a1].[Status], [a1].[UpdatedAt], [a1].[UserId], [a1].[VisitorNames], [a0].[Id], [a0].[AccessFailedCount], [a0].[Address], [a0].[ConcurrencyStamp], [a0].[CreatedAt], [a0].[Email], [a0].[EmailConfirmed], [a0].[FullName], [a0].[IsActive], [a0].[LockoutEnabled], [a0].[LockoutEnd], [a0].[NormalizedEmail], [a0].[NormalizedUserName], [a0].[PasswordHash], [a0].[PhoneNumber], [a0].[PhoneNumberConfirmed], [a0].[Role], [a0].[SecurityStamp], [a0].[TwoFactorEnabled], [a0].[UserName], [p].[PrisonerId], [p].[CaseNumber], [p].[CellBlock], [p].[CellNumber], [p].[CreatedAt], [p].[CrimeCategory], [p].[DateOfBirth], [p].[FullName], [p].[Gender], [p].[PrisonerCode], [p].[SentenceEndDate], [p].[SentenceStartDate], [p].[Status], [p].[UpdatedAt], [v].[SlotId], [v].[CreatedAt], [v].[CreatedByAdminId], [v].[CurrentBookings], [v].[EndTime], [v].[IsActive], [v].[MaxCapacity], [v].[SlotDate], [v].[StartTime]
FROM (
    SELECT TOP(@p) [a].[AppointmentId], [a].[AdminNotes], [a].[AppointmentCode], [a].[BookedAt], [a].[NumVisitors], [a].[PrisonerId], [a].[Purpose], [a].[RejectionReason], [a].[SlotId], [a].[Status], [a].[UpdatedAt], [a].[UserId], [a].[VisitorNames]
    FROM [Appointments] AS [a]
    WHERE [a].[Status] = N'Pending'
    ORDER BY [a].[BookedAt] DESC
) AS [a1]
INNER JOIN [AspNetUsers] AS [a0] ON [a1].[UserId] = [a0].[Id]
INNER JOIN [Prisoners] AS [p] ON [a1].[PrisonerId] = [p].[PrisonerId]
INNER JOIN [VisitSlots] AS [v] ON [a1].[SlotId] = [v].[SlotId]
ORDER BY [a1].[BookedAt] DESC
2026-03-20 08:46:21.566 +05:30 [INF] Executed DbCommand (0ms) [Parameters=[@p='?' (DbType = Int32)], CommandType='"Text"', CommandTimeout='30']
SELECT [s0].[RequestId], [s0].[AdminResponse], [s0].[AssignedAdminId], [s0].[Category], [s0].[CreatedAt], [s0].[Description], [s0].[Priority], [s0].[PrisonerId], [s0].[RequestCode], [s0].[ResolvedAt], [s0].[Status], [s0].[Subject], [s0].[UpdatedAt], [s0].[UserId], [a].[Id], [a].[AccessFailedCount], [a].[Address], [a].[ConcurrencyStamp], [a].[CreatedAt], [a].[Email], [a].[EmailConfirmed], [a].[FullName], [a].[IsActive], [a].[LockoutEnabled], [a].[LockoutEnd], [a].[NormalizedEmail], [a].[NormalizedUserName], [a].[PasswordHash], [a].[PhoneNumber], [a].[PhoneNumberConfirmed], [a].[Role], [a].[SecurityStamp], [a].[TwoFactorEnabled], [a].[UserName], [p].[PrisonerId], [p].[CaseNumber], [p].[CellBlock], [p].[CellNumber], [p].[CreatedAt], [p].[CrimeCategory], [p].[DateOfBirth], [p].[FullName], [p].[Gender], [p].[PrisonerCode], [p].[SentenceEndDate], [p].[SentenceStartDate], [p].[Status], [p].[UpdatedAt]
FROM (
    SELECT TOP(@p) [s].[RequestId], [s].[AdminResponse], [s].[AssignedAdminId], [s].[Category], [s].[CreatedAt], [s].[Description], [s].[Priority], [s].[PrisonerId], [s].[RequestCode], [s].[ResolvedAt], [s].[Status], [s].[Subject], [s].[UpdatedAt], [s].[UserId]
    FROM [SupportRequests] AS [s]
    WHERE [s].[Status] IN (N'Open', N'InProgress')
    ORDER BY [s].[CreatedAt] DESC
) AS [s0]
INNER JOIN [AspNetUsers] AS [a] ON [s0].[UserId] = [a].[Id]
LEFT JOIN [Prisoners] AS [p] ON [s0].[PrisonerId] = [p].[PrisonerId]
ORDER BY [s0].[CreatedAt] DESC
2026-03-20 08:46:21.569 +05:30 [INF] Executed DbCommand (1ms) [Parameters=[@p='?' (DbType = Int32)], CommandType='"Text"', CommandTimeout='30']
SELECT [f0].[LinkId], [f0].[IsVerified], [f0].[LinkedAt], [f0].[PrisonerId], [f0].[Relationship], [f0].[UserId], [f0].[VerifiedByAdminId], [a].[Id], [a].[AccessFailedCount], [a].[Address], [a].[ConcurrencyStamp], [a].[CreatedAt], [a].[Email], [a].[EmailConfirmed], [a].[FullName], [a].[IsActive], [a].[LockoutEnabled], [a].[LockoutEnd], [a].[NormalizedEmail], [a].[NormalizedUserName], [a].[PasswordHash], [a].[PhoneNumber], [a].[PhoneNumberConfirmed], [a].[Role], [a].[SecurityStamp], [a].[TwoFactorEnabled], [a].[UserName], [p].[PrisonerId], [p].[CaseNumber], [p].[CellBlock], [p].[CellNumber], [p].[CreatedAt], [p].[CrimeCategory], [p].[DateOfBirth], [p].[FullName], [p].[Gender], [p].[PrisonerCode], [p].[SentenceEndDate], [p].[SentenceStartDate], [p].[Status], [p].[UpdatedAt]
FROM (
    SELECT TOP(@p) [f].[LinkId], [f].[IsVerified], [f].[LinkedAt], [f].[PrisonerId], [f].[Relationship], [f].[UserId], [f].[VerifiedByAdminId]
    FROM [FamilyPrisonerLinks] AS [f]
    WHERE [f].[IsVerified] = CAST(0 AS bit)
    ORDER BY [f].[LinkedAt] DESC
) AS [f0]
INNER JOIN [AspNetUsers] AS [a] ON [f0].[UserId] = [a].[Id]
INNER JOIN [Prisoners] AS [p] ON [f0].[PrisonerId] = [p].[PrisonerId]
ORDER BY [f0].[LinkedAt] DESC
2026-03-20 08:46:21.573 +05:30 [INF] Executed DbCommand (1ms) [Parameters=[@p='?' (DbType = Int32)], CommandType='"Text"', CommandTimeout='30']
SELECT TOP(@p) [a].[Id], [a].[AccessFailedCount], [a].[Address], [a].[ConcurrencyStamp], [a].[CreatedAt], [a].[Email], [a].[EmailConfirmed], [a].[FullName], [a].[IsActive], [a].[LockoutEnabled], [a].[LockoutEnd], [a].[NormalizedEmail], [a].[NormalizedUserName], [a].[PasswordHash], [a].[PhoneNumber], [a].[PhoneNumberConfirmed], [a].[Role], [a].[SecurityStamp], [a].[TwoFactorEnabled], [a].[UserName]
FROM [AspNetUsers] AS [a]
ORDER BY [a].[CreatedAt] DESC
2026-03-20 08:46:21.574 +05:30 [INF] Executing ViewResult, running view Dashboard.
2026-03-20 08:46:21.577 +05:30 [INF] Executed ViewResult - view Dashboard executed in 2.9665ms.
2026-03-20 08:46:21.578 +05:30 [INF] Executed action PrisonerPortal.Controllers.AdminController.Dashboard (PrisonerPortal) in 27.0532ms
2026-03-20 08:46:21.579 +05:30 [INF] Executed endpoint 'PrisonerPortal.Controllers.AdminController.Dashboard (PrisonerPortal)'
2026-03-20 08:46:21.580 +05:30 [INF] Request finished HTTP/1.1 GET http://localhost:5050/Admin/Dashboard - 200 null text/html; charset=utf-8 34.1602ms
2026-03-20 08:46:21.597 +05:30 [INF] Request starting HTTP/1.1 GET http://localhost:5050/Notifications/GetUnreadCount - null null
2026-03-20 08:46:21.600 +05:30 [INF] Executing endpoint 'PrisonerPortal.Controllers.NotificationsController.GetUnreadCount (PrisonerPortal)'
2026-03-20 08:46:21.603 +05:30 [INF] Route matched with {action = "GetUnreadCount", controller = "Notifications"}. Executing controller action with signature Microsoft.AspNetCore.Mvc.IActionResult GetUnreadCount() on controller PrisonerPortal.Controllers.NotificationsController (PrisonerPortal).
2026-03-20 08:46:21.605 +05:30 [INF] Executed DbCommand (0ms) [Parameters=[@userId='?' (Size = 450)], CommandType='"Text"', CommandTimeout='30']
SELECT COUNT(*)
FROM [Notifications] AS [n]
WHERE [n].[UserId] = @userId AND [n].[IsRead] = CAST(0 AS bit)
2026-03-20 08:46:21.608 +05:30 [INF] Executing JsonResult, writing value of type '<>f__AnonymousType2`1[[System.Int32, System.Private.CoreLib, Version=10.0.0.0, Culture=neutral, PublicKeyToken=7cec85d7bea7798e]]'.
2026-03-20 08:46:21.609 +05:30 [INF] Executed action PrisonerPortal.Controllers.NotificationsController.GetUnreadCount (PrisonerPortal) in 4.6063ms
2026-03-20 08:46:21.610 +05:30 [INF] Executed endpoint 'PrisonerPortal.Controllers.NotificationsController.GetUnreadCount (PrisonerPortal)'
2026-03-20 08:46:21.612 +05:30 [INF] Request finished HTTP/1.1 GET http://localhost:5050/Notifications/GetUnreadCount - 200 null application/json; charset=utf-8 14.4961ms
2026-03-20 08:46:28.380 +05:30 [INF] Request starting HTTP/1.1 POST http://localhost:5050/Admin/VerifyLink - application/x-www-form-urlencoded 230
2026-03-20 08:46:28.388 +05:30 [INF] Executing endpoint 'PrisonerPortal.Controllers.AdminController.VerifyLink (PrisonerPortal)'
2026-03-20 08:46:28.402 +05:30 [INF] Route matched with {action = "VerifyLink", controller = "Admin"}. Executing controller action with signature System.Threading.Tasks.Task`1[Microsoft.AspNetCore.Mvc.IActionResult] VerifyLink(Int32) on controller PrisonerPortal.Controllers.AdminController (PrisonerPortal).
2026-03-20 08:46:28.444 +05:30 [INF] Executed DbCommand (4ms) [Parameters=[@linkId='?' (DbType = Int32)], CommandType='"Text"', CommandTimeout='30']
SELECT TOP(1) [f].[LinkId], [f].[IsVerified], [f].[LinkedAt], [f].[PrisonerId], [f].[Relationship], [f].[UserId], [f].[VerifiedByAdminId], [p].[PrisonerId], [p].[CaseNumber], [p].[CellBlock], [p].[CellNumber], [p].[CreatedAt], [p].[CrimeCategory], [p].[DateOfBirth], [p].[FullName], [p].[Gender], [p].[PrisonerCode], [p].[SentenceEndDate], [p].[SentenceStartDate], [p].[Status], [p].[UpdatedAt]
FROM [FamilyPrisonerLinks] AS [f]
INNER JOIN [Prisoners] AS [p] ON [f].[PrisonerId] = [p].[PrisonerId]
WHERE [f].[LinkId] = @linkId
2026-03-20 08:46:28.481 +05:30 [INF] Executed DbCommand (8ms) [Parameters=[@p2='?' (DbType = Int32), @p0='?' (DbType = Boolean), @p1='?' (Size = 450)], CommandType='"Text"', CommandTimeout='30']
SET IMPLICIT_TRANSACTIONS OFF;
SET NOCOUNT ON;
UPDATE [FamilyPrisonerLinks] SET [IsVerified] = @p0, [VerifiedByAdminId] = @p1
OUTPUT 1
WHERE [LinkId] = @p2;
2026-03-20 08:46:28.489 +05:30 [INF] Executed DbCommand (1ms) [Parameters=[@p0='?' (DbType = DateTime2), @p1='?' (DbType = Boolean), @p2='?' (Size = 4000), @p3='?' (DbType = Int32), @p4='?' (Size = 4000), @p5='?' (Size = 4000), @p6='?' (Size = 4000), @p7='?' (Size = 450)], CommandType='"Text"', CommandTimeout='30']
SET IMPLICIT_TRANSACTIONS OFF;
SET NOCOUNT ON;
INSERT INTO [Notifications] ([CreatedAt], [IsRead], [Message], [RelatedEntityId], [RelatedEntityType], [Title], [Type], [UserId])
OUTPUT INSERTED.[NotificationId]
VALUES (@p0, @p1, @p2, @p3, @p4, @p5, @p6, @p7);
2026-03-20 08:46:28.492 +05:30 [INF] Executing RedirectResult, redirecting to /Admin/Dashboard.
2026-03-20 08:46:28.493 +05:30 [INF] Executed action PrisonerPortal.Controllers.AdminController.VerifyLink (PrisonerPortal) in 85.8813ms
2026-03-20 08:46:28.494 +05:30 [INF] Executed endpoint 'PrisonerPortal.Controllers.AdminController.VerifyLink (PrisonerPortal)'
2026-03-20 08:46:28.495 +05:30 [INF] Request finished HTTP/1.1 POST http://localhost:5050/Admin/VerifyLink - 302 0 null 114.0688ms
2026-03-20 08:46:28.500 +05:30 [INF] Request starting HTTP/1.1 GET http://localhost:5050/Admin/Dashboard - null null
2026-03-20 08:46:28.504 +05:30 [INF] Executing endpoint 'PrisonerPortal.Controllers.AdminController.Dashboard (PrisonerPortal)'
2026-03-20 08:46:28.505 +05:30 [INF] Route matched with {action = "Dashboard", controller = "Admin"}. Executing controller action with signature System.Threading.Tasks.Task`1[Microsoft.AspNetCore.Mvc.IActionResult] Dashboard() on controller PrisonerPortal.Controllers.AdminController (PrisonerPortal).
2026-03-20 08:46:28.508 +05:30 [INF] Executed DbCommand (0ms) [Parameters=[], CommandType='"Text"', CommandTimeout='30']
SELECT COUNT(*)
FROM [AspNetUsers] AS [a]
WHERE [a].[IsActive] = CAST(1 AS bit) AND [a].[Role] = N'Family'
2026-03-20 08:46:28.511 +05:30 [INF] Executed DbCommand (0ms) [Parameters=[], CommandType='"Text"', CommandTimeout='30']
SELECT COUNT(*)
FROM [Prisoners] AS [p]
WHERE [p].[Status] = N'Active'
2026-03-20 08:46:28.512 +05:30 [INF] Executed DbCommand (0ms) [Parameters=[], CommandType='"Text"', CommandTimeout='30']
SELECT COUNT(*)
FROM [Appointments] AS [a]
INNER JOIN [VisitSlots] AS [v] ON [a].[SlotId] = [v].[SlotId]
WHERE CONVERT(date, [v].[SlotDate]) = CONVERT(date, GETDATE()) AND [a].[Status] IN (N'Approved', N'Pending')
2026-03-20 08:46:28.514 +05:30 [INF] Executed DbCommand (0ms) [Parameters=[], CommandType='"Text"', CommandTimeout='30']
SELECT COUNT(*)
FROM [SupportRequests] AS [s]
WHERE [s].[Status] IN (N'Open', N'InProgress')
2026-03-20 08:46:28.516 +05:30 [INF] Executed DbCommand (0ms) [Parameters=[@p='?' (DbType = Int32)], CommandType='"Text"', CommandTimeout='30']
SELECT [a1].[AppointmentId], [a1].[AdminNotes], [a1].[AppointmentCode], [a1].[BookedAt], [a1].[NumVisitors], [a1].[PrisonerId], [a1].[Purpose], [a1].[RejectionReason], [a1].[SlotId], [a1].[Status], [a1].[UpdatedAt], [a1].[UserId], [a1].[VisitorNames], [a0].[Id], [a0].[AccessFailedCount], [a0].[Address], [a0].[ConcurrencyStamp], [a0].[CreatedAt], [a0].[Email], [a0].[EmailConfirmed], [a0].[FullName], [a0].[IsActive], [a0].[LockoutEnabled], [a0].[LockoutEnd], [a0].[NormalizedEmail], [a0].[NormalizedUserName], [a0].[PasswordHash], [a0].[PhoneNumber], [a0].[PhoneNumberConfirmed], [a0].[Role], [a0].[SecurityStamp], [a0].[TwoFactorEnabled], [a0].[UserName], [p].[PrisonerId], [p].[CaseNumber], [p].[CellBlock], [p].[CellNumber], [p].[CreatedAt], [p].[CrimeCategory], [p].[DateOfBirth], [p].[FullName], [p].[Gender], [p].[PrisonerCode], [p].[SentenceEndDate], [p].[SentenceStartDate], [p].[Status], [p].[UpdatedAt], [v].[SlotId], [v].[CreatedAt], [v].[CreatedByAdminId], [v].[CurrentBookings], [v].[EndTime], [v].[IsActive], [v].[MaxCapacity], [v].[SlotDate], [v].[StartTime]
FROM (
    SELECT TOP(@p) [a].[AppointmentId], [a].[AdminNotes], [a].[AppointmentCode], [a].[BookedAt], [a].[NumVisitors], [a].[PrisonerId], [a].[Purpose], [a].[RejectionReason], [a].[SlotId], [a].[Status], [a].[UpdatedAt], [a].[UserId], [a].[VisitorNames]
    FROM [Appointments] AS [a]
    WHERE [a].[Status] = N'Pending'
    ORDER BY [a].[BookedAt] DESC
) AS [a1]
INNER JOIN [AspNetUsers] AS [a0] ON [a1].[UserId] = [a0].[Id]
INNER JOIN [Prisoners] AS [p] ON [a1].[PrisonerId] = [p].[PrisonerId]
INNER JOIN [VisitSlots] AS [v] ON [a1].[SlotId] = [v].[SlotId]
ORDER BY [a1].[BookedAt] DESC
2026-03-20 08:46:28.520 +05:30 [INF] Executed DbCommand (1ms) [Parameters=[@p='?' (DbType = Int32)], CommandType='"Text"', CommandTimeout='30']
SELECT [s0].[RequestId], [s0].[AdminResponse], [s0].[AssignedAdminId], [s0].[Category], [s0].[CreatedAt], [s0].[Description], [s0].[Priority], [s0].[PrisonerId], [s0].[RequestCode], [s0].[ResolvedAt], [s0].[Status], [s0].[Subject], [s0].[UpdatedAt], [s0].[UserId], [a].[Id], [a].[AccessFailedCount], [a].[Address], [a].[ConcurrencyStamp], [a].[CreatedAt], [a].[Email], [a].[EmailConfirmed], [a].[FullName], [a].[IsActive], [a].[LockoutEnabled], [a].[LockoutEnd], [a].[NormalizedEmail], [a].[NormalizedUserName], [a].[PasswordHash], [a].[PhoneNumber], [a].[PhoneNumberConfirmed], [a].[Role], [a].[SecurityStamp], [a].[TwoFactorEnabled], [a].[UserName], [p].[PrisonerId], [p].[CaseNumber], [p].[CellBlock], [p].[CellNumber], [p].[CreatedAt], [p].[CrimeCategory], [p].[DateOfBirth], [p].[FullName], [p].[Gender], [p].[PrisonerCode], [p].[SentenceEndDate], [p].[SentenceStartDate], [p].[Status], [p].[UpdatedAt]
FROM (
    SELECT TOP(@p) [s].[RequestId], [s].[AdminResponse], [s].[AssignedAdminId], [s].[Category], [s].[CreatedAt], [s].[Description], [s].[Priority], [s].[PrisonerId], [s].[RequestCode], [s].[ResolvedAt], [s].[Status], [s].[Subject], [s].[UpdatedAt], [s].[UserId]
    FROM [SupportRequests] AS [s]
    WHERE [s].[Status] IN (N'Open', N'InProgress')
    ORDER BY [s].[CreatedAt] DESC
) AS [s0]
INNER JOIN [AspNetUsers] AS [a] ON [s0].[UserId] = [a].[Id]
LEFT JOIN [Prisoners] AS [p] ON [s0].[PrisonerId] = [p].[PrisonerId]
ORDER BY [s0].[CreatedAt] DESC
2026-03-20 08:46:28.524 +05:30 [INF] Executed DbCommand (1ms) [Parameters=[@p='?' (DbType = Int32)], CommandType='"Text"', CommandTimeout='30']
SELECT [f0].[LinkId], [f0].[IsVerified], [f0].[LinkedAt], [f0].[PrisonerId], [f0].[Relationship], [f0].[UserId], [f0].[VerifiedByAdminId], [a].[Id], [a].[AccessFailedCount], [a].[Address], [a].[ConcurrencyStamp], [a].[CreatedAt], [a].[Email], [a].[EmailConfirmed], [a].[FullName], [a].[IsActive], [a].[LockoutEnabled], [a].[LockoutEnd], [a].[NormalizedEmail], [a].[NormalizedUserName], [a].[PasswordHash], [a].[PhoneNumber], [a].[PhoneNumberConfirmed], [a].[Role], [a].[SecurityStamp], [a].[TwoFactorEnabled], [a].[UserName], [p].[PrisonerId], [p].[CaseNumber], [p].[CellBlock], [p].[CellNumber], [p].[CreatedAt], [p].[CrimeCategory], [p].[DateOfBirth], [p].[FullName], [p].[Gender], [p].[PrisonerCode], [p].[SentenceEndDate], [p].[SentenceStartDate], [p].[Status], [p].[UpdatedAt]
FROM (
    SELECT TOP(@p) [f].[LinkId], [f].[IsVerified], [f].[LinkedAt], [f].[PrisonerId], [f].[Relationship], [f].[UserId], [f].[VerifiedByAdminId]
    FROM [FamilyPrisonerLinks] AS [f]
    WHERE [f].[IsVerified] = CAST(0 AS bit)
    ORDER BY [f].[LinkedAt] DESC
) AS [f0]
INNER JOIN [AspNetUsers] AS [a] ON [f0].[UserId] = [a].[Id]
INNER JOIN [Prisoners] AS [p] ON [f0].[PrisonerId] = [p].[PrisonerId]
ORDER BY [f0].[LinkedAt] DESC
2026-03-20 08:46:28.529 +05:30 [INF] Executed DbCommand (0ms) [Parameters=[@p='?' (DbType = Int32)], CommandType='"Text"', CommandTimeout='30']
SELECT TOP(@p) [a].[Id], [a].[AccessFailedCount], [a].[Address], [a].[ConcurrencyStamp], [a].[CreatedAt], [a].[Email], [a].[EmailConfirmed], [a].[FullName], [a].[IsActive], [a].[LockoutEnabled], [a].[LockoutEnd], [a].[NormalizedEmail], [a].[NormalizedUserName], [a].[PasswordHash], [a].[PhoneNumber], [a].[PhoneNumberConfirmed], [a].[Role], [a].[SecurityStamp], [a].[TwoFactorEnabled], [a].[UserName]
FROM [AspNetUsers] AS [a]
ORDER BY [a].[CreatedAt] DESC
2026-03-20 08:46:28.532 +05:30 [INF] Executing ViewResult, running view Dashboard.
2026-03-20 08:46:28.534 +05:30 [INF] Executed ViewResult - view Dashboard executed in 1.5592ms.
2026-03-20 08:46:28.535 +05:30 [INF] Executed action PrisonerPortal.Controllers.AdminController.Dashboard (PrisonerPortal) in 28.6575ms
2026-03-20 08:46:28.537 +05:30 [INF] Executed endpoint 'PrisonerPortal.Controllers.AdminController.Dashboard (PrisonerPortal)'
2026-03-20 08:46:28.538 +05:30 [INF] Request finished HTTP/1.1 GET http://localhost:5050/Admin/Dashboard - 200 null text/html; charset=utf-8 37.8498ms
2026-03-20 08:46:28.564 +05:30 [INF] Request starting HTTP/1.1 GET http://localhost:5050/Notifications/GetUnreadCount - null null
2026-03-20 08:46:28.567 +05:30 [INF] Executing endpoint 'PrisonerPortal.Controllers.NotificationsController.GetUnreadCount (PrisonerPortal)'
2026-03-20 08:46:28.568 +05:30 [INF] Route matched with {action = "GetUnreadCount", controller = "Notifications"}. Executing controller action with signature Microsoft.AspNetCore.Mvc.IActionResult GetUnreadCount() on controller PrisonerPortal.Controllers.NotificationsController (PrisonerPortal).
2026-03-20 08:46:28.572 +05:30 [INF] Executed DbCommand (0ms) [Parameters=[@userId='?' (Size = 450)], CommandType='"Text"', CommandTimeout='30']
SELECT COUNT(*)
FROM [Notifications] AS [n]
WHERE [n].[UserId] = @userId AND [n].[IsRead] = CAST(0 AS bit)
2026-03-20 08:46:28.574 +05:30 [INF] Executing JsonResult, writing value of type '<>f__AnonymousType2`1[[System.Int32, System.Private.CoreLib, Version=10.0.0.0, Culture=neutral, PublicKeyToken=7cec85d7bea7798e]]'.
2026-03-20 08:46:28.575 +05:30 [INF] Executed action PrisonerPortal.Controllers.NotificationsController.GetUnreadCount (PrisonerPortal) in 4.923ms
2026-03-20 08:46:28.577 +05:30 [INF] Executed endpoint 'PrisonerPortal.Controllers.NotificationsController.GetUnreadCount (PrisonerPortal)'
2026-03-20 08:46:28.578 +05:30 [INF] Request finished HTTP/1.1 GET http://localhost:5050/Notifications/GetUnreadCount - 200 null application/json; charset=utf-8 14.4161ms
2026-03-20 08:46:34.342 +05:30 [INF] Request starting HTTP/1.1 GET http://localhost:5050/Admin/Prisoners - null null
2026-03-20 08:46:34.347 +05:30 [INF] Executing endpoint 'PrisonerPortal.Controllers.AdminController.Prisoners (PrisonerPortal)'
2026-03-20 08:46:34.348 +05:30 [INF] Route matched with {action = "Prisoners", controller = "Admin"}. Executing controller action with signature System.Threading.Tasks.Task`1[Microsoft.AspNetCore.Mvc.IActionResult] Prisoners() on controller PrisonerPortal.Controllers.AdminController (PrisonerPortal).
2026-03-20 08:46:34.353 +05:30 [INF] Executed DbCommand (1ms) [Parameters=[], CommandType='"Text"', CommandTimeout='30']
SELECT [p].[PrisonerId], [p].[CaseNumber], [p].[CellBlock], [p].[CellNumber], [p].[CreatedAt], [p].[CrimeCategory], [p].[DateOfBirth], [p].[FullName], [p].[Gender], [p].[PrisonerCode], [p].[SentenceEndDate], [p].[SentenceStartDate], [p].[Status], [p].[UpdatedAt]
FROM [Prisoners] AS [p]
ORDER BY [p].[FullName]
2026-03-20 08:46:34.356 +05:30 [INF] Executing ViewResult, running view Prisoners.
2026-03-20 08:46:34.358 +05:30 [INF] Executed ViewResult - view Prisoners executed in 2.146ms.
2026-03-20 08:46:34.360 +05:30 [INF] Executed action PrisonerPortal.Controllers.AdminController.Prisoners (PrisonerPortal) in 9.8183ms
2026-03-20 08:46:34.361 +05:30 [INF] Executed endpoint 'PrisonerPortal.Controllers.AdminController.Prisoners (PrisonerPortal)'
2026-03-20 08:46:34.363 +05:30 [INF] Request finished HTTP/1.1 GET http://localhost:5050/Admin/Prisoners - 200 null text/html; charset=utf-8 20.9915ms
2026-03-20 08:46:34.376 +05:30 [INF] Request starting HTTP/1.1 GET http://localhost:5050/Notifications/GetUnreadCount - null null
2026-03-20 08:46:34.380 +05:30 [INF] Executing endpoint 'PrisonerPortal.Controllers.NotificationsController.GetUnreadCount (PrisonerPortal)'
2026-03-20 08:46:34.382 +05:30 [INF] Route matched with {action = "GetUnreadCount", controller = "Notifications"}. Executing controller action with signature Microsoft.AspNetCore.Mvc.IActionResult GetUnreadCount() on controller PrisonerPortal.Controllers.NotificationsController (PrisonerPortal).
2026-03-20 08:46:34.387 +05:30 [INF] Executed DbCommand (1ms) [Parameters=[@userId='?' (Size = 450)], CommandType='"Text"', CommandTimeout='30']
SELECT COUNT(*)
FROM [Notifications] AS [n]
WHERE [n].[UserId] = @userId AND [n].[IsRead] = CAST(0 AS bit)
2026-03-20 08:46:34.389 +05:30 [INF] Executing JsonResult, writing value of type '<>f__AnonymousType2`1[[System.Int32, System.Private.CoreLib, Version=10.0.0.0, Culture=neutral, PublicKeyToken=7cec85d7bea7798e]]'.
2026-03-20 08:46:34.390 +05:30 [INF] Executed action PrisonerPortal.Controllers.NotificationsController.GetUnreadCount (PrisonerPortal) in 4.2011ms
2026-03-20 08:46:34.391 +05:30 [INF] Executed endpoint 'PrisonerPortal.Controllers.NotificationsController.GetUnreadCount (PrisonerPortal)'
2026-03-20 08:46:34.392 +05:30 [INF] Request finished HTTP/1.1 GET http://localhost:5050/Notifications/GetUnreadCount - 200 null application/json; charset=utf-8 15.954ms
2026-03-20 08:46:36.704 +05:30 [INF] Request starting HTTP/1.1 GET http://localhost:5050/Admin/ViewPrisoner/4 - null null
2026-03-20 08:46:36.711 +05:30 [INF] Executing endpoint 'PrisonerPortal.Controllers.AdminController.ViewPrisoner (PrisonerPortal)'
2026-03-20 08:46:36.714 +05:30 [INF] Route matched with {action = "ViewPrisoner", controller = "Admin"}. Executing controller action with signature System.Threading.Tasks.Task`1[Microsoft.AspNetCore.Mvc.IActionResult] ViewPrisoner(Int32) on controller PrisonerPortal.Controllers.AdminController (PrisonerPortal).
2026-03-20 08:46:36.717 +05:30 [INF] Executed DbCommand (1ms) [Parameters=[@id='?' (DbType = Int32)], CommandType='"Text"', CommandTimeout='30']
SELECT [p0].[PrisonerId], [p0].[CaseNumber], [p0].[CellBlock], [p0].[CellNumber], [p0].[CreatedAt], [p0].[CrimeCategory], [p0].[DateOfBirth], [p0].[FullName], [p0].[Gender], [p0].[PrisonerCode], [p0].[SentenceEndDate], [p0].[SentenceStartDate], [p0].[Status], [p0].[UpdatedAt], [s0].[LinkId], [s0].[IsVerified], [s0].[LinkedAt], [s0].[PrisonerId], [s0].[Relationship], [s0].[UserId], [s0].[VerifiedByAdminId], [s0].[Id], [s0].[AccessFailedCount], [s0].[Address], [s0].[ConcurrencyStamp], [s0].[CreatedAt], [s0].[Email], [s0].[EmailConfirmed], [s0].[FullName], [s0].[IsActive], [s0].[LockoutEnabled], [s0].[LockoutEnd], [s0].[NormalizedEmail], [s0].[NormalizedUserName], [s0].[PasswordHash], [s0].[PhoneNumber], [s0].[PhoneNumberConfirmed], [s0].[Role], [s0].[SecurityStamp], [s0].[TwoFactorEnabled], [s0].[UserName], [s1].[AppointmentId], [s1].[AdminNotes], [s1].[AppointmentCode], [s1].[BookedAt], [s1].[NumVisitors], [s1].[PrisonerId], [s1].[Purpose], [s1].[RejectionReason], [s1].[SlotId], [s1].[Status], [s1].[UpdatedAt], [s1].[UserId], [s1].[VisitorNames], [s1].[Id], [s1].[AccessFailedCount], [s1].[Address], [s1].[ConcurrencyStamp], [s1].[CreatedAt], [s1].[Email], [s1].[EmailConfirmed], [s1].[FullName], [s1].[IsActive], [s1].[LockoutEnabled], [s1].[LockoutEnd], [s1].[NormalizedEmail], [s1].[NormalizedUserName], [s1].[PasswordHash], [s1].[PhoneNumber], [s1].[PhoneNumberConfirmed], [s1].[Role], [s1].[SecurityStamp], [s1].[TwoFactorEnabled], [s1].[UserName], [s].[RequestId], [s].[AdminResponse], [s].[AssignedAdminId], [s].[Category], [s].[CreatedAt], [s].[Description], [s].[Priority], [s].[PrisonerId], [s].[RequestCode], [s].[ResolvedAt], [s].[Status], [s].[Subject], [s].[UpdatedAt], [s].[UserId]
FROM (
    SELECT TOP(1) [p].[PrisonerId], [p].[CaseNumber], [p].[CellBlock], [p].[CellNumber], [p].[CreatedAt], [p].[CrimeCategory], [p].[DateOfBirth], [p].[FullName], [p].[Gender], [p].[PrisonerCode], [p].[SentenceEndDate], [p].[SentenceStartDate], [p].[Status], [p].[UpdatedAt]
    FROM [Prisoners] AS [p]
    WHERE [p].[PrisonerId] = @id
) AS [p0]
LEFT JOIN (
    SELECT [f].[LinkId], [f].[IsVerified], [f].[LinkedAt], [f].[PrisonerId], [f].[Relationship], [f].[UserId], [f].[VerifiedByAdminId], [a].[Id], [a].[AccessFailedCount], [a].[Address], [a].[ConcurrencyStamp], [a].[CreatedAt], [a].[Email], [a].[EmailConfirmed], [a].[FullName], [a].[IsActive], [a].[LockoutEnabled], [a].[LockoutEnd], [a].[NormalizedEmail], [a].[NormalizedUserName], [a].[PasswordHash], [a].[PhoneNumber], [a].[PhoneNumberConfirmed], [a].[Role], [a].[SecurityStamp], [a].[TwoFactorEnabled], [a].[UserName]
    FROM [FamilyPrisonerLinks] AS [f]
    INNER JOIN [AspNetUsers] AS [a] ON [f].[UserId] = [a].[Id]
) AS [s0] ON [p0].[PrisonerId] = [s0].[PrisonerId]
LEFT JOIN (
    SELECT [a0].[AppointmentId], [a0].[AdminNotes], [a0].[AppointmentCode], [a0].[BookedAt], [a0].[NumVisitors], [a0].[PrisonerId], [a0].[Purpose], [a0].[RejectionReason], [a0].[SlotId], [a0].[Status], [a0].[UpdatedAt], [a0].[UserId], [a0].[VisitorNames], [a1].[Id], [a1].[AccessFailedCount], [a1].[Address], [a1].[ConcurrencyStamp], [a1].[CreatedAt], [a1].[Email], [a1].[EmailConfirmed], [a1].[FullName], [a1].[IsActive], [a1].[LockoutEnabled], [a1].[LockoutEnd], [a1].[NormalizedEmail], [a1].[NormalizedUserName], [a1].[PasswordHash], [a1].[PhoneNumber], [a1].[PhoneNumberConfirmed], [a1].[Role], [a1].[SecurityStamp], [a1].[TwoFactorEnabled], [a1].[UserName]
    FROM [Appointments] AS [a0]
    INNER JOIN [AspNetUsers] AS [a1] ON [a0].[UserId] = [a1].[Id]
) AS [s1] ON [p0].[PrisonerId] = [s1].[PrisonerId]
LEFT JOIN [SupportRequests] AS [s] ON [p0].[PrisonerId] = [s].[PrisonerId]
ORDER BY [p0].[PrisonerId], [s0].[LinkId], [s0].[Id], [s1].[AppointmentId], [s1].[Id]
2026-03-20 08:46:36.720 +05:30 [INF] Executing ViewResult, running view ViewPrisoner.
2026-03-20 08:46:36.721 +05:30 [INF] Executed ViewResult - view ViewPrisoner executed in 1.7423ms.
2026-03-20 08:46:36.723 +05:30 [INF] Executed action PrisonerPortal.Controllers.AdminController.ViewPrisoner (PrisonerPortal) in 7.7318ms
2026-03-20 08:46:36.724 +05:30 [INF] Executed endpoint 'PrisonerPortal.Controllers.AdminController.ViewPrisoner (PrisonerPortal)'
2026-03-20 08:46:36.725 +05:30 [INF] Request finished HTTP/1.1 GET http://localhost:5050/Admin/ViewPrisoner/4 - 200 null text/html; charset=utf-8 21.0218ms
2026-03-20 08:46:36.749 +05:30 [INF] Request starting HTTP/1.1 GET http://localhost:5050/Notifications/GetUnreadCount - null null
2026-03-20 08:46:36.753 +05:30 [INF] Executing endpoint 'PrisonerPortal.Controllers.NotificationsController.GetUnreadCount (PrisonerPortal)'
2026-03-20 08:46:36.755 +05:30 [INF] Route matched with {action = "GetUnreadCount", controller = "Notifications"}. Executing controller action with signature Microsoft.AspNetCore.Mvc.IActionResult GetUnreadCount() on controller PrisonerPortal.Controllers.NotificationsController (PrisonerPortal).
2026-03-20 08:46:36.758 +05:30 [INF] Executed DbCommand (0ms) [Parameters=[@userId='?' (Size = 450)], CommandType='"Text"', CommandTimeout='30']
SELECT COUNT(*)
FROM [Notifications] AS [n]
WHERE [n].[UserId] = @userId AND [n].[IsRead] = CAST(0 AS bit)
2026-03-20 08:46:36.761 +05:30 [INF] Executing JsonResult, writing value of type '<>f__AnonymousType2`1[[System.Int32, System.Private.CoreLib, Version=10.0.0.0, Culture=neutral, PublicKeyToken=7cec85d7bea7798e]]'.
2026-03-20 08:46:36.762 +05:30 [INF] Executed action PrisonerPortal.Controllers.NotificationsController.GetUnreadCount (PrisonerPortal) in 4.5249ms
2026-03-20 08:46:36.763 +05:30 [INF] Executed endpoint 'PrisonerPortal.Controllers.NotificationsController.GetUnreadCount (PrisonerPortal)'
2026-03-20 08:46:36.765 +05:30 [INF] Request finished HTTP/1.1 GET http://localhost:5050/Notifications/GetUnreadCount - 200 null application/json; charset=utf-8 15.8451ms
2026-03-20 08:47:06.761 +05:30 [INF] Request starting HTTP/1.1 GET http://localhost:5050/Notifications/GetUnreadCount - null null
2026-03-20 08:47:06.774 +05:30 [INF] Executing endpoint 'PrisonerPortal.Controllers.NotificationsController.GetUnreadCount (PrisonerPortal)'
2026-03-20 08:47:06.779 +05:30 [INF] Route matched with {action = "GetUnreadCount", controller = "Notifications"}. Executing controller action with signature Microsoft.AspNetCore.Mvc.IActionResult GetUnreadCount() on controller PrisonerPortal.Controllers.NotificationsController (PrisonerPortal).
2026-03-20 08:47:06.790 +05:30 [INF] Executed DbCommand (1ms) [Parameters=[@userId='?' (Size = 450)], CommandType='"Text"', CommandTimeout='30']
SELECT COUNT(*)
FROM [Notifications] AS [n]
WHERE [n].[UserId] = @userId AND [n].[IsRead] = CAST(0 AS bit)
2026-03-20 08:47:06.800 +05:30 [INF] Executing JsonResult, writing value of type '<>f__AnonymousType2`1[[System.Int32, System.Private.CoreLib, Version=10.0.0.0, Culture=neutral, PublicKeyToken=7cec85d7bea7798e]]'.
2026-03-20 08:47:06.805 +05:30 [INF] Executed action PrisonerPortal.Controllers.NotificationsController.GetUnreadCount (PrisonerPortal) in 17.3237ms
2026-03-20 08:47:06.810 +05:30 [INF] Executed endpoint 'PrisonerPortal.Controllers.NotificationsController.GetUnreadCount (PrisonerPortal)'
2026-03-20 08:47:06.815 +05:30 [INF] Request finished HTTP/1.1 GET http://localhost:5050/Notifications/GetUnreadCount - 200 null application/json; charset=utf-8 53.5793ms
2026-03-20 08:47:36.758 +05:30 [INF] Request starting HTTP/1.1 GET http://localhost:5050/Notifications/GetUnreadCount - null null
2026-03-20 08:47:36.771 +05:30 [INF] Executing endpoint 'PrisonerPortal.Controllers.NotificationsController.GetUnreadCount (PrisonerPortal)'
2026-03-20 08:47:36.772 +05:30 [INF] Route matched with {action = "GetUnreadCount", controller = "Notifications"}. Executing controller action with signature Microsoft.AspNetCore.Mvc.IActionResult GetUnreadCount() on controller PrisonerPortal.Controllers.NotificationsController (PrisonerPortal).
2026-03-20 08:47:36.776 +05:30 [INF] Executed DbCommand (1ms) [Parameters=[@userId='?' (Size = 450)], CommandType='"Text"', CommandTimeout='30']
SELECT COUNT(*)
FROM [Notifications] AS [n]
WHERE [n].[UserId] = @userId AND [n].[IsRead] = CAST(0 AS bit)
2026-03-20 08:47:36.780 +05:30 [INF] Executing JsonResult, writing value of type '<>f__AnonymousType2`1[[System.Int32, System.Private.CoreLib, Version=10.0.0.0, Culture=neutral, PublicKeyToken=7cec85d7bea7798e]]'.
2026-03-20 08:47:36.782 +05:30 [INF] Executed action PrisonerPortal.Controllers.NotificationsController.GetUnreadCount (PrisonerPortal) in 6.8473ms
2026-03-20 08:47:36.783 +05:30 [INF] Executed endpoint 'PrisonerPortal.Controllers.NotificationsController.GetUnreadCount (PrisonerPortal)'
2026-03-20 08:47:36.783 +05:30 [INF] Request finished HTTP/1.1 GET http://localhost:5050/Notifications/GetUnreadCount - 200 null application/json; charset=utf-8 25.7915ms
2026-03-20 08:47:43.981 +05:30 [INF] Request starting HTTP/1.1 GET http://localhost:5050/Admin/Users - null null
2026-03-20 08:47:43.988 +05:30 [INF] Executing endpoint 'PrisonerPortal.Controllers.AdminController.Users (PrisonerPortal)'
2026-03-20 08:47:43.989 +05:30 [INF] Route matched with {action = "Users", controller = "Admin"}. Executing controller action with signature System.Threading.Tasks.Task`1[Microsoft.AspNetCore.Mvc.IActionResult] Users(System.String, System.String) on controller PrisonerPortal.Controllers.AdminController (PrisonerPortal).
2026-03-20 08:47:43.993 +05:30 [INF] Executed DbCommand (1ms) [Parameters=[], CommandType='"Text"', CommandTimeout='30']
SELECT [a].[Id], [a].[AccessFailedCount], [a].[Address], [a].[ConcurrencyStamp], [a].[CreatedAt], [a].[Email], [a].[EmailConfirmed], [a].[FullName], [a].[IsActive], [a].[LockoutEnabled], [a].[LockoutEnd], [a].[NormalizedEmail], [a].[NormalizedUserName], [a].[PasswordHash], [a].[PhoneNumber], [a].[PhoneNumberConfirmed], [a].[Role], [a].[SecurityStamp], [a].[TwoFactorEnabled], [a].[UserName]
FROM [AspNetUsers] AS [a]
ORDER BY [a].[CreatedAt] DESC
2026-03-20 08:47:43.996 +05:30 [INF] Executing ViewResult, running view Users.
2026-03-20 08:47:43.999 +05:30 [INF] Executed ViewResult - view Users executed in 2.765ms.
2026-03-20 08:47:44.000 +05:30 [INF] Executed action PrisonerPortal.Controllers.AdminController.Users (PrisonerPortal) in 8.757ms
2026-03-20 08:47:44.002 +05:30 [INF] Executed endpoint 'PrisonerPortal.Controllers.AdminController.Users (PrisonerPortal)'
2026-03-20 08:47:44.003 +05:30 [INF] Request finished HTTP/1.1 GET http://localhost:5050/Admin/Users - 200 null text/html; charset=utf-8 21.5884ms
2026-03-20 08:47:44.019 +05:30 [INF] Request starting HTTP/1.1 GET http://localhost:5050/Notifications/GetUnreadCount - null null
2026-03-20 08:47:44.022 +05:30 [INF] Executing endpoint 'PrisonerPortal.Controllers.NotificationsController.GetUnreadCount (PrisonerPortal)'
2026-03-20 08:47:44.023 +05:30 [INF] Route matched with {action = "GetUnreadCount", controller = "Notifications"}. Executing controller action with signature Microsoft.AspNetCore.Mvc.IActionResult GetUnreadCount() on controller PrisonerPortal.Controllers.NotificationsController (PrisonerPortal).
2026-03-20 08:47:44.027 +05:30 [INF] Executed DbCommand (1ms) [Parameters=[@userId='?' (Size = 450)], CommandType='"Text"', CommandTimeout='30']
SELECT COUNT(*)
FROM [Notifications] AS [n]
WHERE [n].[UserId] = @userId AND [n].[IsRead] = CAST(0 AS bit)
2026-03-20 08:47:44.030 +05:30 [INF] Executing JsonResult, writing value of type '<>f__AnonymousType2`1[[System.Int32, System.Private.CoreLib, Version=10.0.0.0, Culture=neutral, PublicKeyToken=7cec85d7bea7798e]]'.
2026-03-20 08:47:44.031 +05:30 [INF] Executed action PrisonerPortal.Controllers.NotificationsController.GetUnreadCount (PrisonerPortal) in 6.1871ms
2026-03-20 08:47:44.032 +05:30 [INF] Executed endpoint 'PrisonerPortal.Controllers.NotificationsController.GetUnreadCount (PrisonerPortal)'
2026-03-20 08:47:44.034 +05:30 [INF] Request finished HTTP/1.1 GET http://localhost:5050/Notifications/GetUnreadCount - 200 null application/json; charset=utf-8 15.0716ms
2026-03-20 08:47:53.914 +05:30 [INF] Request starting HTTP/1.1 GET http://localhost:5050/Admin/FamilyLinks?filter=verified - null null
2026-03-20 08:47:53.920 +05:30 [INF] Executing endpoint 'PrisonerPortal.Controllers.AdminController.FamilyLinks (PrisonerPortal)'
2026-03-20 08:47:53.922 +05:30 [INF] Route matched with {action = "FamilyLinks", controller = "Admin"}. Executing controller action with signature System.Threading.Tasks.Task`1[Microsoft.AspNetCore.Mvc.IActionResult] FamilyLinks(System.String) on controller PrisonerPortal.Controllers.AdminController (PrisonerPortal).
2026-03-20 08:47:53.989 +05:30 [INF] Executed DbCommand (10ms) [Parameters=[], CommandType='"Text"', CommandTimeout='30']
SELECT [f].[LinkId], [f].[IsVerified], [f].[LinkedAt], [f].[PrisonerId], [f].[Relationship], [f].[UserId], [f].[VerifiedByAdminId], [a].[Id], [a].[AccessFailedCount], [a].[Address], [a].[ConcurrencyStamp], [a].[CreatedAt], [a].[Email], [a].[EmailConfirmed], [a].[FullName], [a].[IsActive], [a].[LockoutEnabled], [a].[LockoutEnd], [a].[NormalizedEmail], [a].[NormalizedUserName], [a].[PasswordHash], [a].[PhoneNumber], [a].[PhoneNumberConfirmed], [a].[Role], [a].[SecurityStamp], [a].[TwoFactorEnabled], [a].[UserName], [p].[PrisonerId], [p].[CaseNumber], [p].[CellBlock], [p].[CellNumber], [p].[CreatedAt], [p].[CrimeCategory], [p].[DateOfBirth], [p].[FullName], [p].[Gender], [p].[PrisonerCode], [p].[SentenceEndDate], [p].[SentenceStartDate], [p].[Status], [p].[UpdatedAt]
FROM [FamilyPrisonerLinks] AS [f]
INNER JOIN [AspNetUsers] AS [a] ON [f].[UserId] = [a].[Id]
INNER JOIN [Prisoners] AS [p] ON [f].[PrisonerId] = [p].[PrisonerId]
WHERE [f].[IsVerified] = CAST(1 AS bit)
ORDER BY [f].[LinkedAt] DESC
2026-03-20 08:47:54.001 +05:30 [INF] Executing ViewResult, running view FamilyLinks.
2026-03-20 08:47:54.007 +05:30 [INF] Executed ViewResult - view FamilyLinks executed in 6.0041ms.
2026-03-20 08:47:54.011 +05:30 [INF] Executed action PrisonerPortal.Controllers.AdminController.FamilyLinks (PrisonerPortal) in 85.8334ms
2026-03-20 08:47:54.012 +05:30 [INF] Executed endpoint 'PrisonerPortal.Controllers.AdminController.FamilyLinks (PrisonerPortal)'
2026-03-20 08:47:54.013 +05:30 [INF] Request finished HTTP/1.1 GET http://localhost:5050/Admin/FamilyLinks?filter=verified - 200 null text/html; charset=utf-8 98.8666ms
2026-03-20 08:47:54.028 +05:30 [INF] Request starting HTTP/1.1 GET http://localhost:5050/Notifications/GetUnreadCount - null null
2026-03-20 08:47:54.031 +05:30 [INF] Executing endpoint 'PrisonerPortal.Controllers.NotificationsController.GetUnreadCount (PrisonerPortal)'
2026-03-20 08:47:54.032 +05:30 [INF] Route matched with {action = "GetUnreadCount", controller = "Notifications"}. Executing controller action with signature Microsoft.AspNetCore.Mvc.IActionResult GetUnreadCount() on controller PrisonerPortal.Controllers.NotificationsController (PrisonerPortal).
2026-03-20 08:47:54.036 +05:30 [INF] Executed DbCommand (0ms) [Parameters=[@userId='?' (Size = 450)], CommandType='"Text"', CommandTimeout='30']
SELECT COUNT(*)
FROM [Notifications] AS [n]
WHERE [n].[UserId] = @userId AND [n].[IsRead] = CAST(0 AS bit)
2026-03-20 08:47:54.038 +05:30 [INF] Executing JsonResult, writing value of type '<>f__AnonymousType2`1[[System.Int32, System.Private.CoreLib, Version=10.0.0.0, Culture=neutral, PublicKeyToken=7cec85d7bea7798e]]'.
2026-03-20 08:47:54.040 +05:30 [INF] Executed action PrisonerPortal.Controllers.NotificationsController.GetUnreadCount (PrisonerPortal) in 5.4422ms
2026-03-20 08:47:54.042 +05:30 [INF] Executed endpoint 'PrisonerPortal.Controllers.NotificationsController.GetUnreadCount (PrisonerPortal)'
2026-03-20 08:47:54.043 +05:30 [INF] Request finished HTTP/1.1 GET http://localhost:5050/Notifications/GetUnreadCount - 200 null application/json; charset=utf-8 15.5065ms
2026-03-20 08:47:58.490 +05:30 [INF] Request starting HTTP/1.1 GET http://localhost:5050/Admin/FamilyLinks?filter=pending - null null
2026-03-20 08:47:58.493 +05:30 [INF] Executing endpoint 'PrisonerPortal.Controllers.AdminController.FamilyLinks (PrisonerPortal)'
2026-03-20 08:47:58.495 +05:30 [INF] Route matched with {action = "FamilyLinks", controller = "Admin"}. Executing controller action with signature System.Threading.Tasks.Task`1[Microsoft.AspNetCore.Mvc.IActionResult] FamilyLinks(System.String) on controller PrisonerPortal.Controllers.AdminController (PrisonerPortal).
2026-03-20 08:47:58.542 +05:30 [INF] Executed DbCommand (5ms) [Parameters=[], CommandType='"Text"', CommandTimeout='30']
SELECT [f].[LinkId], [f].[IsVerified], [f].[LinkedAt], [f].[PrisonerId], [f].[Relationship], [f].[UserId], [f].[VerifiedByAdminId], [a].[Id], [a].[AccessFailedCount], [a].[Address], [a].[ConcurrencyStamp], [a].[CreatedAt], [a].[Email], [a].[EmailConfirmed], [a].[FullName], [a].[IsActive], [a].[LockoutEnabled], [a].[LockoutEnd], [a].[NormalizedEmail], [a].[NormalizedUserName], [a].[PasswordHash], [a].[PhoneNumber], [a].[PhoneNumberConfirmed], [a].[Role], [a].[SecurityStamp], [a].[TwoFactorEnabled], [a].[UserName], [p].[PrisonerId], [p].[CaseNumber], [p].[CellBlock], [p].[CellNumber], [p].[CreatedAt], [p].[CrimeCategory], [p].[DateOfBirth], [p].[FullName], [p].[Gender], [p].[PrisonerCode], [p].[SentenceEndDate], [p].[SentenceStartDate], [p].[Status], [p].[UpdatedAt]
FROM [FamilyPrisonerLinks] AS [f]
INNER JOIN [AspNetUsers] AS [a] ON [f].[UserId] = [a].[Id]
INNER JOIN [Prisoners] AS [p] ON [f].[PrisonerId] = [p].[PrisonerId]
WHERE [f].[IsVerified] = CAST(0 AS bit)
ORDER BY [f].[LinkedAt] DESC
2026-03-20 08:47:58.547 +05:30 [INF] Executing ViewResult, running view FamilyLinks.
2026-03-20 08:47:58.551 +05:30 [INF] Executed ViewResult - view FamilyLinks executed in 3.7035ms.
2026-03-20 08:47:58.553 +05:30 [INF] Executed action PrisonerPortal.Controllers.AdminController.FamilyLinks (PrisonerPortal) in 56.1394ms
2026-03-20 08:47:58.555 +05:30 [INF] Executed endpoint 'PrisonerPortal.Controllers.AdminController.FamilyLinks (PrisonerPortal)'
2026-03-20 08:47:58.557 +05:30 [INF] Request finished HTTP/1.1 GET http://localhost:5050/Admin/FamilyLinks?filter=pending - 200 null text/html; charset=utf-8 67.1658ms
2026-03-20 08:47:58.573 +05:30 [INF] Request starting HTTP/1.1 GET http://localhost:5050/Notifications/GetUnreadCount - null null
2026-03-20 08:47:58.577 +05:30 [INF] Executing endpoint 'PrisonerPortal.Controllers.NotificationsController.GetUnreadCount (PrisonerPortal)'
2026-03-20 08:47:58.578 +05:30 [INF] Route matched with {action = "GetUnreadCount", controller = "Notifications"}. Executing controller action with signature Microsoft.AspNetCore.Mvc.IActionResult GetUnreadCount() on controller PrisonerPortal.Controllers.NotificationsController (PrisonerPortal).
2026-03-20 08:47:58.583 +05:30 [INF] Executed DbCommand (1ms) [Parameters=[@userId='?' (Size = 450)], CommandType='"Text"', CommandTimeout='30']
SELECT COUNT(*)
FROM [Notifications] AS [n]
WHERE [n].[UserId] = @userId AND [n].[IsRead] = CAST(0 AS bit)
2026-03-20 08:47:58.586 +05:30 [INF] Executing JsonResult, writing value of type '<>f__AnonymousType2`1[[System.Int32, System.Private.CoreLib, Version=10.0.0.0, Culture=neutral, PublicKeyToken=7cec85d7bea7798e]]'.
2026-03-20 08:47:58.587 +05:30 [INF] Executed action PrisonerPortal.Controllers.NotificationsController.GetUnreadCount (PrisonerPortal) in 5.7418ms
2026-03-20 08:47:58.589 +05:30 [INF] Executed endpoint 'PrisonerPortal.Controllers.NotificationsController.GetUnreadCount (PrisonerPortal)'
2026-03-20 08:47:58.590 +05:30 [INF] Request finished HTTP/1.1 GET http://localhost:5050/Notifications/GetUnreadCount - 200 null application/json; charset=utf-8 17.2968ms
2026-03-20 08:48:00.228 +05:30 [INF] Request starting HTTP/1.1 GET http://localhost:5050/Admin/FamilyLinks - null null
2026-03-20 08:48:00.235 +05:30 [INF] Executing endpoint 'PrisonerPortal.Controllers.AdminController.FamilyLinks (PrisonerPortal)'
2026-03-20 08:48:00.237 +05:30 [INF] Route matched with {action = "FamilyLinks", controller = "Admin"}. Executing controller action with signature System.Threading.Tasks.Task`1[Microsoft.AspNetCore.Mvc.IActionResult] FamilyLinks(System.String) on controller PrisonerPortal.Controllers.AdminController (PrisonerPortal).
2026-03-20 08:48:00.241 +05:30 [INF] Executed DbCommand (1ms) [Parameters=[], CommandType='"Text"', CommandTimeout='30']
SELECT [f].[LinkId], [f].[IsVerified], [f].[LinkedAt], [f].[PrisonerId], [f].[Relationship], [f].[UserId], [f].[VerifiedByAdminId], [a].[Id], [a].[AccessFailedCount], [a].[Address], [a].[ConcurrencyStamp], [a].[CreatedAt], [a].[Email], [a].[EmailConfirmed], [a].[FullName], [a].[IsActive], [a].[LockoutEnabled], [a].[LockoutEnd], [a].[NormalizedEmail], [a].[NormalizedUserName], [a].[PasswordHash], [a].[PhoneNumber], [a].[PhoneNumberConfirmed], [a].[Role], [a].[SecurityStamp], [a].[TwoFactorEnabled], [a].[UserName], [p].[PrisonerId], [p].[CaseNumber], [p].[CellBlock], [p].[CellNumber], [p].[CreatedAt], [p].[CrimeCategory], [p].[DateOfBirth], [p].[FullName], [p].[Gender], [p].[PrisonerCode], [p].[SentenceEndDate], [p].[SentenceStartDate], [p].[Status], [p].[UpdatedAt]
FROM [FamilyPrisonerLinks] AS [f]
INNER JOIN [AspNetUsers] AS [a] ON [f].[UserId] = [a].[Id]
INNER JOIN [Prisoners] AS [p] ON [f].[PrisonerId] = [p].[PrisonerId]
ORDER BY [f].[LinkedAt] DESC
2026-03-20 08:48:00.244 +05:30 [INF] Executing ViewResult, running view FamilyLinks.
2026-03-20 08:48:00.246 +05:30 [INF] Executed ViewResult - view FamilyLinks executed in 1.9038ms.
2026-03-20 08:48:00.247 +05:30 [INF] Executed action PrisonerPortal.Controllers.AdminController.FamilyLinks (PrisonerPortal) in 7.9179ms
2026-03-20 08:48:00.249 +05:30 [INF] Executed endpoint 'PrisonerPortal.Controllers.AdminController.FamilyLinks (PrisonerPortal)'
2026-03-20 08:48:00.251 +05:30 [INF] Request finished HTTP/1.1 GET http://localhost:5050/Admin/FamilyLinks - 200 null text/html; charset=utf-8 22.5668ms
2026-03-20 08:48:00.263 +05:30 [INF] Request starting HTTP/1.1 GET http://localhost:5050/Notifications/GetUnreadCount - null null
2026-03-20 08:48:00.266 +05:30 [INF] Executing endpoint 'PrisonerPortal.Controllers.NotificationsController.GetUnreadCount (PrisonerPortal)'
2026-03-20 08:48:00.267 +05:30 [INF] Route matched with {action = "GetUnreadCount", controller = "Notifications"}. Executing controller action with signature Microsoft.AspNetCore.Mvc.IActionResult GetUnreadCount() on controller PrisonerPortal.Controllers.NotificationsController (PrisonerPortal).
2026-03-20 08:48:00.271 +05:30 [INF] Executed DbCommand (1ms) [Parameters=[@userId='?' (Size = 450)], CommandType='"Text"', CommandTimeout='30']
SELECT COUNT(*)
FROM [Notifications] AS [n]
WHERE [n].[UserId] = @userId AND [n].[IsRead] = CAST(0 AS bit)
2026-03-20 08:48:00.275 +05:30 [INF] Executing JsonResult, writing value of type '<>f__AnonymousType2`1[[System.Int32, System.Private.CoreLib, Version=10.0.0.0, Culture=neutral, PublicKeyToken=7cec85d7bea7798e]]'.
2026-03-20 08:48:00.276 +05:30 [INF] Executed action PrisonerPortal.Controllers.NotificationsController.GetUnreadCount (PrisonerPortal) in 7.0617ms
2026-03-20 08:48:00.278 +05:30 [INF] Executed endpoint 'PrisonerPortal.Controllers.NotificationsController.GetUnreadCount (PrisonerPortal)'
2026-03-20 08:48:00.279 +05:30 [INF] Request finished HTTP/1.1 GET http://localhost:5050/Notifications/GetUnreadCount - 200 null application/json; charset=utf-8 15.9519ms
2026-03-20 08:48:03.777 +05:30 [INF] Request starting HTTP/1.1 GET http://localhost:5050/Admin/VisitSlots - null null
2026-03-20 08:48:03.781 +05:30 [INF] Executing endpoint 'PrisonerPortal.Controllers.AdminController.VisitSlots (PrisonerPortal)'
2026-03-20 08:48:03.782 +05:30 [INF] Route matched with {action = "VisitSlots", controller = "Admin"}. Executing controller action with signature System.Threading.Tasks.Task`1[Microsoft.AspNetCore.Mvc.IActionResult] VisitSlots() on controller PrisonerPortal.Controllers.AdminController (PrisonerPortal).
2026-03-20 08:48:03.787 +05:30 [INF] Executed DbCommand (2ms) [Parameters=[], CommandType='"Text"', CommandTimeout='30']
SELECT [v].[SlotId], [v].[CreatedAt], [v].[CreatedByAdminId], [v].[CurrentBookings], [v].[EndTime], [v].[IsActive], [v].[MaxCapacity], [v].[SlotDate], [v].[StartTime], [a].[Id], [a].[AccessFailedCount], [a].[Address], [a].[ConcurrencyStamp], [a].[CreatedAt], [a].[Email], [a].[EmailConfirmed], [a].[FullName], [a].[IsActive], [a].[LockoutEnabled], [a].[LockoutEnd], [a].[NormalizedEmail], [a].[NormalizedUserName], [a].[PasswordHash], [a].[PhoneNumber], [a].[PhoneNumberConfirmed], [a].[Role], [a].[SecurityStamp], [a].[TwoFactorEnabled], [a].[UserName]
FROM [VisitSlots] AS [v]
INNER JOIN [AspNetUsers] AS [a] ON [v].[CreatedByAdminId] = [a].[Id]
WHERE [v].[SlotDate] >= DATEADD(day, CAST(-7.0E0 AS int), CONVERT(date, GETDATE()))
ORDER BY [v].[SlotDate] DESC, [v].[StartTime]
2026-03-20 08:48:03.796 +05:30 [INF] Executing ViewResult, running view VisitSlots.
2026-03-20 08:48:03.810 +05:30 [INF] Executed ViewResult - view VisitSlots executed in 14.1305ms.
2026-03-20 08:48:03.813 +05:30 [INF] Executed action PrisonerPortal.Controllers.AdminController.VisitSlots (PrisonerPortal) in 28.6655ms
2026-03-20 08:48:03.815 +05:30 [INF] Executed endpoint 'PrisonerPortal.Controllers.AdminController.VisitSlots (PrisonerPortal)'
2026-03-20 08:48:03.816 +05:30 [INF] Request finished HTTP/1.1 GET http://localhost:5050/Admin/VisitSlots - 200 null text/html; charset=utf-8 38.9912ms
2026-03-20 08:48:03.824 +05:30 [INF] Request starting HTTP/1.1 GET http://localhost:5050/Notifications/GetUnreadCount - null null
2026-03-20 08:48:03.827 +05:30 [INF] Executing endpoint 'PrisonerPortal.Controllers.NotificationsController.GetUnreadCount (PrisonerPortal)'
2026-03-20 08:48:03.829 +05:30 [INF] Route matched with {action = "GetUnreadCount", controller = "Notifications"}. Executing controller action with signature Microsoft.AspNetCore.Mvc.IActionResult GetUnreadCount() on controller PrisonerPortal.Controllers.NotificationsController (PrisonerPortal).
2026-03-20 08:48:03.831 +05:30 [INF] Executed DbCommand (0ms) [Parameters=[@userId='?' (Size = 450)], CommandType='"Text"', CommandTimeout='30']
SELECT COUNT(*)
FROM [Notifications] AS [n]
WHERE [n].[UserId] = @userId AND [n].[IsRead] = CAST(0 AS bit)
2026-03-20 08:48:03.834 +05:30 [INF] Executing JsonResult, writing value of type '<>f__AnonymousType2`1[[System.Int32, System.Private.CoreLib, Version=10.0.0.0, Culture=neutral, PublicKeyToken=7cec85d7bea7798e]]'.
2026-03-20 08:48:03.835 +05:30 [INF] Executed action PrisonerPortal.Controllers.NotificationsController.GetUnreadCount (PrisonerPortal) in 5.3929ms
2026-03-20 08:48:03.836 +05:30 [INF] Executed endpoint 'PrisonerPortal.Controllers.NotificationsController.GetUnreadCount (PrisonerPortal)'
2026-03-20 08:48:03.837 +05:30 [INF] Request finished HTTP/1.1 GET http://localhost:5050/Notifications/GetUnreadCount - 200 null application/json; charset=utf-8 13.2725ms
2026-03-20 08:48:07.192 +05:30 [INF] Request starting HTTP/1.1 GET http://localhost:5050/Admin/Dashboard - null null
2026-03-20 08:48:07.199 +05:30 [INF] Executing endpoint 'PrisonerPortal.Controllers.AdminController.Dashboard (PrisonerPortal)'
2026-03-20 08:48:07.201 +05:30 [INF] Route matched with {action = "Dashboard", controller = "Admin"}. Executing controller action with signature System.Threading.Tasks.Task`1[Microsoft.AspNetCore.Mvc.IActionResult] Dashboard() on controller PrisonerPortal.Controllers.AdminController (PrisonerPortal).
2026-03-20 08:48:07.205 +05:30 [INF] Executed DbCommand (1ms) [Parameters=[], CommandType='"Text"', CommandTimeout='30']
SELECT COUNT(*)
FROM [AspNetUsers] AS [a]
WHERE [a].[IsActive] = CAST(1 AS bit) AND [a].[Role] = N'Family'
2026-03-20 08:48:07.210 +05:30 [INF] Executed DbCommand (0ms) [Parameters=[], CommandType='"Text"', CommandTimeout='30']
SELECT COUNT(*)
FROM [Prisoners] AS [p]
WHERE [p].[Status] = N'Active'
2026-03-20 08:48:07.213 +05:30 [INF] Executed DbCommand (0ms) [Parameters=[], CommandType='"Text"', CommandTimeout='30']
SELECT COUNT(*)
FROM [Appointments] AS [a]
INNER JOIN [VisitSlots] AS [v] ON [a].[SlotId] = [v].[SlotId]
WHERE CONVERT(date, [v].[SlotDate]) = CONVERT(date, GETDATE()) AND [a].[Status] IN (N'Approved', N'Pending')
2026-03-20 08:48:07.215 +05:30 [INF] Executed DbCommand (0ms) [Parameters=[], CommandType='"Text"', CommandTimeout='30']
SELECT COUNT(*)
FROM [SupportRequests] AS [s]
WHERE [s].[Status] IN (N'Open', N'InProgress')
2026-03-20 08:48:07.218 +05:30 [INF] Executed DbCommand (1ms) [Parameters=[@p='?' (DbType = Int32)], CommandType='"Text"', CommandTimeout='30']
SELECT [a1].[AppointmentId], [a1].[AdminNotes], [a1].[AppointmentCode], [a1].[BookedAt], [a1].[NumVisitors], [a1].[PrisonerId], [a1].[Purpose], [a1].[RejectionReason], [a1].[SlotId], [a1].[Status], [a1].[UpdatedAt], [a1].[UserId], [a1].[VisitorNames], [a0].[Id], [a0].[AccessFailedCount], [a0].[Address], [a0].[ConcurrencyStamp], [a0].[CreatedAt], [a0].[Email], [a0].[EmailConfirmed], [a0].[FullName], [a0].[IsActive], [a0].[LockoutEnabled], [a0].[LockoutEnd], [a0].[NormalizedEmail], [a0].[NormalizedUserName], [a0].[PasswordHash], [a0].[PhoneNumber], [a0].[PhoneNumberConfirmed], [a0].[Role], [a0].[SecurityStamp], [a0].[TwoFactorEnabled], [a0].[UserName], [p].[PrisonerId], [p].[CaseNumber], [p].[CellBlock], [p].[CellNumber], [p].[CreatedAt], [p].[CrimeCategory], [p].[DateOfBirth], [p].[FullName], [p].[Gender], [p].[PrisonerCode], [p].[SentenceEndDate], [p].[SentenceStartDate], [p].[Status], [p].[UpdatedAt], [v].[SlotId], [v].[CreatedAt], [v].[CreatedByAdminId], [v].[CurrentBookings], [v].[EndTime], [v].[IsActive], [v].[MaxCapacity], [v].[SlotDate], [v].[StartTime]
FROM (
    SELECT TOP(@p) [a].[AppointmentId], [a].[AdminNotes], [a].[AppointmentCode], [a].[BookedAt], [a].[NumVisitors], [a].[PrisonerId], [a].[Purpose], [a].[RejectionReason], [a].[SlotId], [a].[Status], [a].[UpdatedAt], [a].[UserId], [a].[VisitorNames]
    FROM [Appointments] AS [a]
    WHERE [a].[Status] = N'Pending'
    ORDER BY [a].[BookedAt] DESC
) AS [a1]
INNER JOIN [AspNetUsers] AS [a0] ON [a1].[UserId] = [a0].[Id]
INNER JOIN [Prisoners] AS [p] ON [a1].[PrisonerId] = [p].[PrisonerId]
INNER JOIN [VisitSlots] AS [v] ON [a1].[SlotId] = [v].[SlotId]
ORDER BY [a1].[BookedAt] DESC
2026-03-20 08:48:07.222 +05:30 [INF] Executed DbCommand (1ms) [Parameters=[@p='?' (DbType = Int32)], CommandType='"Text"', CommandTimeout='30']
SELECT [s0].[RequestId], [s0].[AdminResponse], [s0].[AssignedAdminId], [s0].[Category], [s0].[CreatedAt], [s0].[Description], [s0].[Priority], [s0].[PrisonerId], [s0].[RequestCode], [s0].[ResolvedAt], [s0].[Status], [s0].[Subject], [s0].[UpdatedAt], [s0].[UserId], [a].[Id], [a].[AccessFailedCount], [a].[Address], [a].[ConcurrencyStamp], [a].[CreatedAt], [a].[Email], [a].[EmailConfirmed], [a].[FullName], [a].[IsActive], [a].[LockoutEnabled], [a].[LockoutEnd], [a].[NormalizedEmail], [a].[NormalizedUserName], [a].[PasswordHash], [a].[PhoneNumber], [a].[PhoneNumberConfirmed], [a].[Role], [a].[SecurityStamp], [a].[TwoFactorEnabled], [a].[UserName], [p].[PrisonerId], [p].[CaseNumber], [p].[CellBlock], [p].[CellNumber], [p].[CreatedAt], [p].[CrimeCategory], [p].[DateOfBirth], [p].[FullName], [p].[Gender], [p].[PrisonerCode], [p].[SentenceEndDate], [p].[SentenceStartDate], [p].[Status], [p].[UpdatedAt]
FROM (
    SELECT TOP(@p) [s].[RequestId], [s].[AdminResponse], [s].[AssignedAdminId], [s].[Category], [s].[CreatedAt], [s].[Description], [s].[Priority], [s].[PrisonerId], [s].[RequestCode], [s].[ResolvedAt], [s].[Status], [s].[Subject], [s].[UpdatedAt], [s].[UserId]
    FROM [SupportRequests] AS [s]
    WHERE [s].[Status] IN (N'Open', N'InProgress')
    ORDER BY [s].[CreatedAt] DESC
) AS [s0]
INNER JOIN [AspNetUsers] AS [a] ON [s0].[UserId] = [a].[Id]
LEFT JOIN [Prisoners] AS [p] ON [s0].[PrisonerId] = [p].[PrisonerId]
ORDER BY [s0].[CreatedAt] DESC
2026-03-20 08:48:07.224 +05:30 [INF] Executed DbCommand (0ms) [Parameters=[@p='?' (DbType = Int32)], CommandType='"Text"', CommandTimeout='30']
SELECT [f0].[LinkId], [f0].[IsVerified], [f0].[LinkedAt], [f0].[PrisonerId], [f0].[Relationship], [f0].[UserId], [f0].[VerifiedByAdminId], [a].[Id], [a].[AccessFailedCount], [a].[Address], [a].[ConcurrencyStamp], [a].[CreatedAt], [a].[Email], [a].[EmailConfirmed], [a].[FullName], [a].[IsActive], [a].[LockoutEnabled], [a].[LockoutEnd], [a].[NormalizedEmail], [a].[NormalizedUserName], [a].[PasswordHash], [a].[PhoneNumber], [a].[PhoneNumberConfirmed], [a].[Role], [a].[SecurityStamp], [a].[TwoFactorEnabled], [a].[UserName], [p].[PrisonerId], [p].[CaseNumber], [p].[CellBlock], [p].[CellNumber], [p].[CreatedAt], [p].[CrimeCategory], [p].[DateOfBirth], [p].[FullName], [p].[Gender], [p].[PrisonerCode], [p].[SentenceEndDate], [p].[SentenceStartDate], [p].[Status], [p].[UpdatedAt]
FROM (
    SELECT TOP(@p) [f].[LinkId], [f].[IsVerified], [f].[LinkedAt], [f].[PrisonerId], [f].[Relationship], [f].[UserId], [f].[VerifiedByAdminId]
    FROM [FamilyPrisonerLinks] AS [f]
    WHERE [f].[IsVerified] = CAST(0 AS bit)
    ORDER BY [f].[LinkedAt] DESC
) AS [f0]
INNER JOIN [AspNetUsers] AS [a] ON [f0].[UserId] = [a].[Id]
INNER JOIN [Prisoners] AS [p] ON [f0].[PrisonerId] = [p].[PrisonerId]
ORDER BY [f0].[LinkedAt] DESC
2026-03-20 08:48:07.227 +05:30 [INF] Executed DbCommand (0ms) [Parameters=[@p='?' (DbType = Int32)], CommandType='"Text"', CommandTimeout='30']
SELECT TOP(@p) [a].[Id], [a].[AccessFailedCount], [a].[Address], [a].[ConcurrencyStamp], [a].[CreatedAt], [a].[Email], [a].[EmailConfirmed], [a].[FullName], [a].[IsActive], [a].[LockoutEnabled], [a].[LockoutEnd], [a].[NormalizedEmail], [a].[NormalizedUserName], [a].[PasswordHash], [a].[PhoneNumber], [a].[PhoneNumberConfirmed], [a].[Role], [a].[SecurityStamp], [a].[TwoFactorEnabled], [a].[UserName]
FROM [AspNetUsers] AS [a]
ORDER BY [a].[CreatedAt] DESC
2026-03-20 08:48:07.229 +05:30 [INF] Executing ViewResult, running view Dashboard.
2026-03-20 08:48:07.230 +05:30 [INF] Executed ViewResult - view Dashboard executed in 1.837ms.
2026-03-20 08:48:07.233 +05:30 [INF] Executed action PrisonerPortal.Controllers.AdminController.Dashboard (PrisonerPortal) in 29.4437ms
2026-03-20 08:48:07.235 +05:30 [INF] Executed endpoint 'PrisonerPortal.Controllers.AdminController.Dashboard (PrisonerPortal)'
2026-03-20 08:48:07.236 +05:30 [INF] Request finished HTTP/1.1 GET http://localhost:5050/Admin/Dashboard - 200 null text/html; charset=utf-8 43.8632ms
2026-03-20 08:48:07.249 +05:30 [INF] Request starting HTTP/1.1 GET http://localhost:5050/Notifications/GetUnreadCount - null null
2026-03-20 08:48:07.253 +05:30 [INF] Executing endpoint 'PrisonerPortal.Controllers.NotificationsController.GetUnreadCount (PrisonerPortal)'
2026-03-20 08:48:07.254 +05:30 [INF] Route matched with {action = "GetUnreadCount", controller = "Notifications"}. Executing controller action with signature Microsoft.AspNetCore.Mvc.IActionResult GetUnreadCount() on controller PrisonerPortal.Controllers.NotificationsController (PrisonerPortal).
2026-03-20 08:48:07.259 +05:30 [INF] Executed DbCommand (1ms) [Parameters=[@userId='?' (Size = 450)], CommandType='"Text"', CommandTimeout='30']
SELECT COUNT(*)
FROM [Notifications] AS [n]
WHERE [n].[UserId] = @userId AND [n].[IsRead] = CAST(0 AS bit)
2026-03-20 08:48:07.261 +05:30 [INF] Executing JsonResult, writing value of type '<>f__AnonymousType2`1[[System.Int32, System.Private.CoreLib, Version=10.0.0.0, Culture=neutral, PublicKeyToken=7cec85d7bea7798e]]'.
2026-03-20 08:48:07.263 +05:30 [INF] Executed action PrisonerPortal.Controllers.NotificationsController.GetUnreadCount (PrisonerPortal) in 6.1263ms
2026-03-20 08:48:07.265 +05:30 [INF] Executed endpoint 'PrisonerPortal.Controllers.NotificationsController.GetUnreadCount (PrisonerPortal)'
2026-03-20 08:48:07.267 +05:30 [INF] Request finished HTTP/1.1 GET http://localhost:5050/Notifications/GetUnreadCount - 200 null application/json; charset=utf-8 18.1655ms
2026-03-20 08:48:11.909 +05:30 [INF] Request starting HTTP/1.1 GET http://localhost:5050/Admin/Prisoners - null null
2026-03-20 08:48:11.914 +05:30 [INF] Executing endpoint 'PrisonerPortal.Controllers.AdminController.Prisoners (PrisonerPortal)'
2026-03-20 08:48:11.915 +05:30 [INF] Route matched with {action = "Prisoners", controller = "Admin"}. Executing controller action with signature System.Threading.Tasks.Task`1[Microsoft.AspNetCore.Mvc.IActionResult] Prisoners() on controller PrisonerPortal.Controllers.AdminController (PrisonerPortal).
2026-03-20 08:48:11.919 +05:30 [INF] Executed DbCommand (1ms) [Parameters=[], CommandType='"Text"', CommandTimeout='30']
SELECT [p].[PrisonerId], [p].[CaseNumber], [p].[CellBlock], [p].[CellNumber], [p].[CreatedAt], [p].[CrimeCategory], [p].[DateOfBirth], [p].[FullName], [p].[Gender], [p].[PrisonerCode], [p].[SentenceEndDate], [p].[SentenceStartDate], [p].[Status], [p].[UpdatedAt]
FROM [Prisoners] AS [p]
ORDER BY [p].[FullName]
2026-03-20 08:48:11.922 +05:30 [INF] Executing ViewResult, running view Prisoners.
2026-03-20 08:48:11.923 +05:30 [INF] Executed ViewResult - view Prisoners executed in 1.3935ms.
2026-03-20 08:48:11.924 +05:30 [INF] Executed action PrisonerPortal.Controllers.AdminController.Prisoners (PrisonerPortal) in 6.7846ms
2026-03-20 08:48:11.926 +05:30 [INF] Executed endpoint 'PrisonerPortal.Controllers.AdminController.Prisoners (PrisonerPortal)'
2026-03-20 08:48:11.927 +05:30 [INF] Request finished HTTP/1.1 GET http://localhost:5050/Admin/Prisoners - 200 null text/html; charset=utf-8 17.2467ms
2026-03-20 08:48:11.942 +05:30 [INF] Request starting HTTP/1.1 GET http://localhost:5050/Notifications/GetUnreadCount - null null
2026-03-20 08:48:11.946 +05:30 [INF] Executing endpoint 'PrisonerPortal.Controllers.NotificationsController.GetUnreadCount (PrisonerPortal)'
2026-03-20 08:48:11.947 +05:30 [INF] Route matched with {action = "GetUnreadCount", controller = "Notifications"}. Executing controller action with signature Microsoft.AspNetCore.Mvc.IActionResult GetUnreadCount() on controller PrisonerPortal.Controllers.NotificationsController (PrisonerPortal).
2026-03-20 08:48:11.951 +05:30 [INF] Executed DbCommand (0ms) [Parameters=[@userId='?' (Size = 450)], CommandType='"Text"', CommandTimeout='30']
SELECT COUNT(*)
FROM [Notifications] AS [n]
WHERE [n].[UserId] = @userId AND [n].[IsRead] = CAST(0 AS bit)
2026-03-20 08:48:11.953 +05:30 [INF] Executing JsonResult, writing value of type '<>f__AnonymousType2`1[[System.Int32, System.Private.CoreLib, Version=10.0.0.0, Culture=neutral, PublicKeyToken=7cec85d7bea7798e]]'.
2026-03-20 08:48:11.955 +05:30 [INF] Executed action PrisonerPortal.Controllers.NotificationsController.GetUnreadCount (PrisonerPortal) in 6.0125ms
2026-03-20 08:48:11.957 +05:30 [INF] Executed endpoint 'PrisonerPortal.Controllers.NotificationsController.GetUnreadCount (PrisonerPortal)'
2026-03-20 08:48:11.958 +05:30 [INF] Request finished HTTP/1.1 GET http://localhost:5050/Notifications/GetUnreadCount - 200 null application/json; charset=utf-8 15.8354ms
2026-03-20 08:48:13.708 +05:30 [INF] Request starting HTTP/1.1 GET http://localhost:5050/Admin/AddPrisoner - null null
2026-03-20 08:48:13.712 +05:30 [INF] Executing endpoint 'PrisonerPortal.Controllers.AdminController.AddPrisoner (PrisonerPortal)'
2026-03-20 08:48:13.716 +05:30 [INF] Route matched with {action = "AddPrisoner", controller = "Admin"}. Executing controller action with signature Microsoft.AspNetCore.Mvc.IActionResult AddPrisoner() on controller PrisonerPortal.Controllers.AdminController (PrisonerPortal).
2026-03-20 08:48:13.744 +05:30 [INF] Executing ViewResult, running view AddPrisoner.
2026-03-20 08:48:13.803 +05:30 [INF] Executed ViewResult - view AddPrisoner executed in 80.9954ms.
2026-03-20 08:48:13.808 +05:30 [INF] Executed action PrisonerPortal.Controllers.AdminController.AddPrisoner (PrisonerPortal) in 88.7934ms
2026-03-20 08:48:13.810 +05:30 [INF] Executed endpoint 'PrisonerPortal.Controllers.AdminController.AddPrisoner (PrisonerPortal)'
2026-03-20 08:48:13.811 +05:30 [INF] Request finished HTTP/1.1 GET http://localhost:5050/Admin/AddPrisoner - 200 null text/html; charset=utf-8 103.7003ms
2026-03-20 08:48:13.824 +05:30 [INF] Request starting HTTP/1.1 GET http://localhost:5050/Notifications/GetUnreadCount - null null
2026-03-20 08:48:13.828 +05:30 [INF] Executing endpoint 'PrisonerPortal.Controllers.NotificationsController.GetUnreadCount (PrisonerPortal)'
2026-03-20 08:48:13.829 +05:30 [INF] Route matched with {action = "GetUnreadCount", controller = "Notifications"}. Executing controller action with signature Microsoft.AspNetCore.Mvc.IActionResult GetUnreadCount() on controller PrisonerPortal.Controllers.NotificationsController (PrisonerPortal).
2026-03-20 08:48:13.833 +05:30 [INF] Executed DbCommand (1ms) [Parameters=[@userId='?' (Size = 450)], CommandType='"Text"', CommandTimeout='30']
SELECT COUNT(*)
FROM [Notifications] AS [n]
WHERE [n].[UserId] = @userId AND [n].[IsRead] = CAST(0 AS bit)
2026-03-20 08:48:13.836 +05:30 [INF] Executing JsonResult, writing value of type '<>f__AnonymousType2`1[[System.Int32, System.Private.CoreLib, Version=10.0.0.0, Culture=neutral, PublicKeyToken=7cec85d7bea7798e]]'.
2026-03-20 08:48:13.837 +05:30 [INF] Executed action PrisonerPortal.Controllers.NotificationsController.GetUnreadCount (PrisonerPortal) in 6.0257ms
2026-03-20 08:48:13.839 +05:30 [INF] Executed endpoint 'PrisonerPortal.Controllers.NotificationsController.GetUnreadCount (PrisonerPortal)'
2026-03-20 08:48:13.841 +05:30 [INF] Request finished HTTP/1.1 GET http://localhost:5050/Notifications/GetUnreadCount - 200 null application/json; charset=utf-8 16.9938ms
2026-03-20 08:48:43.826 +05:30 [INF] Request starting HTTP/1.1 GET http://localhost:5050/Notifications/GetUnreadCount - null null
2026-03-20 08:48:43.833 +05:30 [INF] Executing endpoint 'PrisonerPortal.Controllers.NotificationsController.GetUnreadCount (PrisonerPortal)'
2026-03-20 08:48:43.836 +05:30 [INF] Route matched with {action = "GetUnreadCount", controller = "Notifications"}. Executing controller action with signature Microsoft.AspNetCore.Mvc.IActionResult GetUnreadCount() on controller PrisonerPortal.Controllers.NotificationsController (PrisonerPortal).
2026-03-20 08:48:43.843 +05:30 [INF] Executed DbCommand (1ms) [Parameters=[@userId='?' (Size = 450)], CommandType='"Text"', CommandTimeout='30']
SELECT COUNT(*)
FROM [Notifications] AS [n]
WHERE [n].[UserId] = @userId AND [n].[IsRead] = CAST(0 AS bit)
2026-03-20 08:48:43.850 +05:30 [INF] Executing JsonResult, writing value of type '<>f__AnonymousType2`1[[System.Int32, System.Private.CoreLib, Version=10.0.0.0, Culture=neutral, PublicKeyToken=7cec85d7bea7798e]]'.
2026-03-20 08:48:43.853 +05:30 [INF] Executed action PrisonerPortal.Controllers.NotificationsController.GetUnreadCount (PrisonerPortal) in 12.183ms
2026-03-20 08:48:43.858 +05:30 [INF] Executed endpoint 'PrisonerPortal.Controllers.NotificationsController.GetUnreadCount (PrisonerPortal)'
2026-03-20 08:48:43.861 +05:30 [INF] Request finished HTTP/1.1 GET http://localhost:5050/Notifications/GetUnreadCount - 200 null application/json; charset=utf-8 35.5369ms
2026-03-20 08:49:13.835 +05:30 [INF] Request starting HTTP/1.1 GET http://localhost:5050/Notifications/GetUnreadCount - null null
2026-03-20 08:49:13.844 +05:30 [INF] Executing endpoint 'PrisonerPortal.Controllers.NotificationsController.GetUnreadCount (PrisonerPortal)'
2026-03-20 08:49:13.847 +05:30 [INF] Route matched with {action = "GetUnreadCount", controller = "Notifications"}. Executing controller action with signature Microsoft.AspNetCore.Mvc.IActionResult GetUnreadCount() on controller PrisonerPortal.Controllers.NotificationsController (PrisonerPortal).
2026-03-20 08:49:13.854 +05:30 [INF] Executed DbCommand (1ms) [Parameters=[@userId='?' (Size = 450)], CommandType='"Text"', CommandTimeout='30']
SELECT COUNT(*)
FROM [Notifications] AS [n]
WHERE [n].[UserId] = @userId AND [n].[IsRead] = CAST(0 AS bit)
2026-03-20 08:49:13.862 +05:30 [INF] Executing JsonResult, writing value of type '<>f__AnonymousType2`1[[System.Int32, System.Private.CoreLib, Version=10.0.0.0, Culture=neutral, PublicKeyToken=7cec85d7bea7798e]]'.
2026-03-20 08:49:13.865 +05:30 [INF] Executed action PrisonerPortal.Controllers.NotificationsController.GetUnreadCount (PrisonerPortal) in 13.6331ms
2026-03-20 08:49:13.869 +05:30 [INF] Executed endpoint 'PrisonerPortal.Controllers.NotificationsController.GetUnreadCount (PrisonerPortal)'
2026-03-20 08:49:13.870 +05:30 [INF] Request finished HTTP/1.1 GET http://localhost:5050/Notifications/GetUnreadCount - 200 null application/json; charset=utf-8 34.8194ms
2026-03-20 08:49:35.583 +05:30 [INF] Request starting HTTP/1.1 POST http://localhost:5050/Admin/AddPrisoner - application/x-www-form-urlencoded 516
2026-03-20 08:49:35.585 +05:30 [INF] Executing endpoint 'PrisonerPortal.Controllers.AdminController.AddPrisoner (PrisonerPortal)'
2026-03-20 08:49:35.598 +05:30 [INF] Route matched with {action = "AddPrisoner", controller = "Admin"}. Executing controller action with signature System.Threading.Tasks.Task`1[Microsoft.AspNetCore.Mvc.IActionResult] AddPrisoner(PrisonerPortal.Models.ViewModels.PrisonerViewModel) on controller PrisonerPortal.Controllers.AdminController (PrisonerPortal).
2026-03-20 08:49:35.617 +05:30 [INF] Executed DbCommand (1ms) [Parameters=[], CommandType='"Text"', CommandTimeout='30']
SELECT CASE
    WHEN EXISTS (
        SELECT 1
        FROM [Prisoners] AS [p]) THEN CAST(1 AS bit)
    ELSE CAST(0 AS bit)
END
2026-03-20 08:49:35.630 +05:30 [INF] Executed DbCommand (3ms) [Parameters=[@p0='?' (Size = 450), @p1='?' (Size = 4000), @p2='?' (Size = 4000), @p3='?' (DbType = DateTime2), @p4='?' (Size = 4000), @p5='?' (DbType = DateTime2), @p6='?' (Size = 150), @p7='?' (Size = 4000), @p8='?' (Size = 20), @p9='?' (DbType = DateTime2), @p10='?' (DbType = DateTime2), @p11='?' (Size = 4000), @p12='?' (DbType = DateTime2)], CommandType='"Text"', CommandTimeout='30']
SET IMPLICIT_TRANSACTIONS OFF;
SET NOCOUNT ON;
INSERT INTO [Prisoners] ([CaseNumber], [CellBlock], [CellNumber], [CreatedAt], [CrimeCategory], [DateOfBirth], [FullName], [Gender], [PrisonerCode], [SentenceEndDate], [SentenceStartDate], [Status], [UpdatedAt])
OUTPUT INSERTED.[PrisonerId]
VALUES (@p0, @p1, @p2, @p3, @p4, @p5, @p6, @p7, @p8, @p9, @p10, @p11, @p12);
2026-03-20 08:49:35.641 +05:30 [INF] Executing RedirectResult, redirecting to /Admin/Prisoners.
2026-03-20 08:49:35.644 +05:30 [INF] Executed action PrisonerPortal.Controllers.AdminController.AddPrisoner (PrisonerPortal) in 43.4984ms
2026-03-20 08:49:35.646 +05:30 [INF] Executed endpoint 'PrisonerPortal.Controllers.AdminController.AddPrisoner (PrisonerPortal)'
2026-03-20 08:49:35.647 +05:30 [INF] Request finished HTTP/1.1 POST http://localhost:5050/Admin/AddPrisoner - 302 0 null 63.7795ms
2026-03-20 08:49:35.650 +05:30 [INF] Request starting HTTP/1.1 GET http://localhost:5050/Admin/Prisoners - null null
2026-03-20 08:49:35.652 +05:30 [INF] Executing endpoint 'PrisonerPortal.Controllers.AdminController.Prisoners (PrisonerPortal)'
2026-03-20 08:49:35.654 +05:30 [INF] Route matched with {action = "Prisoners", controller = "Admin"}. Executing controller action with signature System.Threading.Tasks.Task`1[Microsoft.AspNetCore.Mvc.IActionResult] Prisoners() on controller PrisonerPortal.Controllers.AdminController (PrisonerPortal).
2026-03-20 08:49:35.658 +05:30 [INF] Executed DbCommand (1ms) [Parameters=[], CommandType='"Text"', CommandTimeout='30']
SELECT [p].[PrisonerId], [p].[CaseNumber], [p].[CellBlock], [p].[CellNumber], [p].[CreatedAt], [p].[CrimeCategory], [p].[DateOfBirth], [p].[FullName], [p].[Gender], [p].[PrisonerCode], [p].[SentenceEndDate], [p].[SentenceStartDate], [p].[Status], [p].[UpdatedAt]
FROM [Prisoners] AS [p]
ORDER BY [p].[FullName]
2026-03-20 08:49:35.660 +05:30 [INF] Executing ViewResult, running view Prisoners.
2026-03-20 08:49:35.661 +05:30 [INF] Executed ViewResult - view Prisoners executed in 1.5332ms.
2026-03-20 08:49:35.662 +05:30 [INF] Executed action PrisonerPortal.Controllers.AdminController.Prisoners (PrisonerPortal) in 5.2643ms
2026-03-20 08:49:35.663 +05:30 [INF] Executed endpoint 'PrisonerPortal.Controllers.AdminController.Prisoners (PrisonerPortal)'
2026-03-20 08:49:35.664 +05:30 [INF] Request finished HTTP/1.1 GET http://localhost:5050/Admin/Prisoners - 200 null text/html; charset=utf-8 14.2491ms
2026-03-20 08:49:35.692 +05:30 [INF] Request starting HTTP/1.1 GET http://localhost:5050/Notifications/GetUnreadCount - null null
2026-03-20 08:49:35.696 +05:30 [INF] Executing endpoint 'PrisonerPortal.Controllers.NotificationsController.GetUnreadCount (PrisonerPortal)'
2026-03-20 08:49:35.697 +05:30 [INF] Route matched with {action = "GetUnreadCount", controller = "Notifications"}. Executing controller action with signature Microsoft.AspNetCore.Mvc.IActionResult GetUnreadCount() on controller PrisonerPortal.Controllers.NotificationsController (PrisonerPortal).
2026-03-20 08:49:35.700 +05:30 [INF] Executed DbCommand (1ms) [Parameters=[@userId='?' (Size = 450)], CommandType='"Text"', CommandTimeout='30']
SELECT COUNT(*)
FROM [Notifications] AS [n]
WHERE [n].[UserId] = @userId AND [n].[IsRead] = CAST(0 AS bit)
2026-03-20 08:49:35.703 +05:30 [INF] Executing JsonResult, writing value of type '<>f__AnonymousType2`1[[System.Int32, System.Private.CoreLib, Version=10.0.0.0, Culture=neutral, PublicKeyToken=7cec85d7bea7798e]]'.
2026-03-20 08:49:35.704 +05:30 [INF] Executed action PrisonerPortal.Controllers.NotificationsController.GetUnreadCount (PrisonerPortal) in 5.1694ms
2026-03-20 08:49:35.705 +05:30 [INF] Executed endpoint 'PrisonerPortal.Controllers.NotificationsController.GetUnreadCount (PrisonerPortal)'
2026-03-20 08:49:35.706 +05:30 [INF] Request finished HTTP/1.1 GET http://localhost:5050/Notifications/GetUnreadCount - 200 null application/json; charset=utf-8 14.2903ms
2026-03-20 08:49:41.091 +05:30 [INF] Request starting HTTP/1.1 GET http://localhost:5050/Admin/ViewPrisoner/5 - null null
2026-03-20 08:49:41.099 +05:30 [INF] Executing endpoint 'PrisonerPortal.Controllers.AdminController.ViewPrisoner (PrisonerPortal)'
2026-03-20 08:49:41.100 +05:30 [INF] Route matched with {action = "ViewPrisoner", controller = "Admin"}. Executing controller action with signature System.Threading.Tasks.Task`1[Microsoft.AspNetCore.Mvc.IActionResult] ViewPrisoner(Int32) on controller PrisonerPortal.Controllers.AdminController (PrisonerPortal).
2026-03-20 08:49:41.104 +05:30 [INF] Executed DbCommand (1ms) [Parameters=[@id='?' (DbType = Int32)], CommandType='"Text"', CommandTimeout='30']
SELECT [p0].[PrisonerId], [p0].[CaseNumber], [p0].[CellBlock], [p0].[CellNumber], [p0].[CreatedAt], [p0].[CrimeCategory], [p0].[DateOfBirth], [p0].[FullName], [p0].[Gender], [p0].[PrisonerCode], [p0].[SentenceEndDate], [p0].[SentenceStartDate], [p0].[Status], [p0].[UpdatedAt], [s0].[LinkId], [s0].[IsVerified], [s0].[LinkedAt], [s0].[PrisonerId], [s0].[Relationship], [s0].[UserId], [s0].[VerifiedByAdminId], [s0].[Id], [s0].[AccessFailedCount], [s0].[Address], [s0].[ConcurrencyStamp], [s0].[CreatedAt], [s0].[Email], [s0].[EmailConfirmed], [s0].[FullName], [s0].[IsActive], [s0].[LockoutEnabled], [s0].[LockoutEnd], [s0].[NormalizedEmail], [s0].[NormalizedUserName], [s0].[PasswordHash], [s0].[PhoneNumber], [s0].[PhoneNumberConfirmed], [s0].[Role], [s0].[SecurityStamp], [s0].[TwoFactorEnabled], [s0].[UserName], [s1].[AppointmentId], [s1].[AdminNotes], [s1].[AppointmentCode], [s1].[BookedAt], [s1].[NumVisitors], [s1].[PrisonerId], [s1].[Purpose], [s1].[RejectionReason], [s1].[SlotId], [s1].[Status], [s1].[UpdatedAt], [s1].[UserId], [s1].[VisitorNames], [s1].[Id], [s1].[AccessFailedCount], [s1].[Address], [s1].[ConcurrencyStamp], [s1].[CreatedAt], [s1].[Email], [s1].[EmailConfirmed], [s1].[FullName], [s1].[IsActive], [s1].[LockoutEnabled], [s1].[LockoutEnd], [s1].[NormalizedEmail], [s1].[NormalizedUserName], [s1].[PasswordHash], [s1].[PhoneNumber], [s1].[PhoneNumberConfirmed], [s1].[Role], [s1].[SecurityStamp], [s1].[TwoFactorEnabled], [s1].[UserName], [s].[RequestId], [s].[AdminResponse], [s].[AssignedAdminId], [s].[Category], [s].[CreatedAt], [s].[Description], [s].[Priority], [s].[PrisonerId], [s].[RequestCode], [s].[ResolvedAt], [s].[Status], [s].[Subject], [s].[UpdatedAt], [s].[UserId]
FROM (
    SELECT TOP(1) [p].[PrisonerId], [p].[CaseNumber], [p].[CellBlock], [p].[CellNumber], [p].[CreatedAt], [p].[CrimeCategory], [p].[DateOfBirth], [p].[FullName], [p].[Gender], [p].[PrisonerCode], [p].[SentenceEndDate], [p].[SentenceStartDate], [p].[Status], [p].[UpdatedAt]
    FROM [Prisoners] AS [p]
    WHERE [p].[PrisonerId] = @id
) AS [p0]
LEFT JOIN (
    SELECT [f].[LinkId], [f].[IsVerified], [f].[LinkedAt], [f].[PrisonerId], [f].[Relationship], [f].[UserId], [f].[VerifiedByAdminId], [a].[Id], [a].[AccessFailedCount], [a].[Address], [a].[ConcurrencyStamp], [a].[CreatedAt], [a].[Email], [a].[EmailConfirmed], [a].[FullName], [a].[IsActive], [a].[LockoutEnabled], [a].[LockoutEnd], [a].[NormalizedEmail], [a].[NormalizedUserName], [a].[PasswordHash], [a].[PhoneNumber], [a].[PhoneNumberConfirmed], [a].[Role], [a].[SecurityStamp], [a].[TwoFactorEnabled], [a].[UserName]
    FROM [FamilyPrisonerLinks] AS [f]
    INNER JOIN [AspNetUsers] AS [a] ON [f].[UserId] = [a].[Id]
) AS [s0] ON [p0].[PrisonerId] = [s0].[PrisonerId]
LEFT JOIN (
    SELECT [a0].[AppointmentId], [a0].[AdminNotes], [a0].[AppointmentCode], [a0].[BookedAt], [a0].[NumVisitors], [a0].[PrisonerId], [a0].[Purpose], [a0].[RejectionReason], [a0].[SlotId], [a0].[Status], [a0].[UpdatedAt], [a0].[UserId], [a0].[VisitorNames], [a1].[Id], [a1].[AccessFailedCount], [a1].[Address], [a1].[ConcurrencyStamp], [a1].[CreatedAt], [a1].[Email], [a1].[EmailConfirmed], [a1].[FullName], [a1].[IsActive], [a1].[LockoutEnabled], [a1].[LockoutEnd], [a1].[NormalizedEmail], [a1].[NormalizedUserName], [a1].[PasswordHash], [a1].[PhoneNumber], [a1].[PhoneNumberConfirmed], [a1].[Role], [a1].[SecurityStamp], [a1].[TwoFactorEnabled], [a1].[UserName]
    FROM [Appointments] AS [a0]
    INNER JOIN [AspNetUsers] AS [a1] ON [a0].[UserId] = [a1].[Id]
) AS [s1] ON [p0].[PrisonerId] = [s1].[PrisonerId]
LEFT JOIN [SupportRequests] AS [s] ON [p0].[PrisonerId] = [s].[PrisonerId]
ORDER BY [p0].[PrisonerId], [s0].[LinkId], [s0].[Id], [s1].[AppointmentId], [s1].[Id]
2026-03-20 08:49:41.109 +05:30 [INF] Executing ViewResult, running view ViewPrisoner.
2026-03-20 08:49:41.111 +05:30 [INF] Executed ViewResult - view ViewPrisoner executed in 1.8319ms.
2026-03-20 08:49:41.113 +05:30 [INF] Executed action PrisonerPortal.Controllers.AdminController.ViewPrisoner (PrisonerPortal) in 10.1591ms
2026-03-20 08:49:41.114 +05:30 [INF] Executed endpoint 'PrisonerPortal.Controllers.AdminController.ViewPrisoner (PrisonerPortal)'
2026-03-20 08:49:41.115 +05:30 [INF] Request finished HTTP/1.1 GET http://localhost:5050/Admin/ViewPrisoner/5 - 200 null text/html; charset=utf-8 24.2864ms
2026-03-20 08:49:41.130 +05:30 [INF] Request starting HTTP/1.1 GET http://localhost:5050/Notifications/GetUnreadCount - null null
2026-03-20 08:49:41.132 +05:30 [INF] Executing endpoint 'PrisonerPortal.Controllers.NotificationsController.GetUnreadCount (PrisonerPortal)'
2026-03-20 08:49:41.134 +05:30 [INF] Route matched with {action = "GetUnreadCount", controller = "Notifications"}. Executing controller action with signature Microsoft.AspNetCore.Mvc.IActionResult GetUnreadCount() on controller PrisonerPortal.Controllers.NotificationsController (PrisonerPortal).
2026-03-20 08:49:41.137 +05:30 [INF] Executed DbCommand (1ms) [Parameters=[@userId='?' (Size = 450)], CommandType='"Text"', CommandTimeout='30']
SELECT COUNT(*)
FROM [Notifications] AS [n]
WHERE [n].[UserId] = @userId AND [n].[IsRead] = CAST(0 AS bit)
2026-03-20 08:49:41.141 +05:30 [INF] Executing JsonResult, writing value of type '<>f__AnonymousType2`1[[System.Int32, System.Private.CoreLib, Version=10.0.0.0, Culture=neutral, PublicKeyToken=7cec85d7bea7798e]]'.
2026-03-20 08:49:41.142 +05:30 [INF] Executed action PrisonerPortal.Controllers.NotificationsController.GetUnreadCount (PrisonerPortal) in 6.6025ms
2026-03-20 08:49:41.144 +05:30 [INF] Executed endpoint 'PrisonerPortal.Controllers.NotificationsController.GetUnreadCount (PrisonerPortal)'
2026-03-20 08:49:41.145 +05:30 [INF] Request finished HTTP/1.1 GET http://localhost:5050/Notifications/GetUnreadCount - 200 null application/json; charset=utf-8 14.5794ms
2026-03-20 08:50:11.136 +05:30 [INF] Request starting HTTP/1.1 GET http://localhost:5050/Notifications/GetUnreadCount - null null
2026-03-20 08:50:11.151 +05:30 [INF] Executing endpoint 'PrisonerPortal.Controllers.NotificationsController.GetUnreadCount (PrisonerPortal)'
2026-03-20 08:50:11.157 +05:30 [INF] Route matched with {action = "GetUnreadCount", controller = "Notifications"}. Executing controller action with signature Microsoft.AspNetCore.Mvc.IActionResult GetUnreadCount() on controller PrisonerPortal.Controllers.NotificationsController (PrisonerPortal).
2026-03-20 08:50:11.165 +05:30 [INF] Executed DbCommand (0ms) [Parameters=[@userId='?' (Size = 450)], CommandType='"Text"', CommandTimeout='30']
SELECT COUNT(*)
FROM [Notifications] AS [n]
WHERE [n].[UserId] = @userId AND [n].[IsRead] = CAST(0 AS bit)
2026-03-20 08:50:11.169 +05:30 [INF] Executing JsonResult, writing value of type '<>f__AnonymousType2`1[[System.Int32, System.Private.CoreLib, Version=10.0.0.0, Culture=neutral, PublicKeyToken=7cec85d7bea7798e]]'.
2026-03-20 08:50:11.170 +05:30 [INF] Executed action PrisonerPortal.Controllers.NotificationsController.GetUnreadCount (PrisonerPortal) in 5.2322ms
2026-03-20 08:50:11.171 +05:30 [INF] Executed endpoint 'PrisonerPortal.Controllers.NotificationsController.GetUnreadCount (PrisonerPortal)'
2026-03-20 08:50:11.173 +05:30 [INF] Request finished HTTP/1.1 GET http://localhost:5050/Notifications/GetUnreadCount - 200 null application/json; charset=utf-8 37.0314ms
2026-03-20 08:50:41.144 +05:30 [INF] Request starting HTTP/1.1 GET http://localhost:5050/Notifications/GetUnreadCount - null null
2026-03-20 08:50:41.158 +05:30 [INF] Executing endpoint 'PrisonerPortal.Controllers.NotificationsController.GetUnreadCount (PrisonerPortal)'
2026-03-20 08:50:41.163 +05:30 [INF] Route matched with {action = "GetUnreadCount", controller = "Notifications"}. Executing controller action with signature Microsoft.AspNetCore.Mvc.IActionResult GetUnreadCount() on controller PrisonerPortal.Controllers.NotificationsController (PrisonerPortal).
2026-03-20 08:50:41.171 +05:30 [INF] Executed DbCommand (0ms) [Parameters=[@userId='?' (Size = 450)], CommandType='"Text"', CommandTimeout='30']
SELECT COUNT(*)
FROM [Notifications] AS [n]
WHERE [n].[UserId] = @userId AND [n].[IsRead] = CAST(0 AS bit)
2026-03-20 08:50:41.173 +05:30 [INF] Executing JsonResult, writing value of type '<>f__AnonymousType2`1[[System.Int32, System.Private.CoreLib, Version=10.0.0.0, Culture=neutral, PublicKeyToken=7cec85d7bea7798e]]'.
2026-03-20 08:50:41.174 +05:30 [INF] Executed action PrisonerPortal.Controllers.NotificationsController.GetUnreadCount (PrisonerPortal) in 3.8931ms
2026-03-20 08:50:41.175 +05:30 [INF] Executed endpoint 'PrisonerPortal.Controllers.NotificationsController.GetUnreadCount (PrisonerPortal)'
2026-03-20 08:50:41.176 +05:30 [INF] Request finished HTTP/1.1 GET http://localhost:5050/Notifications/GetUnreadCount - 200 null application/json; charset=utf-8 31.8967ms
2026-03-20 08:51:11.671 +05:30 [INF] Request starting HTTP/1.1 GET http://localhost:5050/Notifications/GetUnreadCount - null null
2026-03-20 08:51:11.682 +05:30 [INF] Executing endpoint 'PrisonerPortal.Controllers.NotificationsController.GetUnreadCount (PrisonerPortal)'
2026-03-20 08:51:11.687 +05:30 [INF] Route matched with {action = "GetUnreadCount", controller = "Notifications"}. Executing controller action with signature Microsoft.AspNetCore.Mvc.IActionResult GetUnreadCount() on controller PrisonerPortal.Controllers.NotificationsController (PrisonerPortal).
2026-03-20 08:51:11.696 +05:30 [INF] Executed DbCommand (1ms) [Parameters=[@userId='?' (Size = 450)], CommandType='"Text"', CommandTimeout='30']
SELECT COUNT(*)
FROM [Notifications] AS [n]
WHERE [n].[UserId] = @userId AND [n].[IsRead] = CAST(0 AS bit)
2026-03-20 08:51:11.701 +05:30 [INF] Executing JsonResult, writing value of type '<>f__AnonymousType2`1[[System.Int32, System.Private.CoreLib, Version=10.0.0.0, Culture=neutral, PublicKeyToken=7cec85d7bea7798e]]'.
2026-03-20 08:51:11.705 +05:30 [INF] Executed action PrisonerPortal.Controllers.NotificationsController.GetUnreadCount (PrisonerPortal) in 10.6639ms
2026-03-20 08:51:11.710 +05:30 [INF] Executed endpoint 'PrisonerPortal.Controllers.NotificationsController.GetUnreadCount (PrisonerPortal)'
2026-03-20 08:51:11.715 +05:30 [INF] Request finished HTTP/1.1 GET http://localhost:5050/Notifications/GetUnreadCount - 200 null application/json; charset=utf-8 44.2724ms
2026-03-20 08:51:41.665 +05:30 [INF] Request starting HTTP/1.1 GET http://localhost:5050/Notifications/GetUnreadCount - null null
2026-03-20 08:51:41.672 +05:30 [INF] Executing endpoint 'PrisonerPortal.Controllers.NotificationsController.GetUnreadCount (PrisonerPortal)'
2026-03-20 08:51:41.675 +05:30 [INF] Route matched with {action = "GetUnreadCount", controller = "Notifications"}. Executing controller action with signature Microsoft.AspNetCore.Mvc.IActionResult GetUnreadCount() on controller PrisonerPortal.Controllers.NotificationsController (PrisonerPortal).
2026-03-20 08:51:41.682 +05:30 [INF] Executed DbCommand (0ms) [Parameters=[@userId='?' (Size = 450)], CommandType='"Text"', CommandTimeout='30']
SELECT COUNT(*)
FROM [Notifications] AS [n]
WHERE [n].[UserId] = @userId AND [n].[IsRead] = CAST(0 AS bit)
2026-03-20 08:51:41.685 +05:30 [INF] Executing JsonResult, writing value of type '<>f__AnonymousType2`1[[System.Int32, System.Private.CoreLib, Version=10.0.0.0, Culture=neutral, PublicKeyToken=7cec85d7bea7798e]]'.
2026-03-20 08:51:41.689 +05:30 [INF] Executed action PrisonerPortal.Controllers.NotificationsController.GetUnreadCount (PrisonerPortal) in 7.7647ms
2026-03-20 08:51:41.698 +05:30 [INF] Executed endpoint 'PrisonerPortal.Controllers.NotificationsController.GetUnreadCount (PrisonerPortal)'
2026-03-20 08:51:41.700 +05:30 [INF] Request finished HTTP/1.1 GET http://localhost:5050/Notifications/GetUnreadCount - 200 null application/json; charset=utf-8 35.1359ms
2026-03-20 08:52:11.672 +05:30 [INF] Request starting HTTP/1.1 GET http://localhost:5050/Notifications/GetUnreadCount - null null
2026-03-20 08:52:11.725 +05:30 [INF] Executing endpoint 'PrisonerPortal.Controllers.NotificationsController.GetUnreadCount (PrisonerPortal)'
2026-03-20 08:52:11.728 +05:30 [INF] Route matched with {action = "GetUnreadCount", controller = "Notifications"}. Executing controller action with signature Microsoft.AspNetCore.Mvc.IActionResult GetUnreadCount() on controller PrisonerPortal.Controllers.NotificationsController (PrisonerPortal).
2026-03-20 08:52:11.734 +05:30 [INF] Executed DbCommand (1ms) [Parameters=[@userId='?' (Size = 450)], CommandType='"Text"', CommandTimeout='30']
SELECT COUNT(*)
FROM [Notifications] AS [n]
WHERE [n].[UserId] = @userId AND [n].[IsRead] = CAST(0 AS bit)
2026-03-20 08:52:11.738 +05:30 [INF] Executing JsonResult, writing value of type '<>f__AnonymousType2`1[[System.Int32, System.Private.CoreLib, Version=10.0.0.0, Culture=neutral, PublicKeyToken=7cec85d7bea7798e]]'.
2026-03-20 08:52:11.739 +05:30 [INF] Executed action PrisonerPortal.Controllers.NotificationsController.GetUnreadCount (PrisonerPortal) in 6.4406ms
2026-03-20 08:52:11.740 +05:30 [INF] Executed endpoint 'PrisonerPortal.Controllers.NotificationsController.GetUnreadCount (PrisonerPortal)'
2026-03-20 08:52:11.742 +05:30 [INF] Request finished HTTP/1.1 GET http://localhost:5050/Notifications/GetUnreadCount - 200 null application/json; charset=utf-8 69.9578ms
2026-03-20 08:52:41.672 +05:30 [INF] Request starting HTTP/1.1 GET http://localhost:5050/Notifications/GetUnreadCount - null null
2026-03-20 08:52:41.674 +05:30 [INF] Executing endpoint 'PrisonerPortal.Controllers.NotificationsController.GetUnreadCount (PrisonerPortal)'
2026-03-20 08:52:41.675 +05:30 [INF] Route matched with {action = "GetUnreadCount", controller = "Notifications"}. Executing controller action with signature Microsoft.AspNetCore.Mvc.IActionResult GetUnreadCount() on controller PrisonerPortal.Controllers.NotificationsController (PrisonerPortal).
2026-03-20 08:52:41.678 +05:30 [INF] Executed DbCommand (0ms) [Parameters=[@userId='?' (Size = 450)], CommandType='"Text"', CommandTimeout='30']
SELECT COUNT(*)
FROM [Notifications] AS [n]
WHERE [n].[UserId] = @userId AND [n].[IsRead] = CAST(0 AS bit)
2026-03-20 08:52:41.680 +05:30 [INF] Executing JsonResult, writing value of type '<>f__AnonymousType2`1[[System.Int32, System.Private.CoreLib, Version=10.0.0.0, Culture=neutral, PublicKeyToken=7cec85d7bea7798e]]'.
2026-03-20 08:52:41.682 +05:30 [INF] Executed action PrisonerPortal.Controllers.NotificationsController.GetUnreadCount (PrisonerPortal) in 5.0944ms
2026-03-20 08:52:41.684 +05:30 [INF] Executed endpoint 'PrisonerPortal.Controllers.NotificationsController.GetUnreadCount (PrisonerPortal)'
2026-03-20 08:52:41.685 +05:30 [INF] Request finished HTTP/1.1 GET http://localhost:5050/Notifications/GetUnreadCount - 200 null application/json; charset=utf-8 13.6316ms
2026-03-20 08:52:56.548 +05:30 [INF] Request starting HTTP/1.1 GET http://localhost:5050/Admin/Prisoners - null null
2026-03-20 08:52:56.552 +05:30 [INF] Executing endpoint 'PrisonerPortal.Controllers.AdminController.Prisoners (PrisonerPortal)'
2026-03-20 08:52:56.555 +05:30 [INF] Route matched with {action = "Prisoners", controller = "Admin"}. Executing controller action with signature System.Threading.Tasks.Task`1[Microsoft.AspNetCore.Mvc.IActionResult] Prisoners() on controller PrisonerPortal.Controllers.AdminController (PrisonerPortal).
2026-03-20 08:52:56.560 +05:30 [INF] Executed DbCommand (1ms) [Parameters=[], CommandType='"Text"', CommandTimeout='30']
SELECT [p].[PrisonerId], [p].[CaseNumber], [p].[CellBlock], [p].[CellNumber], [p].[CreatedAt], [p].[CrimeCategory], [p].[DateOfBirth], [p].[FullName], [p].[Gender], [p].[PrisonerCode], [p].[SentenceEndDate], [p].[SentenceStartDate], [p].[Status], [p].[UpdatedAt]
FROM [Prisoners] AS [p]
ORDER BY [p].[FullName]
2026-03-20 08:52:56.563 +05:30 [INF] Executing ViewResult, running view Prisoners.
2026-03-20 08:52:56.565 +05:30 [INF] Executed ViewResult - view Prisoners executed in 2.1877ms.
2026-03-20 08:52:56.567 +05:30 [INF] Executed action PrisonerPortal.Controllers.AdminController.Prisoners (PrisonerPortal) in 8.7869ms
2026-03-20 08:52:56.568 +05:30 [INF] Executed endpoint 'PrisonerPortal.Controllers.AdminController.Prisoners (PrisonerPortal)'
2026-03-20 08:52:56.570 +05:30 [INF] Request finished HTTP/1.1 GET http://localhost:5050/Admin/Prisoners - 200 null text/html; charset=utf-8 21.5663ms
2026-03-20 08:52:56.603 +05:30 [INF] Request starting HTTP/1.1 GET http://localhost:5050/Notifications/GetUnreadCount - null null
2026-03-20 08:52:56.607 +05:30 [INF] Executing endpoint 'PrisonerPortal.Controllers.NotificationsController.GetUnreadCount (PrisonerPortal)'
2026-03-20 08:52:56.609 +05:30 [INF] Route matched with {action = "GetUnreadCount", controller = "Notifications"}. Executing controller action with signature Microsoft.AspNetCore.Mvc.IActionResult GetUnreadCount() on controller PrisonerPortal.Controllers.NotificationsController (PrisonerPortal).
2026-03-20 08:52:56.611 +05:30 [INF] Executed DbCommand (0ms) [Parameters=[@userId='?' (Size = 450)], CommandType='"Text"', CommandTimeout='30']
SELECT COUNT(*)
FROM [Notifications] AS [n]
WHERE [n].[UserId] = @userId AND [n].[IsRead] = CAST(0 AS bit)
2026-03-20 08:52:56.614 +05:30 [INF] Executing JsonResult, writing value of type '<>f__AnonymousType2`1[[System.Int32, System.Private.CoreLib, Version=10.0.0.0, Culture=neutral, PublicKeyToken=7cec85d7bea7798e]]'.
2026-03-20 08:52:56.615 +05:30 [INF] Executed action PrisonerPortal.Controllers.NotificationsController.GetUnreadCount (PrisonerPortal) in 4.2377ms
2026-03-20 08:52:56.616 +05:30 [INF] Executed endpoint 'PrisonerPortal.Controllers.NotificationsController.GetUnreadCount (PrisonerPortal)'
2026-03-20 08:52:56.617 +05:30 [INF] Request finished HTTP/1.1 GET http://localhost:5050/Notifications/GetUnreadCount - 200 null application/json; charset=utf-8 13.4559ms
2026-03-20 08:53:00.896 +05:30 [INF] Request starting HTTP/1.1 GET http://localhost:5050/Admin/ViewPrisoner/3 - null null
2026-03-20 08:53:00.901 +05:30 [INF] Executing endpoint 'PrisonerPortal.Controllers.AdminController.ViewPrisoner (PrisonerPortal)'
2026-03-20 08:53:00.902 +05:30 [INF] Route matched with {action = "ViewPrisoner", controller = "Admin"}. Executing controller action with signature System.Threading.Tasks.Task`1[Microsoft.AspNetCore.Mvc.IActionResult] ViewPrisoner(Int32) on controller PrisonerPortal.Controllers.AdminController (PrisonerPortal).
2026-03-20 08:53:00.907 +05:30 [INF] Executed DbCommand (1ms) [Parameters=[@id='?' (DbType = Int32)], CommandType='"Text"', CommandTimeout='30']
SELECT [p0].[PrisonerId], [p0].[CaseNumber], [p0].[CellBlock], [p0].[CellNumber], [p0].[CreatedAt], [p0].[CrimeCategory], [p0].[DateOfBirth], [p0].[FullName], [p0].[Gender], [p0].[PrisonerCode], [p0].[SentenceEndDate], [p0].[SentenceStartDate], [p0].[Status], [p0].[UpdatedAt], [s0].[LinkId], [s0].[IsVerified], [s0].[LinkedAt], [s0].[PrisonerId], [s0].[Relationship], [s0].[UserId], [s0].[VerifiedByAdminId], [s0].[Id], [s0].[AccessFailedCount], [s0].[Address], [s0].[ConcurrencyStamp], [s0].[CreatedAt], [s0].[Email], [s0].[EmailConfirmed], [s0].[FullName], [s0].[IsActive], [s0].[LockoutEnabled], [s0].[LockoutEnd], [s0].[NormalizedEmail], [s0].[NormalizedUserName], [s0].[PasswordHash], [s0].[PhoneNumber], [s0].[PhoneNumberConfirmed], [s0].[Role], [s0].[SecurityStamp], [s0].[TwoFactorEnabled], [s0].[UserName], [s1].[AppointmentId], [s1].[AdminNotes], [s1].[AppointmentCode], [s1].[BookedAt], [s1].[NumVisitors], [s1].[PrisonerId], [s1].[Purpose], [s1].[RejectionReason], [s1].[SlotId], [s1].[Status], [s1].[UpdatedAt], [s1].[UserId], [s1].[VisitorNames], [s1].[Id], [s1].[AccessFailedCount], [s1].[Address], [s1].[ConcurrencyStamp], [s1].[CreatedAt], [s1].[Email], [s1].[EmailConfirmed], [s1].[FullName], [s1].[IsActive], [s1].[LockoutEnabled], [s1].[LockoutEnd], [s1].[NormalizedEmail], [s1].[NormalizedUserName], [s1].[PasswordHash], [s1].[PhoneNumber], [s1].[PhoneNumberConfirmed], [s1].[Role], [s1].[SecurityStamp], [s1].[TwoFactorEnabled], [s1].[UserName], [s].[RequestId], [s].[AdminResponse], [s].[AssignedAdminId], [s].[Category], [s].[CreatedAt], [s].[Description], [s].[Priority], [s].[PrisonerId], [s].[RequestCode], [s].[ResolvedAt], [s].[Status], [s].[Subject], [s].[UpdatedAt], [s].[UserId]
FROM (
    SELECT TOP(1) [p].[PrisonerId], [p].[CaseNumber], [p].[CellBlock], [p].[CellNumber], [p].[CreatedAt], [p].[CrimeCategory], [p].[DateOfBirth], [p].[FullName], [p].[Gender], [p].[PrisonerCode], [p].[SentenceEndDate], [p].[SentenceStartDate], [p].[Status], [p].[UpdatedAt]
    FROM [Prisoners] AS [p]
    WHERE [p].[PrisonerId] = @id
) AS [p0]
LEFT JOIN (
    SELECT [f].[LinkId], [f].[IsVerified], [f].[LinkedAt], [f].[PrisonerId], [f].[Relationship], [f].[UserId], [f].[VerifiedByAdminId], [a].[Id], [a].[AccessFailedCount], [a].[Address], [a].[ConcurrencyStamp], [a].[CreatedAt], [a].[Email], [a].[EmailConfirmed], [a].[FullName], [a].[IsActive], [a].[LockoutEnabled], [a].[LockoutEnd], [a].[NormalizedEmail], [a].[NormalizedUserName], [a].[PasswordHash], [a].[PhoneNumber], [a].[PhoneNumberConfirmed], [a].[Role], [a].[SecurityStamp], [a].[TwoFactorEnabled], [a].[UserName]
    FROM [FamilyPrisonerLinks] AS [f]
    INNER JOIN [AspNetUsers] AS [a] ON [f].[UserId] = [a].[Id]
) AS [s0] ON [p0].[PrisonerId] = [s0].[PrisonerId]
LEFT JOIN (
    SELECT [a0].[AppointmentId], [a0].[AdminNotes], [a0].[AppointmentCode], [a0].[BookedAt], [a0].[NumVisitors], [a0].[PrisonerId], [a0].[Purpose], [a0].[RejectionReason], [a0].[SlotId], [a0].[Status], [a0].[UpdatedAt], [a0].[UserId], [a0].[VisitorNames], [a1].[Id], [a1].[AccessFailedCount], [a1].[Address], [a1].[ConcurrencyStamp], [a1].[CreatedAt], [a1].[Email], [a1].[EmailConfirmed], [a1].[FullName], [a1].[IsActive], [a1].[LockoutEnabled], [a1].[LockoutEnd], [a1].[NormalizedEmail], [a1].[NormalizedUserName], [a1].[PasswordHash], [a1].[PhoneNumber], [a1].[PhoneNumberConfirmed], [a1].[Role], [a1].[SecurityStamp], [a1].[TwoFactorEnabled], [a1].[UserName]
    FROM [Appointments] AS [a0]
    INNER JOIN [AspNetUsers] AS [a1] ON [a0].[UserId] = [a1].[Id]
) AS [s1] ON [p0].[PrisonerId] = [s1].[PrisonerId]
LEFT JOIN [SupportRequests] AS [s] ON [p0].[PrisonerId] = [s].[PrisonerId]
ORDER BY [p0].[PrisonerId], [s0].[LinkId], [s0].[Id], [s1].[AppointmentId], [s1].[Id]
2026-03-20 08:53:00.910 +05:30 [INF] Executing ViewResult, running view ViewPrisoner.
2026-03-20 08:53:00.911 +05:30 [INF] Executed ViewResult - view ViewPrisoner executed in 1.3806ms.
2026-03-20 08:53:00.913 +05:30 [INF] Executed action PrisonerPortal.Controllers.AdminController.ViewPrisoner (PrisonerPortal) in 7.9361ms
2026-03-20 08:53:00.915 +05:30 [INF] Executed endpoint 'PrisonerPortal.Controllers.AdminController.ViewPrisoner (PrisonerPortal)'
2026-03-20 08:53:00.917 +05:30 [INF] Request finished HTTP/1.1 GET http://localhost:5050/Admin/ViewPrisoner/3 - 200 null text/html; charset=utf-8 21.2064ms
2026-03-20 08:53:00.947 +05:30 [INF] Request starting HTTP/1.1 GET http://localhost:5050/Notifications/GetUnreadCount - null null
2026-03-20 08:53:00.951 +05:30 [INF] Executing endpoint 'PrisonerPortal.Controllers.NotificationsController.GetUnreadCount (PrisonerPortal)'
2026-03-20 08:53:00.953 +05:30 [INF] Route matched with {action = "GetUnreadCount", controller = "Notifications"}. Executing controller action with signature Microsoft.AspNetCore.Mvc.IActionResult GetUnreadCount() on controller PrisonerPortal.Controllers.NotificationsController (PrisonerPortal).
2026-03-20 08:53:00.956 +05:30 [INF] Executed DbCommand (0ms) [Parameters=[@userId='?' (Size = 450)], CommandType='"Text"', CommandTimeout='30']
SELECT COUNT(*)
FROM [Notifications] AS [n]
WHERE [n].[UserId] = @userId AND [n].[IsRead] = CAST(0 AS bit)
2026-03-20 08:53:00.959 +05:30 [INF] Executing JsonResult, writing value of type '<>f__AnonymousType2`1[[System.Int32, System.Private.CoreLib, Version=10.0.0.0, Culture=neutral, PublicKeyToken=7cec85d7bea7798e]]'.
2026-03-20 08:53:00.960 +05:30 [INF] Executed action PrisonerPortal.Controllers.NotificationsController.GetUnreadCount (PrisonerPortal) in 4.6633ms
2026-03-20 08:53:00.961 +05:30 [INF] Executed endpoint 'PrisonerPortal.Controllers.NotificationsController.GetUnreadCount (PrisonerPortal)'
2026-03-20 08:53:00.963 +05:30 [INF] Request finished HTTP/1.1 GET http://localhost:5050/Notifications/GetUnreadCount - 200 null application/json; charset=utf-8 15.2583ms
2026-03-20 08:53:21.202 +05:30 [INF] Request starting HTTP/1.1 GET http://localhost:5050/Admin/Prisoners - null null
2026-03-20 08:53:21.205 +05:30 [INF] Executing endpoint 'PrisonerPortal.Controllers.AdminController.Prisoners (PrisonerPortal)'
2026-03-20 08:53:21.206 +05:30 [INF] Route matched with {action = "Prisoners", controller = "Admin"}. Executing controller action with signature System.Threading.Tasks.Task`1[Microsoft.AspNetCore.Mvc.IActionResult] Prisoners() on controller PrisonerPortal.Controllers.AdminController (PrisonerPortal).
2026-03-20 08:53:21.210 +05:30 [INF] Executed DbCommand (1ms) [Parameters=[], CommandType='"Text"', CommandTimeout='30']
SELECT [p].[PrisonerId], [p].[CaseNumber], [p].[CellBlock], [p].[CellNumber], [p].[CreatedAt], [p].[CrimeCategory], [p].[DateOfBirth], [p].[FullName], [p].[Gender], [p].[PrisonerCode], [p].[SentenceEndDate], [p].[SentenceStartDate], [p].[Status], [p].[UpdatedAt]
FROM [Prisoners] AS [p]
ORDER BY [p].[FullName]
2026-03-20 08:53:21.214 +05:30 [INF] Executing ViewResult, running view Prisoners.
2026-03-20 08:53:21.217 +05:30 [INF] Executed ViewResult - view Prisoners executed in 2.3715ms.
2026-03-20 08:53:21.218 +05:30 [INF] Executed action PrisonerPortal.Controllers.AdminController.Prisoners (PrisonerPortal) in 10.0529ms
2026-03-20 08:53:21.220 +05:30 [INF] Executed endpoint 'PrisonerPortal.Controllers.AdminController.Prisoners (PrisonerPortal)'
2026-03-20 08:53:21.221 +05:30 [INF] Request finished HTTP/1.1 GET http://localhost:5050/Admin/Prisoners - 200 null text/html; charset=utf-8 18.7007ms
2026-03-20 08:53:21.237 +05:30 [INF] Request starting HTTP/1.1 GET http://localhost:5050/Notifications/GetUnreadCount - null null
2026-03-20 08:53:21.241 +05:30 [INF] Executing endpoint 'PrisonerPortal.Controllers.NotificationsController.GetUnreadCount (PrisonerPortal)'
2026-03-20 08:53:21.242 +05:30 [INF] Route matched with {action = "GetUnreadCount", controller = "Notifications"}. Executing controller action with signature Microsoft.AspNetCore.Mvc.IActionResult GetUnreadCount() on controller PrisonerPortal.Controllers.NotificationsController (PrisonerPortal).
2026-03-20 08:53:21.247 +05:30 [INF] Executed DbCommand (1ms) [Parameters=[@userId='?' (Size = 450)], CommandType='"Text"', CommandTimeout='30']
SELECT COUNT(*)
FROM [Notifications] AS [n]
WHERE [n].[UserId] = @userId AND [n].[IsRead] = CAST(0 AS bit)
2026-03-20 08:53:21.250 +05:30 [INF] Executing JsonResult, writing value of type '<>f__AnonymousType2`1[[System.Int32, System.Private.CoreLib, Version=10.0.0.0, Culture=neutral, PublicKeyToken=7cec85d7bea7798e]]'.
2026-03-20 08:53:21.251 +05:30 [INF] Executed action PrisonerPortal.Controllers.NotificationsController.GetUnreadCount (PrisonerPortal) in 5.65ms
2026-03-20 08:53:21.253 +05:30 [INF] Executed endpoint 'PrisonerPortal.Controllers.NotificationsController.GetUnreadCount (PrisonerPortal)'
2026-03-20 08:53:21.254 +05:30 [INF] Request finished HTTP/1.1 GET http://localhost:5050/Notifications/GetUnreadCount - 200 null application/json; charset=utf-8 16.7145ms
2026-03-20 08:53:51.670 +05:30 [INF] Request starting HTTP/1.1 GET http://localhost:5050/Notifications/GetUnreadCount - null null
2026-03-20 08:53:51.685 +05:30 [INF] Executing endpoint 'PrisonerPortal.Controllers.NotificationsController.GetUnreadCount (PrisonerPortal)'
2026-03-20 08:53:51.688 +05:30 [INF] Route matched with {action = "GetUnreadCount", controller = "Notifications"}. Executing controller action with signature Microsoft.AspNetCore.Mvc.IActionResult GetUnreadCount() on controller PrisonerPortal.Controllers.NotificationsController (PrisonerPortal).
2026-03-20 08:53:51.695 +05:30 [INF] Executed DbCommand (1ms) [Parameters=[@userId='?' (Size = 450)], CommandType='"Text"', CommandTimeout='30']
SELECT COUNT(*)
FROM [Notifications] AS [n]
WHERE [n].[UserId] = @userId AND [n].[IsRead] = CAST(0 AS bit)
2026-03-20 08:53:51.702 +05:30 [INF] Executing JsonResult, writing value of type '<>f__AnonymousType2`1[[System.Int32, System.Private.CoreLib, Version=10.0.0.0, Culture=neutral, PublicKeyToken=7cec85d7bea7798e]]'.
2026-03-20 08:53:51.704 +05:30 [INF] Executed action PrisonerPortal.Controllers.NotificationsController.GetUnreadCount (PrisonerPortal) in 10.9135ms
2026-03-20 08:53:51.706 +05:30 [INF] Executed endpoint 'PrisonerPortal.Controllers.NotificationsController.GetUnreadCount (PrisonerPortal)'
2026-03-20 08:53:51.708 +05:30 [INF] Request finished HTTP/1.1 GET http://localhost:5050/Notifications/GetUnreadCount - 200 null application/json; charset=utf-8 37.6569ms
2026-03-20 08:54:21.675 +05:30 [INF] Request starting HTTP/1.1 GET http://localhost:5050/Notifications/GetUnreadCount - null null
2026-03-20 08:54:21.686 +05:30 [INF] Executing endpoint 'PrisonerPortal.Controllers.NotificationsController.GetUnreadCount (PrisonerPortal)'
2026-03-20 08:54:21.691 +05:30 [INF] Route matched with {action = "GetUnreadCount", controller = "Notifications"}. Executing controller action with signature Microsoft.AspNetCore.Mvc.IActionResult GetUnreadCount() on controller PrisonerPortal.Controllers.NotificationsController (PrisonerPortal).
2026-03-20 08:54:21.700 +05:30 [INF] Executed DbCommand (1ms) [Parameters=[@userId='?' (Size = 450)], CommandType='"Text"', CommandTimeout='30']
SELECT COUNT(*)
FROM [Notifications] AS [n]
WHERE [n].[UserId] = @userId AND [n].[IsRead] = CAST(0 AS bit)
2026-03-20 08:54:21.709 +05:30 [INF] Executing JsonResult, writing value of type '<>f__AnonymousType2`1[[System.Int32, System.Private.CoreLib, Version=10.0.0.0, Culture=neutral, PublicKeyToken=7cec85d7bea7798e]]'.
2026-03-20 08:54:21.711 +05:30 [INF] Executed action PrisonerPortal.Controllers.NotificationsController.GetUnreadCount (PrisonerPortal) in 12.3975ms
2026-03-20 08:54:21.713 +05:30 [INF] Executed endpoint 'PrisonerPortal.Controllers.NotificationsController.GetUnreadCount (PrisonerPortal)'
2026-03-20 08:54:21.714 +05:30 [INF] Request finished HTTP/1.1 GET http://localhost:5050/Notifications/GetUnreadCount - 200 null application/json; charset=utf-8 38.9735ms
2026-03-20 08:54:51.666 +05:30 [INF] Request starting HTTP/1.1 GET http://localhost:5050/Notifications/GetUnreadCount - null null
2026-03-20 08:54:51.681 +05:30 [INF] Executing endpoint 'PrisonerPortal.Controllers.NotificationsController.GetUnreadCount (PrisonerPortal)'
2026-03-20 08:54:51.686 +05:30 [INF] Route matched with {action = "GetUnreadCount", controller = "Notifications"}. Executing controller action with signature Microsoft.AspNetCore.Mvc.IActionResult GetUnreadCount() on controller PrisonerPortal.Controllers.NotificationsController (PrisonerPortal).
2026-03-20 08:54:51.696 +05:30 [INF] Executed DbCommand (1ms) [Parameters=[@userId='?' (Size = 450)], CommandType='"Text"', CommandTimeout='30']
SELECT COUNT(*)
FROM [Notifications] AS [n]
WHERE [n].[UserId] = @userId AND [n].[IsRead] = CAST(0 AS bit)
2026-03-20 08:54:51.702 +05:30 [INF] Executing JsonResult, writing value of type '<>f__AnonymousType2`1[[System.Int32, System.Private.CoreLib, Version=10.0.0.0, Culture=neutral, PublicKeyToken=7cec85d7bea7798e]]'.
2026-03-20 08:54:51.703 +05:30 [INF] Executed action PrisonerPortal.Controllers.NotificationsController.GetUnreadCount (PrisonerPortal) in 8.6441ms
2026-03-20 08:54:51.704 +05:30 [INF] Executed endpoint 'PrisonerPortal.Controllers.NotificationsController.GetUnreadCount (PrisonerPortal)'
2026-03-20 08:54:51.705 +05:30 [INF] Request finished HTTP/1.1 GET http://localhost:5050/Notifications/GetUnreadCount - 200 null application/json; charset=utf-8 39.4681ms
2026-03-20 08:55:21.670 +05:30 [INF] Request starting HTTP/1.1 GET http://localhost:5050/Notifications/GetUnreadCount - null null
2026-03-20 08:55:21.682 +05:30 [INF] Executing endpoint 'PrisonerPortal.Controllers.NotificationsController.GetUnreadCount (PrisonerPortal)'
2026-03-20 08:55:21.687 +05:30 [INF] Route matched with {action = "GetUnreadCount", controller = "Notifications"}. Executing controller action with signature Microsoft.AspNetCore.Mvc.IActionResult GetUnreadCount() on controller PrisonerPortal.Controllers.NotificationsController (PrisonerPortal).
2026-03-20 08:55:21.696 +05:30 [INF] Executed DbCommand (1ms) [Parameters=[@userId='?' (Size = 450)], CommandType='"Text"', CommandTimeout='30']
SELECT COUNT(*)
FROM [Notifications] AS [n]
WHERE [n].[UserId] = @userId AND [n].[IsRead] = CAST(0 AS bit)
2026-03-20 08:55:21.703 +05:30 [INF] Executing JsonResult, writing value of type '<>f__AnonymousType2`1[[System.Int32, System.Private.CoreLib, Version=10.0.0.0, Culture=neutral, PublicKeyToken=7cec85d7bea7798e]]'.
2026-03-20 08:55:21.707 +05:30 [INF] Executed action PrisonerPortal.Controllers.NotificationsController.GetUnreadCount (PrisonerPortal) in 12.9349ms
2026-03-20 08:55:21.712 +05:30 [INF] Executed endpoint 'PrisonerPortal.Controllers.NotificationsController.GetUnreadCount (PrisonerPortal)'
2026-03-20 08:55:21.716 +05:30 [INF] Request finished HTTP/1.1 GET http://localhost:5050/Notifications/GetUnreadCount - 200 null application/json; charset=utf-8 46.3146ms
2026-03-20 08:55:51.669 +05:30 [INF] Request starting HTTP/1.1 GET http://localhost:5050/Notifications/GetUnreadCount - null null
2026-03-20 08:55:51.675 +05:30 [INF] Executing endpoint 'PrisonerPortal.Controllers.NotificationsController.GetUnreadCount (PrisonerPortal)'
2026-03-20 08:55:51.678 +05:30 [INF] Route matched with {action = "GetUnreadCount", controller = "Notifications"}. Executing controller action with signature Microsoft.AspNetCore.Mvc.IActionResult GetUnreadCount() on controller PrisonerPortal.Controllers.NotificationsController (PrisonerPortal).
2026-03-20 08:55:51.683 +05:30 [INF] Executed DbCommand (1ms) [Parameters=[@userId='?' (Size = 450)], CommandType='"Text"', CommandTimeout='30']
SELECT COUNT(*)
FROM [Notifications] AS [n]
WHERE [n].[UserId] = @userId AND [n].[IsRead] = CAST(0 AS bit)
2026-03-20 08:55:51.686 +05:30 [INF] Executing JsonResult, writing value of type '<>f__AnonymousType2`1[[System.Int32, System.Private.CoreLib, Version=10.0.0.0, Culture=neutral, PublicKeyToken=7cec85d7bea7798e]]'.
2026-03-20 08:55:51.688 +05:30 [INF] Executed action PrisonerPortal.Controllers.NotificationsController.GetUnreadCount (PrisonerPortal) in 5.875ms
2026-03-20 08:55:51.689 +05:30 [INF] Executed endpoint 'PrisonerPortal.Controllers.NotificationsController.GetUnreadCount (PrisonerPortal)'
2026-03-20 08:55:51.691 +05:30 [INF] Request finished HTTP/1.1 GET http://localhost:5050/Notifications/GetUnreadCount - 200 null application/json; charset=utf-8 21.757ms
2026-03-20 08:56:21.678 +05:30 [INF] Request starting HTTP/1.1 GET http://localhost:5050/Notifications/GetUnreadCount - null null
2026-03-20 08:56:21.685 +05:30 [INF] Executing endpoint 'PrisonerPortal.Controllers.NotificationsController.GetUnreadCount (PrisonerPortal)'
2026-03-20 08:56:21.689 +05:30 [INF] Route matched with {action = "GetUnreadCount", controller = "Notifications"}. Executing controller action with signature Microsoft.AspNetCore.Mvc.IActionResult GetUnreadCount() on controller PrisonerPortal.Controllers.NotificationsController (PrisonerPortal).
2026-03-20 08:56:21.696 +05:30 [INF] Executed DbCommand (1ms) [Parameters=[@userId='?' (Size = 450)], CommandType='"Text"', CommandTimeout='30']
SELECT COUNT(*)
FROM [Notifications] AS [n]
WHERE [n].[UserId] = @userId AND [n].[IsRead] = CAST(0 AS bit)
2026-03-20 08:56:21.699 +05:30 [INF] Executing JsonResult, writing value of type '<>f__AnonymousType2`1[[System.Int32, System.Private.CoreLib, Version=10.0.0.0, Culture=neutral, PublicKeyToken=7cec85d7bea7798e]]'.
2026-03-20 08:56:21.700 +05:30 [INF] Executed action PrisonerPortal.Controllers.NotificationsController.GetUnreadCount (PrisonerPortal) in 5.0971ms
2026-03-20 08:56:21.702 +05:30 [INF] Executed endpoint 'PrisonerPortal.Controllers.NotificationsController.GetUnreadCount (PrisonerPortal)'
2026-03-20 08:56:21.703 +05:30 [INF] Request finished HTTP/1.1 GET http://localhost:5050/Notifications/GetUnreadCount - 200 null application/json; charset=utf-8 24.6806ms
2026-03-20 08:56:51.674 +05:30 [INF] Request starting HTTP/1.1 GET http://localhost:5050/Notifications/GetUnreadCount - null null
2026-03-20 08:56:51.684 +05:30 [INF] Executing endpoint 'PrisonerPortal.Controllers.NotificationsController.GetUnreadCount (PrisonerPortal)'
2026-03-20 08:56:51.689 +05:30 [INF] Route matched with {action = "GetUnreadCount", controller = "Notifications"}. Executing controller action with signature Microsoft.AspNetCore.Mvc.IActionResult GetUnreadCount() on controller PrisonerPortal.Controllers.NotificationsController (PrisonerPortal).
2026-03-20 08:56:51.695 +05:30 [INF] Executed DbCommand (1ms) [Parameters=[@userId='?' (Size = 450)], CommandType='"Text"', CommandTimeout='30']
SELECT COUNT(*)
FROM [Notifications] AS [n]
WHERE [n].[UserId] = @userId AND [n].[IsRead] = CAST(0 AS bit)
2026-03-20 08:56:51.701 +05:30 [INF] Executing JsonResult, writing value of type '<>f__AnonymousType2`1[[System.Int32, System.Private.CoreLib, Version=10.0.0.0, Culture=neutral, PublicKeyToken=7cec85d7bea7798e]]'.
2026-03-20 08:56:51.704 +05:30 [INF] Executed action PrisonerPortal.Controllers.NotificationsController.GetUnreadCount (PrisonerPortal) in 11.3192ms
2026-03-20 08:56:51.709 +05:30 [INF] Executed endpoint 'PrisonerPortal.Controllers.NotificationsController.GetUnreadCount (PrisonerPortal)'
2026-03-20 08:56:51.711 +05:30 [INF] Request finished HTTP/1.1 GET http://localhost:5050/Notifications/GetUnreadCount - 200 null application/json; charset=utf-8 36.5125ms
2026-03-20 08:57:34.677 +05:30 [INF] Request starting HTTP/1.1 GET http://localhost:5050/Notifications/GetUnreadCount - null null
2026-03-20 08:57:34.683 +05:30 [INF] Executing endpoint 'PrisonerPortal.Controllers.NotificationsController.GetUnreadCount (PrisonerPortal)'
2026-03-20 08:57:34.686 +05:30 [INF] Route matched with {action = "GetUnreadCount", controller = "Notifications"}. Executing controller action with signature Microsoft.AspNetCore.Mvc.IActionResult GetUnreadCount() on controller PrisonerPortal.Controllers.NotificationsController (PrisonerPortal).
2026-03-20 08:57:34.690 +05:30 [INF] Executed DbCommand (1ms) [Parameters=[@userId='?' (Size = 450)], CommandType='"Text"', CommandTimeout='30']
SELECT COUNT(*)
FROM [Notifications] AS [n]
WHERE [n].[UserId] = @userId AND [n].[IsRead] = CAST(0 AS bit)
2026-03-20 08:57:34.696 +05:30 [INF] Executing JsonResult, writing value of type '<>f__AnonymousType2`1[[System.Int32, System.Private.CoreLib, Version=10.0.0.0, Culture=neutral, PublicKeyToken=7cec85d7bea7798e]]'.
2026-03-20 08:57:34.699 +05:30 [INF] Executed action PrisonerPortal.Controllers.NotificationsController.GetUnreadCount (PrisonerPortal) in 9.9271ms
2026-03-20 08:57:34.701 +05:30 [INF] Executed endpoint 'PrisonerPortal.Controllers.NotificationsController.GetUnreadCount (PrisonerPortal)'
2026-03-20 08:57:34.703 +05:30 [INF] Request finished HTTP/1.1 GET http://localhost:5050/Notifications/GetUnreadCount - 200 null application/json; charset=utf-8 26.3044ms
2026-03-20 08:58:34.670 +05:30 [INF] Request starting HTTP/1.1 GET http://localhost:5050/Notifications/GetUnreadCount - null null
2026-03-20 08:58:34.681 +05:30 [INF] Executing endpoint 'PrisonerPortal.Controllers.NotificationsController.GetUnreadCount (PrisonerPortal)'
2026-03-20 08:58:34.685 +05:30 [INF] Route matched with {action = "GetUnreadCount", controller = "Notifications"}. Executing controller action with signature Microsoft.AspNetCore.Mvc.IActionResult GetUnreadCount() on controller PrisonerPortal.Controllers.NotificationsController (PrisonerPortal).
2026-03-20 08:58:34.695 +05:30 [INF] Executed DbCommand (1ms) [Parameters=[@userId='?' (Size = 450)], CommandType='"Text"', CommandTimeout='30']
SELECT COUNT(*)
FROM [Notifications] AS [n]
WHERE [n].[UserId] = @userId AND [n].[IsRead] = CAST(0 AS bit)
2026-03-20 08:58:34.702 +05:30 [INF] Executing JsonResult, writing value of type '<>f__AnonymousType2`1[[System.Int32, System.Private.CoreLib, Version=10.0.0.0, Culture=neutral, PublicKeyToken=7cec85d7bea7798e]]'.
2026-03-20 08:58:34.704 +05:30 [INF] Executed action PrisonerPortal.Controllers.NotificationsController.GetUnreadCount (PrisonerPortal) in 9.9825ms
2026-03-20 08:58:34.706 +05:30 [INF] Executed endpoint 'PrisonerPortal.Controllers.NotificationsController.GetUnreadCount (PrisonerPortal)'
2026-03-20 08:58:34.708 +05:30 [INF] Request finished HTTP/1.1 GET http://localhost:5050/Notifications/GetUnreadCount - 200 null application/json; charset=utf-8 38.0948ms
2026-03-20 08:59:34.677 +05:30 [INF] Request starting HTTP/1.1 GET http://localhost:5050/Notifications/GetUnreadCount - null null
2026-03-20 08:59:34.689 +05:30 [INF] Executing endpoint 'PrisonerPortal.Controllers.NotificationsController.GetUnreadCount (PrisonerPortal)'
2026-03-20 08:59:34.692 +05:30 [INF] Route matched with {action = "GetUnreadCount", controller = "Notifications"}. Executing controller action with signature Microsoft.AspNetCore.Mvc.IActionResult GetUnreadCount() on controller PrisonerPortal.Controllers.NotificationsController (PrisonerPortal).
2026-03-20 08:59:34.696 +05:30 [INF] Executed DbCommand (0ms) [Parameters=[@userId='?' (Size = 450)], CommandType='"Text"', CommandTimeout='30']
SELECT COUNT(*)
FROM [Notifications] AS [n]
WHERE [n].[UserId] = @userId AND [n].[IsRead] = CAST(0 AS bit)
2026-03-20 08:59:34.699 +05:30 [INF] Executing JsonResult, writing value of type '<>f__AnonymousType2`1[[System.Int32, System.Private.CoreLib, Version=10.0.0.0, Culture=neutral, PublicKeyToken=7cec85d7bea7798e]]'.
2026-03-20 08:59:34.700 +05:30 [INF] Executed action PrisonerPortal.Controllers.NotificationsController.GetUnreadCount (PrisonerPortal) in 4.9701ms
2026-03-20 08:59:34.702 +05:30 [INF] Executed endpoint 'PrisonerPortal.Controllers.NotificationsController.GetUnreadCount (PrisonerPortal)'
2026-03-20 08:59:34.704 +05:30 [INF] Request finished HTTP/1.1 GET http://localhost:5050/Notifications/GetUnreadCount - 200 null application/json; charset=utf-8 27.2951ms
2026-03-20 09:00:34.677 +05:30 [INF] Request starting HTTP/1.1 GET http://localhost:5050/Notifications/GetUnreadCount - null null
2026-03-20 09:00:34.692 +05:30 [INF] Executing endpoint 'PrisonerPortal.Controllers.NotificationsController.GetUnreadCount (PrisonerPortal)'
2026-03-20 09:00:34.698 +05:30 [INF] Route matched with {action = "GetUnreadCount", controller = "Notifications"}. Executing controller action with signature Microsoft.AspNetCore.Mvc.IActionResult GetUnreadCount() on controller PrisonerPortal.Controllers.NotificationsController (PrisonerPortal).
2026-03-20 09:00:34.708 +05:30 [INF] Executed DbCommand (1ms) [Parameters=[@userId='?' (Size = 450)], CommandType='"Text"', CommandTimeout='30']
SELECT COUNT(*)
FROM [Notifications] AS [n]
WHERE [n].[UserId] = @userId AND [n].[IsRead] = CAST(0 AS bit)
2026-03-20 09:00:34.718 +05:30 [INF] Executing JsonResult, writing value of type '<>f__AnonymousType2`1[[System.Int32, System.Private.CoreLib, Version=10.0.0.0, Culture=neutral, PublicKeyToken=7cec85d7bea7798e]]'.
2026-03-20 09:00:34.721 +05:30 [INF] Executed action PrisonerPortal.Controllers.NotificationsController.GetUnreadCount (PrisonerPortal) in 15.3105ms
2026-03-20 09:00:34.725 +05:30 [INF] Executed endpoint 'PrisonerPortal.Controllers.NotificationsController.GetUnreadCount (PrisonerPortal)'
2026-03-20 09:00:34.727 +05:30 [INF] Request finished HTTP/1.1 GET http://localhost:5050/Notifications/GetUnreadCount - 200 null application/json; charset=utf-8 49.2824ms
2026-03-20 09:01:34.670 +05:30 [INF] Request starting HTTP/1.1 GET http://localhost:5050/Notifications/GetUnreadCount - null null
2026-03-20 09:01:34.675 +05:30 [INF] Executing endpoint 'PrisonerPortal.Controllers.NotificationsController.GetUnreadCount (PrisonerPortal)'
2026-03-20 09:01:34.676 +05:30 [INF] Route matched with {action = "GetUnreadCount", controller = "Notifications"}. Executing controller action with signature Microsoft.AspNetCore.Mvc.IActionResult GetUnreadCount() on controller PrisonerPortal.Controllers.NotificationsController (PrisonerPortal).
2026-03-20 09:01:34.679 +05:30 [INF] Executed DbCommand (1ms) [Parameters=[@userId='?' (Size = 450)], CommandType='"Text"', CommandTimeout='30']
SELECT COUNT(*)
FROM [Notifications] AS [n]
WHERE [n].[UserId] = @userId AND [n].[IsRead] = CAST(0 AS bit)
2026-03-20 09:01:34.682 +05:30 [INF] Executing JsonResult, writing value of type '<>f__AnonymousType2`1[[System.Int32, System.Private.CoreLib, Version=10.0.0.0, Culture=neutral, PublicKeyToken=7cec85d7bea7798e]]'.
2026-03-20 09:01:34.685 +05:30 [INF] Executed action PrisonerPortal.Controllers.NotificationsController.GetUnreadCount (PrisonerPortal) in 7.152ms
2026-03-20 09:01:34.689 +05:30 [INF] Executed endpoint 'PrisonerPortal.Controllers.NotificationsController.GetUnreadCount (PrisonerPortal)'
2026-03-20 09:01:34.691 +05:30 [INF] Request finished HTTP/1.1 GET http://localhost:5050/Notifications/GetUnreadCount - 200 null application/json; charset=utf-8 21.2459ms
2026-03-20 09:02:34.666 +05:30 [INF] Request starting HTTP/1.1 GET http://localhost:5050/Notifications/GetUnreadCount - null null
2026-03-20 09:02:34.675 +05:30 [INF] Executing endpoint 'PrisonerPortal.Controllers.NotificationsController.GetUnreadCount (PrisonerPortal)'
2026-03-20 09:02:34.678 +05:30 [INF] Route matched with {action = "GetUnreadCount", controller = "Notifications"}. Executing controller action with signature Microsoft.AspNetCore.Mvc.IActionResult GetUnreadCount() on controller PrisonerPortal.Controllers.NotificationsController (PrisonerPortal).
2026-03-20 09:02:34.683 +05:30 [INF] Executed DbCommand (1ms) [Parameters=[@userId='?' (Size = 450)], CommandType='"Text"', CommandTimeout='30']
SELECT COUNT(*)
FROM [Notifications] AS [n]
WHERE [n].[UserId] = @userId AND [n].[IsRead] = CAST(0 AS bit)
2026-03-20 09:02:34.686 +05:30 [INF] Executing JsonResult, writing value of type '<>f__AnonymousType2`1[[System.Int32, System.Private.CoreLib, Version=10.0.0.0, Culture=neutral, PublicKeyToken=7cec85d7bea7798e]]'.
2026-03-20 09:02:34.688 +05:30 [INF] Executed action PrisonerPortal.Controllers.NotificationsController.GetUnreadCount (PrisonerPortal) in 6.6574ms
2026-03-20 09:02:34.690 +05:30 [INF] Executed endpoint 'PrisonerPortal.Controllers.NotificationsController.GetUnreadCount (PrisonerPortal)'
2026-03-20 09:02:34.691 +05:30 [INF] Request finished HTTP/1.1 GET http://localhost:5050/Notifications/GetUnreadCount - 200 null application/json; charset=utf-8 24.5715ms
2026-03-20 09:03:34.664 +05:30 [INF] Request starting HTTP/1.1 GET http://localhost:5050/Notifications/GetUnreadCount - null null
2026-03-20 09:03:34.670 +05:30 [INF] Executing endpoint 'PrisonerPortal.Controllers.NotificationsController.GetUnreadCount (PrisonerPortal)'
2026-03-20 09:03:34.671 +05:30 [INF] Route matched with {action = "GetUnreadCount", controller = "Notifications"}. Executing controller action with signature Microsoft.AspNetCore.Mvc.IActionResult GetUnreadCount() on controller PrisonerPortal.Controllers.NotificationsController (PrisonerPortal).
2026-03-20 09:03:34.674 +05:30 [INF] Executed DbCommand (1ms) [Parameters=[@userId='?' (Size = 450)], CommandType='"Text"', CommandTimeout='30']
SELECT COUNT(*)
FROM [Notifications] AS [n]
WHERE [n].[UserId] = @userId AND [n].[IsRead] = CAST(0 AS bit)
2026-03-20 09:03:34.677 +05:30 [INF] Executing JsonResult, writing value of type '<>f__AnonymousType2`1[[System.Int32, System.Private.CoreLib, Version=10.0.0.0, Culture=neutral, PublicKeyToken=7cec85d7bea7798e]]'.
2026-03-20 09:03:34.678 +05:30 [INF] Executed action PrisonerPortal.Controllers.NotificationsController.GetUnreadCount (PrisonerPortal) in 5.1309ms
2026-03-20 09:03:34.680 +05:30 [INF] Executed endpoint 'PrisonerPortal.Controllers.NotificationsController.GetUnreadCount (PrisonerPortal)'
2026-03-20 09:03:34.681 +05:30 [INF] Request finished HTTP/1.1 GET http://localhost:5050/Notifications/GetUnreadCount - 200 null application/json; charset=utf-8 17.4489ms
2026-03-20 09:04:00.203 +05:30 [INF] Executed DbCommand (14ms) [Parameters=[], CommandType='"Text"', CommandTimeout='30']
SELECT 1
2026-03-20 09:04:00.258 +05:30 [INF] Executed DbCommand (12ms) [Parameters=[], CommandType='"Text"', CommandTimeout='30']
SELECT OBJECT_ID(N'[__EFMigrationsHistory]');
2026-03-20 09:04:00.285 +05:30 [INF] Executed DbCommand (14ms) [Parameters=[], CommandType='"Text"', CommandTimeout='30']
SELECT [MigrationId], [ProductVersion]
FROM [__EFMigrationsHistory]
ORDER BY [MigrationId];
2026-03-20 09:04:00.302 +05:30 [INF] User profile is available. Using 'C:\Users\HP\AppData\Local\ASP.NET\DataProtection-Keys' as key repository and Windows DPAPI to encrypt keys at rest.
2026-03-20 09:04:00.581 +05:30 [INF] Executed DbCommand (28ms) [Parameters=[@normalizedName='?' (Size = 256)], CommandType='"Text"', CommandTimeout='30']
SELECT TOP(1) [a].[Id], [a].[ConcurrencyStamp], [a].[Name], [a].[NormalizedName]
FROM [AspNetRoles] AS [a]
WHERE [a].[NormalizedName] = @normalizedName
2026-03-20 09:04:00.638 +05:30 [INF] Executed DbCommand (1ms) [Parameters=[@normalizedName='?' (Size = 256)], CommandType='"Text"', CommandTimeout='30']
SELECT TOP(1) [a].[Id], [a].[ConcurrencyStamp], [a].[Name], [a].[NormalizedName]
FROM [AspNetRoles] AS [a]
WHERE [a].[NormalizedName] = @normalizedName
2026-03-20 09:04:00.666 +05:30 [INF] Executed DbCommand (5ms) [Parameters=[@normalizedEmail='?' (Size = 256)], CommandType='"Text"', CommandTimeout='30']
SELECT TOP(2) [a].[Id], [a].[AccessFailedCount], [a].[Address], [a].[ConcurrencyStamp], [a].[CreatedAt], [a].[Email], [a].[EmailConfirmed], [a].[FullName], [a].[IsActive], [a].[LockoutEnabled], [a].[LockoutEnd], [a].[NormalizedEmail], [a].[NormalizedUserName], [a].[PasswordHash], [a].[PhoneNumber], [a].[PhoneNumberConfirmed], [a].[Role], [a].[SecurityStamp], [a].[TwoFactorEnabled], [a].[UserName]
FROM [AspNetUsers] AS [a]
WHERE [a].[NormalizedEmail] = @normalizedEmail
2026-03-20 09:04:00.726 +05:30 [INF] Executed DbCommand (3ms) [Parameters=[@normalizedRoleName='?' (Size = 256)], CommandType='"Text"', CommandTimeout='30']
SELECT TOP(2) [a].[Id], [a].[ConcurrencyStamp], [a].[Name], [a].[NormalizedName]
FROM [AspNetRoles] AS [a]
WHERE [a].[NormalizedName] = @normalizedRoleName
2026-03-20 09:04:00.782 +05:30 [INF] Executed DbCommand (7ms) [Parameters=[@role_Id='?' (Size = 450)], CommandType='"Text"', CommandTimeout='30']
SELECT [a0].[Id], [a0].[AccessFailedCount], [a0].[Address], [a0].[ConcurrencyStamp], [a0].[CreatedAt], [a0].[Email], [a0].[EmailConfirmed], [a0].[FullName], [a0].[IsActive], [a0].[LockoutEnabled], [a0].[LockoutEnd], [a0].[NormalizedEmail], [a0].[NormalizedUserName], [a0].[PasswordHash], [a0].[PhoneNumber], [a0].[PhoneNumberConfirmed], [a0].[Role], [a0].[SecurityStamp], [a0].[TwoFactorEnabled], [a0].[UserName]
FROM [AspNetUserRoles] AS [a]
INNER JOIN [AspNetUsers] AS [a0] ON [a].[UserId] = [a0].[Id]
WHERE [a].[RoleId] = @role_Id
2026-03-20 09:04:00.789 +05:30 [INF] Executed DbCommand (0ms) [Parameters=[@normalizedEmail='?' (Size = 256)], CommandType='"Text"', CommandTimeout='30']
SELECT TOP(2) [a].[Id], [a].[AccessFailedCount], [a].[Address], [a].[ConcurrencyStamp], [a].[CreatedAt], [a].[Email], [a].[EmailConfirmed], [a].[FullName], [a].[IsActive], [a].[LockoutEnabled], [a].[LockoutEnd], [a].[NormalizedEmail], [a].[NormalizedUserName], [a].[PasswordHash], [a].[PhoneNumber], [a].[PhoneNumberConfirmed], [a].[Role], [a].[SecurityStamp], [a].[TwoFactorEnabled], [a].[UserName]
FROM [AspNetUsers] AS [a]
WHERE [a].[NormalizedEmail] = @normalizedEmail
2026-03-20 09:04:00.812 +05:30 [INF] Executed DbCommand (3ms) [Parameters=[], CommandType='"Text"', CommandTimeout='30']
SELECT CASE
    WHEN EXISTS (
        SELECT 1
        FROM [Prisoners] AS [p]) THEN CAST(1 AS bit)
    ELSE CAST(0 AS bit)
END
2026-03-20 09:04:00.819 +05:30 [INF] Executed DbCommand (0ms) [Parameters=[@normalizedEmail='?' (Size = 256)], CommandType='"Text"', CommandTimeout='30']
SELECT TOP(2) [a].[Id], [a].[AccessFailedCount], [a].[Address], [a].[ConcurrencyStamp], [a].[CreatedAt], [a].[Email], [a].[EmailConfirmed], [a].[FullName], [a].[IsActive], [a].[LockoutEnabled], [a].[LockoutEnd], [a].[NormalizedEmail], [a].[NormalizedUserName], [a].[PasswordHash], [a].[PhoneNumber], [a].[PhoneNumberConfirmed], [a].[Role], [a].[SecurityStamp], [a].[TwoFactorEnabled], [a].[UserName]
FROM [AspNetUsers] AS [a]
WHERE [a].[NormalizedEmail] = @normalizedEmail
2026-03-20 09:04:00.829 +05:30 [INF] Executed DbCommand (3ms) [Parameters=[], CommandType='"Text"', CommandTimeout='30']
SELECT CASE
    WHEN EXISTS (
        SELECT 1
        FROM [VisitSlots] AS [v]) THEN CAST(1 AS bit)
    ELSE CAST(0 AS bit)
END
2026-03-20 09:04:00.868 +05:30 [INF] Executed DbCommand (1ms) [Parameters=[@normalizedEmail='?' (Size = 256)], CommandType='"Text"', CommandTimeout='30']
SELECT TOP(2) [a].[Id], [a].[AccessFailedCount], [a].[Address], [a].[ConcurrencyStamp], [a].[CreatedAt], [a].[Email], [a].[EmailConfirmed], [a].[FullName], [a].[IsActive], [a].[LockoutEnabled], [a].[LockoutEnd], [a].[NormalizedEmail], [a].[NormalizedUserName], [a].[PasswordHash], [a].[PhoneNumber], [a].[PhoneNumberConfirmed], [a].[Role], [a].[SecurityStamp], [a].[TwoFactorEnabled], [a].[UserName]
FROM [AspNetUsers] AS [a]
WHERE [a].[NormalizedEmail] = @normalizedEmail
2026-03-20 09:04:00.875 +05:30 [WRN] The query uses the 'First'/'FirstOrDefault' operator without 'OrderBy' and filter operators. This may lead to unpredictable results.
2026-03-20 09:04:00.887 +05:30 [INF] Executed DbCommand (2ms) [Parameters=[], CommandType='"Text"', CommandTimeout='30']
SELECT TOP(1) [p].[PrisonerId], [p].[CaseNumber], [p].[CellBlock], [p].[CellNumber], [p].[CreatedAt], [p].[CrimeCategory], [p].[DateOfBirth], [p].[FullName], [p].[Gender], [p].[PrisonerCode], [p].[SentenceEndDate], [p].[SentenceStartDate], [p].[Status], [p].[UpdatedAt]
FROM [Prisoners] AS [p]
2026-03-20 09:04:00.926 +05:30 [INF] Executed DbCommand (5ms) [Parameters=[@familyUser_Id='?' (Size = 450), @samplePrisoner_PrisonerId='?' (DbType = Int32)], CommandType='"Text"', CommandTimeout='30']
SELECT CASE
    WHEN EXISTS (
        SELECT 1
        FROM [FamilyPrisonerLinks] AS [f]
        WHERE [f].[UserId] = @familyUser_Id AND [f].[PrisonerId] = @samplePrisoner_PrisonerId) THEN CAST(1 AS bit)
    ELSE CAST(0 AS bit)
END
2026-03-20 09:04:00.946 +05:30 [INF] Executed DbCommand (7ms) [Parameters=[@familyUser_Id='?' (Size = 450)], CommandType='"Text"', CommandTimeout='30']
SELECT CASE
    WHEN EXISTS (
        SELECT 1
        FROM [Appointments] AS [a]
        WHERE [a].[UserId] = @familyUser_Id) THEN CAST(1 AS bit)
    ELSE CAST(0 AS bit)
END
2026-03-20 09:04:00.951 +05:30 [WRN] The query uses the 'First'/'FirstOrDefault' operator without 'OrderBy' and filter operators. This may lead to unpredictable results.
2026-03-20 09:04:00.962 +05:30 [INF] Executed DbCommand (2ms) [Parameters=[], CommandType='"Text"', CommandTimeout='30']
SELECT TOP(1) [v].[SlotId], [v].[CreatedAt], [v].[CreatedByAdminId], [v].[CurrentBookings], [v].[EndTime], [v].[IsActive], [v].[MaxCapacity], [v].[SlotDate], [v].[StartTime]
FROM [VisitSlots] AS [v]
2026-03-20 09:04:00.982 +05:30 [INF] ✅ Database ready and seeded.
2026-03-20 09:04:00.988 +05:30 [INF] ✅ App running at http://localhost:5050
2026-03-20 09:04:00.989 +05:30 [INF] ✅ Login: admin@prisonerportal.gov / Admin@123!
2026-03-20 09:04:01.106 +05:30 [INF] Now listening on: http://localhost:5050
2026-03-20 09:04:01.109 +05:30 [INF] Application started. Press Ctrl+C to shut down.
2026-03-20 09:04:01.113 +05:30 [INF] Hosting environment: Development
2026-03-20 09:04:01.117 +05:30 [INF] Content root path: C:\Users\HP\Desktop\Adarsh Yadav Project\PrisonerPortal
2026-03-20 09:04:01.158 +05:30 [INF] Request starting HTTP/1.1 GET http://localhost:5050/Account/Login - null null
2026-03-20 09:04:01.223 +05:30 [INF] Executing endpoint 'PrisonerPortal.Controllers.AccountController.Login (PrisonerPortal)'
2026-03-20 09:04:01.242 +05:30 [INF] Route matched with {action = "Login", controller = "Account"}. Executing controller action with signature Microsoft.AspNetCore.Mvc.IActionResult Login(System.String) on controller PrisonerPortal.Controllers.AccountController (PrisonerPortal).
2026-03-20 09:04:01.266 +05:30 [INF] Executing RedirectResult, redirecting to /Admin/Dashboard.
2026-03-20 09:04:01.272 +05:30 [INF] Executed action PrisonerPortal.Controllers.AccountController.Login (PrisonerPortal) in 23.6199ms
2026-03-20 09:04:01.274 +05:30 [INF] Executed endpoint 'PrisonerPortal.Controllers.AccountController.Login (PrisonerPortal)'
2026-03-20 09:04:01.282 +05:30 [INF] Request finished HTTP/1.1 GET http://localhost:5050/Account/Login - 302 0 null 125.9339ms
2026-03-20 09:04:01.287 +05:30 [INF] Request starting HTTP/1.1 GET http://localhost:5050/Admin/Dashboard - null null
2026-03-20 09:04:01.307 +05:30 [INF] Executing endpoint 'PrisonerPortal.Controllers.AdminController.Dashboard (PrisonerPortal)'
2026-03-20 09:04:01.324 +05:30 [INF] Route matched with {action = "Dashboard", controller = "Admin"}. Executing controller action with signature System.Threading.Tasks.Task`1[Microsoft.AspNetCore.Mvc.IActionResult] Dashboard() on controller PrisonerPortal.Controllers.AdminController (PrisonerPortal).
2026-03-20 09:04:01.430 +05:30 [INF] Executed DbCommand (3ms) [Parameters=[], CommandType='"Text"', CommandTimeout='30']
SELECT COUNT(*)
FROM [AspNetUsers] AS [a]
WHERE [a].[IsActive] = CAST(1 AS bit) AND [a].[Role] = N'Family'
2026-03-20 09:04:01.451 +05:30 [INF] Executed DbCommand (2ms) [Parameters=[], CommandType='"Text"', CommandTimeout='30']
SELECT COUNT(*)
FROM [Prisoners] AS [p]
WHERE [p].[Status] = N'Active'
2026-03-20 09:04:01.492 +05:30 [INF] Executed DbCommand (4ms) [Parameters=[], CommandType='"Text"', CommandTimeout='30']
SELECT COUNT(*)
FROM [Appointments] AS [a]
INNER JOIN [VisitSlots] AS [v] ON [a].[SlotId] = [v].[SlotId]
WHERE CONVERT(date, [v].[SlotDate]) = CONVERT(date, GETDATE()) AND [a].[Status] IN (N'Approved', N'Pending')
2026-03-20 09:04:01.520 +05:30 [INF] Executed DbCommand (5ms) [Parameters=[], CommandType='"Text"', CommandTimeout='30']
SELECT COUNT(*)
FROM [SupportRequests] AS [s]
WHERE [s].[Status] IN (N'Open', N'InProgress')
2026-03-20 09:04:01.605 +05:30 [INF] Executed DbCommand (6ms) [Parameters=[@p='?' (DbType = Int32)], CommandType='"Text"', CommandTimeout='30']
SELECT [a1].[AppointmentId], [a1].[AdminNotes], [a1].[AppointmentCode], [a1].[BookedAt], [a1].[NumVisitors], [a1].[PrisonerId], [a1].[Purpose], [a1].[RejectionReason], [a1].[SlotId], [a1].[Status], [a1].[UpdatedAt], [a1].[UserId], [a1].[VisitorNames], [a0].[Id], [a0].[AccessFailedCount], [a0].[Address], [a0].[ConcurrencyStamp], [a0].[CreatedAt], [a0].[Email], [a0].[EmailConfirmed], [a0].[FullName], [a0].[IsActive], [a0].[LockoutEnabled], [a0].[LockoutEnd], [a0].[NormalizedEmail], [a0].[NormalizedUserName], [a0].[PasswordHash], [a0].[PhoneNumber], [a0].[PhoneNumberConfirmed], [a0].[Role], [a0].[SecurityStamp], [a0].[TwoFactorEnabled], [a0].[UserName], [p].[PrisonerId], [p].[CaseNumber], [p].[CellBlock], [p].[CellNumber], [p].[CreatedAt], [p].[CrimeCategory], [p].[DateOfBirth], [p].[FullName], [p].[Gender], [p].[PrisonerCode], [p].[SentenceEndDate], [p].[SentenceStartDate], [p].[Status], [p].[UpdatedAt], [v].[SlotId], [v].[CreatedAt], [v].[CreatedByAdminId], [v].[CurrentBookings], [v].[EndTime], [v].[IsActive], [v].[MaxCapacity], [v].[SlotDate], [v].[StartTime]
FROM (
    SELECT TOP(@p) [a].[AppointmentId], [a].[AdminNotes], [a].[AppointmentCode], [a].[BookedAt], [a].[NumVisitors], [a].[PrisonerId], [a].[Purpose], [a].[RejectionReason], [a].[SlotId], [a].[Status], [a].[UpdatedAt], [a].[UserId], [a].[VisitorNames]
    FROM [Appointments] AS [a]
    WHERE [a].[Status] = N'Pending'
    ORDER BY [a].[BookedAt] DESC
) AS [a1]
INNER JOIN [AspNetUsers] AS [a0] ON [a1].[UserId] = [a0].[Id]
INNER JOIN [Prisoners] AS [p] ON [a1].[PrisonerId] = [p].[PrisonerId]
INNER JOIN [VisitSlots] AS [v] ON [a1].[SlotId] = [v].[SlotId]
ORDER BY [a1].[BookedAt] DESC
2026-03-20 09:04:01.674 +05:30 [INF] Executed DbCommand (7ms) [Parameters=[@p='?' (DbType = Int32)], CommandType='"Text"', CommandTimeout='30']
SELECT [s0].[RequestId], [s0].[AdminResponse], [s0].[AssignedAdminId], [s0].[Category], [s0].[CreatedAt], [s0].[Description], [s0].[Priority], [s0].[PrisonerId], [s0].[RequestCode], [s0].[ResolvedAt], [s0].[Status], [s0].[Subject], [s0].[UpdatedAt], [s0].[UserId], [a].[Id], [a].[AccessFailedCount], [a].[Address], [a].[ConcurrencyStamp], [a].[CreatedAt], [a].[Email], [a].[EmailConfirmed], [a].[FullName], [a].[IsActive], [a].[LockoutEnabled], [a].[LockoutEnd], [a].[NormalizedEmail], [a].[NormalizedUserName], [a].[PasswordHash], [a].[PhoneNumber], [a].[PhoneNumberConfirmed], [a].[Role], [a].[SecurityStamp], [a].[TwoFactorEnabled], [a].[UserName], [p].[PrisonerId], [p].[CaseNumber], [p].[CellBlock], [p].[CellNumber], [p].[CreatedAt], [p].[CrimeCategory], [p].[DateOfBirth], [p].[FullName], [p].[Gender], [p].[PrisonerCode], [p].[SentenceEndDate], [p].[SentenceStartDate], [p].[Status], [p].[UpdatedAt]
FROM (
    SELECT TOP(@p) [s].[RequestId], [s].[AdminResponse], [s].[AssignedAdminId], [s].[Category], [s].[CreatedAt], [s].[Description], [s].[Priority], [s].[PrisonerId], [s].[RequestCode], [s].[ResolvedAt], [s].[Status], [s].[Subject], [s].[UpdatedAt], [s].[UserId]
    FROM [SupportRequests] AS [s]
    WHERE [s].[Status] IN (N'Open', N'InProgress')
    ORDER BY [s].[CreatedAt] DESC
) AS [s0]
INNER JOIN [AspNetUsers] AS [a] ON [s0].[UserId] = [a].[Id]
LEFT JOIN [Prisoners] AS [p] ON [s0].[PrisonerId] = [p].[PrisonerId]
ORDER BY [s0].[CreatedAt] DESC
2026-03-20 09:04:01.769 +05:30 [INF] Executed DbCommand (11ms) [Parameters=[@p='?' (DbType = Int32)], CommandType='"Text"', CommandTimeout='30']
SELECT [f0].[LinkId], [f0].[IsVerified], [f0].[LinkedAt], [f0].[PrisonerId], [f0].[Relationship], [f0].[UserId], [f0].[VerifiedByAdminId], [a].[Id], [a].[AccessFailedCount], [a].[Address], [a].[ConcurrencyStamp], [a].[CreatedAt], [a].[Email], [a].[EmailConfirmed], [a].[FullName], [a].[IsActive], [a].[LockoutEnabled], [a].[LockoutEnd], [a].[NormalizedEmail], [a].[NormalizedUserName], [a].[PasswordHash], [a].[PhoneNumber], [a].[PhoneNumberConfirmed], [a].[Role], [a].[SecurityStamp], [a].[TwoFactorEnabled], [a].[UserName], [p].[PrisonerId], [p].[CaseNumber], [p].[CellBlock], [p].[CellNumber], [p].[CreatedAt], [p].[CrimeCategory], [p].[DateOfBirth], [p].[FullName], [p].[Gender], [p].[PrisonerCode], [p].[SentenceEndDate], [p].[SentenceStartDate], [p].[Status], [p].[UpdatedAt]
FROM (
    SELECT TOP(@p) [f].[LinkId], [f].[IsVerified], [f].[LinkedAt], [f].[PrisonerId], [f].[Relationship], [f].[UserId], [f].[VerifiedByAdminId]
    FROM [FamilyPrisonerLinks] AS [f]
    WHERE [f].[IsVerified] = CAST(0 AS bit)
    ORDER BY [f].[LinkedAt] DESC
) AS [f0]
INNER JOIN [AspNetUsers] AS [a] ON [f0].[UserId] = [a].[Id]
INNER JOIN [Prisoners] AS [p] ON [f0].[PrisonerId] = [p].[PrisonerId]
ORDER BY [f0].[LinkedAt] DESC
2026-03-20 09:04:01.809 +05:30 [INF] Executed DbCommand (2ms) [Parameters=[@p='?' (DbType = Int32)], CommandType='"Text"', CommandTimeout='30']
SELECT TOP(@p) [a].[Id], [a].[AccessFailedCount], [a].[Address], [a].[ConcurrencyStamp], [a].[CreatedAt], [a].[Email], [a].[EmailConfirmed], [a].[FullName], [a].[IsActive], [a].[LockoutEnabled], [a].[LockoutEnd], [a].[NormalizedEmail], [a].[NormalizedUserName], [a].[PasswordHash], [a].[PhoneNumber], [a].[PhoneNumberConfirmed], [a].[Role], [a].[SecurityStamp], [a].[TwoFactorEnabled], [a].[UserName]
FROM [AspNetUsers] AS [a]
ORDER BY [a].[CreatedAt] DESC
2026-03-20 09:04:01.845 +05:30 [INF] Executing ViewResult, running view Dashboard.
2026-03-20 09:04:02.127 +05:30 [INF] Executed ViewResult - view Dashboard executed in 302.1544ms.
2026-03-20 09:04:02.133 +05:30 [INF] Executed action PrisonerPortal.Controllers.AdminController.Dashboard (PrisonerPortal) in 804.5471ms
2026-03-20 09:04:02.138 +05:30 [INF] Executed endpoint 'PrisonerPortal.Controllers.AdminController.Dashboard (PrisonerPortal)'
2026-03-20 09:04:02.147 +05:30 [INF] Request finished HTTP/1.1 GET http://localhost:5050/Admin/Dashboard - 200 null text/html; charset=utf-8 858.5545ms
2026-03-20 09:04:02.243 +05:30 [INF] Request starting HTTP/1.1 GET http://localhost:5050/Notifications/GetUnreadCount - null null
2026-03-20 09:04:02.269 +05:30 [INF] Executing endpoint 'PrisonerPortal.Controllers.NotificationsController.GetUnreadCount (PrisonerPortal)'
2026-03-20 09:04:02.274 +05:30 [INF] Route matched with {action = "GetUnreadCount", controller = "Notifications"}. Executing controller action with signature Microsoft.AspNetCore.Mvc.IActionResult GetUnreadCount() on controller PrisonerPortal.Controllers.NotificationsController (PrisonerPortal).
2026-03-20 09:04:02.381 +05:30 [INF] Executed DbCommand (3ms) [Parameters=[@userId='?' (Size = 450)], CommandType='"Text"', CommandTimeout='30']
SELECT COUNT(*)
FROM [Notifications] AS [n]
WHERE [n].[UserId] = @userId AND [n].[IsRead] = CAST(0 AS bit)
2026-03-20 09:04:02.391 +05:30 [INF] Executing JsonResult, writing value of type '<>f__AnonymousType2`1[[System.Int32, System.Private.CoreLib, Version=10.0.0.0, Culture=neutral, PublicKeyToken=7cec85d7bea7798e]]'.
2026-03-20 09:04:02.446 +05:30 [INF] Executed action PrisonerPortal.Controllers.NotificationsController.GetUnreadCount (PrisonerPortal) in 167.1901ms
2026-03-20 09:04:02.450 +05:30 [INF] Executed endpoint 'PrisonerPortal.Controllers.NotificationsController.GetUnreadCount (PrisonerPortal)'
2026-03-20 09:04:02.452 +05:30 [INF] Request finished HTTP/1.1 GET http://localhost:5050/Notifications/GetUnreadCount - 200 null application/json; charset=utf-8 209.2518ms
2026-03-20 09:04:06.370 +05:30 [INF] Request starting HTTP/1.1 GET http://localhost:5050/Admin/Prisoners - null null
2026-03-20 09:04:06.384 +05:30 [INF] Executing endpoint 'PrisonerPortal.Controllers.AdminController.Prisoners (PrisonerPortal)'
2026-03-20 09:04:06.397 +05:30 [INF] Route matched with {action = "Prisoners", controller = "Admin"}. Executing controller action with signature System.Threading.Tasks.Task`1[Microsoft.AspNetCore.Mvc.IActionResult] Prisoners() on controller PrisonerPortal.Controllers.AdminController (PrisonerPortal).
2026-03-20 09:04:06.443 +05:30 [INF] Executed DbCommand (2ms) [Parameters=[], CommandType='"Text"', CommandTimeout='30']
SELECT [p].[PrisonerId], [p].[CaseNumber], [p].[CellBlock], [p].[CellNumber], [p].[CreatedAt], [p].[CrimeCategory], [p].[DateOfBirth], [p].[FullName], [p].[Gender], [p].[PrisonerCode], [p].[SentenceEndDate], [p].[SentenceStartDate], [p].[Status], [p].[UpdatedAt]
FROM [Prisoners] AS [p]
ORDER BY [p].[FullName]
2026-03-20 09:04:06.460 +05:30 [INF] Executing ViewResult, running view Prisoners.
2026-03-20 09:04:06.493 +05:30 [INF] Executed ViewResult - view Prisoners executed in 37.6267ms.
2026-03-20 09:04:06.498 +05:30 [INF] Executed action PrisonerPortal.Controllers.AdminController.Prisoners (PrisonerPortal) in 92.2101ms
2026-03-20 09:04:06.500 +05:30 [INF] Executed endpoint 'PrisonerPortal.Controllers.AdminController.Prisoners (PrisonerPortal)'
2026-03-20 09:04:06.502 +05:30 [INF] Request finished HTTP/1.1 GET http://localhost:5050/Admin/Prisoners - 200 null text/html; charset=utf-8 131.7309ms
2026-03-20 09:04:06.531 +05:30 [INF] Request starting HTTP/1.1 GET http://localhost:5050/Notifications/GetUnreadCount - null null
2026-03-20 09:04:06.537 +05:30 [INF] Executing endpoint 'PrisonerPortal.Controllers.NotificationsController.GetUnreadCount (PrisonerPortal)'
2026-03-20 09:04:06.539 +05:30 [INF] Route matched with {action = "GetUnreadCount", controller = "Notifications"}. Executing controller action with signature Microsoft.AspNetCore.Mvc.IActionResult GetUnreadCount() on controller PrisonerPortal.Controllers.NotificationsController (PrisonerPortal).
2026-03-20 09:04:06.544 +05:30 [INF] Executed DbCommand (1ms) [Parameters=[@userId='?' (Size = 450)], CommandType='"Text"', CommandTimeout='30']
SELECT COUNT(*)
FROM [Notifications] AS [n]
WHERE [n].[UserId] = @userId AND [n].[IsRead] = CAST(0 AS bit)
2026-03-20 09:04:06.547 +05:30 [INF] Executing JsonResult, writing value of type '<>f__AnonymousType2`1[[System.Int32, System.Private.CoreLib, Version=10.0.0.0, Culture=neutral, PublicKeyToken=7cec85d7bea7798e]]'.
2026-03-20 09:04:06.549 +05:30 [INF] Executed action PrisonerPortal.Controllers.NotificationsController.GetUnreadCount (PrisonerPortal) in 7.4521ms
2026-03-20 09:04:06.551 +05:30 [INF] Executed endpoint 'PrisonerPortal.Controllers.NotificationsController.GetUnreadCount (PrisonerPortal)'
2026-03-20 09:04:06.552 +05:30 [INF] Request finished HTTP/1.1 GET http://localhost:5050/Notifications/GetUnreadCount - 200 null application/json; charset=utf-8 21.0062ms
2026-03-20 09:04:11.014 +05:30 [INF] Request starting HTTP/1.1 GET http://localhost:5050/Admin/ViewPrisoner/2 - null null
2026-03-20 09:04:11.023 +05:30 [INF] Executing endpoint 'PrisonerPortal.Controllers.AdminController.ViewPrisoner (PrisonerPortal)'
2026-03-20 09:04:11.038 +05:30 [INF] Route matched with {action = "ViewPrisoner", controller = "Admin"}. Executing controller action with signature System.Threading.Tasks.Task`1[Microsoft.AspNetCore.Mvc.IActionResult] ViewPrisoner(Int32) on controller PrisonerPortal.Controllers.AdminController (PrisonerPortal).
2026-03-20 09:04:11.113 +05:30 [WRN] Compiling a query which loads related collections for more than one collection navigation, either via 'Include' or through projection, but no 'QuerySplittingBehavior' has been configured. By default, Entity Framework will use 'QuerySplittingBehavior.SingleQuery', which can potentially result in slow query performance. See https://go.microsoft.com/fwlink/?linkid=2134277 for more information. To identify the query that's triggering this warning call 'ConfigureWarnings(w => w.Throw(RelationalEventId.MultipleCollectionIncludeWarning))'.
2026-03-20 09:04:11.242 +05:30 [INF] Executed DbCommand (25ms) [Parameters=[@id='?' (DbType = Int32)], CommandType='"Text"', CommandTimeout='30']
SELECT [p0].[PrisonerId], [p0].[CaseNumber], [p0].[CellBlock], [p0].[CellNumber], [p0].[CreatedAt], [p0].[CrimeCategory], [p0].[DateOfBirth], [p0].[FullName], [p0].[Gender], [p0].[PrisonerCode], [p0].[SentenceEndDate], [p0].[SentenceStartDate], [p0].[Status], [p0].[UpdatedAt], [s0].[LinkId], [s0].[IsVerified], [s0].[LinkedAt], [s0].[PrisonerId], [s0].[Relationship], [s0].[UserId], [s0].[VerifiedByAdminId], [s0].[Id], [s0].[AccessFailedCount], [s0].[Address], [s0].[ConcurrencyStamp], [s0].[CreatedAt], [s0].[Email], [s0].[EmailConfirmed], [s0].[FullName], [s0].[IsActive], [s0].[LockoutEnabled], [s0].[LockoutEnd], [s0].[NormalizedEmail], [s0].[NormalizedUserName], [s0].[PasswordHash], [s0].[PhoneNumber], [s0].[PhoneNumberConfirmed], [s0].[Role], [s0].[SecurityStamp], [s0].[TwoFactorEnabled], [s0].[UserName], [s1].[AppointmentId], [s1].[AdminNotes], [s1].[AppointmentCode], [s1].[BookedAt], [s1].[NumVisitors], [s1].[PrisonerId], [s1].[Purpose], [s1].[RejectionReason], [s1].[SlotId], [s1].[Status], [s1].[UpdatedAt], [s1].[UserId], [s1].[VisitorNames], [s1].[Id], [s1].[AccessFailedCount], [s1].[Address], [s1].[ConcurrencyStamp], [s1].[CreatedAt], [s1].[Email], [s1].[EmailConfirmed], [s1].[FullName], [s1].[IsActive], [s1].[LockoutEnabled], [s1].[LockoutEnd], [s1].[NormalizedEmail], [s1].[NormalizedUserName], [s1].[PasswordHash], [s1].[PhoneNumber], [s1].[PhoneNumberConfirmed], [s1].[Role], [s1].[SecurityStamp], [s1].[TwoFactorEnabled], [s1].[UserName], [s].[RequestId], [s].[AdminResponse], [s].[AssignedAdminId], [s].[Category], [s].[CreatedAt], [s].[Description], [s].[Priority], [s].[PrisonerId], [s].[RequestCode], [s].[ResolvedAt], [s].[Status], [s].[Subject], [s].[UpdatedAt], [s].[UserId]
FROM (
    SELECT TOP(1) [p].[PrisonerId], [p].[CaseNumber], [p].[CellBlock], [p].[CellNumber], [p].[CreatedAt], [p].[CrimeCategory], [p].[DateOfBirth], [p].[FullName], [p].[Gender], [p].[PrisonerCode], [p].[SentenceEndDate], [p].[SentenceStartDate], [p].[Status], [p].[UpdatedAt]
    FROM [Prisoners] AS [p]
    WHERE [p].[PrisonerId] = @id
) AS [p0]
LEFT JOIN (
    SELECT [f].[LinkId], [f].[IsVerified], [f].[LinkedAt], [f].[PrisonerId], [f].[Relationship], [f].[UserId], [f].[VerifiedByAdminId], [a].[Id], [a].[AccessFailedCount], [a].[Address], [a].[ConcurrencyStamp], [a].[CreatedAt], [a].[Email], [a].[EmailConfirmed], [a].[FullName], [a].[IsActive], [a].[LockoutEnabled], [a].[LockoutEnd], [a].[NormalizedEmail], [a].[NormalizedUserName], [a].[PasswordHash], [a].[PhoneNumber], [a].[PhoneNumberConfirmed], [a].[Role], [a].[SecurityStamp], [a].[TwoFactorEnabled], [a].[UserName]
    FROM [FamilyPrisonerLinks] AS [f]
    INNER JOIN [AspNetUsers] AS [a] ON [f].[UserId] = [a].[Id]
) AS [s0] ON [p0].[PrisonerId] = [s0].[PrisonerId]
LEFT JOIN (
    SELECT [a0].[AppointmentId], [a0].[AdminNotes], [a0].[AppointmentCode], [a0].[BookedAt], [a0].[NumVisitors], [a0].[PrisonerId], [a0].[Purpose], [a0].[RejectionReason], [a0].[SlotId], [a0].[Status], [a0].[UpdatedAt], [a0].[UserId], [a0].[VisitorNames], [a1].[Id], [a1].[AccessFailedCount], [a1].[Address], [a1].[ConcurrencyStamp], [a1].[CreatedAt], [a1].[Email], [a1].[EmailConfirmed], [a1].[FullName], [a1].[IsActive], [a1].[LockoutEnabled], [a1].[LockoutEnd], [a1].[NormalizedEmail], [a1].[NormalizedUserName], [a1].[PasswordHash], [a1].[PhoneNumber], [a1].[PhoneNumberConfirmed], [a1].[Role], [a1].[SecurityStamp], [a1].[TwoFactorEnabled], [a1].[UserName]
    FROM [Appointments] AS [a0]
    INNER JOIN [AspNetUsers] AS [a1] ON [a0].[UserId] = [a1].[Id]
) AS [s1] ON [p0].[PrisonerId] = [s1].[PrisonerId]
LEFT JOIN [SupportRequests] AS [s] ON [p0].[PrisonerId] = [s].[PrisonerId]
ORDER BY [p0].[PrisonerId], [s0].[LinkId], [s0].[Id], [s1].[AppointmentId], [s1].[Id]
2026-03-20 09:04:11.281 +05:30 [INF] Executing ViewResult, running view ViewPrisoner.
2026-03-20 09:04:11.313 +05:30 [INF] Executed ViewResult - view ViewPrisoner executed in 39.2785ms.
2026-03-20 09:04:11.318 +05:30 [INF] Executed action PrisonerPortal.Controllers.AdminController.ViewPrisoner (PrisonerPortal) in 273.9686ms
2026-03-20 09:04:11.321 +05:30 [INF] Executed endpoint 'PrisonerPortal.Controllers.AdminController.ViewPrisoner (PrisonerPortal)'
2026-03-20 09:04:11.322 +05:30 [INF] Request finished HTTP/1.1 GET http://localhost:5050/Admin/ViewPrisoner/2 - 200 null text/html; charset=utf-8 308.3155ms
2026-03-20 09:04:11.336 +05:30 [INF] Request starting HTTP/1.1 GET http://localhost:5050/Notifications/GetUnreadCount - null null
2026-03-20 09:04:11.343 +05:30 [INF] Executing endpoint 'PrisonerPortal.Controllers.NotificationsController.GetUnreadCount (PrisonerPortal)'
2026-03-20 09:04:11.344 +05:30 [INF] Route matched with {action = "GetUnreadCount", controller = "Notifications"}. Executing controller action with signature Microsoft.AspNetCore.Mvc.IActionResult GetUnreadCount() on controller PrisonerPortal.Controllers.NotificationsController (PrisonerPortal).
2026-03-20 09:04:11.349 +05:30 [INF] Executed DbCommand (0ms) [Parameters=[@userId='?' (Size = 450)], CommandType='"Text"', CommandTimeout='30']
SELECT COUNT(*)
FROM [Notifications] AS [n]
WHERE [n].[UserId] = @userId AND [n].[IsRead] = CAST(0 AS bit)
2026-03-20 09:04:11.351 +05:30 [INF] Executing JsonResult, writing value of type '<>f__AnonymousType2`1[[System.Int32, System.Private.CoreLib, Version=10.0.0.0, Culture=neutral, PublicKeyToken=7cec85d7bea7798e]]'.
2026-03-20 09:04:11.353 +05:30 [INF] Executed action PrisonerPortal.Controllers.NotificationsController.GetUnreadCount (PrisonerPortal) in 5.6419ms
2026-03-20 09:04:11.354 +05:30 [INF] Executed endpoint 'PrisonerPortal.Controllers.NotificationsController.GetUnreadCount (PrisonerPortal)'
2026-03-20 09:04:11.355 +05:30 [INF] Request finished HTTP/1.1 GET http://localhost:5050/Notifications/GetUnreadCount - 200 null application/json; charset=utf-8 18.9213ms
2026-03-20 09:04:26.299 +05:30 [INF] Request starting HTTP/1.1 POST http://localhost:5050/Admin/UpdatePrisonerStatus - application/x-www-form-urlencoded 249
2026-03-20 09:04:26.303 +05:30 [INF] Executing endpoint 'PrisonerPortal.Controllers.AdminController.UpdatePrisonerStatus (PrisonerPortal)'
2026-03-20 09:04:26.311 +05:30 [INF] Route matched with {action = "UpdatePrisonerStatus", controller = "Admin"}. Executing controller action with signature System.Threading.Tasks.Task`1[Microsoft.AspNetCore.Mvc.IActionResult] UpdatePrisonerStatus(Int32, System.String) on controller PrisonerPortal.Controllers.AdminController (PrisonerPortal).
2026-03-20 09:04:26.355 +05:30 [INF] Executed DbCommand (3ms) [Parameters=[@p='?' (DbType = Int32)], CommandType='"Text"', CommandTimeout='30']
SELECT TOP(1) [p].[PrisonerId], [p].[CaseNumber], [p].[CellBlock], [p].[CellNumber], [p].[CreatedAt], [p].[CrimeCategory], [p].[DateOfBirth], [p].[FullName], [p].[Gender], [p].[PrisonerCode], [p].[SentenceEndDate], [p].[SentenceStartDate], [p].[Status], [p].[UpdatedAt]
FROM [Prisoners] AS [p]
WHERE [p].[PrisonerId] = @p
2026-03-20 09:04:26.439 +05:30 [INF] Executed DbCommand (5ms) [Parameters=[@p2='?' (DbType = Int32), @p0='?' (Size = 4000), @p1='?' (DbType = DateTime2)], CommandType='"Text"', CommandTimeout='30']
SET IMPLICIT_TRANSACTIONS OFF;
SET NOCOUNT ON;
UPDATE [Prisoners] SET [Status] = @p0, [UpdatedAt] = @p1
OUTPUT 1
WHERE [PrisonerId] = @p2;
2026-03-20 09:04:26.457 +05:30 [INF] Executing RedirectResult, redirecting to /Admin/ViewPrisoner/2.
2026-03-20 09:04:26.478 +05:30 [INF] Executed action PrisonerPortal.Controllers.AdminController.UpdatePrisonerStatus (PrisonerPortal) in 164.1198ms
2026-03-20 09:04:26.483 +05:30 [INF] Executed endpoint 'PrisonerPortal.Controllers.AdminController.UpdatePrisonerStatus (PrisonerPortal)'
2026-03-20 09:04:26.486 +05:30 [INF] Request finished HTTP/1.1 POST http://localhost:5050/Admin/UpdatePrisonerStatus - 302 0 null 186.5863ms
2026-03-20 09:04:26.491 +05:30 [INF] Request starting HTTP/1.1 GET http://localhost:5050/Admin/ViewPrisoner/2 - null null
2026-03-20 09:04:26.496 +05:30 [INF] Executing endpoint 'PrisonerPortal.Controllers.AdminController.ViewPrisoner (PrisonerPortal)'
2026-03-20 09:04:26.499 +05:30 [INF] Route matched with {action = "ViewPrisoner", controller = "Admin"}. Executing controller action with signature System.Threading.Tasks.Task`1[Microsoft.AspNetCore.Mvc.IActionResult] ViewPrisoner(Int32) on controller PrisonerPortal.Controllers.AdminController (PrisonerPortal).
2026-03-20 09:04:26.505 +05:30 [INF] Executed DbCommand (1ms) [Parameters=[@id='?' (DbType = Int32)], CommandType='"Text"', CommandTimeout='30']
SELECT [p0].[PrisonerId], [p0].[CaseNumber], [p0].[CellBlock], [p0].[CellNumber], [p0].[CreatedAt], [p0].[CrimeCategory], [p0].[DateOfBirth], [p0].[FullName], [p0].[Gender], [p0].[PrisonerCode], [p0].[SentenceEndDate], [p0].[SentenceStartDate], [p0].[Status], [p0].[UpdatedAt], [s0].[LinkId], [s0].[IsVerified], [s0].[LinkedAt], [s0].[PrisonerId], [s0].[Relationship], [s0].[UserId], [s0].[VerifiedByAdminId], [s0].[Id], [s0].[AccessFailedCount], [s0].[Address], [s0].[ConcurrencyStamp], [s0].[CreatedAt], [s0].[Email], [s0].[EmailConfirmed], [s0].[FullName], [s0].[IsActive], [s0].[LockoutEnabled], [s0].[LockoutEnd], [s0].[NormalizedEmail], [s0].[NormalizedUserName], [s0].[PasswordHash], [s0].[PhoneNumber], [s0].[PhoneNumberConfirmed], [s0].[Role], [s0].[SecurityStamp], [s0].[TwoFactorEnabled], [s0].[UserName], [s1].[AppointmentId], [s1].[AdminNotes], [s1].[AppointmentCode], [s1].[BookedAt], [s1].[NumVisitors], [s1].[PrisonerId], [s1].[Purpose], [s1].[RejectionReason], [s1].[SlotId], [s1].[Status], [s1].[UpdatedAt], [s1].[UserId], [s1].[VisitorNames], [s1].[Id], [s1].[AccessFailedCount], [s1].[Address], [s1].[ConcurrencyStamp], [s1].[CreatedAt], [s1].[Email], [s1].[EmailConfirmed], [s1].[FullName], [s1].[IsActive], [s1].[LockoutEnabled], [s1].[LockoutEnd], [s1].[NormalizedEmail], [s1].[NormalizedUserName], [s1].[PasswordHash], [s1].[PhoneNumber], [s1].[PhoneNumberConfirmed], [s1].[Role], [s1].[SecurityStamp], [s1].[TwoFactorEnabled], [s1].[UserName], [s].[RequestId], [s].[AdminResponse], [s].[AssignedAdminId], [s].[Category], [s].[CreatedAt], [s].[Description], [s].[Priority], [s].[PrisonerId], [s].[RequestCode], [s].[ResolvedAt], [s].[Status], [s].[Subject], [s].[UpdatedAt], [s].[UserId]
FROM (
    SELECT TOP(1) [p].[PrisonerId], [p].[CaseNumber], [p].[CellBlock], [p].[CellNumber], [p].[CreatedAt], [p].[CrimeCategory], [p].[DateOfBirth], [p].[FullName], [p].[Gender], [p].[PrisonerCode], [p].[SentenceEndDate], [p].[SentenceStartDate], [p].[Status], [p].[UpdatedAt]
    FROM [Prisoners] AS [p]
    WHERE [p].[PrisonerId] = @id
) AS [p0]
LEFT JOIN (
    SELECT [f].[LinkId], [f].[IsVerified], [f].[LinkedAt], [f].[PrisonerId], [f].[Relationship], [f].[UserId], [f].[VerifiedByAdminId], [a].[Id], [a].[AccessFailedCount], [a].[Address], [a].[ConcurrencyStamp], [a].[CreatedAt], [a].[Email], [a].[EmailConfirmed], [a].[FullName], [a].[IsActive], [a].[LockoutEnabled], [a].[LockoutEnd], [a].[NormalizedEmail], [a].[NormalizedUserName], [a].[PasswordHash], [a].[PhoneNumber], [a].[PhoneNumberConfirmed], [a].[Role], [a].[SecurityStamp], [a].[TwoFactorEnabled], [a].[UserName]
    FROM [FamilyPrisonerLinks] AS [f]
    INNER JOIN [AspNetUsers] AS [a] ON [f].[UserId] = [a].[Id]
) AS [s0] ON [p0].[PrisonerId] = [s0].[PrisonerId]
LEFT JOIN (
    SELECT [a0].[AppointmentId], [a0].[AdminNotes], [a0].[AppointmentCode], [a0].[BookedAt], [a0].[NumVisitors], [a0].[PrisonerId], [a0].[Purpose], [a0].[RejectionReason], [a0].[SlotId], [a0].[Status], [a0].[UpdatedAt], [a0].[UserId], [a0].[VisitorNames], [a1].[Id], [a1].[AccessFailedCount], [a1].[Address], [a1].[ConcurrencyStamp], [a1].[CreatedAt], [a1].[Email], [a1].[EmailConfirmed], [a1].[FullName], [a1].[IsActive], [a1].[LockoutEnabled], [a1].[LockoutEnd], [a1].[NormalizedEmail], [a1].[NormalizedUserName], [a1].[PasswordHash], [a1].[PhoneNumber], [a1].[PhoneNumberConfirmed], [a1].[Role], [a1].[SecurityStamp], [a1].[TwoFactorEnabled], [a1].[UserName]
    FROM [Appointments] AS [a0]
    INNER JOIN [AspNetUsers] AS [a1] ON [a0].[UserId] = [a1].[Id]
) AS [s1] ON [p0].[PrisonerId] = [s1].[PrisonerId]
LEFT JOIN [SupportRequests] AS [s] ON [p0].[PrisonerId] = [s].[PrisonerId]
ORDER BY [p0].[PrisonerId], [s0].[LinkId], [s0].[Id], [s1].[AppointmentId], [s1].[Id]
2026-03-20 09:04:26.516 +05:30 [INF] Executing ViewResult, running view ViewPrisoner.
2026-03-20 09:04:26.541 +05:30 [INF] Executed ViewResult - view ViewPrisoner executed in 24.3601ms.
2026-03-20 09:04:26.545 +05:30 [INF] Executed action PrisonerPortal.Controllers.AdminController.ViewPrisoner (PrisonerPortal) in 42.0198ms
2026-03-20 09:04:26.547 +05:30 [INF] Executed endpoint 'PrisonerPortal.Controllers.AdminController.ViewPrisoner (PrisonerPortal)'
2026-03-20 09:04:26.549 +05:30 [INF] Request finished HTTP/1.1 GET http://localhost:5050/Admin/ViewPrisoner/2 - 200 null text/html; charset=utf-8 58.3123ms
2026-03-20 09:04:26.574 +05:30 [INF] Request starting HTTP/1.1 GET http://localhost:5050/Notifications/GetUnreadCount - null null
2026-03-20 09:04:26.580 +05:30 [INF] Executing endpoint 'PrisonerPortal.Controllers.NotificationsController.GetUnreadCount (PrisonerPortal)'
2026-03-20 09:04:26.582 +05:30 [INF] Route matched with {action = "GetUnreadCount", controller = "Notifications"}. Executing controller action with signature Microsoft.AspNetCore.Mvc.IActionResult GetUnreadCount() on controller PrisonerPortal.Controllers.NotificationsController (PrisonerPortal).
2026-03-20 09:04:26.585 +05:30 [INF] Executed DbCommand (1ms) [Parameters=[@userId='?' (Size = 450)], CommandType='"Text"', CommandTimeout='30']
SELECT COUNT(*)
FROM [Notifications] AS [n]
WHERE [n].[UserId] = @userId AND [n].[IsRead] = CAST(0 AS bit)
2026-03-20 09:04:26.589 +05:30 [INF] Executing JsonResult, writing value of type '<>f__AnonymousType2`1[[System.Int32, System.Private.CoreLib, Version=10.0.0.0, Culture=neutral, PublicKeyToken=7cec85d7bea7798e]]'.
2026-03-20 09:04:26.590 +05:30 [INF] Executed action PrisonerPortal.Controllers.NotificationsController.GetUnreadCount (PrisonerPortal) in 6.2473ms
2026-03-20 09:04:26.592 +05:30 [INF] Executed endpoint 'PrisonerPortal.Controllers.NotificationsController.GetUnreadCount (PrisonerPortal)'
2026-03-20 09:04:26.594 +05:30 [INF] Request finished HTTP/1.1 GET http://localhost:5050/Notifications/GetUnreadCount - 200 null application/json; charset=utf-8 19.4831ms
2026-03-20 09:04:31.212 +05:30 [INF] Request starting HTTP/1.1 GET http://localhost:5050/Admin/Prisoners - null null
2026-03-20 09:04:31.220 +05:30 [INF] Executing endpoint 'PrisonerPortal.Controllers.AdminController.Prisoners (PrisonerPortal)'
2026-03-20 09:04:31.222 +05:30 [INF] Route matched with {action = "Prisoners", controller = "Admin"}. Executing controller action with signature System.Threading.Tasks.Task`1[Microsoft.AspNetCore.Mvc.IActionResult] Prisoners() on controller PrisonerPortal.Controllers.AdminController (PrisonerPortal).
2026-03-20 09:04:31.227 +05:30 [INF] Executed DbCommand (1ms) [Parameters=[], CommandType='"Text"', CommandTimeout='30']
SELECT [p].[PrisonerId], [p].[CaseNumber], [p].[CellBlock], [p].[CellNumber], [p].[CreatedAt], [p].[CrimeCategory], [p].[DateOfBirth], [p].[FullName], [p].[Gender], [p].[PrisonerCode], [p].[SentenceEndDate], [p].[SentenceStartDate], [p].[Status], [p].[UpdatedAt]
FROM [Prisoners] AS [p]
ORDER BY [p].[FullName]
2026-03-20 09:04:31.229 +05:30 [INF] Executing ViewResult, running view Prisoners.
2026-03-20 09:04:31.232 +05:30 [INF] Executed ViewResult - view Prisoners executed in 2.8367ms.
2026-03-20 09:04:31.234 +05:30 [INF] Executed action PrisonerPortal.Controllers.AdminController.Prisoners (PrisonerPortal) in 9.5451ms
2026-03-20 09:04:31.237 +05:30 [INF] Executed endpoint 'PrisonerPortal.Controllers.AdminController.Prisoners (PrisonerPortal)'
2026-03-20 09:04:31.238 +05:30 [INF] Request finished HTTP/1.1 GET http://localhost:5050/Admin/Prisoners - 200 null text/html; charset=utf-8 26.1325ms
2026-03-20 09:04:31.253 +05:30 [INF] Request starting HTTP/1.1 GET http://localhost:5050/Notifications/GetUnreadCount - null null
2026-03-20 09:04:31.257 +05:30 [INF] Executing endpoint 'PrisonerPortal.Controllers.NotificationsController.GetUnreadCount (PrisonerPortal)'
2026-03-20 09:04:31.258 +05:30 [INF] Route matched with {action = "GetUnreadCount", controller = "Notifications"}. Executing controller action with signature Microsoft.AspNetCore.Mvc.IActionResult GetUnreadCount() on controller PrisonerPortal.Controllers.NotificationsController (PrisonerPortal).
2026-03-20 09:04:31.262 +05:30 [INF] Executed DbCommand (1ms) [Parameters=[@userId='?' (Size = 450)], CommandType='"Text"', CommandTimeout='30']
SELECT COUNT(*)
FROM [Notifications] AS [n]
WHERE [n].[UserId] = @userId AND [n].[IsRead] = CAST(0 AS bit)
2026-03-20 09:04:31.265 +05:30 [INF] Executing JsonResult, writing value of type '<>f__AnonymousType2`1[[System.Int32, System.Private.CoreLib, Version=10.0.0.0, Culture=neutral, PublicKeyToken=7cec85d7bea7798e]]'.
2026-03-20 09:04:31.267 +05:30 [INF] Executed action PrisonerPortal.Controllers.NotificationsController.GetUnreadCount (PrisonerPortal) in 6.491ms
2026-03-20 09:04:31.268 +05:30 [INF] Executed endpoint 'PrisonerPortal.Controllers.NotificationsController.GetUnreadCount (PrisonerPortal)'
2026-03-20 09:04:31.269 +05:30 [INF] Request finished HTTP/1.1 GET http://localhost:5050/Notifications/GetUnreadCount - 200 null application/json; charset=utf-8 16.1691ms
2026-03-20 09:04:38.025 +05:30 [INF] Request starting HTTP/1.1 GET http://localhost:5050/Admin/Dashboard - null null
2026-03-20 09:04:38.033 +05:30 [INF] Executing endpoint 'PrisonerPortal.Controllers.AdminController.Dashboard (PrisonerPortal)'
2026-03-20 09:04:38.035 +05:30 [INF] Route matched with {action = "Dashboard", controller = "Admin"}. Executing controller action with signature System.Threading.Tasks.Task`1[Microsoft.AspNetCore.Mvc.IActionResult] Dashboard() on controller PrisonerPortal.Controllers.AdminController (PrisonerPortal).
2026-03-20 09:04:38.040 +05:30 [INF] Executed DbCommand (0ms) [Parameters=[], CommandType='"Text"', CommandTimeout='30']
SELECT COUNT(*)
FROM [AspNetUsers] AS [a]
WHERE [a].[IsActive] = CAST(1 AS bit) AND [a].[Role] = N'Family'
2026-03-20 09:04:38.042 +05:30 [INF] Executed DbCommand (0ms) [Parameters=[], CommandType='"Text"', CommandTimeout='30']
SELECT COUNT(*)
FROM [Prisoners] AS [p]
WHERE [p].[Status] = N'Active'
2026-03-20 09:04:38.045 +05:30 [INF] Executed DbCommand (0ms) [Parameters=[], CommandType='"Text"', CommandTimeout='30']
SELECT COUNT(*)
FROM [Appointments] AS [a]
INNER JOIN [VisitSlots] AS [v] ON [a].[SlotId] = [v].[SlotId]
WHERE CONVERT(date, [v].[SlotDate]) = CONVERT(date, GETDATE()) AND [a].[Status] IN (N'Approved', N'Pending')
2026-03-20 09:04:38.047 +05:30 [INF] Executed DbCommand (0ms) [Parameters=[], CommandType='"Text"', CommandTimeout='30']
SELECT COUNT(*)
FROM [SupportRequests] AS [s]
WHERE [s].[Status] IN (N'Open', N'InProgress')
2026-03-20 09:04:38.050 +05:30 [INF] Executed DbCommand (1ms) [Parameters=[@p='?' (DbType = Int32)], CommandType='"Text"', CommandTimeout='30']
SELECT [a1].[AppointmentId], [a1].[AdminNotes], [a1].[AppointmentCode], [a1].[BookedAt], [a1].[NumVisitors], [a1].[PrisonerId], [a1].[Purpose], [a1].[RejectionReason], [a1].[SlotId], [a1].[Status], [a1].[UpdatedAt], [a1].[UserId], [a1].[VisitorNames], [a0].[Id], [a0].[AccessFailedCount], [a0].[Address], [a0].[ConcurrencyStamp], [a0].[CreatedAt], [a0].[Email], [a0].[EmailConfirmed], [a0].[FullName], [a0].[IsActive], [a0].[LockoutEnabled], [a0].[LockoutEnd], [a0].[NormalizedEmail], [a0].[NormalizedUserName], [a0].[PasswordHash], [a0].[PhoneNumber], [a0].[PhoneNumberConfirmed], [a0].[Role], [a0].[SecurityStamp], [a0].[TwoFactorEnabled], [a0].[UserName], [p].[PrisonerId], [p].[CaseNumber], [p].[CellBlock], [p].[CellNumber], [p].[CreatedAt], [p].[CrimeCategory], [p].[DateOfBirth], [p].[FullName], [p].[Gender], [p].[PrisonerCode], [p].[SentenceEndDate], [p].[SentenceStartDate], [p].[Status], [p].[UpdatedAt], [v].[SlotId], [v].[CreatedAt], [v].[CreatedByAdminId], [v].[CurrentBookings], [v].[EndTime], [v].[IsActive], [v].[MaxCapacity], [v].[SlotDate], [v].[StartTime]
FROM (
    SELECT TOP(@p) [a].[AppointmentId], [a].[AdminNotes], [a].[AppointmentCode], [a].[BookedAt], [a].[NumVisitors], [a].[PrisonerId], [a].[Purpose], [a].[RejectionReason], [a].[SlotId], [a].[Status], [a].[UpdatedAt], [a].[UserId], [a].[VisitorNames]
    FROM [Appointments] AS [a]
    WHERE [a].[Status] = N'Pending'
    ORDER BY [a].[BookedAt] DESC
) AS [a1]
INNER JOIN [AspNetUsers] AS [a0] ON [a1].[UserId] = [a0].[Id]
INNER JOIN [Prisoners] AS [p] ON [a1].[PrisonerId] = [p].[PrisonerId]
INNER JOIN [VisitSlots] AS [v] ON [a1].[SlotId] = [v].[SlotId]
ORDER BY [a1].[BookedAt] DESC
2026-03-20 09:04:38.054 +05:30 [INF] Executed DbCommand (1ms) [Parameters=[@p='?' (DbType = Int32)], CommandType='"Text"', CommandTimeout='30']
SELECT [s0].[RequestId], [s0].[AdminResponse], [s0].[AssignedAdminId], [s0].[Category], [s0].[CreatedAt], [s0].[Description], [s0].[Priority], [s0].[PrisonerId], [s0].[RequestCode], [s0].[ResolvedAt], [s0].[Status], [s0].[Subject], [s0].[UpdatedAt], [s0].[UserId], [a].[Id], [a].[AccessFailedCount], [a].[Address], [a].[ConcurrencyStamp], [a].[CreatedAt], [a].[Email], [a].[EmailConfirmed], [a].[FullName], [a].[IsActive], [a].[LockoutEnabled], [a].[LockoutEnd], [a].[NormalizedEmail], [a].[NormalizedUserName], [a].[PasswordHash], [a].[PhoneNumber], [a].[PhoneNumberConfirmed], [a].[Role], [a].[SecurityStamp], [a].[TwoFactorEnabled], [a].[UserName], [p].[PrisonerId], [p].[CaseNumber], [p].[CellBlock], [p].[CellNumber], [p].[CreatedAt], [p].[CrimeCategory], [p].[DateOfBirth], [p].[FullName], [p].[Gender], [p].[PrisonerCode], [p].[SentenceEndDate], [p].[SentenceStartDate], [p].[Status], [p].[UpdatedAt]
FROM (
    SELECT TOP(@p) [s].[RequestId], [s].[AdminResponse], [s].[AssignedAdminId], [s].[Category], [s].[CreatedAt], [s].[Description], [s].[Priority], [s].[PrisonerId], [s].[RequestCode], [s].[ResolvedAt], [s].[Status], [s].[Subject], [s].[UpdatedAt], [s].[UserId]
    FROM [SupportRequests] AS [s]
    WHERE [s].[Status] IN (N'Open', N'InProgress')
    ORDER BY [s].[CreatedAt] DESC
) AS [s0]
INNER JOIN [AspNetUsers] AS [a] ON [s0].[UserId] = [a].[Id]
LEFT JOIN [Prisoners] AS [p] ON [s0].[PrisonerId] = [p].[PrisonerId]
ORDER BY [s0].[CreatedAt] DESC
2026-03-20 09:04:38.059 +05:30 [INF] Executed DbCommand (1ms) [Parameters=[@p='?' (DbType = Int32)], CommandType='"Text"', CommandTimeout='30']
SELECT [f0].[LinkId], [f0].[IsVerified], [f0].[LinkedAt], [f0].[PrisonerId], [f0].[Relationship], [f0].[UserId], [f0].[VerifiedByAdminId], [a].[Id], [a].[AccessFailedCount], [a].[Address], [a].[ConcurrencyStamp], [a].[CreatedAt], [a].[Email], [a].[EmailConfirmed], [a].[FullName], [a].[IsActive], [a].[LockoutEnabled], [a].[LockoutEnd], [a].[NormalizedEmail], [a].[NormalizedUserName], [a].[PasswordHash], [a].[PhoneNumber], [a].[PhoneNumberConfirmed], [a].[Role], [a].[SecurityStamp], [a].[TwoFactorEnabled], [a].[UserName], [p].[PrisonerId], [p].[CaseNumber], [p].[CellBlock], [p].[CellNumber], [p].[CreatedAt], [p].[CrimeCategory], [p].[DateOfBirth], [p].[FullName], [p].[Gender], [p].[PrisonerCode], [p].[SentenceEndDate], [p].[SentenceStartDate], [p].[Status], [p].[UpdatedAt]
FROM (
    SELECT TOP(@p) [f].[LinkId], [f].[IsVerified], [f].[LinkedAt], [f].[PrisonerId], [f].[Relationship], [f].[UserId], [f].[VerifiedByAdminId]
    FROM [FamilyPrisonerLinks] AS [f]
    WHERE [f].[IsVerified] = CAST(0 AS bit)
    ORDER BY [f].[LinkedAt] DESC
) AS [f0]
INNER JOIN [AspNetUsers] AS [a] ON [f0].[UserId] = [a].[Id]
INNER JOIN [Prisoners] AS [p] ON [f0].[PrisonerId] = [p].[PrisonerId]
ORDER BY [f0].[LinkedAt] DESC
2026-03-20 09:04:38.063 +05:30 [INF] Executed DbCommand (1ms) [Parameters=[@p='?' (DbType = Int32)], CommandType='"Text"', CommandTimeout='30']
SELECT TOP(@p) [a].[Id], [a].[AccessFailedCount], [a].[Address], [a].[ConcurrencyStamp], [a].[CreatedAt], [a].[Email], [a].[EmailConfirmed], [a].[FullName], [a].[IsActive], [a].[LockoutEnabled], [a].[LockoutEnd], [a].[NormalizedEmail], [a].[NormalizedUserName], [a].[PasswordHash], [a].[PhoneNumber], [a].[PhoneNumberConfirmed], [a].[Role], [a].[SecurityStamp], [a].[TwoFactorEnabled], [a].[UserName]
FROM [AspNetUsers] AS [a]
ORDER BY [a].[CreatedAt] DESC
2026-03-20 09:04:38.068 +05:30 [INF] Executing ViewResult, running view Dashboard.
2026-03-20 09:04:38.071 +05:30 [INF] Executed ViewResult - view Dashboard executed in 2.7485ms.
2026-03-20 09:04:38.073 +05:30 [INF] Executed action PrisonerPortal.Controllers.AdminController.Dashboard (PrisonerPortal) in 34.5551ms
2026-03-20 09:04:38.075 +05:30 [INF] Executed endpoint 'PrisonerPortal.Controllers.AdminController.Dashboard (PrisonerPortal)'
2026-03-20 09:04:38.077 +05:30 [INF] Request finished HTTP/1.1 GET http://localhost:5050/Admin/Dashboard - 200 null text/html; charset=utf-8 51.5755ms
2026-03-20 09:04:38.091 +05:30 [INF] Request starting HTTP/1.1 GET http://localhost:5050/Notifications/GetUnreadCount - null null
2026-03-20 09:04:38.095 +05:30 [INF] Executing endpoint 'PrisonerPortal.Controllers.NotificationsController.GetUnreadCount (PrisonerPortal)'
2026-03-20 09:04:38.096 +05:30 [INF] Route matched with {action = "GetUnreadCount", controller = "Notifications"}. Executing controller action with signature Microsoft.AspNetCore.Mvc.IActionResult GetUnreadCount() on controller PrisonerPortal.Controllers.NotificationsController (PrisonerPortal).
2026-03-20 09:04:38.099 +05:30 [INF] Executed DbCommand (1ms) [Parameters=[@userId='?' (Size = 450)], CommandType='"Text"', CommandTimeout='30']
SELECT COUNT(*)
FROM [Notifications] AS [n]
WHERE [n].[UserId] = @userId AND [n].[IsRead] = CAST(0 AS bit)
2026-03-20 09:04:38.102 +05:30 [INF] Executing JsonResult, writing value of type '<>f__AnonymousType2`1[[System.Int32, System.Private.CoreLib, Version=10.0.0.0, Culture=neutral, PublicKeyToken=7cec85d7bea7798e]]'.
2026-03-20 09:04:38.103 +05:30 [INF] Executed action PrisonerPortal.Controllers.NotificationsController.GetUnreadCount (PrisonerPortal) in 5.4585ms
2026-03-20 09:04:38.105 +05:30 [INF] Executed endpoint 'PrisonerPortal.Controllers.NotificationsController.GetUnreadCount (PrisonerPortal)'
2026-03-20 09:04:38.106 +05:30 [INF] Request finished HTTP/1.1 GET http://localhost:5050/Notifications/GetUnreadCount - 200 null application/json; charset=utf-8 15.4254ms
2026-03-20 09:04:49.436 +05:30 [INF] Request starting HTTP/1.1 GET http://localhost:5050/Admin/Prisoners - null null
2026-03-20 09:04:49.443 +05:30 [INF] Executing endpoint 'PrisonerPortal.Controllers.AdminController.Prisoners (PrisonerPortal)'
2026-03-20 09:04:49.446 +05:30 [INF] Route matched with {action = "Prisoners", controller = "Admin"}. Executing controller action with signature System.Threading.Tasks.Task`1[Microsoft.AspNetCore.Mvc.IActionResult] Prisoners() on controller PrisonerPortal.Controllers.AdminController (PrisonerPortal).
2026-03-20 09:04:49.450 +05:30 [INF] Executed DbCommand (1ms) [Parameters=[], CommandType='"Text"', CommandTimeout='30']
SELECT [p].[PrisonerId], [p].[CaseNumber], [p].[CellBlock], [p].[CellNumber], [p].[CreatedAt], [p].[CrimeCategory], [p].[DateOfBirth], [p].[FullName], [p].[Gender], [p].[PrisonerCode], [p].[SentenceEndDate], [p].[SentenceStartDate], [p].[Status], [p].[UpdatedAt]
FROM [Prisoners] AS [p]
ORDER BY [p].[FullName]
2026-03-20 09:04:49.452 +05:30 [INF] Executing ViewResult, running view Prisoners.
2026-03-20 09:04:49.455 +05:30 [INF] Executed ViewResult - view Prisoners executed in 2.5923ms.
2026-03-20 09:04:49.456 +05:30 [INF] Executed action PrisonerPortal.Controllers.AdminController.Prisoners (PrisonerPortal) in 8.2766ms
2026-03-20 09:04:49.457 +05:30 [INF] Executed endpoint 'PrisonerPortal.Controllers.AdminController.Prisoners (PrisonerPortal)'
2026-03-20 09:04:49.459 +05:30 [INF] Request finished HTTP/1.1 GET http://localhost:5050/Admin/Prisoners - 200 null text/html; charset=utf-8 22.9722ms
2026-03-20 09:04:49.473 +05:30 [INF] Request starting HTTP/1.1 GET http://localhost:5050/Notifications/GetUnreadCount - null null
2026-03-20 09:04:49.477 +05:30 [INF] Executing endpoint 'PrisonerPortal.Controllers.NotificationsController.GetUnreadCount (PrisonerPortal)'
2026-03-20 09:04:49.478 +05:30 [INF] Route matched with {action = "GetUnreadCount", controller = "Notifications"}. Executing controller action with signature Microsoft.AspNetCore.Mvc.IActionResult GetUnreadCount() on controller PrisonerPortal.Controllers.NotificationsController (PrisonerPortal).
2026-03-20 09:04:49.482 +05:30 [INF] Executed DbCommand (0ms) [Parameters=[@userId='?' (Size = 450)], CommandType='"Text"', CommandTimeout='30']
SELECT COUNT(*)
FROM [Notifications] AS [n]
WHERE [n].[UserId] = @userId AND [n].[IsRead] = CAST(0 AS bit)
2026-03-20 09:04:49.485 +05:30 [INF] Executing JsonResult, writing value of type '<>f__AnonymousType2`1[[System.Int32, System.Private.CoreLib, Version=10.0.0.0, Culture=neutral, PublicKeyToken=7cec85d7bea7798e]]'.
2026-03-20 09:04:49.487 +05:30 [INF] Executed action PrisonerPortal.Controllers.NotificationsController.GetUnreadCount (PrisonerPortal) in 5.7018ms
2026-03-20 09:04:49.488 +05:30 [INF] Executed endpoint 'PrisonerPortal.Controllers.NotificationsController.GetUnreadCount (PrisonerPortal)'
2026-03-20 09:04:49.489 +05:30 [INF] Request finished HTTP/1.1 GET http://localhost:5050/Notifications/GetUnreadCount - 200 null application/json; charset=utf-8 15.3638ms
2026-03-20 09:04:51.136 +05:30 [INF] Request starting HTTP/1.1 GET http://localhost:5050/Admin/AddPrisoner - null null
2026-03-20 09:04:51.139 +05:30 [INF] Executing endpoint 'PrisonerPortal.Controllers.AdminController.AddPrisoner (PrisonerPortal)'
2026-03-20 09:04:51.165 +05:30 [INF] Route matched with {action = "AddPrisoner", controller = "Admin"}. Executing controller action with signature Microsoft.AspNetCore.Mvc.IActionResult AddPrisoner() on controller PrisonerPortal.Controllers.AdminController (PrisonerPortal).
2026-03-20 09:04:51.176 +05:30 [INF] Executing ViewResult, running view AddPrisoner.
2026-03-20 09:04:51.284 +05:30 [INF] Executed ViewResult - view AddPrisoner executed in 113.5028ms.
2026-03-20 09:04:51.287 +05:30 [INF] Executed action PrisonerPortal.Controllers.AdminController.AddPrisoner (PrisonerPortal) in 117.1625ms
2026-03-20 09:04:51.289 +05:30 [INF] Executed endpoint 'PrisonerPortal.Controllers.AdminController.AddPrisoner (PrisonerPortal)'
2026-03-20 09:04:51.291 +05:30 [INF] Request finished HTTP/1.1 GET http://localhost:5050/Admin/AddPrisoner - 200 null text/html; charset=utf-8 155.6852ms
2026-03-20 09:04:51.315 +05:30 [INF] Request starting HTTP/1.1 GET http://localhost:5050/Notifications/GetUnreadCount - null null
2026-03-20 09:04:51.320 +05:30 [INF] Executing endpoint 'PrisonerPortal.Controllers.NotificationsController.GetUnreadCount (PrisonerPortal)'
2026-03-20 09:04:51.322 +05:30 [INF] Route matched with {action = "GetUnreadCount", controller = "Notifications"}. Executing controller action with signature Microsoft.AspNetCore.Mvc.IActionResult GetUnreadCount() on controller PrisonerPortal.Controllers.NotificationsController (PrisonerPortal).
2026-03-20 09:04:51.327 +05:30 [INF] Executed DbCommand (1ms) [Parameters=[@userId='?' (Size = 450)], CommandType='"Text"', CommandTimeout='30']
SELECT COUNT(*)
FROM [Notifications] AS [n]
WHERE [n].[UserId] = @userId AND [n].[IsRead] = CAST(0 AS bit)
2026-03-20 09:04:51.330 +05:30 [INF] Executing JsonResult, writing value of type '<>f__AnonymousType2`1[[System.Int32, System.Private.CoreLib, Version=10.0.0.0, Culture=neutral, PublicKeyToken=7cec85d7bea7798e]]'.
2026-03-20 09:04:51.332 +05:30 [INF] Executed action PrisonerPortal.Controllers.NotificationsController.GetUnreadCount (PrisonerPortal) in 6.8824ms
2026-03-20 09:04:51.334 +05:30 [INF] Executed endpoint 'PrisonerPortal.Controllers.NotificationsController.GetUnreadCount (PrisonerPortal)'
2026-03-20 09:04:51.336 +05:30 [INF] Request finished HTTP/1.1 GET http://localhost:5050/Notifications/GetUnreadCount - 200 null application/json; charset=utf-8 20.8639ms
