2026-03-17 10:33:09.275 +05:30 [INF] User profile is available. Using 'C:\Users\HP\AppData\Local\ASP.NET\DataProtection-Keys' as key repository and Windows DPAPI to encrypt keys at rest.
2026-03-17 10:33:10.491 +05:30 [WRN] Sensitive data logging is enabled. Log entries and exception messages may include sensitive application data; this mode should only be enabled during development.
2026-03-17 10:33:11.409 +05:30 [INF] Executed DbCommand (45ms) [Parameters=[], CommandType='"Text"', CommandTimeout='30']
SELECT 1
2026-03-17 10:33:11.458 +05:30 [INF] Acquiring an exclusive lock for migration application. See https://aka.ms/efcore-docs-migrations-lock for more information if this takes too long.
2026-03-17 10:33:11.545 +05:30 [INF] Executed DbCommand (50ms) [Parameters=[], CommandType='"Text"', CommandTimeout='30']
DECLARE @result int;
EXEC @result = sp_getapplock @Resource = '__EFMigrationsLock', @LockOwner = 'Session', @LockMode = 'Exclusive';
SELECT @result
2026-03-17 10:33:11.703 +05:30 [INF] Executed DbCommand (4ms) [Parameters=[], CommandType='"Text"', CommandTimeout='30']
IF OBJECT_ID(N'[__EFMigrationsHistory]') IS NULL
BEGIN
    CREATE TABLE [__EFMigrationsHistory] (
        [MigrationId] nvarchar(150) NOT NULL,
        [ProductVersion] nvarchar(32) NOT NULL,
        CONSTRAINT [PK___EFMigrationsHistory] PRIMARY KEY ([MigrationId])
    );
END;
2026-03-17 10:33:11.759 +05:30 [INF] Executed DbCommand (1ms) [Parameters=[], CommandType='"Text"', CommandTimeout='30']
SELECT 1
2026-03-17 10:33:11.775 +05:30 [INF] Executed DbCommand (1ms) [Parameters=[], CommandType='"Text"', CommandTimeout='30']
SELECT OBJECT_ID(N'[__EFMigrationsHistory]');
2026-03-17 10:33:11.808 +05:30 [INF] Executed DbCommand (10ms) [Parameters=[], CommandType='"Text"', CommandTimeout='30']
SELECT [MigrationId], [ProductVersion]
FROM [__EFMigrationsHistory]
ORDER BY [MigrationId];
2026-03-17 10:33:11.853 +05:30 [INF] No migrations were applied. The database is already up to date.
2026-03-17 10:33:11.878 +05:30 [INF] Executed DbCommand (6ms) [Parameters=[], CommandType='"Text"', CommandTimeout='30']
DECLARE @result int;
EXEC @result = sp_releaseapplock @Resource = '__EFMigrationsLock', @LockOwner = 'Session';
SELECT @result
2026-03-17 10:33:12.398 +05:30 [INF] Executed DbCommand (24ms) [Parameters=[@normalizedName='ADMIN' (Size = 256)], CommandType='"Text"', CommandTimeout='30']
SELECT TOP(1) [a].[Id], [a].[ConcurrencyStamp], [a].[Name], [a].[NormalizedName]
FROM [AspNetRoles] AS [a]
WHERE [a].[NormalizedName] = @normalizedName
2026-03-17 10:33:12.521 +05:30 [INF] Executed DbCommand (1ms) [Parameters=[@normalizedName='FAMILY' (Size = 256)], CommandType='"Text"', CommandTimeout='30']
SELECT TOP(1) [a].[Id], [a].[ConcurrencyStamp], [a].[Name], [a].[NormalizedName]
FROM [AspNetRoles] AS [a]
WHERE [a].[NormalizedName] = @normalizedName
2026-03-17 10:33:12.595 +05:30 [INF] Executed DbCommand (7ms) [Parameters=[@normalizedEmail='ADMIN@PRISONERPORTAL.GOV' (Size = 256)], CommandType='"Text"', CommandTimeout='30']
SELECT TOP(2) [a].[Id], [a].[AccessFailedCount], [a].[Address], [a].[ConcurrencyStamp], [a].[CreatedAt], [a].[Email], [a].[EmailConfirmed], [a].[FullName], [a].[IsActive], [a].[LockoutEnabled], [a].[LockoutEnd], [a].[NormalizedEmail], [a].[NormalizedUserName], [a].[PasswordHash], [a].[PhoneNumber], [a].[PhoneNumberConfirmed], [a].[Role], [a].[SecurityStamp], [a].[TwoFactorEnabled], [a].[UserName]
FROM [AspNetUsers] AS [a]
WHERE [a].[NormalizedEmail] = @normalizedEmail
2026-03-17 10:33:12.705 +05:30 [INF] Executed DbCommand (2ms) [Parameters=[@normalizedEmail='FAMILY@TEST.COM' (Size = 256)], CommandType='"Text"', CommandTimeout='30']
SELECT TOP(2) [a].[Id], [a].[AccessFailedCount], [a].[Address], [a].[ConcurrencyStamp], [a].[CreatedAt], [a].[Email], [a].[EmailConfirmed], [a].[FullName], [a].[IsActive], [a].[LockoutEnabled], [a].[LockoutEnd], [a].[NormalizedEmail], [a].[NormalizedUserName], [a].[PasswordHash], [a].[PhoneNumber], [a].[PhoneNumberConfirmed], [a].[Role], [a].[SecurityStamp], [a].[TwoFactorEnabled], [a].[UserName]
FROM [AspNetUsers] AS [a]
WHERE [a].[NormalizedEmail] = @normalizedEmail
2026-03-17 10:33:12.788 +05:30 [INF] Executed DbCommand (8ms) [Parameters=[], CommandType='"Text"', CommandTimeout='30']
SELECT CASE
    WHEN EXISTS (
        SELECT 1
        FROM [Prisoners] AS [p]) THEN CAST(1 AS bit)
    ELSE CAST(0 AS bit)
END
2026-03-17 10:33:12.810 +05:30 [INF] Executed DbCommand (2ms) [Parameters=[@normalizedEmail='ADMIN@PRISONERPORTAL.GOV' (Size = 256)], CommandType='"Text"', CommandTimeout='30']
SELECT TOP(2) [a].[Id], [a].[AccessFailedCount], [a].[Address], [a].[ConcurrencyStamp], [a].[CreatedAt], [a].[Email], [a].[EmailConfirmed], [a].[FullName], [a].[IsActive], [a].[LockoutEnabled], [a].[LockoutEnd], [a].[NormalizedEmail], [a].[NormalizedUserName], [a].[PasswordHash], [a].[PhoneNumber], [a].[PhoneNumberConfirmed], [a].[Role], [a].[SecurityStamp], [a].[TwoFactorEnabled], [a].[UserName]
FROM [AspNetUsers] AS [a]
WHERE [a].[NormalizedEmail] = @normalizedEmail
2026-03-17 10:33:12.887 +05:30 [INF] Executed DbCommand (9ms) [Parameters=[], CommandType='"Text"', CommandTimeout='30']
SELECT CASE
    WHEN EXISTS (
        SELECT 1
        FROM [VisitSlots] AS [v]) THEN CAST(1 AS bit)
    ELSE CAST(0 AS bit)
END
2026-03-17 10:33:13.011 +05:30 [INF] Database migration and seeding completed successfully.
2026-03-17 10:33:13.154 +05:30 [ERR] Hosting failed to start
System.IO.IOException: Failed to bind to address http://127.0.0.1:5000: address already in use.
 ---> Microsoft.AspNetCore.Connections.AddressInUseException: Only one usage of each socket address (protocol/network address/port) is normally permitted.
 ---> System.Net.Sockets.SocketException (10048): Only one usage of each socket address (protocol/network address/port) is normally permitted.
   at System.Net.Sockets.Socket.UpdateStatusAfterSocketErrorAndThrowException(SocketError error, Boolean disconnectOnFailure, String callerName)
   at System.Net.Sockets.Socket.DoBind(EndPoint endPointSnapshot, SocketAddress socketAddress)
   at System.Net.Sockets.Socket.Bind(EndPoint localEP)
   at Microsoft.AspNetCore.Server.Kestrel.Transport.Sockets.SocketTransportOptions.CreateDefaultBoundListenSocket(EndPoint endpoint)
   at Microsoft.AspNetCore.Server.Kestrel.Transport.Sockets.SocketConnectionListener.Bind()
   --- End of inner exception stack trace ---
   at Microsoft.AspNetCore.Server.Kestrel.Transport.Sockets.SocketConnectionListener.Bind()
   at Microsoft.AspNetCore.Server.Kestrel.Transport.Sockets.SocketTransportFactory.BindAsync(EndPoint endpoint, CancellationToken cancellationToken)
   at Microsoft.AspNetCore.Server.Kestrel.Core.Internal.Infrastructure.TransportManager.BindAsync(EndPoint endPoint, ConnectionDelegate connectionDelegate, EndpointConfig endpointConfig, CancellationToken cancellationToken)
   at Microsoft.AspNetCore.Server.Kestrel.Core.KestrelServerImpl.<>c__DisplayClass28_0`1.<<StartAsync>g__OnBind|0>d.MoveNext()
--- End of stack trace from previous location ---
   at Microsoft.AspNetCore.Server.Kestrel.Core.Internal.AddressBinder.BindEndpointAsync(ListenOptions endpoint, AddressBindContext context, CancellationToken cancellationToken)
   --- End of inner exception stack trace ---
   at Microsoft.AspNetCore.Server.Kestrel.Core.Internal.AddressBinder.BindEndpointAsync(ListenOptions endpoint, AddressBindContext context, CancellationToken cancellationToken)
   at Microsoft.AspNetCore.Server.Kestrel.Core.LocalhostListenOptions.BindAsync(AddressBindContext context, CancellationToken cancellationToken)
   at Microsoft.AspNetCore.Server.Kestrel.Core.Internal.AddressBinder.DefaultAddressStrategy.BindAsync(AddressBindContext context, CancellationToken cancellationToken)
   at Microsoft.AspNetCore.Server.Kestrel.Core.KestrelServerImpl.BindAsync(CancellationToken cancellationToken)
   at Microsoft.AspNetCore.Server.Kestrel.Core.KestrelServerImpl.StartAsync[TContext](IHttpApplication`1 application, CancellationToken cancellationToken)
   at Microsoft.AspNetCore.Hosting.GenericWebHostService.StartAsync(CancellationToken cancellationToken)
   at Microsoft.Extensions.Hosting.Internal.Host.<StartAsync>b__14_1(IHostedService service, CancellationToken token)
   at Microsoft.Extensions.Hosting.Internal.Host.ForeachService[T](IEnumerable`1 services, CancellationToken token, Boolean concurrent, Boolean abortOnFirstException, List`1 exceptions, Func`3 operation)
2026-03-17 10:51:28.407 +05:30 [INF] User profile is available. Using 'C:\Users\HP\AppData\Local\ASP.NET\DataProtection-Keys' as key repository and Windows DPAPI to encrypt keys at rest.
2026-03-17 10:51:32.052 +05:30 [INF] Executed DbCommand (68ms) [Parameters=[], CommandType='"Text"', CommandTimeout='30']
SELECT 1
2026-03-17 10:51:32.111 +05:30 [INF] Acquiring an exclusive lock for migration application. See https://aka.ms/efcore-docs-migrations-lock for more information if this takes too long.
2026-03-17 10:51:32.212 +05:30 [INF] Executed DbCommand (84ms) [Parameters=[], CommandType='"Text"', CommandTimeout='30']
DECLARE @result int;
EXEC @result = sp_getapplock @Resource = '__EFMigrationsLock', @LockOwner = 'Session', @LockMode = 'Exclusive';
SELECT @result
2026-03-17 10:51:32.403 +05:30 [INF] Executed DbCommand (20ms) [Parameters=[], CommandType='"Text"', CommandTimeout='30']
IF OBJECT_ID(N'[__EFMigrationsHistory]') IS NULL
BEGIN
    CREATE TABLE [__EFMigrationsHistory] (
        [MigrationId] nvarchar(150) NOT NULL,
        [ProductVersion] nvarchar(32) NOT NULL,
        CONSTRAINT [PK___EFMigrationsHistory] PRIMARY KEY ([MigrationId])
    );
END;
2026-03-17 10:51:32.473 +05:30 [INF] Executed DbCommand (4ms) [Parameters=[], CommandType='"Text"', CommandTimeout='30']
SELECT 1
2026-03-17 10:51:32.513 +05:30 [INF] Executed DbCommand (7ms) [Parameters=[], CommandType='"Text"', CommandTimeout='30']
SELECT OBJECT_ID(N'[__EFMigrationsHistory]');
2026-03-17 10:51:32.586 +05:30 [INF] Executed DbCommand (39ms) [Parameters=[], CommandType='"Text"', CommandTimeout='30']
SELECT [MigrationId], [ProductVersion]
FROM [__EFMigrationsHistory]
ORDER BY [MigrationId];
2026-03-17 10:51:32.637 +05:30 [INF] No migrations were applied. The database is already up to date.
2026-03-17 10:51:32.657 +05:30 [INF] Executed DbCommand (6ms) [Parameters=[], CommandType='"Text"', CommandTimeout='30']
DECLARE @result int;
EXEC @result = sp_releaseapplock @Resource = '__EFMigrationsLock', @LockOwner = 'Session';
SELECT @result
2026-03-17 10:51:33.484 +05:30 [INF] Executed DbCommand (56ms) [Parameters=[@normalizedName='?' (Size = 256)], CommandType='"Text"', CommandTimeout='30']
SELECT TOP(1) [a].[Id], [a].[ConcurrencyStamp], [a].[Name], [a].[NormalizedName]
FROM [AspNetRoles] AS [a]
WHERE [a].[NormalizedName] = @normalizedName
2026-03-17 10:51:33.698 +05:30 [INF] Executed DbCommand (2ms) [Parameters=[@normalizedName='?' (Size = 256)], CommandType='"Text"', CommandTimeout='30']
SELECT TOP(1) [a].[Id], [a].[ConcurrencyStamp], [a].[Name], [a].[NormalizedName]
FROM [AspNetRoles] AS [a]
WHERE [a].[NormalizedName] = @normalizedName
2026-03-17 10:51:33.801 +05:30 [INF] Executed DbCommand (11ms) [Parameters=[@normalizedEmail='?' (Size = 256)], CommandType='"Text"', CommandTimeout='30']
SELECT TOP(2) [a].[Id], [a].[AccessFailedCount], [a].[Address], [a].[ConcurrencyStamp], [a].[CreatedAt], [a].[Email], [a].[EmailConfirmed], [a].[FullName], [a].[IsActive], [a].[LockoutEnabled], [a].[LockoutEnd], [a].[NormalizedEmail], [a].[NormalizedUserName], [a].[PasswordHash], [a].[PhoneNumber], [a].[PhoneNumberConfirmed], [a].[Role], [a].[SecurityStamp], [a].[TwoFactorEnabled], [a].[UserName]
FROM [AspNetUsers] AS [a]
WHERE [a].[NormalizedEmail] = @normalizedEmail
2026-03-17 10:51:33.934 +05:30 [INF] Executed DbCommand (3ms) [Parameters=[@normalizedEmail='?' (Size = 256)], CommandType='"Text"', CommandTimeout='30']
SELECT TOP(2) [a].[Id], [a].[AccessFailedCount], [a].[Address], [a].[ConcurrencyStamp], [a].[CreatedAt], [a].[Email], [a].[EmailConfirmed], [a].[FullName], [a].[IsActive], [a].[LockoutEnabled], [a].[LockoutEnd], [a].[NormalizedEmail], [a].[NormalizedUserName], [a].[PasswordHash], [a].[PhoneNumber], [a].[PhoneNumberConfirmed], [a].[Role], [a].[SecurityStamp], [a].[TwoFactorEnabled], [a].[UserName]
FROM [AspNetUsers] AS [a]
WHERE [a].[NormalizedEmail] = @normalizedEmail
2026-03-17 10:51:34.061 +05:30 [INF] Executed DbCommand (26ms) [Parameters=[], CommandType='"Text"', CommandTimeout='30']
SELECT CASE
    WHEN EXISTS (
        SELECT 1
        FROM [Prisoners] AS [p]) THEN CAST(1 AS bit)
    ELSE CAST(0 AS bit)
END
2026-03-17 10:51:34.090 +05:30 [INF] Executed DbCommand (3ms) [Parameters=[@normalizedEmail='?' (Size = 256)], CommandType='"Text"', CommandTimeout='30']
SELECT TOP(2) [a].[Id], [a].[AccessFailedCount], [a].[Address], [a].[ConcurrencyStamp], [a].[CreatedAt], [a].[Email], [a].[EmailConfirmed], [a].[FullName], [a].[IsActive], [a].[LockoutEnabled], [a].[LockoutEnd], [a].[NormalizedEmail], [a].[NormalizedUserName], [a].[PasswordHash], [a].[PhoneNumber], [a].[PhoneNumberConfirmed], [a].[Role], [a].[SecurityStamp], [a].[TwoFactorEnabled], [a].[UserName]
FROM [AspNetUsers] AS [a]
WHERE [a].[NormalizedEmail] = @normalizedEmail
2026-03-17 10:51:34.148 +05:30 [INF] Executed DbCommand (9ms) [Parameters=[], CommandType='"Text"', CommandTimeout='30']
SELECT CASE
    WHEN EXISTS (
        SELECT 1
        FROM [VisitSlots] AS [v]) THEN CAST(1 AS bit)
    ELSE CAST(0 AS bit)
END
2026-03-17 10:51:34.298 +05:30 [INF] ✅ Database ready and seeded.
2026-03-17 10:51:34.318 +05:30 [INF] ✅ App running at http://localhost:5050
2026-03-17 10:51:34.323 +05:30 [INF] ✅ Login: admin@prisonerportal.gov / Admin@123!
2026-03-17 10:51:34.630 +05:30 [INF] Now listening on: http://localhost:5050
2026-03-17 10:51:34.643 +05:30 [INF] Application started. Press Ctrl+C to shut down.
2026-03-17 10:51:34.653 +05:30 [INF] Hosting environment: Development
2026-03-17 10:51:34.659 +05:30 [INF] Content root path: C:\Users\HP\Desktop\Adarsh Yadav Project\PrisonerPortal
2026-03-17 10:56:01.181 +05:30 [INF] User profile is available. Using 'C:\Users\HP\AppData\Local\ASP.NET\DataProtection-Keys' as key repository and Windows DPAPI to encrypt keys at rest.
2026-03-17 10:56:03.339 +05:30 [INF] Executed DbCommand (55ms) [Parameters=[], CommandType='"Text"', CommandTimeout='30']
SELECT 1
2026-03-17 10:56:03.400 +05:30 [INF] Acquiring an exclusive lock for migration application. See https://aka.ms/efcore-docs-migrations-lock for more information if this takes too long.
2026-03-17 10:56:03.501 +05:30 [INF] Executed DbCommand (84ms) [Parameters=[], CommandType='"Text"', CommandTimeout='30']
DECLARE @result int;
EXEC @result = sp_getapplock @Resource = '__EFMigrationsLock', @LockOwner = 'Session', @LockMode = 'Exclusive';
SELECT @result
2026-03-17 10:56:03.666 +05:30 [INF] Executed DbCommand (20ms) [Parameters=[], CommandType='"Text"', CommandTimeout='30']
IF OBJECT_ID(N'[__EFMigrationsHistory]') IS NULL
BEGIN
    CREATE TABLE [__EFMigrationsHistory] (
        [MigrationId] nvarchar(150) NOT NULL,
        [ProductVersion] nvarchar(32) NOT NULL,
        CONSTRAINT [PK___EFMigrationsHistory] PRIMARY KEY ([MigrationId])
    );
END;
2026-03-17 10:56:03.735 +05:30 [INF] Executed DbCommand (2ms) [Parameters=[], CommandType='"Text"', CommandTimeout='30']
SELECT 1
2026-03-17 10:56:03.753 +05:30 [INF] Executed DbCommand (4ms) [Parameters=[], CommandType='"Text"', CommandTimeout='30']
SELECT OBJECT_ID(N'[__EFMigrationsHistory]');
2026-03-17 10:56:03.816 +05:30 [INF] Executed DbCommand (37ms) [Parameters=[], CommandType='"Text"', CommandTimeout='30']
SELECT [MigrationId], [ProductVersion]
FROM [__EFMigrationsHistory]
ORDER BY [MigrationId];
2026-03-17 10:56:03.861 +05:30 [INF] No migrations were applied. The database is already up to date.
2026-03-17 10:56:03.880 +05:30 [INF] Executed DbCommand (6ms) [Parameters=[], CommandType='"Text"', CommandTimeout='30']
DECLARE @result int;
EXEC @result = sp_releaseapplock @Resource = '__EFMigrationsLock', @LockOwner = 'Session';
SELECT @result
2026-03-17 10:56:04.476 +05:30 [INF] Executed DbCommand (29ms) [Parameters=[@normalizedName='?' (Size = 256)], CommandType='"Text"', CommandTimeout='30']
SELECT TOP(1) [a].[Id], [a].[ConcurrencyStamp], [a].[Name], [a].[NormalizedName]
FROM [AspNetRoles] AS [a]
WHERE [a].[NormalizedName] = @normalizedName
2026-03-17 10:56:04.618 +05:30 [INF] Executed DbCommand (2ms) [Parameters=[@normalizedName='?' (Size = 256)], CommandType='"Text"', CommandTimeout='30']
SELECT TOP(1) [a].[Id], [a].[ConcurrencyStamp], [a].[Name], [a].[NormalizedName]
FROM [AspNetRoles] AS [a]
WHERE [a].[NormalizedName] = @normalizedName
2026-03-17 10:56:04.713 +05:30 [INF] Executed DbCommand (23ms) [Parameters=[@normalizedEmail='?' (Size = 256)], CommandType='"Text"', CommandTimeout='30']
SELECT TOP(2) [a].[Id], [a].[AccessFailedCount], [a].[Address], [a].[ConcurrencyStamp], [a].[CreatedAt], [a].[Email], [a].[EmailConfirmed], [a].[FullName], [a].[IsActive], [a].[LockoutEnabled], [a].[LockoutEnd], [a].[NormalizedEmail], [a].[NormalizedUserName], [a].[PasswordHash], [a].[PhoneNumber], [a].[PhoneNumberConfirmed], [a].[Role], [a].[SecurityStamp], [a].[TwoFactorEnabled], [a].[UserName]
FROM [AspNetUsers] AS [a]
WHERE [a].[NormalizedEmail] = @normalizedEmail
2026-03-17 10:56:04.836 +05:30 [INF] Executed DbCommand (2ms) [Parameters=[@normalizedEmail='?' (Size = 256)], CommandType='"Text"', CommandTimeout='30']
SELECT TOP(2) [a].[Id], [a].[AccessFailedCount], [a].[Address], [a].[ConcurrencyStamp], [a].[CreatedAt], [a].[Email], [a].[EmailConfirmed], [a].[FullName], [a].[IsActive], [a].[LockoutEnabled], [a].[LockoutEnd], [a].[NormalizedEmail], [a].[NormalizedUserName], [a].[PasswordHash], [a].[PhoneNumber], [a].[PhoneNumberConfirmed], [a].[Role], [a].[SecurityStamp], [a].[TwoFactorEnabled], [a].[UserName]
FROM [AspNetUsers] AS [a]
WHERE [a].[NormalizedEmail] = @normalizedEmail
2026-03-17 10:56:04.940 +05:30 [INF] Executed DbCommand (23ms) [Parameters=[], CommandType='"Text"', CommandTimeout='30']
SELECT CASE
    WHEN EXISTS (
        SELECT 1
        FROM [Prisoners] AS [p]) THEN CAST(1 AS bit)
    ELSE CAST(0 AS bit)
END
2026-03-17 10:56:04.963 +05:30 [INF] Executed DbCommand (1ms) [Parameters=[@normalizedEmail='?' (Size = 256)], CommandType='"Text"', CommandTimeout='30']
SELECT TOP(2) [a].[Id], [a].[AccessFailedCount], [a].[Address], [a].[ConcurrencyStamp], [a].[CreatedAt], [a].[Email], [a].[EmailConfirmed], [a].[FullName], [a].[IsActive], [a].[LockoutEnabled], [a].[LockoutEnd], [a].[NormalizedEmail], [a].[NormalizedUserName], [a].[PasswordHash], [a].[PhoneNumber], [a].[PhoneNumberConfirmed], [a].[Role], [a].[SecurityStamp], [a].[TwoFactorEnabled], [a].[UserName]
FROM [AspNetUsers] AS [a]
WHERE [a].[NormalizedEmail] = @normalizedEmail
2026-03-17 10:56:05.013 +05:30 [INF] Executed DbCommand (5ms) [Parameters=[], CommandType='"Text"', CommandTimeout='30']
SELECT CASE
    WHEN EXISTS (
        SELECT 1
        FROM [VisitSlots] AS [v]) THEN CAST(1 AS bit)
    ELSE CAST(0 AS bit)
END
2026-03-17 10:56:05.115 +05:30 [INF] ✅ Database ready and seeded.
2026-03-17 10:56:05.136 +05:30 [INF] ✅ App running at http://localhost:5050
2026-03-17 10:56:05.144 +05:30 [INF] ✅ Login: admin@prisonerportal.gov / Admin@123!
2026-03-17 10:56:05.447 +05:30 [INF] Now listening on: http://localhost:5050
2026-03-17 10:56:05.462 +05:30 [INF] Application started. Press Ctrl+C to shut down.
2026-03-17 10:56:05.467 +05:30 [INF] Hosting environment: Development
2026-03-17 10:56:05.477 +05:30 [INF] Content root path: C:\Users\HP\Desktop\Adarsh Yadav Project\PrisonerPortal
2026-03-17 10:56:05.712 +05:30 [INF] Request starting HTTP/1.1 GET http://localhost:5050/Account/Login - null null
2026-03-17 10:56:06.103 +05:30 [INF] Executing endpoint 'PrisonerPortal.Controllers.AccountController.Login (PrisonerPortal)'
2026-03-17 10:56:06.153 +05:30 [INF] Route matched with {action = "Login", controller = "Account"}. Executing controller action with signature Microsoft.AspNetCore.Mvc.IActionResult Login() on controller PrisonerPortal.Controllers.AccountController (PrisonerPortal).
2026-03-17 10:56:06.296 +05:30 [INF] Executing ViewResult, running view Login.
2026-03-17 10:56:06.923 +05:30 [INF] Executed ViewResult - view Login executed in 694.9545ms.
2026-03-17 10:56:06.946 +05:30 [INF] Executed action PrisonerPortal.Controllers.AccountController.Login (PrisonerPortal) in 778.2895ms
2026-03-17 10:56:06.985 +05:30 [INF] Request starting HTTP/1.1 GET http://localhost:5050/css/site.css?v=KcI1ZzOVZ0l2MjRbhyD1kR9OSFOKdgK5FhnNHelmdmY - null null
2026-03-17 10:56:06.988 +05:30 [INF] Request starting HTTP/1.1 GET http://localhost:5050/css/components.css?v=elf4DFhCVIE8d9eGP2egurRhUBwkdM7IqUaeO1X2ZPo - null null
2026-03-17 10:56:06.993 +05:30 [INF] Executed endpoint 'PrisonerPortal.Controllers.AccountController.Login (PrisonerPortal)'
2026-03-17 10:56:06.996 +05:30 [INF] Request starting HTTP/1.1 GET http://localhost:5050/js/site.js?v=zIkpxiSb20xI1GzbX49ogguRCWNfYaxVh_KTD9brSds - null null
2026-03-17 10:56:07.006 +05:30 [INF] Request starting HTTP/1.1 GET http://localhost:5050/lib/jquery-validation/dist/jquery.validate.min.js - null null
2026-03-17 10:56:07.006 +05:30 [INF] Request starting HTTP/1.1 GET http://localhost:5050/lib/jquery-validation-unobtrusive/dist/jquery.validate.unobtrusive.min.js - null null
2026-03-17 10:56:07.072 +05:30 [INF] Sending file. Request path: '/css/components.css'. Physical path: 'C:\Users\HP\Desktop\Adarsh Yadav Project\PrisonerPortal\wwwroot\css\components.css'
2026-03-17 10:56:07.074 +05:30 [INF] Sending file. Request path: '/css/site.css'. Physical path: 'C:\Users\HP\Desktop\Adarsh Yadav Project\PrisonerPortal\wwwroot\css\site.css'
2026-03-17 10:56:07.075 +05:30 [INF] Request finished HTTP/1.1 GET http://localhost:5050/Account/Login - 200 null text/html; charset=utf-8 1373.9719ms
2026-03-17 10:56:07.094 +05:30 [INF] Sending file. Request path: '/js/site.js'. Physical path: 'C:\Users\HP\Desktop\Adarsh Yadav Project\PrisonerPortal\wwwroot\js\site.js'
2026-03-17 10:56:07.101 +05:30 [INF] Sending file. Request path: '/lib/jquery-validation/dist/jquery.validate.min.js'. Physical path: 'C:\Users\HP\Desktop\Adarsh Yadav Project\PrisonerPortal\wwwroot\lib\jquery-validation\dist\jquery.validate.min.js'
2026-03-17 10:56:07.124 +05:30 [INF] Sending file. Request path: '/lib/jquery-validation-unobtrusive/dist/jquery.validate.unobtrusive.min.js'. Physical path: 'C:\Users\HP\Desktop\Adarsh Yadav Project\PrisonerPortal\wwwroot\lib\jquery-validation-unobtrusive\dist\jquery.validate.unobtrusive.min.js'
2026-03-17 10:56:07.130 +05:30 [INF] Request finished HTTP/1.1 GET http://localhost:5050/css/components.css?v=elf4DFhCVIE8d9eGP2egurRhUBwkdM7IqUaeO1X2ZPo - 200 3432 text/css 141.2383ms
2026-03-17 10:56:07.140 +05:30 [INF] Request finished HTTP/1.1 GET http://localhost:5050/css/site.css?v=KcI1ZzOVZ0l2MjRbhyD1kR9OSFOKdgK5FhnNHelmdmY - 200 3195 text/css 155.5071ms
2026-03-17 10:56:07.180 +05:30 [INF] Request finished HTTP/1.1 GET http://localhost:5050/js/site.js?v=zIkpxiSb20xI1GzbX49ogguRCWNfYaxVh_KTD9brSds - 200 2372 text/javascript 182.9737ms
2026-03-17 10:56:07.186 +05:30 [INF] Request finished HTTP/1.1 GET http://localhost:5050/lib/jquery-validation/dist/jquery.validate.min.js - 200 25308 text/javascript 179.8963ms
2026-03-17 10:56:07.194 +05:30 [INF] Request finished HTTP/1.1 GET http://localhost:5050/lib/jquery-validation-unobtrusive/dist/jquery.validate.unobtrusive.min.js - 200 5824 text/javascript 187.3742ms
2026-03-17 10:56:08.764 +05:30 [INF] Request starting HTTP/1.1 GET http://localhost:5050/favicon.ico - null null
2026-03-17 10:56:08.791 +05:30 [INF] Sending file. Request path: '/favicon.ico'. Physical path: 'C:\Users\HP\Desktop\Adarsh Yadav Project\PrisonerPortal\wwwroot\favicon.ico'
2026-03-17 10:56:08.799 +05:30 [INF] Request finished HTTP/1.1 GET http://localhost:5050/favicon.ico - 200 5430 image/x-icon 35.6548ms
2026-03-17 10:56:50.711 +05:30 [INF] Request starting HTTP/1.1 POST http://localhost:5050/ - application/x-www-form-urlencoded 272
2026-03-17 10:56:50.746 +05:30 [INF] Executing endpoint 'PrisonerPortal.Controllers.AccountController.Login (PrisonerPortal)'
2026-03-17 10:56:50.832 +05:30 [INF] Route matched with {action = "Login", controller = "Account"}. Executing controller action with signature System.Threading.Tasks.Task`1[Microsoft.AspNetCore.Mvc.IActionResult] Login(PrisonerPortal.Models.ViewModels.LoginViewModel) on controller PrisonerPortal.Controllers.AccountController (PrisonerPortal).
2026-03-17 10:56:51.097 +05:30 [INF] Executed DbCommand (2ms) [Parameters=[@normalizedEmail='?' (Size = 256)], CommandType='"Text"', CommandTimeout='30']
SELECT TOP(2) [a].[Id], [a].[AccessFailedCount], [a].[Address], [a].[ConcurrencyStamp], [a].[CreatedAt], [a].[Email], [a].[EmailConfirmed], [a].[FullName], [a].[IsActive], [a].[LockoutEnabled], [a].[LockoutEnd], [a].[NormalizedEmail], [a].[NormalizedUserName], [a].[PasswordHash], [a].[PhoneNumber], [a].[PhoneNumberConfirmed], [a].[Role], [a].[SecurityStamp], [a].[TwoFactorEnabled], [a].[UserName]
FROM [AspNetUsers] AS [a]
WHERE [a].[NormalizedEmail] = @normalizedEmail
2026-03-17 10:56:51.203 +05:30 [INF] Executed DbCommand (8ms) [Parameters=[@normalizedUserName='?' (Size = 256)], CommandType='"Text"', CommandTimeout='30']
SELECT TOP(1) [a].[Id], [a].[AccessFailedCount], [a].[Address], [a].[ConcurrencyStamp], [a].[CreatedAt], [a].[Email], [a].[EmailConfirmed], [a].[FullName], [a].[IsActive], [a].[LockoutEnabled], [a].[LockoutEnd], [a].[NormalizedEmail], [a].[NormalizedUserName], [a].[PasswordHash], [a].[PhoneNumber], [a].[PhoneNumberConfirmed], [a].[Role], [a].[SecurityStamp], [a].[TwoFactorEnabled], [a].[UserName]
FROM [AspNetUsers] AS [a]
WHERE [a].[NormalizedUserName] = @normalizedUserName
2026-03-17 10:56:51.775 +05:30 [INF] Executed DbCommand (5ms) [Parameters=[@user_Id='?' (Size = 450)], CommandType='"Text"', CommandTimeout='30']
SELECT [a].[Id], [a].[ClaimType], [a].[ClaimValue], [a].[UserId]
FROM [AspNetUserClaims] AS [a]
WHERE [a].[UserId] = @user_Id
2026-03-17 10:56:51.899 +05:30 [INF] Executed DbCommand (10ms) [Parameters=[@userId='?' (Size = 450)], CommandType='"Text"', CommandTimeout='30']
SELECT [a0].[Name]
FROM [AspNetUserRoles] AS [a]
INNER JOIN [AspNetRoles] AS [a0] ON [a].[RoleId] = [a0].[Id]
WHERE [a].[UserId] = @userId
2026-03-17 10:56:51.923 +05:30 [INF] Executed DbCommand (3ms) [Parameters=[@normalizedName='?' (Size = 256)], CommandType='"Text"', CommandTimeout='30']
SELECT TOP(1) [a].[Id], [a].[ConcurrencyStamp], [a].[Name], [a].[NormalizedName]
FROM [AspNetRoles] AS [a]
WHERE [a].[NormalizedName] = @normalizedName
2026-03-17 10:56:51.996 +05:30 [INF] Executed DbCommand (4ms) [Parameters=[@role_Id='?' (Size = 450)], CommandType='"Text"', CommandTimeout='30']
SELECT [a].[ClaimType], [a].[ClaimValue]
FROM [AspNetRoleClaims] AS [a]
WHERE [a].[RoleId] = @role_Id
2026-03-17 10:56:52.035 +05:30 [INF] AuthenticationScheme: Identity.Application signed in.
2026-03-17 10:56:52.175 +05:30 [INF] Request starting HTTP/1.1 POST http://localhost:5050/ - application/x-www-form-urlencoded 272
2026-03-17 10:56:52.212 +05:30 [INF] Executing endpoint 'PrisonerPortal.Controllers.AccountController.Login (PrisonerPortal)'
2026-03-17 10:56:52.224 +05:30 [INF] Route matched with {action = "Login", controller = "Account"}. Executing controller action with signature System.Threading.Tasks.Task`1[Microsoft.AspNetCore.Mvc.IActionResult] Login(PrisonerPortal.Models.ViewModels.LoginViewModel) on controller PrisonerPortal.Controllers.AccountController (PrisonerPortal).
2026-03-17 10:56:52.614 +05:30 [INF] Executed DbCommand (36ms) [Parameters=[@p0='?' (Size = 4000), @p1='?' (Size = 4000), @p2='?' (Size = 4000), @p3='?' (Size = 4000), @p4='?' (Size = 4000), @p5='?' (Size = 4000), @p6='?' (DbType = DateTime2), @p7='?' (Size = 450)], CommandType='"Text"', CommandTimeout='30']
SET IMPLICIT_TRANSACTIONS OFF;
SET NOCOUNT ON;
INSERT INTO [AuditLogs] ([Action], [EntityId], [EntityType], [IPAddress], [NewValues], [OldValues], [Timestamp], [UserId])
OUTPUT INSERTED.[LogId]
VALUES (@p0, @p1, @p2, @p3, @p4, @p5, @p6, @p7);
2026-03-17 10:56:52.617 +05:30 [INF] Executed DbCommand (2ms) [Parameters=[@normalizedEmail='?' (Size = 256)], CommandType='"Text"', CommandTimeout='30']
SELECT TOP(2) [a].[Id], [a].[AccessFailedCount], [a].[Address], [a].[ConcurrencyStamp], [a].[CreatedAt], [a].[Email], [a].[EmailConfirmed], [a].[FullName], [a].[IsActive], [a].[LockoutEnabled], [a].[LockoutEnd], [a].[NormalizedEmail], [a].[NormalizedUserName], [a].[PasswordHash], [a].[PhoneNumber], [a].[PhoneNumberConfirmed], [a].[Role], [a].[SecurityStamp], [a].[TwoFactorEnabled], [a].[UserName]
FROM [AspNetUsers] AS [a]
WHERE [a].[NormalizedEmail] = @normalizedEmail
2026-03-17 10:56:52.643 +05:30 [INF] Executed DbCommand (2ms) [Parameters=[@normalizedUserName='?' (Size = 256)], CommandType='"Text"', CommandTimeout='30']
SELECT TOP(1) [a].[Id], [a].[AccessFailedCount], [a].[Address], [a].[ConcurrencyStamp], [a].[CreatedAt], [a].[Email], [a].[EmailConfirmed], [a].[FullName], [a].[IsActive], [a].[LockoutEnabled], [a].[LockoutEnd], [a].[NormalizedEmail], [a].[NormalizedUserName], [a].[PasswordHash], [a].[PhoneNumber], [a].[PhoneNumberConfirmed], [a].[Role], [a].[SecurityStamp], [a].[TwoFactorEnabled], [a].[UserName]
FROM [AspNetUsers] AS [a]
WHERE [a].[NormalizedUserName] = @normalizedUserName
2026-03-17 10:56:52.743 +05:30 [INF] Executing RedirectResult, redirecting to /Admin/Dashboard.
2026-03-17 10:56:52.755 +05:30 [INF] Executed action PrisonerPortal.Controllers.AccountController.Login (PrisonerPortal) in 1911.3615ms
2026-03-17 10:56:52.763 +05:30 [INF] Executed endpoint 'PrisonerPortal.Controllers.AccountController.Login (PrisonerPortal)'
2026-03-17 10:56:52.791 +05:30 [INF] Request finished HTTP/1.1 POST http://localhost:5050/ - 499 null null 2079.6978ms
2026-03-17 10:56:52.959 +05:30 [INF] Executed DbCommand (2ms) [Parameters=[@user_Id='?' (Size = 450)], CommandType='"Text"', CommandTimeout='30']
SELECT [a].[Id], [a].[ClaimType], [a].[ClaimValue], [a].[UserId]
FROM [AspNetUserClaims] AS [a]
WHERE [a].[UserId] = @user_Id
2026-03-17 10:56:52.996 +05:30 [INF] Executed DbCommand (2ms) [Parameters=[@userId='?' (Size = 450)], CommandType='"Text"', CommandTimeout='30']
SELECT [a0].[Name]
FROM [AspNetUserRoles] AS [a]
INNER JOIN [AspNetRoles] AS [a0] ON [a].[RoleId] = [a0].[Id]
WHERE [a].[UserId] = @userId
2026-03-17 10:56:53.028 +05:30 [INF] Executed DbCommand (3ms) [Parameters=[@normalizedName='?' (Size = 256)], CommandType='"Text"', CommandTimeout='30']
SELECT TOP(1) [a].[Id], [a].[ConcurrencyStamp], [a].[Name], [a].[NormalizedName]
FROM [AspNetRoles] AS [a]
WHERE [a].[NormalizedName] = @normalizedName
2026-03-17 10:56:53.063 +05:30 [INF] Executed DbCommand (3ms) [Parameters=[@role_Id='?' (Size = 450)], CommandType='"Text"', CommandTimeout='30']
SELECT [a].[ClaimType], [a].[ClaimValue]
FROM [AspNetRoleClaims] AS [a]
WHERE [a].[RoleId] = @role_Id
2026-03-17 10:56:53.091 +05:30 [INF] AuthenticationScheme: Identity.Application signed in.
2026-03-17 10:56:53.132 +05:30 [INF] Executed DbCommand (18ms) [Parameters=[@p0='?' (Size = 4000), @p1='?' (Size = 4000), @p2='?' (Size = 4000), @p3='?' (Size = 4000), @p4='?' (Size = 4000), @p5='?' (Size = 4000), @p6='?' (DbType = DateTime2), @p7='?' (Size = 450)], CommandType='"Text"', CommandTimeout='30']
SET IMPLICIT_TRANSACTIONS OFF;
SET NOCOUNT ON;
INSERT INTO [AuditLogs] ([Action], [EntityId], [EntityType], [IPAddress], [NewValues], [OldValues], [Timestamp], [UserId])
OUTPUT INSERTED.[LogId]
VALUES (@p0, @p1, @p2, @p3, @p4, @p5, @p6, @p7);
2026-03-17 10:56:53.158 +05:30 [INF] Executing RedirectResult, redirecting to /Admin/Dashboard.
2026-03-17 10:56:53.166 +05:30 [INF] Executed action PrisonerPortal.Controllers.AccountController.Login (PrisonerPortal) in 929.0306ms
2026-03-17 10:56:53.180 +05:30 [INF] Executed endpoint 'PrisonerPortal.Controllers.AccountController.Login (PrisonerPortal)'
2026-03-17 10:56:53.189 +05:30 [INF] Request finished HTTP/1.1 POST http://localhost:5050/ - 499 null null 1014.3117ms
2026-03-17 10:56:53.214 +05:30 [INF] Request starting HTTP/1.1 POST http://localhost:5050/ - application/x-www-form-urlencoded 272
2026-03-17 10:56:53.232 +05:30 [INF] Executing endpoint 'PrisonerPortal.Controllers.AccountController.Login (PrisonerPortal)'
2026-03-17 10:56:53.243 +05:30 [INF] Route matched with {action = "Login", controller = "Account"}. Executing controller action with signature System.Threading.Tasks.Task`1[Microsoft.AspNetCore.Mvc.IActionResult] Login(PrisonerPortal.Models.ViewModels.LoginViewModel) on controller PrisonerPortal.Controllers.AccountController (PrisonerPortal).
2026-03-17 10:56:53.281 +05:30 [INF] Executed DbCommand (1ms) [Parameters=[@normalizedEmail='?' (Size = 256)], CommandType='"Text"', CommandTimeout='30']
SELECT TOP(2) [a].[Id], [a].[AccessFailedCount], [a].[Address], [a].[ConcurrencyStamp], [a].[CreatedAt], [a].[Email], [a].[EmailConfirmed], [a].[FullName], [a].[IsActive], [a].[LockoutEnabled], [a].[LockoutEnd], [a].[NormalizedEmail], [a].[NormalizedUserName], [a].[PasswordHash], [a].[PhoneNumber], [a].[PhoneNumberConfirmed], [a].[Role], [a].[SecurityStamp], [a].[TwoFactorEnabled], [a].[UserName]
FROM [AspNetUsers] AS [a]
WHERE [a].[NormalizedEmail] = @normalizedEmail
2026-03-17 10:56:53.302 +05:30 [INF] Executed DbCommand (2ms) [Parameters=[@normalizedUserName='?' (Size = 256)], CommandType='"Text"', CommandTimeout='30']
SELECT TOP(1) [a].[Id], [a].[AccessFailedCount], [a].[Address], [a].[ConcurrencyStamp], [a].[CreatedAt], [a].[Email], [a].[EmailConfirmed], [a].[FullName], [a].[IsActive], [a].[LockoutEnabled], [a].[LockoutEnd], [a].[NormalizedEmail], [a].[NormalizedUserName], [a].[PasswordHash], [a].[PhoneNumber], [a].[PhoneNumberConfirmed], [a].[Role], [a].[SecurityStamp], [a].[TwoFactorEnabled], [a].[UserName]
FROM [AspNetUsers] AS [a]
WHERE [a].[NormalizedUserName] = @normalizedUserName
2026-03-17 10:56:53.636 +05:30 [INF] Executed DbCommand (1ms) [Parameters=[@user_Id='?' (Size = 450)], CommandType='"Text"', CommandTimeout='30']
SELECT [a].[Id], [a].[ClaimType], [a].[ClaimValue], [a].[UserId]
FROM [AspNetUserClaims] AS [a]
WHERE [a].[UserId] = @user_Id
2026-03-17 10:56:53.668 +05:30 [INF] Executed DbCommand (3ms) [Parameters=[@userId='?' (Size = 450)], CommandType='"Text"', CommandTimeout='30']
SELECT [a0].[Name]
FROM [AspNetUserRoles] AS [a]
INNER JOIN [AspNetRoles] AS [a0] ON [a].[RoleId] = [a0].[Id]
WHERE [a].[UserId] = @userId
2026-03-17 10:56:53.697 +05:30 [INF] Executed DbCommand (2ms) [Parameters=[@normalizedName='?' (Size = 256)], CommandType='"Text"', CommandTimeout='30']
SELECT TOP(1) [a].[Id], [a].[ConcurrencyStamp], [a].[Name], [a].[NormalizedName]
FROM [AspNetRoles] AS [a]
WHERE [a].[NormalizedName] = @normalizedName
2026-03-17 10:56:53.726 +05:30 [INF] Executed DbCommand (4ms) [Parameters=[@role_Id='?' (Size = 450)], CommandType='"Text"', CommandTimeout='30']
SELECT [a].[ClaimType], [a].[ClaimValue]
FROM [AspNetRoleClaims] AS [a]
WHERE [a].[RoleId] = @role_Id
2026-03-17 10:56:53.750 +05:30 [INF] AuthenticationScheme: Identity.Application signed in.
2026-03-17 10:56:53.783 +05:30 [INF] Executed DbCommand (19ms) [Parameters=[@p0='?' (Size = 4000), @p1='?' (Size = 4000), @p2='?' (Size = 4000), @p3='?' (Size = 4000), @p4='?' (Size = 4000), @p5='?' (Size = 4000), @p6='?' (DbType = DateTime2), @p7='?' (Size = 450)], CommandType='"Text"', CommandTimeout='30']
SET IMPLICIT_TRANSACTIONS OFF;
SET NOCOUNT ON;
INSERT INTO [AuditLogs] ([Action], [EntityId], [EntityType], [IPAddress], [NewValues], [OldValues], [Timestamp], [UserId])
OUTPUT INSERTED.[LogId]
VALUES (@p0, @p1, @p2, @p3, @p4, @p5, @p6, @p7);
2026-03-17 10:56:53.806 +05:30 [INF] Executing RedirectResult, redirecting to /Admin/Dashboard.
2026-03-17 10:56:53.816 +05:30 [INF] Executed action PrisonerPortal.Controllers.AccountController.Login (PrisonerPortal) in 555.8974ms
2026-03-17 10:56:53.829 +05:30 [INF] Executed endpoint 'PrisonerPortal.Controllers.AccountController.Login (PrisonerPortal)'
2026-03-17 10:56:53.836 +05:30 [INF] Request finished HTTP/1.1 POST http://localhost:5050/ - 499 null null 622.368ms
2026-03-17 10:56:53.866 +05:30 [INF] Request starting HTTP/1.1 POST http://localhost:5050/ - application/x-www-form-urlencoded 272
2026-03-17 10:56:53.889 +05:30 [INF] Executing endpoint 'PrisonerPortal.Controllers.AccountController.Login (PrisonerPortal)'
2026-03-17 10:56:53.896 +05:30 [INF] Route matched with {action = "Login", controller = "Account"}. Executing controller action with signature System.Threading.Tasks.Task`1[Microsoft.AspNetCore.Mvc.IActionResult] Login(PrisonerPortal.Models.ViewModels.LoginViewModel) on controller PrisonerPortal.Controllers.AccountController (PrisonerPortal).
2026-03-17 10:56:53.928 +05:30 [INF] Executed DbCommand (2ms) [Parameters=[@normalizedEmail='?' (Size = 256)], CommandType='"Text"', CommandTimeout='30']
SELECT TOP(2) [a].[Id], [a].[AccessFailedCount], [a].[Address], [a].[ConcurrencyStamp], [a].[CreatedAt], [a].[Email], [a].[EmailConfirmed], [a].[FullName], [a].[IsActive], [a].[LockoutEnabled], [a].[LockoutEnd], [a].[NormalizedEmail], [a].[NormalizedUserName], [a].[PasswordHash], [a].[PhoneNumber], [a].[PhoneNumberConfirmed], [a].[Role], [a].[SecurityStamp], [a].[TwoFactorEnabled], [a].[UserName]
FROM [AspNetUsers] AS [a]
WHERE [a].[NormalizedEmail] = @normalizedEmail
2026-03-17 10:56:53.946 +05:30 [INF] Executed DbCommand (2ms) [Parameters=[@normalizedUserName='?' (Size = 256)], CommandType='"Text"', CommandTimeout='30']
SELECT TOP(1) [a].[Id], [a].[AccessFailedCount], [a].[Address], [a].[ConcurrencyStamp], [a].[CreatedAt], [a].[Email], [a].[EmailConfirmed], [a].[FullName], [a].[IsActive], [a].[LockoutEnabled], [a].[LockoutEnd], [a].[NormalizedEmail], [a].[NormalizedUserName], [a].[PasswordHash], [a].[PhoneNumber], [a].[PhoneNumberConfirmed], [a].[Role], [a].[SecurityStamp], [a].[TwoFactorEnabled], [a].[UserName]
FROM [AspNetUsers] AS [a]
WHERE [a].[NormalizedUserName] = @normalizedUserName
2026-03-17 10:56:54.047 +05:30 [INF] Request starting HTTP/1.1 POST http://localhost:5050/ - application/x-www-form-urlencoded 272
2026-03-17 10:56:54.067 +05:30 [INF] Executing endpoint 'PrisonerPortal.Controllers.AccountController.Login (PrisonerPortal)'
2026-03-17 10:56:54.076 +05:30 [INF] Route matched with {action = "Login", controller = "Account"}. Executing controller action with signature System.Threading.Tasks.Task`1[Microsoft.AspNetCore.Mvc.IActionResult] Login(PrisonerPortal.Models.ViewModels.LoginViewModel) on controller PrisonerPortal.Controllers.AccountController (PrisonerPortal).
2026-03-17 10:56:54.098 +05:30 [INF] Executed DbCommand (2ms) [Parameters=[@normalizedEmail='?' (Size = 256)], CommandType='"Text"', CommandTimeout='30']
SELECT TOP(2) [a].[Id], [a].[AccessFailedCount], [a].[Address], [a].[ConcurrencyStamp], [a].[CreatedAt], [a].[Email], [a].[EmailConfirmed], [a].[FullName], [a].[IsActive], [a].[LockoutEnabled], [a].[LockoutEnd], [a].[NormalizedEmail], [a].[NormalizedUserName], [a].[PasswordHash], [a].[PhoneNumber], [a].[PhoneNumberConfirmed], [a].[Role], [a].[SecurityStamp], [a].[TwoFactorEnabled], [a].[UserName]
FROM [AspNetUsers] AS [a]
WHERE [a].[NormalizedEmail] = @normalizedEmail
2026-03-17 10:56:54.118 +05:30 [INF] Executed DbCommand (2ms) [Parameters=[@normalizedUserName='?' (Size = 256)], CommandType='"Text"', CommandTimeout='30']
SELECT TOP(1) [a].[Id], [a].[AccessFailedCount], [a].[Address], [a].[ConcurrencyStamp], [a].[CreatedAt], [a].[Email], [a].[EmailConfirmed], [a].[FullName], [a].[IsActive], [a].[LockoutEnabled], [a].[LockoutEnd], [a].[NormalizedEmail], [a].[NormalizedUserName], [a].[PasswordHash], [a].[PhoneNumber], [a].[PhoneNumberConfirmed], [a].[Role], [a].[SecurityStamp], [a].[TwoFactorEnabled], [a].[UserName]
FROM [AspNetUsers] AS [a]
WHERE [a].[NormalizedUserName] = @normalizedUserName
2026-03-17 10:56:54.247 +05:30 [INF] Request starting HTTP/1.1 POST http://localhost:5050/ - application/x-www-form-urlencoded 272
2026-03-17 10:56:54.269 +05:30 [INF] Executing endpoint 'PrisonerPortal.Controllers.AccountController.Login (PrisonerPortal)'
2026-03-17 10:56:54.276 +05:30 [INF] Route matched with {action = "Login", controller = "Account"}. Executing controller action with signature System.Threading.Tasks.Task`1[Microsoft.AspNetCore.Mvc.IActionResult] Login(PrisonerPortal.Models.ViewModels.LoginViewModel) on controller PrisonerPortal.Controllers.AccountController (PrisonerPortal).
2026-03-17 10:56:54.296 +05:30 [INF] Executed DbCommand (1ms) [Parameters=[@normalizedEmail='?' (Size = 256)], CommandType='"Text"', CommandTimeout='30']
SELECT TOP(2) [a].[Id], [a].[AccessFailedCount], [a].[Address], [a].[ConcurrencyStamp], [a].[CreatedAt], [a].[Email], [a].[EmailConfirmed], [a].[FullName], [a].[IsActive], [a].[LockoutEnabled], [a].[LockoutEnd], [a].[NormalizedEmail], [a].[NormalizedUserName], [a].[PasswordHash], [a].[PhoneNumber], [a].[PhoneNumberConfirmed], [a].[Role], [a].[SecurityStamp], [a].[TwoFactorEnabled], [a].[UserName]
FROM [AspNetUsers] AS [a]
WHERE [a].[NormalizedEmail] = @normalizedEmail
2026-03-17 10:56:54.323 +05:30 [INF] Executed DbCommand (2ms) [Parameters=[@normalizedUserName='?' (Size = 256)], CommandType='"Text"', CommandTimeout='30']
SELECT TOP(1) [a].[Id], [a].[AccessFailedCount], [a].[Address], [a].[ConcurrencyStamp], [a].[CreatedAt], [a].[Email], [a].[EmailConfirmed], [a].[FullName], [a].[IsActive], [a].[LockoutEnabled], [a].[LockoutEnd], [a].[NormalizedEmail], [a].[NormalizedUserName], [a].[PasswordHash], [a].[PhoneNumber], [a].[PhoneNumberConfirmed], [a].[Role], [a].[SecurityStamp], [a].[TwoFactorEnabled], [a].[UserName]
FROM [AspNetUsers] AS [a]
WHERE [a].[NormalizedUserName] = @normalizedUserName
2026-03-17 10:56:54.411 +05:30 [INF] Request starting HTTP/1.1 POST http://localhost:5050/ - application/x-www-form-urlencoded 272
2026-03-17 10:56:54.423 +05:30 [INF] Executing endpoint 'PrisonerPortal.Controllers.AccountController.Login (PrisonerPortal)'
2026-03-17 10:56:54.427 +05:30 [INF] Route matched with {action = "Login", controller = "Account"}. Executing controller action with signature System.Threading.Tasks.Task`1[Microsoft.AspNetCore.Mvc.IActionResult] Login(PrisonerPortal.Models.ViewModels.LoginViewModel) on controller PrisonerPortal.Controllers.AccountController (PrisonerPortal).
2026-03-17 10:56:54.454 +05:30 [INF] Executed DbCommand (5ms) [Parameters=[@user_Id='?' (Size = 450)], CommandType='"Text"', CommandTimeout='30']
SELECT [a].[Id], [a].[ClaimType], [a].[ClaimValue], [a].[UserId]
FROM [AspNetUserClaims] AS [a]
WHERE [a].[UserId] = @user_Id
2026-03-17 10:56:54.462 +05:30 [INF] Executed DbCommand (2ms) [Parameters=[@normalizedEmail='?' (Size = 256)], CommandType='"Text"', CommandTimeout='30']
SELECT TOP(2) [a].[Id], [a].[AccessFailedCount], [a].[Address], [a].[ConcurrencyStamp], [a].[CreatedAt], [a].[Email], [a].[EmailConfirmed], [a].[FullName], [a].[IsActive], [a].[LockoutEnabled], [a].[LockoutEnd], [a].[NormalizedEmail], [a].[NormalizedUserName], [a].[PasswordHash], [a].[PhoneNumber], [a].[PhoneNumberConfirmed], [a].[Role], [a].[SecurityStamp], [a].[TwoFactorEnabled], [a].[UserName]
FROM [AspNetUsers] AS [a]
WHERE [a].[NormalizedEmail] = @normalizedEmail
2026-03-17 10:56:54.472 +05:30 [INF] Executed DbCommand (3ms) [Parameters=[@userId='?' (Size = 450)], CommandType='"Text"', CommandTimeout='30']
SELECT [a0].[Name]
FROM [AspNetUserRoles] AS [a]
INNER JOIN [AspNetRoles] AS [a0] ON [a].[RoleId] = [a0].[Id]
WHERE [a].[UserId] = @userId
2026-03-17 10:56:54.491 +05:30 [INF] Executed DbCommand (5ms) [Parameters=[@normalizedUserName='?' (Size = 256)], CommandType='"Text"', CommandTimeout='30']
SELECT TOP(1) [a].[Id], [a].[AccessFailedCount], [a].[Address], [a].[ConcurrencyStamp], [a].[CreatedAt], [a].[Email], [a].[EmailConfirmed], [a].[FullName], [a].[IsActive], [a].[LockoutEnabled], [a].[LockoutEnd], [a].[NormalizedEmail], [a].[NormalizedUserName], [a].[PasswordHash], [a].[PhoneNumber], [a].[PhoneNumberConfirmed], [a].[Role], [a].[SecurityStamp], [a].[TwoFactorEnabled], [a].[UserName]
FROM [AspNetUsers] AS [a]
WHERE [a].[NormalizedUserName] = @normalizedUserName
2026-03-17 10:56:54.510 +05:30 [INF] Executed DbCommand (4ms) [Parameters=[@normalizedName='?' (Size = 256)], CommandType='"Text"', CommandTimeout='30']
SELECT TOP(1) [a].[Id], [a].[ConcurrencyStamp], [a].[Name], [a].[NormalizedName]
FROM [AspNetRoles] AS [a]
WHERE [a].[NormalizedName] = @normalizedName
2026-03-17 10:56:54.528 +05:30 [INF] Executed DbCommand (1ms) [Parameters=[@role_Id='?' (Size = 450)], CommandType='"Text"', CommandTimeout='30']
SELECT [a].[ClaimType], [a].[ClaimValue]
FROM [AspNetRoleClaims] AS [a]
WHERE [a].[RoleId] = @role_Id
2026-03-17 10:56:54.541 +05:30 [INF] AuthenticationScheme: Identity.Application signed in.
2026-03-17 10:56:54.569 +05:30 [INF] Executed DbCommand (20ms) [Parameters=[@p0='?' (Size = 4000), @p1='?' (Size = 4000), @p2='?' (Size = 4000), @p3='?' (Size = 4000), @p4='?' (Size = 4000), @p5='?' (Size = 4000), @p6='?' (DbType = DateTime2), @p7='?' (Size = 450)], CommandType='"Text"', CommandTimeout='30']
SET IMPLICIT_TRANSACTIONS OFF;
SET NOCOUNT ON;
INSERT INTO [AuditLogs] ([Action], [EntityId], [EntityType], [IPAddress], [NewValues], [OldValues], [Timestamp], [UserId])
OUTPUT INSERTED.[LogId]
VALUES (@p0, @p1, @p2, @p3, @p4, @p5, @p6, @p7);
2026-03-17 10:56:54.593 +05:30 [INF] Executing RedirectResult, redirecting to /Admin/Dashboard.
2026-03-17 10:56:54.597 +05:30 [INF] Executed action PrisonerPortal.Controllers.AccountController.Login (PrisonerPortal) in 684.1888ms
2026-03-17 10:56:54.610 +05:30 [INF] Executed endpoint 'PrisonerPortal.Controllers.AccountController.Login (PrisonerPortal)'
2026-03-17 10:56:54.615 +05:30 [INF] Request finished HTTP/1.1 POST http://localhost:5050/ - 499 null null 748.4116ms
2026-03-17 10:56:54.642 +05:30 [INF] Executed DbCommand (2ms) [Parameters=[@user_Id='?' (Size = 450)], CommandType='"Text"', CommandTimeout='30']
SELECT [a].[Id], [a].[ClaimType], [a].[ClaimValue], [a].[UserId]
FROM [AspNetUserClaims] AS [a]
WHERE [a].[UserId] = @user_Id
2026-03-17 10:56:54.660 +05:30 [INF] Executed DbCommand (2ms) [Parameters=[@userId='?' (Size = 450)], CommandType='"Text"', CommandTimeout='30']
SELECT [a0].[Name]
FROM [AspNetUserRoles] AS [a]
INNER JOIN [AspNetRoles] AS [a0] ON [a].[RoleId] = [a0].[Id]
WHERE [a].[UserId] = @userId
2026-03-17 10:56:54.673 +05:30 [INF] Request starting HTTP/1.1 POST http://localhost:5050/ - application/x-www-form-urlencoded 272
2026-03-17 10:56:54.680 +05:30 [INF] Executed DbCommand (4ms) [Parameters=[@normalizedName='?' (Size = 256)], CommandType='"Text"', CommandTimeout='30']
SELECT TOP(1) [a].[Id], [a].[ConcurrencyStamp], [a].[Name], [a].[NormalizedName]
FROM [AspNetRoles] AS [a]
WHERE [a].[NormalizedName] = @normalizedName
2026-03-17 10:56:54.698 +05:30 [INF] Executing endpoint 'PrisonerPortal.Controllers.AccountController.Login (PrisonerPortal)'
2026-03-17 10:56:54.723 +05:30 [INF] Executed DbCommand (7ms) [Parameters=[@role_Id='?' (Size = 450)], CommandType='"Text"', CommandTimeout='30']
SELECT [a].[ClaimType], [a].[ClaimValue]
FROM [AspNetRoleClaims] AS [a]
WHERE [a].[RoleId] = @role_Id
2026-03-17 10:56:54.724 +05:30 [INF] Route matched with {action = "Login", controller = "Account"}. Executing controller action with signature System.Threading.Tasks.Task`1[Microsoft.AspNetCore.Mvc.IActionResult] Login(PrisonerPortal.Models.ViewModels.LoginViewModel) on controller PrisonerPortal.Controllers.AccountController (PrisonerPortal).
2026-03-17 10:56:54.742 +05:30 [INF] AuthenticationScheme: Identity.Application signed in.
2026-03-17 10:56:54.760 +05:30 [INF] Executed DbCommand (3ms) [Parameters=[@normalizedEmail='?' (Size = 256)], CommandType='"Text"', CommandTimeout='30']
SELECT TOP(2) [a].[Id], [a].[AccessFailedCount], [a].[Address], [a].[ConcurrencyStamp], [a].[CreatedAt], [a].[Email], [a].[EmailConfirmed], [a].[FullName], [a].[IsActive], [a].[LockoutEnabled], [a].[LockoutEnd], [a].[NormalizedEmail], [a].[NormalizedUserName], [a].[PasswordHash], [a].[PhoneNumber], [a].[PhoneNumberConfirmed], [a].[Role], [a].[SecurityStamp], [a].[TwoFactorEnabled], [a].[UserName]
FROM [AspNetUsers] AS [a]
WHERE [a].[NormalizedEmail] = @normalizedEmail
2026-03-17 10:56:54.778 +05:30 [INF] Executed DbCommand (1ms) [Parameters=[@normalizedUserName='?' (Size = 256)], CommandType='"Text"', CommandTimeout='30']
SELECT TOP(1) [a].[Id], [a].[AccessFailedCount], [a].[Address], [a].[ConcurrencyStamp], [a].[CreatedAt], [a].[Email], [a].[EmailConfirmed], [a].[FullName], [a].[IsActive], [a].[LockoutEnabled], [a].[LockoutEnd], [a].[NormalizedEmail], [a].[NormalizedUserName], [a].[PasswordHash], [a].[PhoneNumber], [a].[PhoneNumberConfirmed], [a].[Role], [a].[SecurityStamp], [a].[TwoFactorEnabled], [a].[UserName]
FROM [AspNetUsers] AS [a]
WHERE [a].[NormalizedUserName] = @normalizedUserName
2026-03-17 10:56:54.781 +05:30 [INF] Executed DbCommand (19ms) [Parameters=[@p0='?' (Size = 4000), @p1='?' (Size = 4000), @p2='?' (Size = 4000), @p3='?' (Size = 4000), @p4='?' (Size = 4000), @p5='?' (Size = 4000), @p6='?' (DbType = DateTime2), @p7='?' (Size = 450)], CommandType='"Text"', CommandTimeout='30']
SET IMPLICIT_TRANSACTIONS OFF;
SET NOCOUNT ON;
INSERT INTO [AuditLogs] ([Action], [EntityId], [EntityType], [IPAddress], [NewValues], [OldValues], [Timestamp], [UserId])
OUTPUT INSERTED.[LogId]
VALUES (@p0, @p1, @p2, @p3, @p4, @p5, @p6, @p7);
2026-03-17 10:56:54.803 +05:30 [INF] Executing RedirectResult, redirecting to /Admin/Dashboard.
2026-03-17 10:56:54.810 +05:30 [INF] Executed action PrisonerPortal.Controllers.AccountController.Login (PrisonerPortal) in 724.0779ms
2026-03-17 10:56:54.820 +05:30 [INF] Executed endpoint 'PrisonerPortal.Controllers.AccountController.Login (PrisonerPortal)'
2026-03-17 10:56:54.827 +05:30 [INF] Request finished HTTP/1.1 POST http://localhost:5050/ - 499 null null 779.5815ms
2026-03-17 10:56:54.839 +05:30 [INF] Request starting HTTP/1.1 POST http://localhost:5050/ - application/x-www-form-urlencoded 272
2026-03-17 10:56:54.867 +05:30 [INF] Executing endpoint 'PrisonerPortal.Controllers.AccountController.Login (PrisonerPortal)'
2026-03-17 10:56:54.875 +05:30 [INF] Route matched with {action = "Login", controller = "Account"}. Executing controller action with signature System.Threading.Tasks.Task`1[Microsoft.AspNetCore.Mvc.IActionResult] Login(PrisonerPortal.Models.ViewModels.LoginViewModel) on controller PrisonerPortal.Controllers.AccountController (PrisonerPortal).
2026-03-17 10:56:54.902 +05:30 [INF] Executed DbCommand (4ms) [Parameters=[@normalizedEmail='?' (Size = 256)], CommandType='"Text"', CommandTimeout='30']
SELECT TOP(2) [a].[Id], [a].[AccessFailedCount], [a].[Address], [a].[ConcurrencyStamp], [a].[CreatedAt], [a].[Email], [a].[EmailConfirmed], [a].[FullName], [a].[IsActive], [a].[LockoutEnabled], [a].[LockoutEnd], [a].[NormalizedEmail], [a].[NormalizedUserName], [a].[PasswordHash], [a].[PhoneNumber], [a].[PhoneNumberConfirmed], [a].[Role], [a].[SecurityStamp], [a].[TwoFactorEnabled], [a].[UserName]
FROM [AspNetUsers] AS [a]
WHERE [a].[NormalizedEmail] = @normalizedEmail
2026-03-17 10:56:54.921 +05:30 [INF] Executed DbCommand (4ms) [Parameters=[@normalizedUserName='?' (Size = 256)], CommandType='"Text"', CommandTimeout='30']
SELECT TOP(1) [a].[Id], [a].[AccessFailedCount], [a].[Address], [a].[ConcurrencyStamp], [a].[CreatedAt], [a].[Email], [a].[EmailConfirmed], [a].[FullName], [a].[IsActive], [a].[LockoutEnabled], [a].[LockoutEnd], [a].[NormalizedEmail], [a].[NormalizedUserName], [a].[PasswordHash], [a].[PhoneNumber], [a].[PhoneNumberConfirmed], [a].[Role], [a].[SecurityStamp], [a].[TwoFactorEnabled], [a].[UserName]
FROM [AspNetUsers] AS [a]
WHERE [a].[NormalizedUserName] = @normalizedUserName
2026-03-17 10:56:54.953 +05:30 [INF] Executed DbCommand (3ms) [Parameters=[@user_Id='?' (Size = 450)], CommandType='"Text"', CommandTimeout='30']
SELECT [a].[Id], [a].[ClaimType], [a].[ClaimValue], [a].[UserId]
FROM [AspNetUserClaims] AS [a]
WHERE [a].[UserId] = @user_Id
2026-03-17 10:56:54.968 +05:30 [INF] Executed DbCommand (3ms) [Parameters=[@userId='?' (Size = 450)], CommandType='"Text"', CommandTimeout='30']
SELECT [a0].[Name]
FROM [AspNetUserRoles] AS [a]
INNER JOIN [AspNetRoles] AS [a0] ON [a].[RoleId] = [a0].[Id]
WHERE [a].[UserId] = @userId
2026-03-17 10:56:54.986 +05:30 [INF] Executed DbCommand (4ms) [Parameters=[@normalizedName='?' (Size = 256)], CommandType='"Text"', CommandTimeout='30']
SELECT TOP(1) [a].[Id], [a].[ConcurrencyStamp], [a].[Name], [a].[NormalizedName]
FROM [AspNetRoles] AS [a]
WHERE [a].[NormalizedName] = @normalizedName
2026-03-17 10:56:55.001 +05:30 [INF] Request starting HTTP/1.1 POST http://localhost:5050/ - application/x-www-form-urlencoded 272
2026-03-17 10:56:55.004 +05:30 [INF] Executed DbCommand (4ms) [Parameters=[@role_Id='?' (Size = 450)], CommandType='"Text"', CommandTimeout='30']
SELECT [a].[ClaimType], [a].[ClaimValue]
FROM [AspNetRoleClaims] AS [a]
WHERE [a].[RoleId] = @role_Id
2026-03-17 10:56:55.023 +05:30 [INF] Executing endpoint 'PrisonerPortal.Controllers.AccountController.Login (PrisonerPortal)'
2026-03-17 10:56:55.043 +05:30 [INF] AuthenticationScheme: Identity.Application signed in.
2026-03-17 10:56:55.046 +05:30 [INF] Route matched with {action = "Login", controller = "Account"}. Executing controller action with signature System.Threading.Tasks.Task`1[Microsoft.AspNetCore.Mvc.IActionResult] Login(PrisonerPortal.Models.ViewModels.LoginViewModel) on controller PrisonerPortal.Controllers.AccountController (PrisonerPortal).
2026-03-17 10:56:55.076 +05:30 [INF] Executed DbCommand (19ms) [Parameters=[@p0='?' (Size = 4000), @p1='?' (Size = 4000), @p2='?' (Size = 4000), @p3='?' (Size = 4000), @p4='?' (Size = 4000), @p5='?' (Size = 4000), @p6='?' (DbType = DateTime2), @p7='?' (Size = 450)], CommandType='"Text"', CommandTimeout='30']
SET IMPLICIT_TRANSACTIONS OFF;
SET NOCOUNT ON;
INSERT INTO [AuditLogs] ([Action], [EntityId], [EntityType], [IPAddress], [NewValues], [OldValues], [Timestamp], [UserId])
OUTPUT INSERTED.[LogId]
VALUES (@p0, @p1, @p2, @p3, @p4, @p5, @p6, @p7);
2026-03-17 10:56:55.080 +05:30 [INF] Executed DbCommand (1ms) [Parameters=[@normalizedEmail='?' (Size = 256)], CommandType='"Text"', CommandTimeout='30']
SELECT TOP(2) [a].[Id], [a].[AccessFailedCount], [a].[Address], [a].[ConcurrencyStamp], [a].[CreatedAt], [a].[Email], [a].[EmailConfirmed], [a].[FullName], [a].[IsActive], [a].[LockoutEnabled], [a].[LockoutEnd], [a].[NormalizedEmail], [a].[NormalizedUserName], [a].[PasswordHash], [a].[PhoneNumber], [a].[PhoneNumberConfirmed], [a].[Role], [a].[SecurityStamp], [a].[TwoFactorEnabled], [a].[UserName]
FROM [AspNetUsers] AS [a]
WHERE [a].[NormalizedEmail] = @normalizedEmail
2026-03-17 10:56:55.094 +05:30 [INF] Executing RedirectResult, redirecting to /Admin/Dashboard.
2026-03-17 10:56:55.112 +05:30 [INF] Executed action PrisonerPortal.Controllers.AccountController.Login (PrisonerPortal) in 827.3831ms
2026-03-17 10:56:55.112 +05:30 [INF] Executed DbCommand (2ms) [Parameters=[@normalizedUserName='?' (Size = 256)], CommandType='"Text"', CommandTimeout='30']
SELECT TOP(1) [a].[Id], [a].[AccessFailedCount], [a].[Address], [a].[ConcurrencyStamp], [a].[CreatedAt], [a].[Email], [a].[EmailConfirmed], [a].[FullName], [a].[IsActive], [a].[LockoutEnabled], [a].[LockoutEnd], [a].[NormalizedEmail], [a].[NormalizedUserName], [a].[PasswordHash], [a].[PhoneNumber], [a].[PhoneNumberConfirmed], [a].[Role], [a].[SecurityStamp], [a].[TwoFactorEnabled], [a].[UserName]
FROM [AspNetUsers] AS [a]
WHERE [a].[NormalizedUserName] = @normalizedUserName
2026-03-17 10:56:55.119 +05:30 [INF] Executed endpoint 'PrisonerPortal.Controllers.AccountController.Login (PrisonerPortal)'
2026-03-17 10:56:55.136 +05:30 [INF] Request finished HTTP/1.1 POST http://localhost:5050/ - 499 null null 889.1224ms
2026-03-17 10:56:55.152 +05:30 [INF] Request starting HTTP/1.1 POST http://localhost:5050/ - application/x-www-form-urlencoded 272
2026-03-17 10:56:55.165 +05:30 [INF] Executing endpoint 'PrisonerPortal.Controllers.AccountController.Login (PrisonerPortal)'
2026-03-17 10:56:55.172 +05:30 [INF] Route matched with {action = "Login", controller = "Account"}. Executing controller action with signature System.Threading.Tasks.Task`1[Microsoft.AspNetCore.Mvc.IActionResult] Login(PrisonerPortal.Models.ViewModels.LoginViewModel) on controller PrisonerPortal.Controllers.AccountController (PrisonerPortal).
2026-03-17 10:56:55.196 +05:30 [INF] Executed DbCommand (2ms) [Parameters=[@user_Id='?' (Size = 450)], CommandType='"Text"', CommandTimeout='30']
SELECT [a].[Id], [a].[ClaimType], [a].[ClaimValue], [a].[UserId]
FROM [AspNetUserClaims] AS [a]
WHERE [a].[UserId] = @user_Id
2026-03-17 10:56:55.200 +05:30 [INF] Executed DbCommand (2ms) [Parameters=[@normalizedEmail='?' (Size = 256)], CommandType='"Text"', CommandTimeout='30']
SELECT TOP(2) [a].[Id], [a].[AccessFailedCount], [a].[Address], [a].[ConcurrencyStamp], [a].[CreatedAt], [a].[Email], [a].[EmailConfirmed], [a].[FullName], [a].[IsActive], [a].[LockoutEnabled], [a].[LockoutEnd], [a].[NormalizedEmail], [a].[NormalizedUserName], [a].[PasswordHash], [a].[PhoneNumber], [a].[PhoneNumberConfirmed], [a].[Role], [a].[SecurityStamp], [a].[TwoFactorEnabled], [a].[UserName]
FROM [AspNetUsers] AS [a]
WHERE [a].[NormalizedEmail] = @normalizedEmail
2026-03-17 10:56:55.211 +05:30 [INF] Executed DbCommand (1ms) [Parameters=[@userId='?' (Size = 450)], CommandType='"Text"', CommandTimeout='30']
SELECT [a0].[Name]
FROM [AspNetUserRoles] AS [a]
INNER JOIN [AspNetRoles] AS [a0] ON [a].[RoleId] = [a0].[Id]
WHERE [a].[UserId] = @userId
2026-03-17 10:56:55.222 +05:30 [INF] Executed DbCommand (3ms) [Parameters=[@normalizedUserName='?' (Size = 256)], CommandType='"Text"', CommandTimeout='30']
SELECT TOP(1) [a].[Id], [a].[AccessFailedCount], [a].[Address], [a].[ConcurrencyStamp], [a].[CreatedAt], [a].[Email], [a].[EmailConfirmed], [a].[FullName], [a].[IsActive], [a].[LockoutEnabled], [a].[LockoutEnd], [a].[NormalizedEmail], [a].[NormalizedUserName], [a].[PasswordHash], [a].[PhoneNumber], [a].[PhoneNumberConfirmed], [a].[Role], [a].[SecurityStamp], [a].[TwoFactorEnabled], [a].[UserName]
FROM [AspNetUsers] AS [a]
WHERE [a].[NormalizedUserName] = @normalizedUserName
2026-03-17 10:56:55.229 +05:30 [INF] Executed DbCommand (1ms) [Parameters=[@normalizedName='?' (Size = 256)], CommandType='"Text"', CommandTimeout='30']
SELECT TOP(1) [a].[Id], [a].[ConcurrencyStamp], [a].[Name], [a].[NormalizedName]
FROM [AspNetRoles] AS [a]
WHERE [a].[NormalizedName] = @normalizedName
2026-03-17 10:56:55.247 +05:30 [INF] Executed DbCommand (2ms) [Parameters=[@role_Id='?' (Size = 450)], CommandType='"Text"', CommandTimeout='30']
SELECT [a].[ClaimType], [a].[ClaimValue]
FROM [AspNetRoleClaims] AS [a]
WHERE [a].[RoleId] = @role_Id
2026-03-17 10:56:55.258 +05:30 [INF] AuthenticationScheme: Identity.Application signed in.
2026-03-17 10:56:55.283 +05:30 [INF] Executed DbCommand (20ms) [Parameters=[@p0='?' (Size = 4000), @p1='?' (Size = 4000), @p2='?' (Size = 4000), @p3='?' (Size = 4000), @p4='?' (Size = 4000), @p5='?' (Size = 4000), @p6='?' (DbType = DateTime2), @p7='?' (Size = 450)], CommandType='"Text"', CommandTimeout='30']
SET IMPLICIT_TRANSACTIONS OFF;
SET NOCOUNT ON;
INSERT INTO [AuditLogs] ([Action], [EntityId], [EntityType], [IPAddress], [NewValues], [OldValues], [Timestamp], [UserId])
OUTPUT INSERTED.[LogId]
VALUES (@p0, @p1, @p2, @p3, @p4, @p5, @p6, @p7);
2026-03-17 10:56:55.296 +05:30 [INF] Executing RedirectResult, redirecting to /Admin/Dashboard.
2026-03-17 10:56:55.301 +05:30 [INF] Executed action PrisonerPortal.Controllers.AccountController.Login (PrisonerPortal) in 858.0148ms
2026-03-17 10:56:55.308 +05:30 [INF] Executed endpoint 'PrisonerPortal.Controllers.AccountController.Login (PrisonerPortal)'
2026-03-17 10:56:55.312 +05:30 [INF] Request finished HTTP/1.1 POST http://localhost:5050/ - 499 null null 901.3311ms
2026-03-17 10:56:55.414 +05:30 [INF] Executed DbCommand (1ms) [Parameters=[@user_Id='?' (Size = 450)], CommandType='"Text"', CommandTimeout='30']
SELECT [a].[Id], [a].[ClaimType], [a].[ClaimValue], [a].[UserId]
FROM [AspNetUserClaims] AS [a]
WHERE [a].[UserId] = @user_Id
2026-03-17 10:56:55.429 +05:30 [INF] Executed DbCommand (1ms) [Parameters=[@userId='?' (Size = 450)], CommandType='"Text"', CommandTimeout='30']
SELECT [a0].[Name]
FROM [AspNetUserRoles] AS [a]
INNER JOIN [AspNetRoles] AS [a0] ON [a].[RoleId] = [a0].[Id]
WHERE [a].[UserId] = @userId
2026-03-17 10:56:55.443 +05:30 [INF] Executed DbCommand (2ms) [Parameters=[@normalizedName='?' (Size = 256)], CommandType='"Text"', CommandTimeout='30']
SELECT TOP(1) [a].[Id], [a].[ConcurrencyStamp], [a].[Name], [a].[NormalizedName]
FROM [AspNetRoles] AS [a]
WHERE [a].[NormalizedName] = @normalizedName
2026-03-17 10:56:55.457 +05:30 [INF] Executed DbCommand (2ms) [Parameters=[@role_Id='?' (Size = 450)], CommandType='"Text"', CommandTimeout='30']
SELECT [a].[ClaimType], [a].[ClaimValue]
FROM [AspNetRoleClaims] AS [a]
WHERE [a].[RoleId] = @role_Id
2026-03-17 10:56:55.466 +05:30 [INF] AuthenticationScheme: Identity.Application signed in.
2026-03-17 10:56:55.496 +05:30 [INF] Executed DbCommand (1ms) [Parameters=[@user_Id='?' (Size = 450)], CommandType='"Text"', CommandTimeout='30']
SELECT [a].[Id], [a].[ClaimType], [a].[ClaimValue], [a].[UserId]
FROM [AspNetUserClaims] AS [a]
WHERE [a].[UserId] = @user_Id
2026-03-17 10:56:55.499 +05:30 [INF] Executed DbCommand (22ms) [Parameters=[@p0='?' (Size = 4000), @p1='?' (Size = 4000), @p2='?' (Size = 4000), @p3='?' (Size = 4000), @p4='?' (Size = 4000), @p5='?' (Size = 4000), @p6='?' (DbType = DateTime2), @p7='?' (Size = 450)], CommandType='"Text"', CommandTimeout='30']
SET IMPLICIT_TRANSACTIONS OFF;
SET NOCOUNT ON;
INSERT INTO [AuditLogs] ([Action], [EntityId], [EntityType], [IPAddress], [NewValues], [OldValues], [Timestamp], [UserId])
OUTPUT INSERTED.[LogId]
VALUES (@p0, @p1, @p2, @p3, @p4, @p5, @p6, @p7);
2026-03-17 10:56:55.511 +05:30 [INF] Executed DbCommand (1ms) [Parameters=[@userId='?' (Size = 450)], CommandType='"Text"', CommandTimeout='30']
SELECT [a0].[Name]
FROM [AspNetUserRoles] AS [a]
INNER JOIN [AspNetRoles] AS [a0] ON [a].[RoleId] = [a0].[Id]
WHERE [a].[UserId] = @userId
2026-03-17 10:56:55.515 +05:30 [INF] Executing RedirectResult, redirecting to /Admin/Dashboard.
2026-03-17 10:56:55.527 +05:30 [INF] Executed DbCommand (1ms) [Parameters=[@normalizedName='?' (Size = 256)], CommandType='"Text"', CommandTimeout='30']
SELECT TOP(1) [a].[Id], [a].[ConcurrencyStamp], [a].[Name], [a].[NormalizedName]
FROM [AspNetRoles] AS [a]
WHERE [a].[NormalizedName] = @normalizedName
2026-03-17 10:56:55.529 +05:30 [INF] Executed action PrisonerPortal.Controllers.AccountController.Login (PrisonerPortal) in 782.81ms
2026-03-17 10:56:55.544 +05:30 [INF] Executed DbCommand (1ms) [Parameters=[@role_Id='?' (Size = 450)], CommandType='"Text"', CommandTimeout='30']
SELECT [a].[ClaimType], [a].[ClaimValue]
FROM [AspNetRoleClaims] AS [a]
WHERE [a].[RoleId] = @role_Id
2026-03-17 10:56:55.545 +05:30 [INF] Executed endpoint 'PrisonerPortal.Controllers.AccountController.Login (PrisonerPortal)'
2026-03-17 10:56:55.557 +05:30 [INF] AuthenticationScheme: Identity.Application signed in.
2026-03-17 10:56:55.561 +05:30 [INF] Request finished HTTP/1.1 POST http://localhost:5050/ - 499 null null 887.6991ms
2026-03-17 10:56:55.571 +05:30 [INF] Executed DbCommand (5ms) [Parameters=[@p0='?' (Size = 4000), @p1='?' (Size = 4000), @p2='?' (Size = 4000), @p3='?' (Size = 4000), @p4='?' (Size = 4000), @p5='?' (Size = 4000), @p6='?' (DbType = DateTime2), @p7='?' (Size = 450)], CommandType='"Text"', CommandTimeout='30']
SET IMPLICIT_TRANSACTIONS OFF;
SET NOCOUNT ON;
INSERT INTO [AuditLogs] ([Action], [EntityId], [EntityType], [IPAddress], [NewValues], [OldValues], [Timestamp], [UserId])
OUTPUT INSERTED.[LogId]
VALUES (@p0, @p1, @p2, @p3, @p4, @p5, @p6, @p7);
2026-03-17 10:56:55.594 +05:30 [INF] Executing RedirectResult, redirecting to /Admin/Dashboard.
2026-03-17 10:56:55.599 +05:30 [INF] Executed action PrisonerPortal.Controllers.AccountController.Login (PrisonerPortal) in 714.3325ms
2026-03-17 10:56:55.609 +05:30 [INF] Executed endpoint 'PrisonerPortal.Controllers.AccountController.Login (PrisonerPortal)'
2026-03-17 10:56:55.614 +05:30 [INF] Request finished HTTP/1.1 POST http://localhost:5050/ - 499 null null 774.4424ms
2026-03-17 10:56:55.631 +05:30 [INF] Request starting HTTP/1.1 POST http://localhost:5050/ - application/x-www-form-urlencoded 272
2026-03-17 10:56:55.641 +05:30 [INF] Executed DbCommand (2ms) [Parameters=[@user_Id='?' (Size = 450)], CommandType='"Text"', CommandTimeout='30']
SELECT [a].[Id], [a].[ClaimType], [a].[ClaimValue], [a].[UserId]
FROM [AspNetUserClaims] AS [a]
WHERE [a].[UserId] = @user_Id
2026-03-17 10:56:55.649 +05:30 [INF] Executing endpoint 'PrisonerPortal.Controllers.AccountController.Login (PrisonerPortal)'
2026-03-17 10:56:55.669 +05:30 [INF] Executed DbCommand (3ms) [Parameters=[@userId='?' (Size = 450)], CommandType='"Text"', CommandTimeout='30']
SELECT [a0].[Name]
FROM [AspNetUserRoles] AS [a]
INNER JOIN [AspNetRoles] AS [a0] ON [a].[RoleId] = [a0].[Id]
WHERE [a].[UserId] = @userId
2026-03-17 10:56:55.669 +05:30 [INF] Route matched with {action = "Login", controller = "Account"}. Executing controller action with signature System.Threading.Tasks.Task`1[Microsoft.AspNetCore.Mvc.IActionResult] Login(PrisonerPortal.Models.ViewModels.LoginViewModel) on controller PrisonerPortal.Controllers.AccountController (PrisonerPortal).
2026-03-17 10:56:55.680 +05:30 [INF] Executed DbCommand (1ms) [Parameters=[@normalizedName='?' (Size = 256)], CommandType='"Text"', CommandTimeout='30']
SELECT TOP(1) [a].[Id], [a].[ConcurrencyStamp], [a].[Name], [a].[NormalizedName]
FROM [AspNetRoles] AS [a]
WHERE [a].[NormalizedName] = @normalizedName
2026-03-17 10:56:55.695 +05:30 [INF] Executed DbCommand (1ms) [Parameters=[@normalizedEmail='?' (Size = 256)], CommandType='"Text"', CommandTimeout='30']
SELECT TOP(2) [a].[Id], [a].[AccessFailedCount], [a].[Address], [a].[ConcurrencyStamp], [a].[CreatedAt], [a].[Email], [a].[EmailConfirmed], [a].[FullName], [a].[IsActive], [a].[LockoutEnabled], [a].[LockoutEnd], [a].[NormalizedEmail], [a].[NormalizedUserName], [a].[PasswordHash], [a].[PhoneNumber], [a].[PhoneNumberConfirmed], [a].[Role], [a].[SecurityStamp], [a].[TwoFactorEnabled], [a].[UserName]
FROM [AspNetUsers] AS [a]
WHERE [a].[NormalizedEmail] = @normalizedEmail
2026-03-17 10:56:55.696 +05:30 [INF] Executed DbCommand (1ms) [Parameters=[@role_Id='?' (Size = 450)], CommandType='"Text"', CommandTimeout='30']
SELECT [a].[ClaimType], [a].[ClaimValue]
FROM [AspNetRoleClaims] AS [a]
WHERE [a].[RoleId] = @role_Id
2026-03-17 10:56:55.710 +05:30 [INF] Executed DbCommand (1ms) [Parameters=[@normalizedUserName='?' (Size = 256)], CommandType='"Text"', CommandTimeout='30']
SELECT TOP(1) [a].[Id], [a].[AccessFailedCount], [a].[Address], [a].[ConcurrencyStamp], [a].[CreatedAt], [a].[Email], [a].[EmailConfirmed], [a].[FullName], [a].[IsActive], [a].[LockoutEnabled], [a].[LockoutEnd], [a].[NormalizedEmail], [a].[NormalizedUserName], [a].[PasswordHash], [a].[PhoneNumber], [a].[PhoneNumberConfirmed], [a].[Role], [a].[SecurityStamp], [a].[TwoFactorEnabled], [a].[UserName]
FROM [AspNetUsers] AS [a]
WHERE [a].[NormalizedUserName] = @normalizedUserName
2026-03-17 10:56:55.713 +05:30 [INF] AuthenticationScheme: Identity.Application signed in.
2026-03-17 10:56:55.719 +05:30 [INF] Executed DbCommand (2ms) [Parameters=[@user_Id='?' (Size = 450)], CommandType='"Text"', CommandTimeout='30']
SELECT [a].[Id], [a].[ClaimType], [a].[ClaimValue], [a].[UserId]
FROM [AspNetUserClaims] AS [a]
WHERE [a].[UserId] = @user_Id
2026-03-17 10:56:55.739 +05:30 [INF] Executed DbCommand (2ms) [Parameters=[@userId='?' (Size = 450)], CommandType='"Text"', CommandTimeout='30']
SELECT [a0].[Name]
FROM [AspNetUserRoles] AS [a]
INNER JOIN [AspNetRoles] AS [a0] ON [a].[RoleId] = [a0].[Id]
WHERE [a].[UserId] = @userId
2026-03-17 10:56:55.747 +05:30 [INF] Executed DbCommand (1ms) [Parameters=[@normalizedName='?' (Size = 256)], CommandType='"Text"', CommandTimeout='30']
SELECT TOP(1) [a].[Id], [a].[ConcurrencyStamp], [a].[Name], [a].[NormalizedName]
FROM [AspNetRoles] AS [a]
WHERE [a].[NormalizedName] = @normalizedName
2026-03-17 10:56:55.751 +05:30 [INF] Executed DbCommand (22ms) [Parameters=[@p0='?' (Size = 4000), @p1='?' (Size = 4000), @p2='?' (Size = 4000), @p3='?' (Size = 4000), @p4='?' (Size = 4000), @p5='?' (Size = 4000), @p6='?' (DbType = DateTime2), @p7='?' (Size = 450)], CommandType='"Text"', CommandTimeout='30']
SET IMPLICIT_TRANSACTIONS OFF;
SET NOCOUNT ON;
INSERT INTO [AuditLogs] ([Action], [EntityId], [EntityType], [IPAddress], [NewValues], [OldValues], [Timestamp], [UserId])
OUTPUT INSERTED.[LogId]
VALUES (@p0, @p1, @p2, @p3, @p4, @p5, @p6, @p7);
2026-03-17 10:56:55.761 +05:30 [INF] Executed DbCommand (1ms) [Parameters=[@role_Id='?' (Size = 450)], CommandType='"Text"', CommandTimeout='30']
SELECT [a].[ClaimType], [a].[ClaimValue]
FROM [AspNetRoleClaims] AS [a]
WHERE [a].[RoleId] = @role_Id
2026-03-17 10:56:55.765 +05:30 [INF] Executing RedirectResult, redirecting to /Admin/Dashboard.
2026-03-17 10:56:55.777 +05:30 [INF] AuthenticationScheme: Identity.Application signed in.
2026-03-17 10:56:55.780 +05:30 [INF] Executed action PrisonerPortal.Controllers.AccountController.Login (PrisonerPortal) in 716.0368ms
2026-03-17 10:56:55.793 +05:30 [INF] Executed DbCommand (3ms) [Parameters=[@p0='?' (Size = 4000), @p1='?' (Size = 4000), @p2='?' (Size = 4000), @p3='?' (Size = 4000), @p4='?' (Size = 4000), @p5='?' (Size = 4000), @p6='?' (DbType = DateTime2), @p7='?' (Size = 450)], CommandType='"Text"', CommandTimeout='30']
SET IMPLICIT_TRANSACTIONS OFF;
SET NOCOUNT ON;
INSERT INTO [AuditLogs] ([Action], [EntityId], [EntityType], [IPAddress], [NewValues], [OldValues], [Timestamp], [UserId])
OUTPUT INSERTED.[LogId]
VALUES (@p0, @p1, @p2, @p3, @p4, @p5, @p6, @p7);
2026-03-17 10:56:55.794 +05:30 [INF] Executed endpoint 'PrisonerPortal.Controllers.AccountController.Login (PrisonerPortal)'
2026-03-17 10:56:55.802 +05:30 [INF] Executing RedirectResult, redirecting to /Admin/Dashboard.
2026-03-17 10:56:55.807 +05:30 [INF] Request finished HTTP/1.1 POST http://localhost:5050/ - 499 null null 805.4459ms
2026-03-17 10:56:55.811 +05:30 [INF] Executed action PrisonerPortal.Controllers.AccountController.Login (PrisonerPortal) in 630.675ms
2026-03-17 10:56:55.830 +05:30 [INF] Executed endpoint 'PrisonerPortal.Controllers.AccountController.Login (PrisonerPortal)'
2026-03-17 10:56:55.836 +05:30 [INF] Request finished HTTP/1.1 POST http://localhost:5050/ - 499 null null 683.0495ms
2026-03-17 10:56:55.953 +05:30 [INF] Request starting HTTP/1.1 POST http://localhost:5050/ - application/x-www-form-urlencoded 272
2026-03-17 10:56:55.972 +05:30 [INF] Executing endpoint 'PrisonerPortal.Controllers.AccountController.Login (PrisonerPortal)'
2026-03-17 10:56:55.977 +05:30 [INF] Route matched with {action = "Login", controller = "Account"}. Executing controller action with signature System.Threading.Tasks.Task`1[Microsoft.AspNetCore.Mvc.IActionResult] Login(PrisonerPortal.Models.ViewModels.LoginViewModel) on controller PrisonerPortal.Controllers.AccountController (PrisonerPortal).
2026-03-17 10:56:56.010 +05:30 [INF] Executed DbCommand (2ms) [Parameters=[@normalizedEmail='?' (Size = 256)], CommandType='"Text"', CommandTimeout='30']
SELECT TOP(2) [a].[Id], [a].[AccessFailedCount], [a].[Address], [a].[ConcurrencyStamp], [a].[CreatedAt], [a].[Email], [a].[EmailConfirmed], [a].[FullName], [a].[IsActive], [a].[LockoutEnabled], [a].[LockoutEnd], [a].[NormalizedEmail], [a].[NormalizedUserName], [a].[PasswordHash], [a].[PhoneNumber], [a].[PhoneNumberConfirmed], [a].[Role], [a].[SecurityStamp], [a].[TwoFactorEnabled], [a].[UserName]
FROM [AspNetUsers] AS [a]
WHERE [a].[NormalizedEmail] = @normalizedEmail
2026-03-17 10:56:56.027 +05:30 [INF] Executed DbCommand (1ms) [Parameters=[@normalizedUserName='?' (Size = 256)], CommandType='"Text"', CommandTimeout='30']
SELECT TOP(1) [a].[Id], [a].[AccessFailedCount], [a].[Address], [a].[ConcurrencyStamp], [a].[CreatedAt], [a].[Email], [a].[EmailConfirmed], [a].[FullName], [a].[IsActive], [a].[LockoutEnabled], [a].[LockoutEnd], [a].[NormalizedEmail], [a].[NormalizedUserName], [a].[PasswordHash], [a].[PhoneNumber], [a].[PhoneNumberConfirmed], [a].[Role], [a].[SecurityStamp], [a].[TwoFactorEnabled], [a].[UserName]
FROM [AspNetUsers] AS [a]
WHERE [a].[NormalizedUserName] = @normalizedUserName
2026-03-17 10:56:56.104 +05:30 [INF] Executed DbCommand (1ms) [Parameters=[@user_Id='?' (Size = 450)], CommandType='"Text"', CommandTimeout='30']
SELECT [a].[Id], [a].[ClaimType], [a].[ClaimValue], [a].[UserId]
FROM [AspNetUserClaims] AS [a]
WHERE [a].[UserId] = @user_Id
2026-03-17 10:56:56.125 +05:30 [INF] Executed DbCommand (2ms) [Parameters=[@userId='?' (Size = 450)], CommandType='"Text"', CommandTimeout='30']
SELECT [a0].[Name]
FROM [AspNetUserRoles] AS [a]
INNER JOIN [AspNetRoles] AS [a0] ON [a].[RoleId] = [a0].[Id]
WHERE [a].[UserId] = @userId
2026-03-17 10:56:56.142 +05:30 [INF] Executed DbCommand (1ms) [Parameters=[@normalizedName='?' (Size = 256)], CommandType='"Text"', CommandTimeout='30']
SELECT TOP(1) [a].[Id], [a].[ConcurrencyStamp], [a].[Name], [a].[NormalizedName]
FROM [AspNetRoles] AS [a]
WHERE [a].[NormalizedName] = @normalizedName
2026-03-17 10:56:56.155 +05:30 [INF] Request starting HTTP/1.1 POST http://localhost:5050/ - application/x-www-form-urlencoded 272
2026-03-17 10:56:56.176 +05:30 [INF] Executed DbCommand (3ms) [Parameters=[@role_Id='?' (Size = 450)], CommandType='"Text"', CommandTimeout='30']
SELECT [a].[ClaimType], [a].[ClaimValue]
FROM [AspNetRoleClaims] AS [a]
WHERE [a].[RoleId] = @role_Id
2026-03-17 10:56:56.180 +05:30 [INF] Executing endpoint 'PrisonerPortal.Controllers.AccountController.Login (PrisonerPortal)'
2026-03-17 10:56:56.193 +05:30 [INF] AuthenticationScheme: Identity.Application signed in.
2026-03-17 10:56:56.196 +05:30 [INF] Route matched with {action = "Login", controller = "Account"}. Executing controller action with signature System.Threading.Tasks.Task`1[Microsoft.AspNetCore.Mvc.IActionResult] Login(PrisonerPortal.Models.ViewModels.LoginViewModel) on controller PrisonerPortal.Controllers.AccountController (PrisonerPortal).
2026-03-17 10:56:56.209 +05:30 [INF] Executed DbCommand (4ms) [Parameters=[@p0='?' (Size = 4000), @p1='?' (Size = 4000), @p2='?' (Size = 4000), @p3='?' (Size = 4000), @p4='?' (Size = 4000), @p5='?' (Size = 4000), @p6='?' (DbType = DateTime2), @p7='?' (Size = 450)], CommandType='"Text"', CommandTimeout='30']
SET IMPLICIT_TRANSACTIONS OFF;
SET NOCOUNT ON;
INSERT INTO [AuditLogs] ([Action], [EntityId], [EntityType], [IPAddress], [NewValues], [OldValues], [Timestamp], [UserId])
OUTPUT INSERTED.[LogId]
VALUES (@p0, @p1, @p2, @p3, @p4, @p5, @p6, @p7);
2026-03-17 10:56:56.309 +05:30 [INF] Executed DbCommand (2ms) [Parameters=[@normalizedEmail='?' (Size = 256)], CommandType='"Text"', CommandTimeout='30']
SELECT TOP(2) [a].[Id], [a].[AccessFailedCount], [a].[Address], [a].[ConcurrencyStamp], [a].[CreatedAt], [a].[Email], [a].[EmailConfirmed], [a].[FullName], [a].[IsActive], [a].[LockoutEnabled], [a].[LockoutEnd], [a].[NormalizedEmail], [a].[NormalizedUserName], [a].[PasswordHash], [a].[PhoneNumber], [a].[PhoneNumberConfirmed], [a].[Role], [a].[SecurityStamp], [a].[TwoFactorEnabled], [a].[UserName]
FROM [AspNetUsers] AS [a]
WHERE [a].[NormalizedEmail] = @normalizedEmail
2026-03-17 10:56:56.309 +05:30 [INF] Request starting HTTP/1.1 POST http://localhost:5050/ - application/x-www-form-urlencoded 272
2026-03-17 10:56:56.310 +05:30 [INF] Executing RedirectResult, redirecting to /Admin/Dashboard.
2026-03-17 10:56:56.326 +05:30 [INF] Executed DbCommand (1ms) [Parameters=[@normalizedUserName='?' (Size = 256)], CommandType='"Text"', CommandTimeout='30']
SELECT TOP(1) [a].[Id], [a].[AccessFailedCount], [a].[Address], [a].[ConcurrencyStamp], [a].[CreatedAt], [a].[Email], [a].[EmailConfirmed], [a].[FullName], [a].[IsActive], [a].[LockoutEnabled], [a].[LockoutEnd], [a].[NormalizedEmail], [a].[NormalizedUserName], [a].[PasswordHash], [a].[PhoneNumber], [a].[PhoneNumberConfirmed], [a].[Role], [a].[SecurityStamp], [a].[TwoFactorEnabled], [a].[UserName]
FROM [AspNetUsers] AS [a]
WHERE [a].[NormalizedUserName] = @normalizedUserName
2026-03-17 10:56:56.331 +05:30 [INF] Executing endpoint 'PrisonerPortal.Controllers.AccountController.Login (PrisonerPortal)'
2026-03-17 10:56:56.336 +05:30 [INF] Executed action PrisonerPortal.Controllers.AccountController.Login (PrisonerPortal) in 650.8152ms
2026-03-17 10:56:56.347 +05:30 [INF] Route matched with {action = "Login", controller = "Account"}. Executing controller action with signature System.Threading.Tasks.Task`1[Microsoft.AspNetCore.Mvc.IActionResult] Login(PrisonerPortal.Models.ViewModels.LoginViewModel) on controller PrisonerPortal.Controllers.AccountController (PrisonerPortal).
2026-03-17 10:56:56.353 +05:30 [INF] Executed endpoint 'PrisonerPortal.Controllers.AccountController.Login (PrisonerPortal)'
2026-03-17 10:56:56.366 +05:30 [INF] Request finished HTTP/1.1 POST http://localhost:5050/ - 499 null null 735.2404ms
2026-03-17 10:56:56.375 +05:30 [INF] Executed DbCommand (2ms) [Parameters=[@normalizedEmail='?' (Size = 256)], CommandType='"Text"', CommandTimeout='30']
SELECT TOP(2) [a].[Id], [a].[AccessFailedCount], [a].[Address], [a].[ConcurrencyStamp], [a].[CreatedAt], [a].[Email], [a].[EmailConfirmed], [a].[FullName], [a].[IsActive], [a].[LockoutEnabled], [a].[LockoutEnd], [a].[NormalizedEmail], [a].[NormalizedUserName], [a].[PasswordHash], [a].[PhoneNumber], [a].[PhoneNumberConfirmed], [a].[Role], [a].[SecurityStamp], [a].[TwoFactorEnabled], [a].[UserName]
FROM [AspNetUsers] AS [a]
WHERE [a].[NormalizedEmail] = @normalizedEmail
2026-03-17 10:56:56.392 +05:30 [INF] Executed DbCommand (1ms) [Parameters=[@normalizedUserName='?' (Size = 256)], CommandType='"Text"', CommandTimeout='30']
SELECT TOP(1) [a].[Id], [a].[AccessFailedCount], [a].[Address], [a].[ConcurrencyStamp], [a].[CreatedAt], [a].[Email], [a].[EmailConfirmed], [a].[FullName], [a].[IsActive], [a].[LockoutEnabled], [a].[LockoutEnd], [a].[NormalizedEmail], [a].[NormalizedUserName], [a].[PasswordHash], [a].[PhoneNumber], [a].[PhoneNumberConfirmed], [a].[Role], [a].[SecurityStamp], [a].[TwoFactorEnabled], [a].[UserName]
FROM [AspNetUsers] AS [a]
WHERE [a].[NormalizedUserName] = @normalizedUserName
2026-03-17 10:56:56.437 +05:30 [INF] Executed DbCommand (2ms) [Parameters=[@user_Id='?' (Size = 450)], CommandType='"Text"', CommandTimeout='30']
SELECT [a].[Id], [a].[ClaimType], [a].[ClaimValue], [a].[UserId]
FROM [AspNetUserClaims] AS [a]
WHERE [a].[UserId] = @user_Id
2026-03-17 10:56:56.454 +05:30 [INF] Executed DbCommand (3ms) [Parameters=[@userId='?' (Size = 450)], CommandType='"Text"', CommandTimeout='30']
SELECT [a0].[Name]
FROM [AspNetUserRoles] AS [a]
INNER JOIN [AspNetRoles] AS [a0] ON [a].[RoleId] = [a0].[Id]
WHERE [a].[UserId] = @userId
2026-03-17 10:56:56.468 +05:30 [INF] Executed DbCommand (2ms) [Parameters=[@normalizedName='?' (Size = 256)], CommandType='"Text"', CommandTimeout='30']
SELECT TOP(1) [a].[Id], [a].[ConcurrencyStamp], [a].[Name], [a].[NormalizedName]
FROM [AspNetRoles] AS [a]
WHERE [a].[NormalizedName] = @normalizedName
2026-03-17 10:56:56.480 +05:30 [INF] Executed DbCommand (1ms) [Parameters=[@role_Id='?' (Size = 450)], CommandType='"Text"', CommandTimeout='30']
SELECT [a].[ClaimType], [a].[ClaimValue]
FROM [AspNetRoleClaims] AS [a]
WHERE [a].[RoleId] = @role_Id
2026-03-17 10:56:56.494 +05:30 [INF] AuthenticationScheme: Identity.Application signed in.
2026-03-17 10:56:56.523 +05:30 [INF] Executed DbCommand (23ms) [Parameters=[@p0='?' (Size = 4000), @p1='?' (Size = 4000), @p2='?' (Size = 4000), @p3='?' (Size = 4000), @p4='?' (Size = 4000), @p5='?' (Size = 4000), @p6='?' (DbType = DateTime2), @p7='?' (Size = 450)], CommandType='"Text"', CommandTimeout='30']
SET IMPLICIT_TRANSACTIONS OFF;
SET NOCOUNT ON;
INSERT INTO [AuditLogs] ([Action], [EntityId], [EntityType], [IPAddress], [NewValues], [OldValues], [Timestamp], [UserId])
OUTPUT INSERTED.[LogId]
VALUES (@p0, @p1, @p2, @p3, @p4, @p5, @p6, @p7);
2026-03-17 10:56:56.538 +05:30 [INF] Executing RedirectResult, redirecting to /Admin/Dashboard.
2026-03-17 10:56:56.542 +05:30 [INF] Executed action PrisonerPortal.Controllers.AccountController.Login (PrisonerPortal) in 547.4483ms
2026-03-17 10:56:56.545 +05:30 [INF] Executed endpoint 'PrisonerPortal.Controllers.AccountController.Login (PrisonerPortal)'
2026-03-17 10:56:56.549 +05:30 [INF] Request finished HTTP/1.1 POST http://localhost:5050/ - 499 null null 596.1368ms
2026-03-17 10:56:56.683 +05:30 [INF] Executed DbCommand (1ms) [Parameters=[@user_Id='?' (Size = 450)], CommandType='"Text"', CommandTimeout='30']
SELECT [a].[Id], [a].[ClaimType], [a].[ClaimValue], [a].[UserId]
FROM [AspNetUserClaims] AS [a]
WHERE [a].[UserId] = @user_Id
2026-03-17 10:56:56.697 +05:30 [INF] Executed DbCommand (1ms) [Parameters=[@userId='?' (Size = 450)], CommandType='"Text"', CommandTimeout='30']
SELECT [a0].[Name]
FROM [AspNetUserRoles] AS [a]
INNER JOIN [AspNetRoles] AS [a0] ON [a].[RoleId] = [a0].[Id]
WHERE [a].[UserId] = @userId
2026-03-17 10:56:56.712 +05:30 [INF] Executed DbCommand (2ms) [Parameters=[@normalizedName='?' (Size = 256)], CommandType='"Text"', CommandTimeout='30']
SELECT TOP(1) [a].[Id], [a].[ConcurrencyStamp], [a].[Name], [a].[NormalizedName]
FROM [AspNetRoles] AS [a]
WHERE [a].[NormalizedName] = @normalizedName
2026-03-17 10:56:56.726 +05:30 [INF] Executed DbCommand (1ms) [Parameters=[@role_Id='?' (Size = 450)], CommandType='"Text"', CommandTimeout='30']
SELECT [a].[ClaimType], [a].[ClaimValue]
FROM [AspNetRoleClaims] AS [a]
WHERE [a].[RoleId] = @role_Id
2026-03-17 10:56:56.737 +05:30 [INF] AuthenticationScheme: Identity.Application signed in.
2026-03-17 10:56:56.766 +05:30 [INF] Executed DbCommand (22ms) [Parameters=[@p0='?' (Size = 4000), @p1='?' (Size = 4000), @p2='?' (Size = 4000), @p3='?' (Size = 4000), @p4='?' (Size = 4000), @p5='?' (Size = 4000), @p6='?' (DbType = DateTime2), @p7='?' (Size = 450)], CommandType='"Text"', CommandTimeout='30']
SET IMPLICIT_TRANSACTIONS OFF;
SET NOCOUNT ON;
INSERT INTO [AuditLogs] ([Action], [EntityId], [EntityType], [IPAddress], [NewValues], [OldValues], [Timestamp], [UserId])
OUTPUT INSERTED.[LogId]
VALUES (@p0, @p1, @p2, @p3, @p4, @p5, @p6, @p7);
2026-03-17 10:56:56.772 +05:30 [INF] Executed DbCommand (2ms) [Parameters=[@user_Id='?' (Size = 450)], CommandType='"Text"', CommandTimeout='30']
SELECT [a].[Id], [a].[ClaimType], [a].[ClaimValue], [a].[UserId]
FROM [AspNetUserClaims] AS [a]
WHERE [a].[UserId] = @user_Id
2026-03-17 10:56:56.781 +05:30 [INF] Executing RedirectResult, redirecting to /Admin/Dashboard.
2026-03-17 10:56:56.794 +05:30 [INF] Executed DbCommand (1ms) [Parameters=[@userId='?' (Size = 450)], CommandType='"Text"', CommandTimeout='30']
SELECT [a0].[Name]
FROM [AspNetUserRoles] AS [a]
INNER JOIN [AspNetRoles] AS [a0] ON [a].[RoleId] = [a0].[Id]
WHERE [a].[UserId] = @userId
2026-03-17 10:56:56.795 +05:30 [INF] Executed action PrisonerPortal.Controllers.AccountController.Login (PrisonerPortal) in 584.8902ms
2026-03-17 10:56:56.811 +05:30 [INF] Executed DbCommand (1ms) [Parameters=[@normalizedName='?' (Size = 256)], CommandType='"Text"', CommandTimeout='30']
SELECT TOP(1) [a].[Id], [a].[ConcurrencyStamp], [a].[Name], [a].[NormalizedName]
FROM [AspNetRoles] AS [a]
WHERE [a].[NormalizedName] = @normalizedName
2026-03-17 10:56:56.815 +05:30 [INF] Executed endpoint 'PrisonerPortal.Controllers.AccountController.Login (PrisonerPortal)'
2026-03-17 10:56:56.840 +05:30 [INF] Executed DbCommand (3ms) [Parameters=[@role_Id='?' (Size = 450)], CommandType='"Text"', CommandTimeout='30']
SELECT [a].[ClaimType], [a].[ClaimValue]
FROM [AspNetRoleClaims] AS [a]
WHERE [a].[RoleId] = @role_Id
2026-03-17 10:56:56.843 +05:30 [INF] Request finished HTTP/1.1 POST http://localhost:5050/ - 499 null null 688.2238ms
2026-03-17 10:56:56.860 +05:30 [INF] AuthenticationScheme: Identity.Application signed in.
2026-03-17 10:56:56.925 +05:30 [INF] Executed DbCommand (23ms) [Parameters=[@p0='?' (Size = 4000), @p1='?' (Size = 4000), @p2='?' (Size = 4000), @p3='?' (Size = 4000), @p4='?' (Size = 4000), @p5='?' (Size = 4000), @p6='?' (DbType = DateTime2), @p7='?' (Size = 450)], CommandType='"Text"', CommandTimeout='30']
SET IMPLICIT_TRANSACTIONS OFF;
SET NOCOUNT ON;
INSERT INTO [AuditLogs] ([Action], [EntityId], [EntityType], [IPAddress], [NewValues], [OldValues], [Timestamp], [UserId])
OUTPUT INSERTED.[LogId]
VALUES (@p0, @p1, @p2, @p3, @p4, @p5, @p6, @p7);
2026-03-17 10:56:56.944 +05:30 [INF] Executing RedirectResult, redirecting to /Admin/Dashboard.
2026-03-17 10:56:56.950 +05:30 [INF] Executed action PrisonerPortal.Controllers.AccountController.Login (PrisonerPortal) in 588.2119ms
2026-03-17 10:56:56.963 +05:30 [INF] Executed endpoint 'PrisonerPortal.Controllers.AccountController.Login (PrisonerPortal)'
2026-03-17 10:56:56.975 +05:30 [INF] Request finished HTTP/1.1 POST http://localhost:5050/ - 302 0 null 665.1042ms
2026-03-17 10:56:56.997 +05:30 [INF] Request starting HTTP/1.1 GET http://localhost:5050/Admin/Dashboard - null null
2026-03-17 10:56:57.055 +05:30 [INF] Executing endpoint 'PrisonerPortal.Controllers.AdminController.Dashboard (PrisonerPortal)'
2026-03-17 10:56:57.097 +05:30 [INF] Route matched with {action = "Dashboard", controller = "Admin"}. Executing controller action with signature System.Threading.Tasks.Task`1[Microsoft.AspNetCore.Mvc.IActionResult] Dashboard() on controller PrisonerPortal.Controllers.AdminController (PrisonerPortal).
2026-03-17 10:56:57.211 +05:30 [INF] Executed DbCommand (8ms) [Parameters=[@normalizedRoleName='?' (Size = 256)], CommandType='"Text"', CommandTimeout='30']
SELECT TOP(2) [a].[Id], [a].[ConcurrencyStamp], [a].[Name], [a].[NormalizedName]
FROM [AspNetRoles] AS [a]
WHERE [a].[NormalizedName] = @normalizedRoleName
2026-03-17 10:56:57.333 +05:30 [INF] Executed DbCommand (33ms) [Parameters=[@role_Id='?' (Size = 450)], CommandType='"Text"', CommandTimeout='30']
SELECT [a0].[Id], [a0].[AccessFailedCount], [a0].[Address], [a0].[ConcurrencyStamp], [a0].[CreatedAt], [a0].[Email], [a0].[EmailConfirmed], [a0].[FullName], [a0].[IsActive], [a0].[LockoutEnabled], [a0].[LockoutEnd], [a0].[NormalizedEmail], [a0].[NormalizedUserName], [a0].[PasswordHash], [a0].[PhoneNumber], [a0].[PhoneNumberConfirmed], [a0].[Role], [a0].[SecurityStamp], [a0].[TwoFactorEnabled], [a0].[UserName]
FROM [AspNetUserRoles] AS [a]
INNER JOIN [AspNetUsers] AS [a0] ON [a].[UserId] = [a0].[Id]
WHERE [a].[RoleId] = @role_Id
2026-03-17 10:56:57.534 +05:30 [INF] Executed DbCommand (26ms) [Parameters=[], CommandType='"Text"', CommandTimeout='30']
SELECT COUNT(*)
FROM [Prisoners] AS [p]
WHERE [p].[Status] = N'Active'
2026-03-17 10:56:57.715 +05:30 [INF] Executed DbCommand (34ms) [Parameters=[@today='?' (DbType = DateTime2)], CommandType='"Text"', CommandTimeout='30']
SELECT COUNT(*)
FROM [Appointments] AS [a]
INNER JOIN [VisitSlots] AS [v] ON [a].[SlotId] = [v].[SlotId]
WHERE [a].[Status] IN (N'Pending', N'Approved') AND [v].[SlotDate] = @today
2026-03-17 10:56:57.770 +05:30 [INF] Executed DbCommand (8ms) [Parameters=[], CommandType='"Text"', CommandTimeout='30']
SELECT COUNT(*)
FROM [SupportRequests] AS [s]
WHERE [s].[Status] IN (N'Open', N'InProgress')
2026-03-17 10:56:58.047 +05:30 [INF] Executed DbCommand (26ms) [Parameters=[@p='?' (DbType = Int32)], CommandType='"Text"', CommandTimeout='30']
SELECT [a0].[AppointmentId], [a0].[AdminNotes], [a0].[AppointmentCode], [a0].[BookedAt], [a0].[NumVisitors], [a0].[PrisonerId], [a0].[Purpose], [a0].[RejectionReason], [a0].[SlotId], [a0].[Status], [a0].[UpdatedAt], [a0].[UserId], [a0].[VisitorNames], [p].[PrisonerId], [p].[CaseNumber], [p].[CellBlock], [p].[CellNumber], [p].[CreatedAt], [p].[CrimeCategory], [p].[DateOfBirth], [p].[FullName], [p].[Gender], [p].[PrisonerCode], [p].[SentenceEndDate], [p].[SentenceStartDate], [p].[Status], [p].[UpdatedAt], [a1].[Id], [a1].[AccessFailedCount], [a1].[Address], [a1].[ConcurrencyStamp], [a1].[CreatedAt], [a1].[Email], [a1].[EmailConfirmed], [a1].[FullName], [a1].[IsActive], [a1].[LockoutEnabled], [a1].[LockoutEnd], [a1].[NormalizedEmail], [a1].[NormalizedUserName], [a1].[PasswordHash], [a1].[PhoneNumber], [a1].[PhoneNumberConfirmed], [a1].[Role], [a1].[SecurityStamp], [a1].[TwoFactorEnabled], [a1].[UserName], [v].[SlotId], [v].[CreatedAt], [v].[CreatedByAdminId], [v].[CurrentBookings], [v].[EndTime], [v].[IsActive], [v].[MaxCapacity], [v].[SlotDate], [v].[StartTime]
FROM (
    SELECT TOP(@p) [a].[AppointmentId], [a].[AdminNotes], [a].[AppointmentCode], [a].[BookedAt], [a].[NumVisitors], [a].[PrisonerId], [a].[Purpose], [a].[RejectionReason], [a].[SlotId], [a].[Status], [a].[UpdatedAt], [a].[UserId], [a].[VisitorNames]
    FROM [Appointments] AS [a]
    WHERE [a].[Status] = N'Pending'
    ORDER BY [a].[BookedAt]
) AS [a0]
INNER JOIN [Prisoners] AS [p] ON [a0].[PrisonerId] = [p].[PrisonerId]
INNER JOIN [AspNetUsers] AS [a1] ON [a0].[UserId] = [a1].[Id]
INNER JOIN [VisitSlots] AS [v] ON [a0].[SlotId] = [v].[SlotId]
ORDER BY [a0].[BookedAt]
2026-03-17 10:56:58.255 +05:30 [INF] Executed DbCommand (17ms) [Parameters=[@p='?' (DbType = Int32)], CommandType='"Text"', CommandTimeout='30']
SELECT [s0].[RequestId], [s0].[AdminResponse], [s0].[AssignedAdminId], [s0].[Category], [s0].[CreatedAt], [s0].[Description], [s0].[Priority], [s0].[PrisonerId], [s0].[RequestCode], [s0].[ResolvedAt], [s0].[Status], [s0].[Subject], [s0].[UpdatedAt], [s0].[UserId], [a].[Id], [a].[AccessFailedCount], [a].[Address], [a].[ConcurrencyStamp], [a].[CreatedAt], [a].[Email], [a].[EmailConfirmed], [a].[FullName], [a].[IsActive], [a].[LockoutEnabled], [a].[LockoutEnd], [a].[NormalizedEmail], [a].[NormalizedUserName], [a].[PasswordHash], [a].[PhoneNumber], [a].[PhoneNumberConfirmed], [a].[Role], [a].[SecurityStamp], [a].[TwoFactorEnabled], [a].[UserName], [p].[PrisonerId], [p].[CaseNumber], [p].[CellBlock], [p].[CellNumber], [p].[CreatedAt], [p].[CrimeCategory], [p].[DateOfBirth], [p].[FullName], [p].[Gender], [p].[PrisonerCode], [p].[SentenceEndDate], [p].[SentenceStartDate], [p].[Status], [p].[UpdatedAt]
FROM (
    SELECT TOP(@p) [s].[RequestId], [s].[AdminResponse], [s].[AssignedAdminId], [s].[Category], [s].[CreatedAt], [s].[Description], [s].[Priority], [s].[PrisonerId], [s].[RequestCode], [s].[ResolvedAt], [s].[Status], [s].[Subject], [s].[UpdatedAt], [s].[UserId]
    FROM [SupportRequests] AS [s]
    ORDER BY [s].[CreatedAt] DESC
) AS [s0]
INNER JOIN [AspNetUsers] AS [a] ON [s0].[UserId] = [a].[Id]
INNER JOIN [Prisoners] AS [p] ON [s0].[PrisonerId] = [p].[PrisonerId]
ORDER BY [s0].[CreatedAt] DESC
2026-03-17 10:56:58.445 +05:30 [INF] Executed DbCommand (31ms) [Parameters=[], CommandType='"Text"', CommandTimeout='30']
SELECT [f].[LinkId], [f].[IsVerified], [f].[LinkedAt], [f].[PrisonerId], [f].[Relationship], [f].[UserId], [f].[VerifiedByAdminId], [a].[Id], [a].[AccessFailedCount], [a].[Address], [a].[ConcurrencyStamp], [a].[CreatedAt], [a].[Email], [a].[EmailConfirmed], [a].[FullName], [a].[IsActive], [a].[LockoutEnabled], [a].[LockoutEnd], [a].[NormalizedEmail], [a].[NormalizedUserName], [a].[PasswordHash], [a].[PhoneNumber], [a].[PhoneNumberConfirmed], [a].[Role], [a].[SecurityStamp], [a].[TwoFactorEnabled], [a].[UserName], [p].[PrisonerId], [p].[CaseNumber], [p].[CellBlock], [p].[CellNumber], [p].[CreatedAt], [p].[CrimeCategory], [p].[DateOfBirth], [p].[FullName], [p].[Gender], [p].[PrisonerCode], [p].[SentenceEndDate], [p].[SentenceStartDate], [p].[Status], [p].[UpdatedAt]
FROM [FamilyPrisonerLinks] AS [f]
INNER JOIN [AspNetUsers] AS [a] ON [f].[UserId] = [a].[Id]
INNER JOIN [Prisoners] AS [p] ON [f].[PrisonerId] = [p].[PrisonerId]
WHERE [f].[IsVerified] = CAST(0 AS bit)
ORDER BY [f].[LinkedAt]
2026-03-17 10:56:58.476 +05:30 [INF] Executing ViewResult, running view Dashboard.
2026-03-17 10:56:58.721 +05:30 [INF] Executed ViewResult - view Dashboard executed in 256.4265ms.
2026-03-17 10:56:58.731 +05:30 [INF] Executed action PrisonerPortal.Controllers.AdminController.Dashboard (PrisonerPortal) in 1621.7157ms
2026-03-17 10:56:58.742 +05:30 [INF] Executed endpoint 'PrisonerPortal.Controllers.AdminController.Dashboard (PrisonerPortal)'
2026-03-17 10:56:58.751 +05:30 [INF] Request finished HTTP/1.1 GET http://localhost:5050/Admin/Dashboard - 200 null text/html; charset=utf-8 1754.0501ms
2026-03-17 10:56:58.811 +05:30 [INF] Request starting HTTP/1.1 GET http://localhost:5050/Notifications/GetUnreadCount - null null
2026-03-17 10:56:58.846 +05:30 [INF] Executing endpoint 'PrisonerPortal.Controllers.NotificationsController.GetUnreadCount (PrisonerPortal)'
2026-03-17 10:56:58.861 +05:30 [INF] Route matched with {action = "GetUnreadCount", controller = "Notifications"}. Executing controller action with signature Microsoft.AspNetCore.Mvc.IActionResult GetUnreadCount() on controller PrisonerPortal.Controllers.NotificationsController (PrisonerPortal).
2026-03-17 10:56:58.958 +05:30 [INF] Executed DbCommand (9ms) [Parameters=[@userId='?' (Size = 450)], CommandType='"Text"', CommandTimeout='30']
SELECT COUNT(*)
FROM [Notifications] AS [n]
WHERE [n].[UserId] = @userId AND [n].[IsRead] = CAST(0 AS bit)
2026-03-17 10:56:58.990 +05:30 [INF] Executing JsonResult, writing value of type '<>f__AnonymousType1`1[[System.Int32, System.Private.CoreLib, Version=10.0.0.0, Culture=neutral, PublicKeyToken=7cec85d7bea7798e]]'.
2026-03-17 10:56:59.201 +05:30 [INF] Executed action PrisonerPortal.Controllers.NotificationsController.GetUnreadCount (PrisonerPortal) in 327.2866ms
2026-03-17 10:56:59.213 +05:30 [INF] Executed endpoint 'PrisonerPortal.Controllers.NotificationsController.GetUnreadCount (PrisonerPortal)'
2026-03-17 10:56:59.225 +05:30 [INF] Request finished HTTP/1.1 GET http://localhost:5050/Notifications/GetUnreadCount - 200 null application/json; charset=utf-8 414.0562ms
2026-03-17 10:57:12.621 +05:30 [INF] Request starting HTTP/1.1 POST http://localhost:5050/Account/Logout - application/x-www-form-urlencoded 225
2026-03-17 10:57:12.667 +05:30 [INF] Executing endpoint 'PrisonerPortal.Controllers.AccountController.Logout (PrisonerPortal)'
2026-03-17 10:57:12.712 +05:30 [INF] Route matched with {action = "Logout", controller = "Account"}. Executing controller action with signature System.Threading.Tasks.Task`1[Microsoft.AspNetCore.Mvc.IActionResult] Logout() on controller PrisonerPortal.Controllers.AccountController (PrisonerPortal).
2026-03-17 10:57:12.785 +05:30 [INF] Executed DbCommand (39ms) [Parameters=[@p0='?' (Size = 4000), @p1='?' (Size = 4000), @p2='?' (Size = 4000), @p3='?' (Size = 4000), @p4='?' (Size = 4000), @p5='?' (Size = 4000), @p6='?' (DbType = DateTime2), @p7='?' (Size = 450)], CommandType='"Text"', CommandTimeout='30']
SET IMPLICIT_TRANSACTIONS OFF;
SET NOCOUNT ON;
INSERT INTO [AuditLogs] ([Action], [EntityId], [EntityType], [IPAddress], [NewValues], [OldValues], [Timestamp], [UserId])
OUTPUT INSERTED.[LogId]
VALUES (@p0, @p1, @p2, @p3, @p4, @p5, @p6, @p7);
2026-03-17 10:57:12.816 +05:30 [INF] AuthenticationScheme: Identity.Application signed out.
2026-03-17 10:57:12.835 +05:30 [INF] AuthenticationScheme: Identity.External signed out.
2026-03-17 10:57:12.849 +05:30 [INF] AuthenticationScheme: Identity.TwoFactorUserId signed out.
2026-03-17 10:57:12.861 +05:30 [INF] Executing RedirectResult, redirecting to /.
2026-03-17 10:57:12.873 +05:30 [INF] Executed action PrisonerPortal.Controllers.AccountController.Logout (PrisonerPortal) in 142.4213ms
2026-03-17 10:57:12.887 +05:30 [INF] Executed endpoint 'PrisonerPortal.Controllers.AccountController.Logout (PrisonerPortal)'
2026-03-17 10:57:12.895 +05:30 [INF] Request finished HTTP/1.1 POST http://localhost:5050/Account/Logout - 302 0 null 273.5996ms
2026-03-17 10:57:12.924 +05:30 [INF] Request starting HTTP/1.1 GET http://localhost:5050/ - null null
2026-03-17 10:57:12.949 +05:30 [INF] Executing endpoint 'PrisonerPortal.Controllers.AccountController.Login (PrisonerPortal)'
2026-03-17 10:57:12.959 +05:30 [INF] Route matched with {action = "Login", controller = "Account"}. Executing controller action with signature Microsoft.AspNetCore.Mvc.IActionResult Login() on controller PrisonerPortal.Controllers.AccountController (PrisonerPortal).
2026-03-17 10:57:12.978 +05:30 [INF] Executing ViewResult, running view Login.
2026-03-17 10:57:13.002 +05:30 [INF] Executed ViewResult - view Login executed in 24.371ms.
2026-03-17 10:57:13.008 +05:30 [INF] Executed action PrisonerPortal.Controllers.AccountController.Login (PrisonerPortal) in 31.7551ms
2026-03-17 10:57:13.018 +05:30 [INF] Executed endpoint 'PrisonerPortal.Controllers.AccountController.Login (PrisonerPortal)'
2026-03-17 10:57:13.025 +05:30 [INF] Request finished HTTP/1.1 GET http://localhost:5050/ - 200 null text/html; charset=utf-8 100.915ms
2026-03-17 11:09:06.615 +05:30 [INF] User profile is available. Using 'C:\Users\HP\AppData\Local\ASP.NET\DataProtection-Keys' as key repository and Windows DPAPI to encrypt keys at rest.
2026-03-17 11:09:09.146 +05:30 [INF] Executed DbCommand (44ms) [Parameters=[], CommandType='"Text"', CommandTimeout='30']
SELECT 1
2026-03-17 11:09:09.189 +05:30 [INF] Acquiring an exclusive lock for migration application. See https://aka.ms/efcore-docs-migrations-lock for more information if this takes too long.
2026-03-17 11:09:09.265 +05:30 [INF] Executed DbCommand (54ms) [Parameters=[], CommandType='"Text"', CommandTimeout='30']
DECLARE @result int;
EXEC @result = sp_getapplock @Resource = '__EFMigrationsLock', @LockOwner = 'Session', @LockMode = 'Exclusive';
SELECT @result
2026-03-17 11:09:09.476 +05:30 [INF] Executed DbCommand (20ms) [Parameters=[], CommandType='"Text"', CommandTimeout='30']
IF OBJECT_ID(N'[__EFMigrationsHistory]') IS NULL
BEGIN
    CREATE TABLE [__EFMigrationsHistory] (
        [MigrationId] nvarchar(150) NOT NULL,
        [ProductVersion] nvarchar(32) NOT NULL,
        CONSTRAINT [PK___EFMigrationsHistory] PRIMARY KEY ([MigrationId])
    );
END;
2026-03-17 11:09:09.545 +05:30 [INF] Executed DbCommand (1ms) [Parameters=[], CommandType='"Text"', CommandTimeout='30']
SELECT 1
2026-03-17 11:09:09.567 +05:30 [INF] Executed DbCommand (4ms) [Parameters=[], CommandType='"Text"', CommandTimeout='30']
SELECT OBJECT_ID(N'[__EFMigrationsHistory]');
2026-03-17 11:09:09.630 +05:30 [INF] Executed DbCommand (36ms) [Parameters=[], CommandType='"Text"', CommandTimeout='30']
SELECT [MigrationId], [ProductVersion]
FROM [__EFMigrationsHistory]
ORDER BY [MigrationId];
2026-03-17 11:09:09.678 +05:30 [INF] No migrations were applied. The database is already up to date.
2026-03-17 11:09:09.714 +05:30 [INF] Executed DbCommand (16ms) [Parameters=[], CommandType='"Text"', CommandTimeout='30']
DECLARE @result int;
EXEC @result = sp_releaseapplock @Resource = '__EFMigrationsLock', @LockOwner = 'Session';
SELECT @result
2026-03-17 11:09:10.397 +05:30 [INF] Executed DbCommand (48ms) [Parameters=[@normalizedName='?' (Size = 256)], CommandType='"Text"', CommandTimeout='30']
SELECT TOP(1) [a].[Id], [a].[ConcurrencyStamp], [a].[Name], [a].[NormalizedName]
FROM [AspNetRoles] AS [a]
WHERE [a].[NormalizedName] = @normalizedName
2026-03-17 11:09:10.563 +05:30 [INF] Executed DbCommand (14ms) [Parameters=[@normalizedName='?' (Size = 256)], CommandType='"Text"', CommandTimeout='30']
SELECT TOP(1) [a].[Id], [a].[ConcurrencyStamp], [a].[Name], [a].[NormalizedName]
FROM [AspNetRoles] AS [a]
WHERE [a].[NormalizedName] = @normalizedName
2026-03-17 11:09:10.676 +05:30 [INF] Executed DbCommand (29ms) [Parameters=[@normalizedEmail='?' (Size = 256)], CommandType='"Text"', CommandTimeout='30']
SELECT TOP(2) [a].[Id], [a].[AccessFailedCount], [a].[Address], [a].[ConcurrencyStamp], [a].[CreatedAt], [a].[Email], [a].[EmailConfirmed], [a].[FullName], [a].[IsActive], [a].[LockoutEnabled], [a].[LockoutEnd], [a].[NormalizedEmail], [a].[NormalizedUserName], [a].[PasswordHash], [a].[PhoneNumber], [a].[PhoneNumberConfirmed], [a].[Role], [a].[SecurityStamp], [a].[TwoFactorEnabled], [a].[UserName]
FROM [AspNetUsers] AS [a]
WHERE [a].[NormalizedEmail] = @normalizedEmail
2026-03-17 11:09:10.798 +05:30 [INF] Executed DbCommand (8ms) [Parameters=[@normalizedEmail='?' (Size = 256)], CommandType='"Text"', CommandTimeout='30']
SELECT TOP(2) [a].[Id], [a].[AccessFailedCount], [a].[Address], [a].[ConcurrencyStamp], [a].[CreatedAt], [a].[Email], [a].[EmailConfirmed], [a].[FullName], [a].[IsActive], [a].[LockoutEnabled], [a].[LockoutEnd], [a].[NormalizedEmail], [a].[NormalizedUserName], [a].[PasswordHash], [a].[PhoneNumber], [a].[PhoneNumberConfirmed], [a].[Role], [a].[SecurityStamp], [a].[TwoFactorEnabled], [a].[UserName]
FROM [AspNetUsers] AS [a]
WHERE [a].[NormalizedEmail] = @normalizedEmail
2026-03-17 11:09:10.907 +05:30 [INF] Executed DbCommand (26ms) [Parameters=[], CommandType='"Text"', CommandTimeout='30']
SELECT CASE
    WHEN EXISTS (
        SELECT 1
        FROM [Prisoners] AS [p]) THEN CAST(1 AS bit)
    ELSE CAST(0 AS bit)
END
2026-03-17 11:09:10.949 +05:30 [INF] Executed DbCommand (15ms) [Parameters=[@normalizedEmail='?' (Size = 256)], CommandType='"Text"', CommandTimeout='30']
SELECT TOP(2) [a].[Id], [a].[AccessFailedCount], [a].[Address], [a].[ConcurrencyStamp], [a].[CreatedAt], [a].[Email], [a].[EmailConfirmed], [a].[FullName], [a].[IsActive], [a].[LockoutEnabled], [a].[LockoutEnd], [a].[NormalizedEmail], [a].[NormalizedUserName], [a].[PasswordHash], [a].[PhoneNumber], [a].[PhoneNumberConfirmed], [a].[Role], [a].[SecurityStamp], [a].[TwoFactorEnabled], [a].[UserName]
FROM [AspNetUsers] AS [a]
WHERE [a].[NormalizedEmail] = @normalizedEmail
2026-03-17 11:09:11.018 +05:30 [INF] Executed DbCommand (6ms) [Parameters=[], CommandType='"Text"', CommandTimeout='30']
SELECT CASE
    WHEN EXISTS (
        SELECT 1
        FROM [VisitSlots] AS [v]) THEN CAST(1 AS bit)
    ELSE CAST(0 AS bit)
END
2026-03-17 11:09:11.136 +05:30 [INF] ✅ Database ready and seeded.
2026-03-17 11:09:11.161 +05:30 [INF] ✅ App running at http://localhost:5050
2026-03-17 11:09:11.167 +05:30 [INF] ✅ Login: admin@prisonerportal.gov / Admin@123!
2026-03-17 11:09:11.440 +05:30 [INF] Now listening on: http://localhost:5050
2026-03-17 11:09:11.459 +05:30 [INF] Application started. Press Ctrl+C to shut down.
2026-03-17 11:09:11.466 +05:30 [INF] Hosting environment: Development
2026-03-17 11:09:11.472 +05:30 [INF] Content root path: C:\Users\HP\Desktop\Adarsh Yadav Project\PrisonerPortal
2026-03-17 11:09:11.699 +05:30 [INF] Request starting HTTP/1.1 GET http://localhost:5050/Account/Login - null null
2026-03-17 11:09:12.031 +05:30 [INF] Executing endpoint 'PrisonerPortal.Controllers.AccountController.Login (PrisonerPortal)'
2026-03-17 11:09:12.079 +05:30 [INF] Route matched with {action = "Login", controller = "Account"}. Executing controller action with signature Microsoft.AspNetCore.Mvc.IActionResult Login() on controller PrisonerPortal.Controllers.AccountController (PrisonerPortal).
2026-03-17 11:09:21.477 +05:30 [INF] Executing ViewResult, running view Login.
2026-03-17 11:09:23.065 +05:30 [INF] Executed ViewResult - view Login executed in 10913.5244ms.
2026-03-17 11:09:23.082 +05:30 [INF] Executed action PrisonerPortal.Controllers.AccountController.Login (PrisonerPortal) in 10987.0125ms
2026-03-17 11:09:23.104 +05:30 [INF] Executed endpoint 'PrisonerPortal.Controllers.AccountController.Login (PrisonerPortal)'
2026-03-17 11:09:23.105 +05:30 [INF] Request starting HTTP/1.1 GET http://localhost:5050/css/site.css?v=seqgy2E8WqM9es2uSck3zZTeEFYFhxuxOBVvoD-ron0 - null null
2026-03-17 11:09:23.116 +05:30 [INF] Request starting HTTP/1.1 GET http://localhost:5050/css/components.css?v=elf4DFhCVIE8d9eGP2egurRhUBwkdM7IqUaeO1X2ZPo - null null
2026-03-17 11:09:23.134 +05:30 [INF] Request starting HTTP/1.1 GET http://localhost:5050/js/site.js?v=zIkpxiSb20xI1GzbX49ogguRCWNfYaxVh_KTD9brSds - null null
2026-03-17 11:09:23.155 +05:30 [INF] Request starting HTTP/1.1 GET http://localhost:5050/js/auth.js?v=vFieu_vdInS-_NST3h1ILrWgllVMY1VPgyTgpG3Dmrc - null null
2026-03-17 11:09:23.156 +05:30 [INF] Request starting HTTP/1.1 GET http://localhost:5050/lib/jquery-validation-unobtrusive/dist/jquery.validate.unobtrusive.min.js - null null
2026-03-17 11:09:23.156 +05:30 [INF] Request finished HTTP/1.1 GET http://localhost:5050/Account/Login - 200 null text/html; charset=utf-8 11475.1019ms
2026-03-17 11:09:23.197 +05:30 [INF] The file /css/components.css was not modified
2026-03-17 11:09:23.198 +05:30 [INF] The file /js/site.js was not modified
2026-03-17 11:09:23.203 +05:30 [INF] Sending file. Request path: '/css/site.css'. Physical path: 'C:\Users\HP\Desktop\Adarsh Yadav Project\PrisonerPortal\wwwroot\css\site.css'
2026-03-17 11:09:23.238 +05:30 [INF] The file /lib/jquery-validation-unobtrusive/dist/jquery.validate.unobtrusive.min.js was not modified
2026-03-17 11:09:23.266 +05:30 [INF] Sending file. Request path: '/js/auth.js'. Physical path: 'C:\Users\HP\Desktop\Adarsh Yadav Project\PrisonerPortal\wwwroot\js\auth.js'
2026-03-17 11:09:23.271 +05:30 [INF] Request starting HTTP/1.1 GET http://localhost:5050/lib/jquery-validation/dist/jquery.validate.min.js - null null
2026-03-17 11:09:23.275 +05:30 [INF] Request finished HTTP/1.1 GET http://localhost:5050/css/components.css?v=elf4DFhCVIE8d9eGP2egurRhUBwkdM7IqUaeO1X2ZPo - 304 null text/css 158.2345ms
2026-03-17 11:09:23.280 +05:30 [INF] Request finished HTTP/1.1 GET http://localhost:5050/js/site.js?v=zIkpxiSb20xI1GzbX49ogguRCWNfYaxVh_KTD9brSds - 304 null text/javascript 145.9732ms
2026-03-17 11:09:23.292 +05:30 [INF] Request finished HTTP/1.1 GET http://localhost:5050/css/site.css?v=seqgy2E8WqM9es2uSck3zZTeEFYFhxuxOBVvoD-ron0 - 200 9956 text/css 188.1509ms
2026-03-17 11:09:23.301 +05:30 [INF] Request finished HTTP/1.1 GET http://localhost:5050/lib/jquery-validation-unobtrusive/dist/jquery.validate.unobtrusive.min.js - 304 null text/javascript 145.5174ms
2026-03-17 11:09:23.311 +05:30 [INF] Request finished HTTP/1.1 GET http://localhost:5050/js/auth.js?v=vFieu_vdInS-_NST3h1ILrWgllVMY1VPgyTgpG3Dmrc - 200 8016 text/javascript 155.7288ms
2026-03-17 11:09:23.322 +05:30 [INF] The file /lib/jquery-validation/dist/jquery.validate.min.js was not modified
2026-03-17 11:09:23.441 +05:30 [INF] Request finished HTTP/1.1 GET http://localhost:5050/lib/jquery-validation/dist/jquery.validate.min.js - 304 null text/javascript 170.3923ms
2026-03-17 11:09:35.397 +05:30 [INF] Request starting HTTP/1.1 POST http://localhost:5050/ - application/x-www-form-urlencoded 256
2026-03-17 11:09:35.435 +05:30 [INF] Executing endpoint 'PrisonerPortal.Controllers.AccountController.Login (PrisonerPortal)'
2026-03-17 11:09:35.516 +05:30 [INF] Route matched with {action = "Login", controller = "Account"}. Executing controller action with signature System.Threading.Tasks.Task`1[Microsoft.AspNetCore.Mvc.IActionResult] Login(PrisonerPortal.Models.ViewModels.LoginViewModel) on controller PrisonerPortal.Controllers.AccountController (PrisonerPortal).
2026-03-17 11:09:35.771 +05:30 [INF] Executed DbCommand (11ms) [Parameters=[@normalizedEmail='?' (Size = 256)], CommandType='"Text"', CommandTimeout='30']
SELECT TOP(2) [a].[Id], [a].[AccessFailedCount], [a].[Address], [a].[ConcurrencyStamp], [a].[CreatedAt], [a].[Email], [a].[EmailConfirmed], [a].[FullName], [a].[IsActive], [a].[LockoutEnabled], [a].[LockoutEnd], [a].[NormalizedEmail], [a].[NormalizedUserName], [a].[PasswordHash], [a].[PhoneNumber], [a].[PhoneNumberConfirmed], [a].[Role], [a].[SecurityStamp], [a].[TwoFactorEnabled], [a].[UserName]
FROM [AspNetUsers] AS [a]
WHERE [a].[NormalizedEmail] = @normalizedEmail
2026-03-17 11:09:35.874 +05:30 [INF] Executed DbCommand (5ms) [Parameters=[@normalizedUserName='?' (Size = 256)], CommandType='"Text"', CommandTimeout='30']
SELECT TOP(1) [a].[Id], [a].[AccessFailedCount], [a].[Address], [a].[ConcurrencyStamp], [a].[CreatedAt], [a].[Email], [a].[EmailConfirmed], [a].[FullName], [a].[IsActive], [a].[LockoutEnabled], [a].[LockoutEnd], [a].[NormalizedEmail], [a].[NormalizedUserName], [a].[PasswordHash], [a].[PhoneNumber], [a].[PhoneNumberConfirmed], [a].[Role], [a].[SecurityStamp], [a].[TwoFactorEnabled], [a].[UserName]
FROM [AspNetUsers] AS [a]
WHERE [a].[NormalizedUserName] = @normalizedUserName
2026-03-17 11:09:36.363 +05:30 [INF] Executed DbCommand (9ms) [Parameters=[@user_Id='?' (Size = 450)], CommandType='"Text"', CommandTimeout='30']
SELECT [a].[Id], [a].[ClaimType], [a].[ClaimValue], [a].[UserId]
FROM [AspNetUserClaims] AS [a]
WHERE [a].[UserId] = @user_Id
2026-03-17 11:09:36.594 +05:30 [INF] Executed DbCommand (26ms) [Parameters=[@userId='?' (Size = 450)], CommandType='"Text"', CommandTimeout='30']
SELECT [a0].[Name]
FROM [AspNetUserRoles] AS [a]
INNER JOIN [AspNetRoles] AS [a0] ON [a].[RoleId] = [a0].[Id]
WHERE [a].[UserId] = @userId
2026-03-17 11:09:36.635 +05:30 [INF] Executed DbCommand (11ms) [Parameters=[@normalizedName='?' (Size = 256)], CommandType='"Text"', CommandTimeout='30']
SELECT TOP(1) [a].[Id], [a].[ConcurrencyStamp], [a].[Name], [a].[NormalizedName]
FROM [AspNetRoles] AS [a]
WHERE [a].[NormalizedName] = @normalizedName
2026-03-17 11:09:36.722 +05:30 [INF] Executed DbCommand (5ms) [Parameters=[@role_Id='?' (Size = 450)], CommandType='"Text"', CommandTimeout='30']
SELECT [a].[ClaimType], [a].[ClaimValue]
FROM [AspNetRoleClaims] AS [a]
WHERE [a].[RoleId] = @role_Id
2026-03-17 11:09:36.777 +05:30 [INF] AuthenticationScheme: Identity.Application signed in.
2026-03-17 11:09:37.192 +05:30 [INF] Executed DbCommand (11ms) [Parameters=[@p0='?' (Size = 4000), @p1='?' (Size = 4000), @p2='?' (Size = 4000), @p3='?' (Size = 4000), @p4='?' (Size = 4000), @p5='?' (Size = 4000), @p6='?' (DbType = DateTime2), @p7='?' (Size = 450)], CommandType='"Text"', CommandTimeout='30']
SET IMPLICIT_TRANSACTIONS OFF;
SET NOCOUNT ON;
INSERT INTO [AuditLogs] ([Action], [EntityId], [EntityType], [IPAddress], [NewValues], [OldValues], [Timestamp], [UserId])
OUTPUT INSERTED.[LogId]
VALUES (@p0, @p1, @p2, @p3, @p4, @p5, @p6, @p7);
2026-03-17 11:09:37.305 +05:30 [INF] Executing RedirectResult, redirecting to /Admin/Dashboard.
2026-03-17 11:09:37.321 +05:30 [INF] Executed action PrisonerPortal.Controllers.AccountController.Login (PrisonerPortal) in 1781.3274ms
2026-03-17 11:09:37.335 +05:30 [INF] Executed endpoint 'PrisonerPortal.Controllers.AccountController.Login (PrisonerPortal)'
2026-03-17 11:09:37.374 +05:30 [INF] Request finished HTTP/1.1 POST http://localhost:5050/ - 302 0 null 1976.9268ms
2026-03-17 11:09:37.402 +05:30 [INF] Request starting HTTP/1.1 GET http://localhost:5050/Admin/Dashboard - null null
2026-03-17 11:09:37.469 +05:30 [INF] Executing endpoint 'PrisonerPortal.Controllers.AdminController.Dashboard (PrisonerPortal)'
2026-03-17 11:09:37.507 +05:30 [INF] Request starting HTTP/1.1 POST http://localhost:5050/ - application/x-www-form-urlencoded 256
2026-03-17 11:09:37.516 +05:30 [INF] Route matched with {action = "Dashboard", controller = "Admin"}. Executing controller action with signature System.Threading.Tasks.Task`1[Microsoft.AspNetCore.Mvc.IActionResult] Dashboard() on controller PrisonerPortal.Controllers.AdminController (PrisonerPortal).
2026-03-17 11:09:37.538 +05:30 [INF] Executing endpoint 'PrisonerPortal.Controllers.AccountController.Login (PrisonerPortal)'
2026-03-17 11:09:37.552 +05:30 [INF] Route matched with {action = "Login", controller = "Account"}. Executing controller action with signature System.Threading.Tasks.Task`1[Microsoft.AspNetCore.Mvc.IActionResult] Login(PrisonerPortal.Models.ViewModels.LoginViewModel) on controller PrisonerPortal.Controllers.AccountController (PrisonerPortal).
2026-03-17 11:09:37.575 +05:30 [INF] Antiforgery token validation failed. The provided antiforgery token was meant for a different claims-based user than the current user.
Microsoft.AspNetCore.Antiforgery.AntiforgeryValidationException: The provided antiforgery token was meant for a different claims-based user than the current user.
   at Microsoft.AspNetCore.Antiforgery.DefaultAntiforgery.ValidateTokens(HttpContext httpContext, AntiforgeryTokenSet antiforgeryTokenSet)
   at Microsoft.AspNetCore.Antiforgery.DefaultAntiforgery.ValidateRequestAsync(HttpContext httpContext)
   at Microsoft.AspNetCore.Mvc.ViewFeatures.Filters.ValidateAntiforgeryTokenAuthorizationFilter.OnAuthorizationAsync(AuthorizationFilterContext context)
2026-03-17 11:09:37.613 +05:30 [INF] Authorization failed for the request at filter 'Microsoft.AspNetCore.Mvc.ViewFeatures.Filters.ValidateAntiforgeryTokenAuthorizationFilter'.
2026-03-17 11:09:37.639 +05:30 [INF] Executing StatusCodeResult, setting HTTP status code 400
2026-03-17 11:09:37.644 +05:30 [INF] Executed action PrisonerPortal.Controllers.AccountController.Login (PrisonerPortal) in 76.0035ms
2026-03-17 11:09:37.654 +05:30 [INF] Executed endpoint 'PrisonerPortal.Controllers.AccountController.Login (PrisonerPortal)'
2026-03-17 11:09:37.657 +05:30 [INF] Request finished HTTP/1.1 POST http://localhost:5050/ - 400 0 null 149.9906ms
2026-03-17 11:09:38.083 +05:30 [INF] Executed DbCommand (5ms) [Parameters=[@normalizedRoleName='?' (Size = 256)], CommandType='"Text"', CommandTimeout='30']
SELECT TOP(2) [a].[Id], [a].[ConcurrencyStamp], [a].[Name], [a].[NormalizedName]
FROM [AspNetRoles] AS [a]
WHERE [a].[NormalizedName] = @normalizedRoleName
2026-03-17 11:09:38.212 +05:30 [INF] Executed DbCommand (22ms) [Parameters=[@role_Id='?' (Size = 450)], CommandType='"Text"', CommandTimeout='30']
SELECT [a0].[Id], [a0].[AccessFailedCount], [a0].[Address], [a0].[ConcurrencyStamp], [a0].[CreatedAt], [a0].[Email], [a0].[EmailConfirmed], [a0].[FullName], [a0].[IsActive], [a0].[LockoutEnabled], [a0].[LockoutEnd], [a0].[NormalizedEmail], [a0].[NormalizedUserName], [a0].[PasswordHash], [a0].[PhoneNumber], [a0].[PhoneNumberConfirmed], [a0].[Role], [a0].[SecurityStamp], [a0].[TwoFactorEnabled], [a0].[UserName]
FROM [AspNetUserRoles] AS [a]
INNER JOIN [AspNetUsers] AS [a0] ON [a].[UserId] = [a0].[Id]
WHERE [a].[RoleId] = @role_Id
2026-03-17 11:09:38.394 +05:30 [INF] Executed DbCommand (23ms) [Parameters=[], CommandType='"Text"', CommandTimeout='30']
SELECT COUNT(*)
FROM [Prisoners] AS [p]
WHERE [p].[Status] = N'Active'
2026-03-17 11:09:38.569 +05:30 [INF] Executed DbCommand (28ms) [Parameters=[@today='?' (DbType = DateTime2)], CommandType='"Text"', CommandTimeout='30']
SELECT COUNT(*)
FROM [Appointments] AS [a]
INNER JOIN [VisitSlots] AS [v] ON [a].[SlotId] = [v].[SlotId]
WHERE [a].[Status] IN (N'Pending', N'Approved') AND [v].[SlotDate] = @today
2026-03-17 11:09:38.627 +05:30 [INF] Executed DbCommand (6ms) [Parameters=[], CommandType='"Text"', CommandTimeout='30']
SELECT COUNT(*)
FROM [SupportRequests] AS [s]
WHERE [s].[Status] IN (N'Open', N'InProgress')
2026-03-17 11:09:38.898 +05:30 [INF] Executed DbCommand (17ms) [Parameters=[@p='?' (DbType = Int32)], CommandType='"Text"', CommandTimeout='30']
SELECT [a0].[AppointmentId], [a0].[AdminNotes], [a0].[AppointmentCode], [a0].[BookedAt], [a0].[NumVisitors], [a0].[PrisonerId], [a0].[Purpose], [a0].[RejectionReason], [a0].[SlotId], [a0].[Status], [a0].[UpdatedAt], [a0].[UserId], [a0].[VisitorNames], [p].[PrisonerId], [p].[CaseNumber], [p].[CellBlock], [p].[CellNumber], [p].[CreatedAt], [p].[CrimeCategory], [p].[DateOfBirth], [p].[FullName], [p].[Gender], [p].[PrisonerCode], [p].[SentenceEndDate], [p].[SentenceStartDate], [p].[Status], [p].[UpdatedAt], [a1].[Id], [a1].[AccessFailedCount], [a1].[Address], [a1].[ConcurrencyStamp], [a1].[CreatedAt], [a1].[Email], [a1].[EmailConfirmed], [a1].[FullName], [a1].[IsActive], [a1].[LockoutEnabled], [a1].[LockoutEnd], [a1].[NormalizedEmail], [a1].[NormalizedUserName], [a1].[PasswordHash], [a1].[PhoneNumber], [a1].[PhoneNumberConfirmed], [a1].[Role], [a1].[SecurityStamp], [a1].[TwoFactorEnabled], [a1].[UserName], [v].[SlotId], [v].[CreatedAt], [v].[CreatedByAdminId], [v].[CurrentBookings], [v].[EndTime], [v].[IsActive], [v].[MaxCapacity], [v].[SlotDate], [v].[StartTime]
FROM (
    SELECT TOP(@p) [a].[AppointmentId], [a].[AdminNotes], [a].[AppointmentCode], [a].[BookedAt], [a].[NumVisitors], [a].[PrisonerId], [a].[Purpose], [a].[RejectionReason], [a].[SlotId], [a].[Status], [a].[UpdatedAt], [a].[UserId], [a].[VisitorNames]
    FROM [Appointments] AS [a]
    WHERE [a].[Status] = N'Pending'
    ORDER BY [a].[BookedAt]
) AS [a0]
INNER JOIN [Prisoners] AS [p] ON [a0].[PrisonerId] = [p].[PrisonerId]
INNER JOIN [AspNetUsers] AS [a1] ON [a0].[UserId] = [a1].[Id]
INNER JOIN [VisitSlots] AS [v] ON [a0].[SlotId] = [v].[SlotId]
ORDER BY [a0].[BookedAt]
2026-03-17 11:09:39.068 +05:30 [INF] Executed DbCommand (13ms) [Parameters=[@p='?' (DbType = Int32)], CommandType='"Text"', CommandTimeout='30']
SELECT [s0].[RequestId], [s0].[AdminResponse], [s0].[AssignedAdminId], [s0].[Category], [s0].[CreatedAt], [s0].[Description], [s0].[Priority], [s0].[PrisonerId], [s0].[RequestCode], [s0].[ResolvedAt], [s0].[Status], [s0].[Subject], [s0].[UpdatedAt], [s0].[UserId], [a].[Id], [a].[AccessFailedCount], [a].[Address], [a].[ConcurrencyStamp], [a].[CreatedAt], [a].[Email], [a].[EmailConfirmed], [a].[FullName], [a].[IsActive], [a].[LockoutEnabled], [a].[LockoutEnd], [a].[NormalizedEmail], [a].[NormalizedUserName], [a].[PasswordHash], [a].[PhoneNumber], [a].[PhoneNumberConfirmed], [a].[Role], [a].[SecurityStamp], [a].[TwoFactorEnabled], [a].[UserName], [p].[PrisonerId], [p].[CaseNumber], [p].[CellBlock], [p].[CellNumber], [p].[CreatedAt], [p].[CrimeCategory], [p].[DateOfBirth], [p].[FullName], [p].[Gender], [p].[PrisonerCode], [p].[SentenceEndDate], [p].[SentenceStartDate], [p].[Status], [p].[UpdatedAt]
FROM (
    SELECT TOP(@p) [s].[RequestId], [s].[AdminResponse], [s].[AssignedAdminId], [s].[Category], [s].[CreatedAt], [s].[Description], [s].[Priority], [s].[PrisonerId], [s].[RequestCode], [s].[ResolvedAt], [s].[Status], [s].[Subject], [s].[UpdatedAt], [s].[UserId]
    FROM [SupportRequests] AS [s]
    ORDER BY [s].[CreatedAt] DESC
) AS [s0]
INNER JOIN [AspNetUsers] AS [a] ON [s0].[UserId] = [a].[Id]
INNER JOIN [Prisoners] AS [p] ON [s0].[PrisonerId] = [p].[PrisonerId]
ORDER BY [s0].[CreatedAt] DESC
2026-03-17 11:09:39.239 +05:30 [INF] Executed DbCommand (28ms) [Parameters=[], CommandType='"Text"', CommandTimeout='30']
SELECT [f].[LinkId], [f].[IsVerified], [f].[LinkedAt], [f].[PrisonerId], [f].[Relationship], [f].[UserId], [f].[VerifiedByAdminId], [a].[Id], [a].[AccessFailedCount], [a].[Address], [a].[ConcurrencyStamp], [a].[CreatedAt], [a].[Email], [a].[EmailConfirmed], [a].[FullName], [a].[IsActive], [a].[LockoutEnabled], [a].[LockoutEnd], [a].[NormalizedEmail], [a].[NormalizedUserName], [a].[PasswordHash], [a].[PhoneNumber], [a].[PhoneNumberConfirmed], [a].[Role], [a].[SecurityStamp], [a].[TwoFactorEnabled], [a].[UserName], [p].[PrisonerId], [p].[CaseNumber], [p].[CellBlock], [p].[CellNumber], [p].[CreatedAt], [p].[CrimeCategory], [p].[DateOfBirth], [p].[FullName], [p].[Gender], [p].[PrisonerCode], [p].[SentenceEndDate], [p].[SentenceStartDate], [p].[Status], [p].[UpdatedAt]
FROM [FamilyPrisonerLinks] AS [f]
INNER JOIN [AspNetUsers] AS [a] ON [f].[UserId] = [a].[Id]
INNER JOIN [Prisoners] AS [p] ON [f].[PrisonerId] = [p].[PrisonerId]
WHERE [f].[IsVerified] = CAST(0 AS bit)
ORDER BY [f].[LinkedAt]
2026-03-17 11:09:39.266 +05:30 [INF] Executing ViewResult, running view Dashboard.
2026-03-17 11:09:39.534 +05:30 [INF] Executed ViewResult - view Dashboard executed in 277.2799ms.
2026-03-17 11:09:39.550 +05:30 [INF] Executed action PrisonerPortal.Controllers.AdminController.Dashboard (PrisonerPortal) in 2003.6906ms
2026-03-17 11:09:39.566 +05:30 [INF] Executed endpoint 'PrisonerPortal.Controllers.AdminController.Dashboard (PrisonerPortal)'
2026-03-17 11:09:39.579 +05:30 [INF] Request finished HTTP/1.1 GET http://localhost:5050/Admin/Dashboard - 200 null text/html; charset=utf-8 2177.3314ms
2026-03-17 11:14:36.583 +05:30 [INF] User profile is available. Using 'C:\Users\HP\AppData\Local\ASP.NET\DataProtection-Keys' as key repository and Windows DPAPI to encrypt keys at rest.
2026-03-17 11:14:38.902 +05:30 [INF] Executed DbCommand (56ms) [Parameters=[], CommandType='"Text"', CommandTimeout='30']
SELECT 1
2026-03-17 11:14:38.952 +05:30 [INF] Acquiring an exclusive lock for migration application. See https://aka.ms/efcore-docs-migrations-lock for more information if this takes too long.
2026-03-17 11:14:39.033 +05:30 [INF] Executed DbCommand (67ms) [Parameters=[], CommandType='"Text"', CommandTimeout='30']
DECLARE @result int;
EXEC @result = sp_getapplock @Resource = '__EFMigrationsLock', @LockOwner = 'Session', @LockMode = 'Exclusive';
SELECT @result
2026-03-17 11:14:39.190 +05:30 [INF] Executed DbCommand (19ms) [Parameters=[], CommandType='"Text"', CommandTimeout='30']
IF OBJECT_ID(N'[__EFMigrationsHistory]') IS NULL
BEGIN
    CREATE TABLE [__EFMigrationsHistory] (
        [MigrationId] nvarchar(150) NOT NULL,
        [ProductVersion] nvarchar(32) NOT NULL,
        CONSTRAINT [PK___EFMigrationsHistory] PRIMARY KEY ([MigrationId])
    );
END;
2026-03-17 11:14:39.260 +05:30 [INF] Executed DbCommand (1ms) [Parameters=[], CommandType='"Text"', CommandTimeout='30']
SELECT 1
2026-03-17 11:14:39.282 +05:30 [INF] Executed DbCommand (3ms) [Parameters=[], CommandType='"Text"', CommandTimeout='30']
SELECT OBJECT_ID(N'[__EFMigrationsHistory]');
2026-03-17 11:14:39.336 +05:30 [INF] Executed DbCommand (35ms) [Parameters=[], CommandType='"Text"', CommandTimeout='30']
SELECT [MigrationId], [ProductVersion]
FROM [__EFMigrationsHistory]
ORDER BY [MigrationId];
2026-03-17 11:14:39.386 +05:30 [INF] No migrations were applied. The database is already up to date.
2026-03-17 11:14:39.410 +05:30 [INF] Executed DbCommand (8ms) [Parameters=[], CommandType='"Text"', CommandTimeout='30']
DECLARE @result int;
EXEC @result = sp_releaseapplock @Resource = '__EFMigrationsLock', @LockOwner = 'Session';
SELECT @result
2026-03-17 11:14:39.984 +05:30 [INF] Executed DbCommand (51ms) [Parameters=[@normalizedName='?' (Size = 256)], CommandType='"Text"', CommandTimeout='30']
SELECT TOP(1) [a].[Id], [a].[ConcurrencyStamp], [a].[Name], [a].[NormalizedName]
FROM [AspNetRoles] AS [a]
WHERE [a].[NormalizedName] = @normalizedName
2026-03-17 11:14:40.125 +05:30 [INF] Executed DbCommand (7ms) [Parameters=[@normalizedName='?' (Size = 256)], CommandType='"Text"', CommandTimeout='30']
SELECT TOP(1) [a].[Id], [a].[ConcurrencyStamp], [a].[Name], [a].[NormalizedName]
FROM [AspNetRoles] AS [a]
WHERE [a].[NormalizedName] = @normalizedName
2026-03-17 11:14:40.226 +05:30 [INF] Executed DbCommand (25ms) [Parameters=[@normalizedEmail='?' (Size = 256)], CommandType='"Text"', CommandTimeout='30']
SELECT TOP(2) [a].[Id], [a].[AccessFailedCount], [a].[Address], [a].[ConcurrencyStamp], [a].[CreatedAt], [a].[Email], [a].[EmailConfirmed], [a].[FullName], [a].[IsActive], [a].[LockoutEnabled], [a].[LockoutEnd], [a].[NormalizedEmail], [a].[NormalizedUserName], [a].[PasswordHash], [a].[PhoneNumber], [a].[PhoneNumberConfirmed], [a].[Role], [a].[SecurityStamp], [a].[TwoFactorEnabled], [a].[UserName]
FROM [AspNetUsers] AS [a]
WHERE [a].[NormalizedEmail] = @normalizedEmail
2026-03-17 11:14:40.349 +05:30 [INF] Executed DbCommand (7ms) [Parameters=[@normalizedEmail='?' (Size = 256)], CommandType='"Text"', CommandTimeout='30']
SELECT TOP(2) [a].[Id], [a].[AccessFailedCount], [a].[Address], [a].[ConcurrencyStamp], [a].[CreatedAt], [a].[Email], [a].[EmailConfirmed], [a].[FullName], [a].[IsActive], [a].[LockoutEnabled], [a].[LockoutEnd], [a].[NormalizedEmail], [a].[NormalizedUserName], [a].[PasswordHash], [a].[PhoneNumber], [a].[PhoneNumberConfirmed], [a].[Role], [a].[SecurityStamp], [a].[TwoFactorEnabled], [a].[UserName]
FROM [AspNetUsers] AS [a]
WHERE [a].[NormalizedEmail] = @normalizedEmail
2026-03-17 11:14:40.441 +05:30 [INF] Executed DbCommand (25ms) [Parameters=[], CommandType='"Text"', CommandTimeout='30']
SELECT CASE
    WHEN EXISTS (
        SELECT 1
        FROM [Prisoners] AS [p]) THEN CAST(1 AS bit)
    ELSE CAST(0 AS bit)
END
2026-03-17 11:14:40.475 +05:30 [INF] Executed DbCommand (7ms) [Parameters=[@normalizedEmail='?' (Size = 256)], CommandType='"Text"', CommandTimeout='30']
SELECT TOP(2) [a].[Id], [a].[AccessFailedCount], [a].[Address], [a].[ConcurrencyStamp], [a].[CreatedAt], [a].[Email], [a].[EmailConfirmed], [a].[FullName], [a].[IsActive], [a].[LockoutEnabled], [a].[LockoutEnd], [a].[NormalizedEmail], [a].[NormalizedUserName], [a].[PasswordHash], [a].[PhoneNumber], [a].[PhoneNumberConfirmed], [a].[Role], [a].[SecurityStamp], [a].[TwoFactorEnabled], [a].[UserName]
FROM [AspNetUsers] AS [a]
WHERE [a].[NormalizedEmail] = @normalizedEmail
2026-03-17 11:14:40.533 +05:30 [INF] Executed DbCommand (6ms) [Parameters=[], CommandType='"Text"', CommandTimeout='30']
SELECT CASE
    WHEN EXISTS (
        SELECT 1
        FROM [VisitSlots] AS [v]) THEN CAST(1 AS bit)
    ELSE CAST(0 AS bit)
END
2026-03-17 11:14:40.628 +05:30 [INF] ✅ Database ready and seeded.
2026-03-17 11:14:40.646 +05:30 [INF] ✅ App running at http://localhost:5050
2026-03-17 11:14:40.652 +05:30 [INF] ✅ Login: admin@prisonerportal.gov / Admin@123!
2026-03-17 11:14:41.022 +05:30 [INF] Now listening on: http://localhost:5050
2026-03-17 11:14:41.042 +05:30 [INF] Application started. Press Ctrl+C to shut down.
2026-03-17 11:14:41.051 +05:30 [INF] Hosting environment: Development
2026-03-17 11:14:41.056 +05:30 [INF] Content root path: C:\Users\HP\Desktop\Adarsh Yadav Project\PrisonerPortal
2026-03-17 11:14:41.241 +05:30 [INF] Request starting HTTP/1.1 GET http://localhost:5050/Account/Login - null null
2026-03-17 11:14:41.441 +05:30 [INF] Executing endpoint 'PrisonerPortal.Controllers.AccountController.Login (PrisonerPortal)'
2026-03-17 11:14:41.479 +05:30 [INF] Route matched with {action = "Login", controller = "Account"}. Executing controller action with signature Microsoft.AspNetCore.Mvc.IActionResult Login() on controller PrisonerPortal.Controllers.AccountController (PrisonerPortal).
2026-03-17 11:14:41.537 +05:30 [INF] Executing RedirectResult, redirecting to /Admin/Dashboard.
2026-03-17 11:14:41.567 +05:30 [INF] Executed action PrisonerPortal.Controllers.AccountController.Login (PrisonerPortal) in 51.417ms
2026-03-17 11:14:41.581 +05:30 [INF] Executed endpoint 'PrisonerPortal.Controllers.AccountController.Login (PrisonerPortal)'
2026-03-17 11:14:41.612 +05:30 [INF] Request finished HTTP/1.1 GET http://localhost:5050/Account/Login - 302 0 null 380.8438ms
2026-03-17 11:14:41.650 +05:30 [INF] Request starting HTTP/1.1 GET http://localhost:5050/Admin/Dashboard - null null
2026-03-17 11:14:41.737 +05:30 [INF] Executing endpoint 'PrisonerPortal.Controllers.AdminController.Dashboard (PrisonerPortal)'
2026-03-17 11:14:41.780 +05:30 [INF] Route matched with {action = "Dashboard", controller = "Admin"}. Executing controller action with signature System.Threading.Tasks.Task`1[Microsoft.AspNetCore.Mvc.IActionResult] Dashboard() on controller PrisonerPortal.Controllers.AdminController (PrisonerPortal).
2026-03-17 11:14:42.017 +05:30 [INF] Executed DbCommand (10ms) [Parameters=[@normalizedRoleName='?' (Size = 256)], CommandType='"Text"', CommandTimeout='30']
SELECT TOP(2) [a].[Id], [a].[ConcurrencyStamp], [a].[Name], [a].[NormalizedName]
FROM [AspNetRoles] AS [a]
WHERE [a].[NormalizedName] = @normalizedRoleName
2026-03-17 11:14:42.249 +05:30 [INF] Executed DbCommand (24ms) [Parameters=[@role_Id='?' (Size = 450)], CommandType='"Text"', CommandTimeout='30']
SELECT [a0].[Id], [a0].[AccessFailedCount], [a0].[Address], [a0].[ConcurrencyStamp], [a0].[CreatedAt], [a0].[Email], [a0].[EmailConfirmed], [a0].[FullName], [a0].[IsActive], [a0].[LockoutEnabled], [a0].[LockoutEnd], [a0].[NormalizedEmail], [a0].[NormalizedUserName], [a0].[PasswordHash], [a0].[PhoneNumber], [a0].[PhoneNumberConfirmed], [a0].[Role], [a0].[SecurityStamp], [a0].[TwoFactorEnabled], [a0].[UserName]
FROM [AspNetUserRoles] AS [a]
INNER JOIN [AspNetUsers] AS [a0] ON [a].[UserId] = [a0].[Id]
WHERE [a].[RoleId] = @role_Id
2026-03-17 11:14:42.461 +05:30 [INF] Executed DbCommand (23ms) [Parameters=[], CommandType='"Text"', CommandTimeout='30']
SELECT COUNT(*)
FROM [Prisoners] AS [p]
WHERE [p].[Status] = N'Active'
2026-03-17 11:14:42.635 +05:30 [INF] Executed DbCommand (31ms) [Parameters=[@today='?' (DbType = DateTime2)], CommandType='"Text"', CommandTimeout='30']
SELECT COUNT(*)
FROM [Appointments] AS [a]
INNER JOIN [VisitSlots] AS [v] ON [a].[SlotId] = [v].[SlotId]
WHERE [a].[Status] IN (N'Pending', N'Approved') AND [v].[SlotDate] = @today
2026-03-17 11:14:42.699 +05:30 [INF] Executed DbCommand (6ms) [Parameters=[], CommandType='"Text"', CommandTimeout='30']
SELECT COUNT(*)
FROM [SupportRequests] AS [s]
WHERE [s].[Status] IN (N'Open', N'InProgress')
2026-03-17 11:14:42.970 +05:30 [INF] Executed DbCommand (15ms) [Parameters=[@p='?' (DbType = Int32)], CommandType='"Text"', CommandTimeout='30']
SELECT [a0].[AppointmentId], [a0].[AdminNotes], [a0].[AppointmentCode], [a0].[BookedAt], [a0].[NumVisitors], [a0].[PrisonerId], [a0].[Purpose], [a0].[RejectionReason], [a0].[SlotId], [a0].[Status], [a0].[UpdatedAt], [a0].[UserId], [a0].[VisitorNames], [p].[PrisonerId], [p].[CaseNumber], [p].[CellBlock], [p].[CellNumber], [p].[CreatedAt], [p].[CrimeCategory], [p].[DateOfBirth], [p].[FullName], [p].[Gender], [p].[PrisonerCode], [p].[SentenceEndDate], [p].[SentenceStartDate], [p].[Status], [p].[UpdatedAt], [a1].[Id], [a1].[AccessFailedCount], [a1].[Address], [a1].[ConcurrencyStamp], [a1].[CreatedAt], [a1].[Email], [a1].[EmailConfirmed], [a1].[FullName], [a1].[IsActive], [a1].[LockoutEnabled], [a1].[LockoutEnd], [a1].[NormalizedEmail], [a1].[NormalizedUserName], [a1].[PasswordHash], [a1].[PhoneNumber], [a1].[PhoneNumberConfirmed], [a1].[Role], [a1].[SecurityStamp], [a1].[TwoFactorEnabled], [a1].[UserName], [v].[SlotId], [v].[CreatedAt], [v].[CreatedByAdminId], [v].[CurrentBookings], [v].[EndTime], [v].[IsActive], [v].[MaxCapacity], [v].[SlotDate], [v].[StartTime]
FROM (
    SELECT TOP(@p) [a].[AppointmentId], [a].[AdminNotes], [a].[AppointmentCode], [a].[BookedAt], [a].[NumVisitors], [a].[PrisonerId], [a].[Purpose], [a].[RejectionReason], [a].[SlotId], [a].[Status], [a].[UpdatedAt], [a].[UserId], [a].[VisitorNames]
    FROM [Appointments] AS [a]
    WHERE [a].[Status] = N'Pending'
    ORDER BY [a].[BookedAt]
) AS [a0]
INNER JOIN [Prisoners] AS [p] ON [a0].[PrisonerId] = [p].[PrisonerId]
INNER JOIN [AspNetUsers] AS [a1] ON [a0].[UserId] = [a1].[Id]
INNER JOIN [VisitSlots] AS [v] ON [a0].[SlotId] = [v].[SlotId]
ORDER BY [a0].[BookedAt]
2026-03-17 11:14:43.177 +05:30 [INF] Executed DbCommand (12ms) [Parameters=[@p='?' (DbType = Int32)], CommandType='"Text"', CommandTimeout='30']
SELECT [s0].[RequestId], [s0].[AdminResponse], [s0].[AssignedAdminId], [s0].[Category], [s0].[CreatedAt], [s0].[Description], [s0].[Priority], [s0].[PrisonerId], [s0].[RequestCode], [s0].[ResolvedAt], [s0].[Status], [s0].[Subject], [s0].[UpdatedAt], [s0].[UserId], [a].[Id], [a].[AccessFailedCount], [a].[Address], [a].[ConcurrencyStamp], [a].[CreatedAt], [a].[Email], [a].[EmailConfirmed], [a].[FullName], [a].[IsActive], [a].[LockoutEnabled], [a].[LockoutEnd], [a].[NormalizedEmail], [a].[NormalizedUserName], [a].[PasswordHash], [a].[PhoneNumber], [a].[PhoneNumberConfirmed], [a].[Role], [a].[SecurityStamp], [a].[TwoFactorEnabled], [a].[UserName], [p].[PrisonerId], [p].[CaseNumber], [p].[CellBlock], [p].[CellNumber], [p].[CreatedAt], [p].[CrimeCategory], [p].[DateOfBirth], [p].[FullName], [p].[Gender], [p].[PrisonerCode], [p].[SentenceEndDate], [p].[SentenceStartDate], [p].[Status], [p].[UpdatedAt]
FROM (
    SELECT TOP(@p) [s].[RequestId], [s].[AdminResponse], [s].[AssignedAdminId], [s].[Category], [s].[CreatedAt], [s].[Description], [s].[Priority], [s].[PrisonerId], [s].[RequestCode], [s].[ResolvedAt], [s].[Status], [s].[Subject], [s].[UpdatedAt], [s].[UserId]
    FROM [SupportRequests] AS [s]
    ORDER BY [s].[CreatedAt] DESC
) AS [s0]
INNER JOIN [AspNetUsers] AS [a] ON [s0].[UserId] = [a].[Id]
INNER JOIN [Prisoners] AS [p] ON [s0].[PrisonerId] = [p].[PrisonerId]
ORDER BY [s0].[CreatedAt] DESC
2026-03-17 11:14:43.457 +05:30 [INF] Executed DbCommand (33ms) [Parameters=[], CommandType='"Text"', CommandTimeout='30']
SELECT [f].[LinkId], [f].[IsVerified], [f].[LinkedAt], [f].[PrisonerId], [f].[Relationship], [f].[UserId], [f].[VerifiedByAdminId], [a].[Id], [a].[AccessFailedCount], [a].[Address], [a].[ConcurrencyStamp], [a].[CreatedAt], [a].[Email], [a].[EmailConfirmed], [a].[FullName], [a].[IsActive], [a].[LockoutEnabled], [a].[LockoutEnd], [a].[NormalizedEmail], [a].[NormalizedUserName], [a].[PasswordHash], [a].[PhoneNumber], [a].[PhoneNumberConfirmed], [a].[Role], [a].[SecurityStamp], [a].[TwoFactorEnabled], [a].[UserName], [p].[PrisonerId], [p].[CaseNumber], [p].[CellBlock], [p].[CellNumber], [p].[CreatedAt], [p].[CrimeCategory], [p].[DateOfBirth], [p].[FullName], [p].[Gender], [p].[PrisonerCode], [p].[SentenceEndDate], [p].[SentenceStartDate], [p].[Status], [p].[UpdatedAt]
FROM [FamilyPrisonerLinks] AS [f]
INNER JOIN [AspNetUsers] AS [a] ON [f].[UserId] = [a].[Id]
INNER JOIN [Prisoners] AS [p] ON [f].[PrisonerId] = [p].[PrisonerId]
WHERE [f].[IsVerified] = CAST(0 AS bit)
ORDER BY [f].[LinkedAt]
2026-03-17 11:14:43.538 +05:30 [INF] Executing ViewResult, running view Dashboard.
2026-03-17 11:14:54.207 +05:30 [INF] Executed ViewResult - view Dashboard executed in 10706.5539ms.
2026-03-17 11:14:54.226 +05:30 [INF] Executed action PrisonerPortal.Controllers.AdminController.Dashboard (PrisonerPortal) in 12434.1623ms
2026-03-17 11:14:54.242 +05:30 [INF] Executed endpoint 'PrisonerPortal.Controllers.AdminController.Dashboard (PrisonerPortal)'
2026-03-17 11:14:54.267 +05:30 [INF] Request starting HTTP/1.1 GET http://localhost:5050/css/site.css?v=seqgy2E8WqM9es2uSck3zZTeEFYFhxuxOBVvoD-ron0 - null null
2026-03-17 11:14:54.300 +05:30 [INF] Request finished HTTP/1.1 GET http://localhost:5050/Admin/Dashboard - 200 null text/html; charset=utf-8 12649.6599ms
2026-03-17 11:14:54.315 +05:30 [INF] The file /css/site.css was not modified
2026-03-17 11:14:54.330 +05:30 [INF] Request finished HTTP/1.1 GET http://localhost:5050/css/site.css?v=seqgy2E8WqM9es2uSck3zZTeEFYFhxuxOBVvoD-ron0 - 304 null text/css 63.5824ms
2026-03-17 11:14:54.609 +05:30 [INF] Request starting HTTP/1.1 GET http://localhost:5050/Notifications/GetUnreadCount - null null
2026-03-17 11:14:54.702 +05:30 [INF] Executing endpoint 'PrisonerPortal.Controllers.NotificationsController.GetUnreadCount (PrisonerPortal)'
2026-03-17 11:14:54.714 +05:30 [INF] Route matched with {action = "GetUnreadCount", controller = "Notifications"}. Executing controller action with signature Microsoft.AspNetCore.Mvc.IActionResult GetUnreadCount() on controller PrisonerPortal.Controllers.NotificationsController (PrisonerPortal).
2026-03-17 11:14:55.128 +05:30 [INF] Executed DbCommand (25ms) [Parameters=[@userId='?' (Size = 450)], CommandType='"Text"', CommandTimeout='30']
SELECT COUNT(*)
FROM [Notifications] AS [n]
WHERE [n].[UserId] = @userId AND [n].[IsRead] = CAST(0 AS bit)
2026-03-17 11:14:55.175 +05:30 [INF] Executing JsonResult, writing value of type '<>f__AnonymousType1`1[[System.Int32, System.Private.CoreLib, Version=10.0.0.0, Culture=neutral, PublicKeyToken=7cec85d7bea7798e]]'.
2026-03-17 11:14:55.353 +05:30 [INF] Executed action PrisonerPortal.Controllers.NotificationsController.GetUnreadCount (PrisonerPortal) in 626.5878ms
2026-03-17 11:14:55.365 +05:30 [INF] Executed endpoint 'PrisonerPortal.Controllers.NotificationsController.GetUnreadCount (PrisonerPortal)'
2026-03-17 11:14:55.377 +05:30 [INF] Request finished HTTP/1.1 GET http://localhost:5050/Notifications/GetUnreadCount - 200 null application/json; charset=utf-8 767.7098ms
2026-03-17 11:14:59.368 +05:30 [INF] Request starting HTTP/1.1 POST http://localhost:5050/Account/Logout - application/x-www-form-urlencoded 225
2026-03-17 11:14:59.401 +05:30 [INF] Executing endpoint 'PrisonerPortal.Controllers.AccountController.Logout (PrisonerPortal)'
2026-03-17 11:14:59.445 +05:30 [INF] Route matched with {action = "Logout", controller = "Account"}. Executing controller action with signature System.Threading.Tasks.Task`1[Microsoft.AspNetCore.Mvc.IActionResult] Logout() on controller PrisonerPortal.Controllers.AccountController (PrisonerPortal).
2026-03-17 11:14:59.853 +05:30 [INF] Executed DbCommand (28ms) [Parameters=[@p0='?' (Size = 4000), @p1='?' (Size = 4000), @p2='?' (Size = 4000), @p3='?' (Size = 4000), @p4='?' (Size = 4000), @p5='?' (Size = 4000), @p6='?' (DbType = DateTime2), @p7='?' (Size = 450)], CommandType='"Text"', CommandTimeout='30']
SET IMPLICIT_TRANSACTIONS OFF;
SET NOCOUNT ON;
INSERT INTO [AuditLogs] ([Action], [EntityId], [EntityType], [IPAddress], [NewValues], [OldValues], [Timestamp], [UserId])
OUTPUT INSERTED.[LogId]
VALUES (@p0, @p1, @p2, @p3, @p4, @p5, @p6, @p7);
2026-03-17 11:14:59.957 +05:30 [INF] AuthenticationScheme: Identity.Application signed out.
2026-03-17 11:14:59.973 +05:30 [INF] AuthenticationScheme: Identity.External signed out.
2026-03-17 11:14:59.981 +05:30 [INF] AuthenticationScheme: Identity.TwoFactorUserId signed out.
2026-03-17 11:14:59.994 +05:30 [INF] Executing RedirectResult, redirecting to /.
2026-03-17 11:15:00.005 +05:30 [INF] Executed action PrisonerPortal.Controllers.AccountController.Logout (PrisonerPortal) in 546.9126ms
2026-03-17 11:15:00.024 +05:30 [INF] Executed endpoint 'PrisonerPortal.Controllers.AccountController.Logout (PrisonerPortal)'
2026-03-17 11:15:00.030 +05:30 [INF] Request finished HTTP/1.1 POST http://localhost:5050/Account/Logout - 302 0 null 662.2363ms
2026-03-17 11:15:00.062 +05:30 [INF] Request starting HTTP/1.1 GET http://localhost:5050/ - null null
2026-03-17 11:15:00.082 +05:30 [INF] Executing endpoint 'PrisonerPortal.Controllers.AccountController.Login (PrisonerPortal)'
2026-03-17 11:15:00.095 +05:30 [INF] Route matched with {action = "Login", controller = "Account"}. Executing controller action with signature Microsoft.AspNetCore.Mvc.IActionResult Login() on controller PrisonerPortal.Controllers.AccountController (PrisonerPortal).
2026-03-17 11:15:02.790 +05:30 [INF] Executing ViewResult, running view Login.
2026-03-17 11:15:03.040 +05:30 [INF] Executed ViewResult - view Login executed in 2920.7166ms.
2026-03-17 11:15:03.050 +05:30 [INF] Executed action PrisonerPortal.Controllers.AccountController.Login (PrisonerPortal) in 2938.6191ms
2026-03-17 11:15:03.057 +05:30 [INF] Executed endpoint 'PrisonerPortal.Controllers.AccountController.Login (PrisonerPortal)'
2026-03-17 11:15:03.062 +05:30 [INF] Request finished HTTP/1.1 GET http://localhost:5050/ - 200 null text/html; charset=utf-8 2999.619ms
2026-03-17 11:15:03.091 +05:30 [INF] Request starting HTTP/1.1 GET http://localhost:5050/js/auth.js?v=vFieu_vdInS-_NST3h1ILrWgllVMY1VPgyTgpG3Dmrc - null null
2026-03-17 11:15:03.114 +05:30 [INF] The file /js/auth.js was not modified
2026-03-17 11:15:03.125 +05:30 [INF] Request finished HTTP/1.1 GET http://localhost:5050/js/auth.js?v=vFieu_vdInS-_NST3h1ILrWgllVMY1VPgyTgpG3Dmrc - 304 null text/javascript 33.8946ms
2026-03-17 11:15:11.744 +05:30 [INF] Request starting HTTP/1.1 POST http://localhost:5050/ - application/x-www-form-urlencoded 272
2026-03-17 11:15:11.767 +05:30 [INF] Executing endpoint 'PrisonerPortal.Controllers.AccountController.Login (PrisonerPortal)'
2026-03-17 11:15:11.836 +05:30 [INF] Route matched with {action = "Login", controller = "Account"}. Executing controller action with signature System.Threading.Tasks.Task`1[Microsoft.AspNetCore.Mvc.IActionResult] Login(PrisonerPortal.Models.ViewModels.LoginViewModel) on controller PrisonerPortal.Controllers.AccountController (PrisonerPortal).
2026-03-17 11:15:11.908 +05:30 [INF] Executed DbCommand (1ms) [Parameters=[@normalizedEmail='?' (Size = 256)], CommandType='"Text"', CommandTimeout='30']
SELECT TOP(2) [a].[Id], [a].[AccessFailedCount], [a].[Address], [a].[ConcurrencyStamp], [a].[CreatedAt], [a].[Email], [a].[EmailConfirmed], [a].[FullName], [a].[IsActive], [a].[LockoutEnabled], [a].[LockoutEnd], [a].[NormalizedEmail], [a].[NormalizedUserName], [a].[PasswordHash], [a].[PhoneNumber], [a].[PhoneNumberConfirmed], [a].[Role], [a].[SecurityStamp], [a].[TwoFactorEnabled], [a].[UserName]
FROM [AspNetUsers] AS [a]
WHERE [a].[NormalizedEmail] = @normalizedEmail
2026-03-17 11:15:11.992 +05:30 [INF] Executed DbCommand (12ms) [Parameters=[@normalizedUserName='?' (Size = 256)], CommandType='"Text"', CommandTimeout='30']
SELECT TOP(1) [a].[Id], [a].[AccessFailedCount], [a].[Address], [a].[ConcurrencyStamp], [a].[CreatedAt], [a].[Email], [a].[EmailConfirmed], [a].[FullName], [a].[IsActive], [a].[LockoutEnabled], [a].[LockoutEnd], [a].[NormalizedEmail], [a].[NormalizedUserName], [a].[PasswordHash], [a].[PhoneNumber], [a].[PhoneNumberConfirmed], [a].[Role], [a].[SecurityStamp], [a].[TwoFactorEnabled], [a].[UserName]
FROM [AspNetUsers] AS [a]
WHERE [a].[NormalizedUserName] = @normalizedUserName
2026-03-17 11:15:12.461 +05:30 [INF] Executed DbCommand (6ms) [Parameters=[@user_Id='?' (Size = 450)], CommandType='"Text"', CommandTimeout='30']
SELECT [a].[Id], [a].[ClaimType], [a].[ClaimValue], [a].[UserId]
FROM [AspNetUserClaims] AS [a]
WHERE [a].[UserId] = @user_Id
2026-03-17 11:15:12.570 +05:30 [INF] Executed DbCommand (27ms) [Parameters=[@userId='?' (Size = 450)], CommandType='"Text"', CommandTimeout='30']
SELECT [a0].[Name]
FROM [AspNetUserRoles] AS [a]
INNER JOIN [AspNetRoles] AS [a0] ON [a].[RoleId] = [a0].[Id]
WHERE [a].[UserId] = @userId
2026-03-17 11:15:12.597 +05:30 [INF] Executed DbCommand (7ms) [Parameters=[@normalizedName='?' (Size = 256)], CommandType='"Text"', CommandTimeout='30']
SELECT TOP(1) [a].[Id], [a].[ConcurrencyStamp], [a].[Name], [a].[NormalizedName]
FROM [AspNetRoles] AS [a]
WHERE [a].[NormalizedName] = @normalizedName
2026-03-17 11:15:12.692 +05:30 [INF] Executed DbCommand (8ms) [Parameters=[@role_Id='?' (Size = 450)], CommandType='"Text"', CommandTimeout='30']
SELECT [a].[ClaimType], [a].[ClaimValue]
FROM [AspNetRoleClaims] AS [a]
WHERE [a].[RoleId] = @role_Id
2026-03-17 11:15:12.726 +05:30 [INF] AuthenticationScheme: Identity.Application signed in.
2026-03-17 11:15:12.790 +05:30 [INF] Executed DbCommand (19ms) [Parameters=[@p0='?' (Size = 4000), @p1='?' (Size = 4000), @p2='?' (Size = 4000), @p3='?' (Size = 4000), @p4='?' (Size = 4000), @p5='?' (Size = 4000), @p6='?' (DbType = DateTime2), @p7='?' (Size = 450)], CommandType='"Text"', CommandTimeout='30']
SET IMPLICIT_TRANSACTIONS OFF;
SET NOCOUNT ON;
INSERT INTO [AuditLogs] ([Action], [EntityId], [EntityType], [IPAddress], [NewValues], [OldValues], [Timestamp], [UserId])
OUTPUT INSERTED.[LogId]
VALUES (@p0, @p1, @p2, @p3, @p4, @p5, @p6, @p7);
2026-03-17 11:15:12.802 +05:30 [INF] Executing RedirectResult, redirecting to /Admin/Dashboard.
2026-03-17 11:15:12.806 +05:30 [INF] Executed action PrisonerPortal.Controllers.AccountController.Login (PrisonerPortal) in 959.1042ms
2026-03-17 11:15:12.812 +05:30 [INF] Executed endpoint 'PrisonerPortal.Controllers.AccountController.Login (PrisonerPortal)'
2026-03-17 11:15:12.822 +05:30 [INF] Request finished HTTP/1.1 POST http://localhost:5050/ - 302 0 null 1078.5115ms
2026-03-17 11:15:12.850 +05:30 [INF] Request starting HTTP/1.1 GET http://localhost:5050/Admin/Dashboard - null null
2026-03-17 11:15:12.892 +05:30 [INF] Executing endpoint 'PrisonerPortal.Controllers.AdminController.Dashboard (PrisonerPortal)'
2026-03-17 11:15:12.904 +05:30 [INF] Route matched with {action = "Dashboard", controller = "Admin"}. Executing controller action with signature System.Threading.Tasks.Task`1[Microsoft.AspNetCore.Mvc.IActionResult] Dashboard() on controller PrisonerPortal.Controllers.AdminController (PrisonerPortal).
2026-03-17 11:15:12.929 +05:30 [INF] Executed DbCommand (2ms) [Parameters=[@normalizedRoleName='?' (Size = 256)], CommandType='"Text"', CommandTimeout='30']
SELECT TOP(2) [a].[Id], [a].[ConcurrencyStamp], [a].[Name], [a].[NormalizedName]
FROM [AspNetRoles] AS [a]
WHERE [a].[NormalizedName] = @normalizedRoleName
2026-03-17 11:15:12.960 +05:30 [INF] Executed DbCommand (2ms) [Parameters=[@role_Id='?' (Size = 450)], CommandType='"Text"', CommandTimeout='30']
SELECT [a0].[Id], [a0].[AccessFailedCount], [a0].[Address], [a0].[ConcurrencyStamp], [a0].[CreatedAt], [a0].[Email], [a0].[EmailConfirmed], [a0].[FullName], [a0].[IsActive], [a0].[LockoutEnabled], [a0].[LockoutEnd], [a0].[NormalizedEmail], [a0].[NormalizedUserName], [a0].[PasswordHash], [a0].[PhoneNumber], [a0].[PhoneNumberConfirmed], [a0].[Role], [a0].[SecurityStamp], [a0].[TwoFactorEnabled], [a0].[UserName]
FROM [AspNetUserRoles] AS [a]
INNER JOIN [AspNetUsers] AS [a0] ON [a].[UserId] = [a0].[Id]
WHERE [a].[RoleId] = @role_Id
2026-03-17 11:15:12.985 +05:30 [INF] Executed DbCommand (3ms) [Parameters=[], CommandType='"Text"', CommandTimeout='30']
SELECT COUNT(*)
FROM [Prisoners] AS [p]
WHERE [p].[Status] = N'Active'
2026-03-17 11:15:13.007 +05:30 [INF] Executed DbCommand (1ms) [Parameters=[@today='?' (DbType = DateTime2)], CommandType='"Text"', CommandTimeout='30']
SELECT COUNT(*)
FROM [Appointments] AS [a]
INNER JOIN [VisitSlots] AS [v] ON [a].[SlotId] = [v].[SlotId]
WHERE [a].[Status] IN (N'Pending', N'Approved') AND [v].[SlotDate] = @today
2026-03-17 11:15:13.024 +05:30 [INF] Executed DbCommand (1ms) [Parameters=[], CommandType='"Text"', CommandTimeout='30']
SELECT COUNT(*)
FROM [SupportRequests] AS [s]
WHERE [s].[Status] IN (N'Open', N'InProgress')
2026-03-17 11:15:13.043 +05:30 [INF] Executed DbCommand (2ms) [Parameters=[@p='?' (DbType = Int32)], CommandType='"Text"', CommandTimeout='30']
SELECT [a0].[AppointmentId], [a0].[AdminNotes], [a0].[AppointmentCode], [a0].[BookedAt], [a0].[NumVisitors], [a0].[PrisonerId], [a0].[Purpose], [a0].[RejectionReason], [a0].[SlotId], [a0].[Status], [a0].[UpdatedAt], [a0].[UserId], [a0].[VisitorNames], [p].[PrisonerId], [p].[CaseNumber], [p].[CellBlock], [p].[CellNumber], [p].[CreatedAt], [p].[CrimeCategory], [p].[DateOfBirth], [p].[FullName], [p].[Gender], [p].[PrisonerCode], [p].[SentenceEndDate], [p].[SentenceStartDate], [p].[Status], [p].[UpdatedAt], [a1].[Id], [a1].[AccessFailedCount], [a1].[Address], [a1].[ConcurrencyStamp], [a1].[CreatedAt], [a1].[Email], [a1].[EmailConfirmed], [a1].[FullName], [a1].[IsActive], [a1].[LockoutEnabled], [a1].[LockoutEnd], [a1].[NormalizedEmail], [a1].[NormalizedUserName], [a1].[PasswordHash], [a1].[PhoneNumber], [a1].[PhoneNumberConfirmed], [a1].[Role], [a1].[SecurityStamp], [a1].[TwoFactorEnabled], [a1].[UserName], [v].[SlotId], [v].[CreatedAt], [v].[CreatedByAdminId], [v].[CurrentBookings], [v].[EndTime], [v].[IsActive], [v].[MaxCapacity], [v].[SlotDate], [v].[StartTime]
FROM (
    SELECT TOP(@p) [a].[AppointmentId], [a].[AdminNotes], [a].[AppointmentCode], [a].[BookedAt], [a].[NumVisitors], [a].[PrisonerId], [a].[Purpose], [a].[RejectionReason], [a].[SlotId], [a].[Status], [a].[UpdatedAt], [a].[UserId], [a].[VisitorNames]
    FROM [Appointments] AS [a]
    WHERE [a].[Status] = N'Pending'
    ORDER BY [a].[BookedAt]
) AS [a0]
INNER JOIN [Prisoners] AS [p] ON [a0].[PrisonerId] = [p].[PrisonerId]
INNER JOIN [AspNetUsers] AS [a1] ON [a0].[UserId] = [a1].[Id]
INNER JOIN [VisitSlots] AS [v] ON [a0].[SlotId] = [v].[SlotId]
ORDER BY [a0].[BookedAt]
2026-03-17 11:15:13.061 +05:30 [INF] Executed DbCommand (2ms) [Parameters=[@p='?' (DbType = Int32)], CommandType='"Text"', CommandTimeout='30']
SELECT [s0].[RequestId], [s0].[AdminResponse], [s0].[AssignedAdminId], [s0].[Category], [s0].[CreatedAt], [s0].[Description], [s0].[Priority], [s0].[PrisonerId], [s0].[RequestCode], [s0].[ResolvedAt], [s0].[Status], [s0].[Subject], [s0].[UpdatedAt], [s0].[UserId], [a].[Id], [a].[AccessFailedCount], [a].[Address], [a].[ConcurrencyStamp], [a].[CreatedAt], [a].[Email], [a].[EmailConfirmed], [a].[FullName], [a].[IsActive], [a].[LockoutEnabled], [a].[LockoutEnd], [a].[NormalizedEmail], [a].[NormalizedUserName], [a].[PasswordHash], [a].[PhoneNumber], [a].[PhoneNumberConfirmed], [a].[Role], [a].[SecurityStamp], [a].[TwoFactorEnabled], [a].[UserName], [p].[PrisonerId], [p].[CaseNumber], [p].[CellBlock], [p].[CellNumber], [p].[CreatedAt], [p].[CrimeCategory], [p].[DateOfBirth], [p].[FullName], [p].[Gender], [p].[PrisonerCode], [p].[SentenceEndDate], [p].[SentenceStartDate], [p].[Status], [p].[UpdatedAt]
FROM (
    SELECT TOP(@p) [s].[RequestId], [s].[AdminResponse], [s].[AssignedAdminId], [s].[Category], [s].[CreatedAt], [s].[Description], [s].[Priority], [s].[PrisonerId], [s].[RequestCode], [s].[ResolvedAt], [s].[Status], [s].[Subject], [s].[UpdatedAt], [s].[UserId]
    FROM [SupportRequests] AS [s]
    ORDER BY [s].[CreatedAt] DESC
) AS [s0]
INNER JOIN [AspNetUsers] AS [a] ON [s0].[UserId] = [a].[Id]
INNER JOIN [Prisoners] AS [p] ON [s0].[PrisonerId] = [p].[PrisonerId]
ORDER BY [s0].[CreatedAt] DESC
2026-03-17 11:15:13.079 +05:30 [INF] Executed DbCommand (2ms) [Parameters=[], CommandType='"Text"', CommandTimeout='30']
SELECT [f].[LinkId], [f].[IsVerified], [f].[LinkedAt], [f].[PrisonerId], [f].[Relationship], [f].[UserId], [f].[VerifiedByAdminId], [a].[Id], [a].[AccessFailedCount], [a].[Address], [a].[ConcurrencyStamp], [a].[CreatedAt], [a].[Email], [a].[EmailConfirmed], [a].[FullName], [a].[IsActive], [a].[LockoutEnabled], [a].[LockoutEnd], [a].[NormalizedEmail], [a].[NormalizedUserName], [a].[PasswordHash], [a].[PhoneNumber], [a].[PhoneNumberConfirmed], [a].[Role], [a].[SecurityStamp], [a].[TwoFactorEnabled], [a].[UserName], [p].[PrisonerId], [p].[CaseNumber], [p].[CellBlock], [p].[CellNumber], [p].[CreatedAt], [p].[CrimeCategory], [p].[DateOfBirth], [p].[FullName], [p].[Gender], [p].[PrisonerCode], [p].[SentenceEndDate], [p].[SentenceStartDate], [p].[Status], [p].[UpdatedAt]
FROM [FamilyPrisonerLinks] AS [f]
INNER JOIN [AspNetUsers] AS [a] ON [f].[UserId] = [a].[Id]
INNER JOIN [Prisoners] AS [p] ON [f].[PrisonerId] = [p].[PrisonerId]
WHERE [f].[IsVerified] = CAST(0 AS bit)
ORDER BY [f].[LinkedAt]
2026-03-17 11:15:13.092 +05:30 [INF] Executing ViewResult, running view Dashboard.
2026-03-17 11:15:13.106 +05:30 [INF] Executed ViewResult - view Dashboard executed in 14.037ms.
2026-03-17 11:15:13.111 +05:30 [INF] Executed action PrisonerPortal.Controllers.AdminController.Dashboard (PrisonerPortal) in 189.5685ms
2026-03-17 11:15:13.122 +05:30 [INF] Executed endpoint 'PrisonerPortal.Controllers.AdminController.Dashboard (PrisonerPortal)'
2026-03-17 11:15:13.127 +05:30 [INF] Request finished HTTP/1.1 GET http://localhost:5050/Admin/Dashboard - 200 null text/html; charset=utf-8 276.3483ms
2026-03-17 11:15:13.194 +05:30 [INF] Request starting HTTP/1.1 GET http://localhost:5050/Notifications/GetUnreadCount - null null
2026-03-17 11:15:13.219 +05:30 [INF] Executing endpoint 'PrisonerPortal.Controllers.NotificationsController.GetUnreadCount (PrisonerPortal)'
2026-03-17 11:15:13.224 +05:30 [INF] Route matched with {action = "GetUnreadCount", controller = "Notifications"}. Executing controller action with signature Microsoft.AspNetCore.Mvc.IActionResult GetUnreadCount() on controller PrisonerPortal.Controllers.NotificationsController (PrisonerPortal).
2026-03-17 11:15:13.248 +05:30 [INF] Executed DbCommand (2ms) [Parameters=[@userId='?' (Size = 450)], CommandType='"Text"', CommandTimeout='30']
SELECT COUNT(*)
FROM [Notifications] AS [n]
WHERE [n].[UserId] = @userId AND [n].[IsRead] = CAST(0 AS bit)
2026-03-17 11:15:13.272 +05:30 [INF] Executing JsonResult, writing value of type '<>f__AnonymousType1`1[[System.Int32, System.Private.CoreLib, Version=10.0.0.0, Culture=neutral, PublicKeyToken=7cec85d7bea7798e]]'.
2026-03-17 11:15:13.284 +05:30 [INF] Executed action PrisonerPortal.Controllers.NotificationsController.GetUnreadCount (PrisonerPortal) in 46.6672ms
2026-03-17 11:15:13.308 +05:30 [INF] Executed endpoint 'PrisonerPortal.Controllers.NotificationsController.GetUnreadCount (PrisonerPortal)'
2026-03-17 11:15:13.321 +05:30 [INF] Request finished HTTP/1.1 GET http://localhost:5050/Notifications/GetUnreadCount - 200 null application/json; charset=utf-8 127.3624ms
2026-03-17 11:15:18.898 +05:30 [INF] Request starting HTTP/1.1 POST http://localhost:5050/Account/Logout - application/x-www-form-urlencoded 225
2026-03-17 11:15:18.926 +05:30 [INF] Executing endpoint 'PrisonerPortal.Controllers.AccountController.Logout (PrisonerPortal)'
2026-03-17 11:15:18.936 +05:30 [INF] Route matched with {action = "Logout", controller = "Account"}. Executing controller action with signature System.Threading.Tasks.Task`1[Microsoft.AspNetCore.Mvc.IActionResult] Logout() on controller PrisonerPortal.Controllers.AccountController (PrisonerPortal).
2026-03-17 11:15:18.972 +05:30 [INF] Executed DbCommand (5ms) [Parameters=[@p0='?' (Size = 4000), @p1='?' (Size = 4000), @p2='?' (Size = 4000), @p3='?' (Size = 4000), @p4='?' (Size = 4000), @p5='?' (Size = 4000), @p6='?' (DbType = DateTime2), @p7='?' (Size = 450)], CommandType='"Text"', CommandTimeout='30']
SET IMPLICIT_TRANSACTIONS OFF;
SET NOCOUNT ON;
INSERT INTO [AuditLogs] ([Action], [EntityId], [EntityType], [IPAddress], [NewValues], [OldValues], [Timestamp], [UserId])
OUTPUT INSERTED.[LogId]
VALUES (@p0, @p1, @p2, @p3, @p4, @p5, @p6, @p7);
2026-03-17 11:15:18.985 +05:30 [INF] AuthenticationScheme: Identity.Application signed out.
2026-03-17 11:15:18.991 +05:30 [INF] AuthenticationScheme: Identity.External signed out.
2026-03-17 11:15:18.995 +05:30 [INF] AuthenticationScheme: Identity.TwoFactorUserId signed out.
2026-03-17 11:15:19.006 +05:30 [INF] Executing RedirectResult, redirecting to /.
2026-03-17 11:15:19.017 +05:30 [INF] Executed action PrisonerPortal.Controllers.AccountController.Logout (PrisonerPortal) in 59.2431ms
2026-03-17 11:15:19.027 +05:30 [INF] Executed endpoint 'PrisonerPortal.Controllers.AccountController.Logout (PrisonerPortal)'
2026-03-17 11:15:19.038 +05:30 [INF] Request finished HTTP/1.1 POST http://localhost:5050/Account/Logout - 302 0 null 140.0766ms
2026-03-17 11:15:19.064 +05:30 [INF] Request starting HTTP/1.1 GET http://localhost:5050/ - null null
2026-03-17 11:15:19.084 +05:30 [INF] Executing endpoint 'PrisonerPortal.Controllers.AccountController.Login (PrisonerPortal)'
2026-03-17 11:15:19.092 +05:30 [INF] Route matched with {action = "Login", controller = "Account"}. Executing controller action with signature Microsoft.AspNetCore.Mvc.IActionResult Login() on controller PrisonerPortal.Controllers.AccountController (PrisonerPortal).
2026-03-17 11:15:19.106 +05:30 [INF] Executing ViewResult, running view Login.
2026-03-17 11:15:19.123 +05:30 [INF] Executed ViewResult - view Login executed in 17.9392ms.
2026-03-17 11:15:19.134 +05:30 [INF] Executed action PrisonerPortal.Controllers.AccountController.Login (PrisonerPortal) in 28.827ms
2026-03-17 11:15:19.143 +05:30 [INF] Executed endpoint 'PrisonerPortal.Controllers.AccountController.Login (PrisonerPortal)'
2026-03-17 11:15:19.157 +05:30 [INF] Request finished HTTP/1.1 GET http://localhost:5050/ - 200 null text/html; charset=utf-8 92.53ms
2026-03-17 11:16:17.472 +05:30 [INF] Request starting HTTP/1.1 POST http://localhost:5050/ - application/x-www-form-urlencoded 264
2026-03-17 11:16:17.495 +05:30 [INF] Executing endpoint 'PrisonerPortal.Controllers.AccountController.Login (PrisonerPortal)'
2026-03-17 11:16:17.504 +05:30 [INF] Route matched with {action = "Login", controller = "Account"}. Executing controller action with signature System.Threading.Tasks.Task`1[Microsoft.AspNetCore.Mvc.IActionResult] Login(PrisonerPortal.Models.ViewModels.LoginViewModel) on controller PrisonerPortal.Controllers.AccountController (PrisonerPortal).
2026-03-17 11:16:17.553 +05:30 [INF] Executed DbCommand (12ms) [Parameters=[@normalizedEmail='?' (Size = 256)], CommandType='"Text"', CommandTimeout='30']
SELECT TOP(2) [a].[Id], [a].[AccessFailedCount], [a].[Address], [a].[ConcurrencyStamp], [a].[CreatedAt], [a].[Email], [a].[EmailConfirmed], [a].[FullName], [a].[IsActive], [a].[LockoutEnabled], [a].[LockoutEnd], [a].[NormalizedEmail], [a].[NormalizedUserName], [a].[PasswordHash], [a].[PhoneNumber], [a].[PhoneNumberConfirmed], [a].[Role], [a].[SecurityStamp], [a].[TwoFactorEnabled], [a].[UserName]
FROM [AspNetUsers] AS [a]
WHERE [a].[NormalizedEmail] = @normalizedEmail
2026-03-17 11:16:17.582 +05:30 [INF] Executed DbCommand (10ms) [Parameters=[@normalizedUserName='?' (Size = 256)], CommandType='"Text"', CommandTimeout='30']
SELECT TOP(1) [a].[Id], [a].[AccessFailedCount], [a].[Address], [a].[ConcurrencyStamp], [a].[CreatedAt], [a].[Email], [a].[EmailConfirmed], [a].[FullName], [a].[IsActive], [a].[LockoutEnabled], [a].[LockoutEnd], [a].[NormalizedEmail], [a].[NormalizedUserName], [a].[PasswordHash], [a].[PhoneNumber], [a].[PhoneNumberConfirmed], [a].[Role], [a].[SecurityStamp], [a].[TwoFactorEnabled], [a].[UserName]
FROM [AspNetUsers] AS [a]
WHERE [a].[NormalizedUserName] = @normalizedUserName
2026-03-17 11:16:17.914 +05:30 [INF] Executed DbCommand (8ms) [Parameters=[@user_Id='?' (Size = 450)], CommandType='"Text"', CommandTimeout='30']
SELECT [a].[Id], [a].[ClaimType], [a].[ClaimValue], [a].[UserId]
FROM [AspNetUserClaims] AS [a]
WHERE [a].[UserId] = @user_Id
2026-03-17 11:16:17.941 +05:30 [INF] Executed DbCommand (9ms) [Parameters=[@userId='?' (Size = 450)], CommandType='"Text"', CommandTimeout='30']
SELECT [a0].[Name]
FROM [AspNetUserRoles] AS [a]
INNER JOIN [AspNetRoles] AS [a0] ON [a].[RoleId] = [a0].[Id]
WHERE [a].[UserId] = @userId
2026-03-17 11:16:17.968 +05:30 [INF] Executed DbCommand (11ms) [Parameters=[@normalizedName='?' (Size = 256)], CommandType='"Text"', CommandTimeout='30']
SELECT TOP(1) [a].[Id], [a].[ConcurrencyStamp], [a].[Name], [a].[NormalizedName]
FROM [AspNetRoles] AS [a]
WHERE [a].[NormalizedName] = @normalizedName
2026-03-17 11:16:17.993 +05:30 [INF] Executed DbCommand (6ms) [Parameters=[@role_Id='?' (Size = 450)], CommandType='"Text"', CommandTimeout='30']
SELECT [a].[ClaimType], [a].[ClaimValue]
FROM [AspNetRoleClaims] AS [a]
WHERE [a].[RoleId] = @role_Id
2026-03-17 11:16:18.004 +05:30 [INF] AuthenticationScheme: Identity.Application signed in.
2026-03-17 11:16:18.037 +05:30 [INF] Executed DbCommand (23ms) [Parameters=[@p0='?' (Size = 4000), @p1='?' (Size = 4000), @p2='?' (Size = 4000), @p3='?' (Size = 4000), @p4='?' (Size = 4000), @p5='?' (Size = 4000), @p6='?' (DbType = DateTime2), @p7='?' (Size = 450)], CommandType='"Text"', CommandTimeout='30']
SET IMPLICIT_TRANSACTIONS OFF;
SET NOCOUNT ON;
INSERT INTO [AuditLogs] ([Action], [EntityId], [EntityType], [IPAddress], [NewValues], [OldValues], [Timestamp], [UserId])
OUTPUT INSERTED.[LogId]
VALUES (@p0, @p1, @p2, @p3, @p4, @p5, @p6, @p7);
2026-03-17 11:16:18.052 +05:30 [INF] Executing RedirectResult, redirecting to /Family/Dashboard.
2026-03-17 11:16:18.056 +05:30 [INF] Executed action PrisonerPortal.Controllers.AccountController.Login (PrisonerPortal) in 536.5393ms
2026-03-17 11:16:18.066 +05:30 [INF] Executed endpoint 'PrisonerPortal.Controllers.AccountController.Login (PrisonerPortal)'
2026-03-17 11:16:18.070 +05:30 [INF] Request finished HTTP/1.1 POST http://localhost:5050/ - 302 0 null 597.819ms
2026-03-17 11:16:18.091 +05:30 [INF] Request starting HTTP/1.1 GET http://localhost:5050/Family/Dashboard - null null
2026-03-17 11:16:18.108 +05:30 [INF] Executing endpoint 'PrisonerPortal.Controllers.FamilyController.Dashboard (PrisonerPortal)'
2026-03-17 11:16:18.134 +05:30 [INF] Route matched with {action = "Dashboard", controller = "Family"}. Executing controller action with signature System.Threading.Tasks.Task`1[Microsoft.AspNetCore.Mvc.IActionResult] Dashboard() on controller PrisonerPortal.Controllers.FamilyController (PrisonerPortal).
2026-03-17 11:16:18.249 +05:30 [INF] Executed DbCommand (5ms) [Parameters=[@p='?' (Size = 450)], CommandType='"Text"', CommandTimeout='30']
SELECT TOP(1) [a].[Id], [a].[AccessFailedCount], [a].[Address], [a].[ConcurrencyStamp], [a].[CreatedAt], [a].[Email], [a].[EmailConfirmed], [a].[FullName], [a].[IsActive], [a].[LockoutEnabled], [a].[LockoutEnd], [a].[NormalizedEmail], [a].[NormalizedUserName], [a].[PasswordHash], [a].[PhoneNumber], [a].[PhoneNumberConfirmed], [a].[Role], [a].[SecurityStamp], [a].[TwoFactorEnabled], [a].[UserName]
FROM [AspNetUsers] AS [a]
WHERE [a].[Id] = @p
2026-03-17 11:16:18.255 +05:30 [INF] Request starting HTTP/1.1 POST http://localhost:5050/ - application/x-www-form-urlencoded 264
2026-03-17 11:16:18.287 +05:30 [INF] Executing endpoint 'PrisonerPortal.Controllers.AccountController.Login (PrisonerPortal)'
2026-03-17 11:16:18.300 +05:30 [INF] Route matched with {action = "Login", controller = "Account"}. Executing controller action with signature System.Threading.Tasks.Task`1[Microsoft.AspNetCore.Mvc.IActionResult] Login(PrisonerPortal.Models.ViewModels.LoginViewModel) on controller PrisonerPortal.Controllers.AccountController (PrisonerPortal).
2026-03-17 11:16:18.318 +05:30 [INF] Antiforgery token validation failed. The provided antiforgery token was meant for a different claims-based user than the current user.
Microsoft.AspNetCore.Antiforgery.AntiforgeryValidationException: The provided antiforgery token was meant for a different claims-based user than the current user.
   at Microsoft.AspNetCore.Antiforgery.DefaultAntiforgery.ValidateTokens(HttpContext httpContext, AntiforgeryTokenSet antiforgeryTokenSet)
   at Microsoft.AspNetCore.Antiforgery.DefaultAntiforgery.ValidateRequestAsync(HttpContext httpContext)
   at Microsoft.AspNetCore.Mvc.ViewFeatures.Filters.ValidateAntiforgeryTokenAuthorizationFilter.OnAuthorizationAsync(AuthorizationFilterContext context)
2026-03-17 11:16:18.367 +05:30 [INF] Authorization failed for the request at filter 'Microsoft.AspNetCore.Mvc.ViewFeatures.Filters.ValidateAntiforgeryTokenAuthorizationFilter'.
2026-03-17 11:16:18.394 +05:30 [INF] Executing StatusCodeResult, setting HTTP status code 400
2026-03-17 11:16:18.402 +05:30 [INF] Executed action PrisonerPortal.Controllers.AccountController.Login (PrisonerPortal) in 87.1912ms
2026-03-17 11:16:18.409 +05:30 [INF] Executed endpoint 'PrisonerPortal.Controllers.AccountController.Login (PrisonerPortal)'
2026-03-17 11:16:18.417 +05:30 [INF] Request finished HTTP/1.1 POST http://localhost:5050/ - 400 0 null 162.6187ms
2026-03-17 11:16:18.433 +05:30 [INF] Executed DbCommand (20ms) [Parameters=[@userId='?' (Size = 450)], CommandType='"Text"', CommandTimeout='30']
SELECT [f].[LinkId], [f].[IsVerified], [f].[LinkedAt], [f].[PrisonerId], [f].[Relationship], [f].[UserId], [f].[VerifiedByAdminId], [p].[PrisonerId], [p].[CaseNumber], [p].[CellBlock], [p].[CellNumber], [p].[CreatedAt], [p].[CrimeCategory], [p].[DateOfBirth], [p].[FullName], [p].[Gender], [p].[PrisonerCode], [p].[SentenceEndDate], [p].[SentenceStartDate], [p].[Status], [p].[UpdatedAt]
FROM [FamilyPrisonerLinks] AS [f]
INNER JOIN [Prisoners] AS [p] ON [f].[PrisonerId] = [p].[PrisonerId]
WHERE [f].[UserId] = @userId AND [f].[IsVerified] = CAST(1 AS bit)
2026-03-17 11:16:18.625 +05:30 [INF] Executed DbCommand (19ms) [Parameters=[@userId='?' (Size = 450)], CommandType='"Text"', CommandTimeout='30']
SELECT [a].[AppointmentId], [a].[AdminNotes], [a].[AppointmentCode], [a].[BookedAt], [a].[NumVisitors], [a].[PrisonerId], [a].[Purpose], [a].[RejectionReason], [a].[SlotId], [a].[Status], [a].[UpdatedAt], [a].[UserId], [a].[VisitorNames], [p].[PrisonerId], [p].[CaseNumber], [p].[CellBlock], [p].[CellNumber], [p].[CreatedAt], [p].[CrimeCategory], [p].[DateOfBirth], [p].[FullName], [p].[Gender], [p].[PrisonerCode], [p].[SentenceEndDate], [p].[SentenceStartDate], [p].[Status], [p].[UpdatedAt], [v].[SlotId], [v].[CreatedAt], [v].[CreatedByAdminId], [v].[CurrentBookings], [v].[EndTime], [v].[IsActive], [v].[MaxCapacity], [v].[SlotDate], [v].[StartTime]
FROM [Appointments] AS [a]
INNER JOIN [Prisoners] AS [p] ON [a].[PrisonerId] = [p].[PrisonerId]
INNER JOIN [VisitSlots] AS [v] ON [a].[SlotId] = [v].[SlotId]
WHERE [a].[UserId] = @userId
ORDER BY [a].[BookedAt] DESC
2026-03-17 11:16:18.739 +05:30 [INF] Executed DbCommand (10ms) [Parameters=[@userId='?' (Size = 450)], CommandType='"Text"', CommandTimeout='30']
SELECT [s].[RequestId], [s].[AdminResponse], [s].[AssignedAdminId], [s].[Category], [s].[CreatedAt], [s].[Description], [s].[Priority], [s].[PrisonerId], [s].[RequestCode], [s].[ResolvedAt], [s].[Status], [s].[Subject], [s].[UpdatedAt], [s].[UserId], [p].[PrisonerId], [p].[CaseNumber], [p].[CellBlock], [p].[CellNumber], [p].[CreatedAt], [p].[CrimeCategory], [p].[DateOfBirth], [p].[FullName], [p].[Gender], [p].[PrisonerCode], [p].[SentenceEndDate], [p].[SentenceStartDate], [p].[Status], [p].[UpdatedAt]
FROM [SupportRequests] AS [s]
INNER JOIN [Prisoners] AS [p] ON [s].[PrisonerId] = [p].[PrisonerId]
WHERE [s].[UserId] = @userId
ORDER BY [s].[CreatedAt] DESC
2026-03-17 11:16:18.786 +05:30 [INF] Executing ViewResult, running view Dashboard.
2026-03-17 11:16:18.915 +05:30 [INF] Executed ViewResult - view Dashboard executed in 133.234ms.
2026-03-17 11:16:18.926 +05:30 [INF] Executed action PrisonerPortal.Controllers.FamilyController.Dashboard (PrisonerPortal) in 780.6418ms
2026-03-17 11:16:18.930 +05:30 [INF] Executed endpoint 'PrisonerPortal.Controllers.FamilyController.Dashboard (PrisonerPortal)'
2026-03-17 11:16:18.935 +05:30 [INF] Request finished HTTP/1.1 GET http://localhost:5050/Family/Dashboard - 200 null text/html; charset=utf-8 844.8894ms
2026-03-17 11:25:25.095 +05:30 [INF] User profile is available. Using 'C:\Users\HP\AppData\Local\ASP.NET\DataProtection-Keys' as key repository and Windows DPAPI to encrypt keys at rest.
2026-03-17 11:25:27.096 +05:30 [INF] Executed DbCommand (52ms) [Parameters=[], CommandType='"Text"', CommandTimeout='30']
SELECT 1
2026-03-17 11:25:27.148 +05:30 [INF] Acquiring an exclusive lock for migration application. See https://aka.ms/efcore-docs-migrations-lock for more information if this takes too long.
2026-03-17 11:25:27.243 +05:30 [INF] Executed DbCommand (80ms) [Parameters=[], CommandType='"Text"', CommandTimeout='30']
DECLARE @result int;
EXEC @result = sp_getapplock @Resource = '__EFMigrationsLock', @LockOwner = 'Session', @LockMode = 'Exclusive';
SELECT @result
2026-03-17 11:25:27.413 +05:30 [INF] Executed DbCommand (17ms) [Parameters=[], CommandType='"Text"', CommandTimeout='30']
IF OBJECT_ID(N'[__EFMigrationsHistory]') IS NULL
BEGIN
    CREATE TABLE [__EFMigrationsHistory] (
        [MigrationId] nvarchar(150) NOT NULL,
        [ProductVersion] nvarchar(32) NOT NULL,
        CONSTRAINT [PK___EFMigrationsHistory] PRIMARY KEY ([MigrationId])
    );
END;
2026-03-17 11:25:27.476 +05:30 [INF] Executed DbCommand (1ms) [Parameters=[], CommandType='"Text"', CommandTimeout='30']
SELECT 1
2026-03-17 11:25:27.500 +05:30 [INF] Executed DbCommand (2ms) [Parameters=[], CommandType='"Text"', CommandTimeout='30']
SELECT OBJECT_ID(N'[__EFMigrationsHistory]');
2026-03-17 11:25:27.589 +05:30 [INF] Executed DbCommand (54ms) [Parameters=[], CommandType='"Text"', CommandTimeout='30']
SELECT [MigrationId], [ProductVersion]
FROM [__EFMigrationsHistory]
ORDER BY [MigrationId];
2026-03-17 11:25:27.646 +05:30 [INF] No migrations were applied. The database is already up to date.
2026-03-17 11:25:27.670 +05:30 [INF] Executed DbCommand (6ms) [Parameters=[], CommandType='"Text"', CommandTimeout='30']
DECLARE @result int;
EXEC @result = sp_releaseapplock @Resource = '__EFMigrationsLock', @LockOwner = 'Session';
SELECT @result
2026-03-17 11:25:28.269 +05:30 [INF] Executed DbCommand (57ms) [Parameters=[@normalizedName='?' (Size = 256)], CommandType='"Text"', CommandTimeout='30']
SELECT TOP(1) [a].[Id], [a].[ConcurrencyStamp], [a].[Name], [a].[NormalizedName]
FROM [AspNetRoles] AS [a]
WHERE [a].[NormalizedName] = @normalizedName
2026-03-17 11:25:28.406 +05:30 [INF] Executed DbCommand (1ms) [Parameters=[@normalizedName='?' (Size = 256)], CommandType='"Text"', CommandTimeout='30']
SELECT TOP(1) [a].[Id], [a].[ConcurrencyStamp], [a].[Name], [a].[NormalizedName]
FROM [AspNetRoles] AS [a]
WHERE [a].[NormalizedName] = @normalizedName
2026-03-17 11:25:28.512 +05:30 [INF] Executed DbCommand (36ms) [Parameters=[@normalizedEmail='?' (Size = 256)], CommandType='"Text"', CommandTimeout='30']
SELECT TOP(2) [a].[Id], [a].[AccessFailedCount], [a].[Address], [a].[ConcurrencyStamp], [a].[CreatedAt], [a].[Email], [a].[EmailConfirmed], [a].[FullName], [a].[IsActive], [a].[LockoutEnabled], [a].[LockoutEnd], [a].[NormalizedEmail], [a].[NormalizedUserName], [a].[PasswordHash], [a].[PhoneNumber], [a].[PhoneNumberConfirmed], [a].[Role], [a].[SecurityStamp], [a].[TwoFactorEnabled], [a].[UserName]
FROM [AspNetUsers] AS [a]
WHERE [a].[NormalizedEmail] = @normalizedEmail
2026-03-17 11:25:28.644 +05:30 [INF] Executed DbCommand (2ms) [Parameters=[@normalizedEmail='?' (Size = 256)], CommandType='"Text"', CommandTimeout='30']
SELECT TOP(2) [a].[Id], [a].[AccessFailedCount], [a].[Address], [a].[ConcurrencyStamp], [a].[CreatedAt], [a].[Email], [a].[EmailConfirmed], [a].[FullName], [a].[IsActive], [a].[LockoutEnabled], [a].[LockoutEnd], [a].[NormalizedEmail], [a].[NormalizedUserName], [a].[PasswordHash], [a].[PhoneNumber], [a].[PhoneNumberConfirmed], [a].[Role], [a].[SecurityStamp], [a].[TwoFactorEnabled], [a].[UserName]
FROM [AspNetUsers] AS [a]
WHERE [a].[NormalizedEmail] = @normalizedEmail
2026-03-17 11:25:28.769 +05:30 [INF] Executed DbCommand (18ms) [Parameters=[], CommandType='"Text"', CommandTimeout='30']
SELECT CASE
    WHEN EXISTS (
        SELECT 1
        FROM [Prisoners] AS [p]) THEN CAST(1 AS bit)
    ELSE CAST(0 AS bit)
END
2026-03-17 11:25:28.791 +05:30 [INF] Executed DbCommand (3ms) [Parameters=[@normalizedEmail='?' (Size = 256)], CommandType='"Text"', CommandTimeout='30']
SELECT TOP(2) [a].[Id], [a].[AccessFailedCount], [a].[Address], [a].[ConcurrencyStamp], [a].[CreatedAt], [a].[Email], [a].[EmailConfirmed], [a].[FullName], [a].[IsActive], [a].[LockoutEnabled], [a].[LockoutEnd], [a].[NormalizedEmail], [a].[NormalizedUserName], [a].[PasswordHash], [a].[PhoneNumber], [a].[PhoneNumberConfirmed], [a].[Role], [a].[SecurityStamp], [a].[TwoFactorEnabled], [a].[UserName]
FROM [AspNetUsers] AS [a]
WHERE [a].[NormalizedEmail] = @normalizedEmail
2026-03-17 11:25:28.848 +05:30 [INF] Executed DbCommand (7ms) [Parameters=[], CommandType='"Text"', CommandTimeout='30']
SELECT CASE
    WHEN EXISTS (
        SELECT 1
        FROM [VisitSlots] AS [v]) THEN CAST(1 AS bit)
    ELSE CAST(0 AS bit)
END
2026-03-17 11:25:28.963 +05:30 [INF] ✅ Database ready and seeded.
2026-03-17 11:25:28.981 +05:30 [INF] ✅ App running at http://localhost:5050
2026-03-17 11:25:28.985 +05:30 [INF] ✅ Login: admin@prisonerportal.gov / Admin@123!
2026-03-17 11:25:29.316 +05:30 [INF] Now listening on: http://localhost:5050
2026-03-17 11:25:29.332 +05:30 [INF] Application started. Press Ctrl+C to shut down.
2026-03-17 11:25:29.342 +05:30 [INF] Hosting environment: Development
2026-03-17 11:25:29.350 +05:30 [INF] Content root path: C:\Users\HP\Desktop\Adarsh Yadav Project\PrisonerPortal
2026-03-17 11:25:29.597 +05:30 [INF] Request starting HTTP/1.1 GET http://localhost:5050/Account/Login - null null
2026-03-17 11:25:30.006 +05:30 [INF] Executing endpoint 'PrisonerPortal.Controllers.AccountController.Login (PrisonerPortal)'
2026-03-17 11:25:30.071 +05:30 [INF] Route matched with {action = "Login", controller = "Account"}. Executing controller action with signature Microsoft.AspNetCore.Mvc.IActionResult Login() on controller PrisonerPortal.Controllers.AccountController (PrisonerPortal).
2026-03-17 11:25:30.159 +05:30 [INF] Executing RedirectResult, redirecting to /Family/Dashboard.
2026-03-17 11:25:30.201 +05:30 [INF] Executed action PrisonerPortal.Controllers.AccountController.Login (PrisonerPortal) in 84.4819ms
2026-03-17 11:25:30.217 +05:30 [INF] Executed endpoint 'PrisonerPortal.Controllers.AccountController.Login (PrisonerPortal)'
2026-03-17 11:25:30.263 +05:30 [INF] Request finished HTTP/1.1 GET http://localhost:5050/Account/Login - 302 0 null 674.3173ms
2026-03-17 11:25:30.292 +05:30 [INF] Request starting HTTP/1.1 GET http://localhost:5050/Family/Dashboard - null null
2026-03-17 11:25:30.375 +05:30 [INF] Executing endpoint 'PrisonerPortal.Controllers.FamilyController.Dashboard (PrisonerPortal)'
2026-03-17 11:25:30.430 +05:30 [INF] Route matched with {action = "Dashboard", controller = "Family"}. Executing controller action with signature System.Threading.Tasks.Task`1[Microsoft.AspNetCore.Mvc.IActionResult] Dashboard() on controller PrisonerPortal.Controllers.FamilyController (PrisonerPortal).
2026-03-17 11:25:30.829 +05:30 [INF] Executed DbCommand (7ms) [Parameters=[@p='?' (Size = 450)], CommandType='"Text"', CommandTimeout='30']
SELECT TOP(1) [a].[Id], [a].[AccessFailedCount], [a].[Address], [a].[ConcurrencyStamp], [a].[CreatedAt], [a].[Email], [a].[EmailConfirmed], [a].[FullName], [a].[IsActive], [a].[LockoutEnabled], [a].[LockoutEnd], [a].[NormalizedEmail], [a].[NormalizedUserName], [a].[PasswordHash], [a].[PhoneNumber], [a].[PhoneNumberConfirmed], [a].[Role], [a].[SecurityStamp], [a].[TwoFactorEnabled], [a].[UserName]
FROM [AspNetUsers] AS [a]
WHERE [a].[Id] = @p
2026-03-17 11:25:31.182 +05:30 [INF] Executed DbCommand (27ms) [Parameters=[@userId='?' (Size = 450)], CommandType='"Text"', CommandTimeout='30']
SELECT [f].[LinkId], [f].[IsVerified], [f].[LinkedAt], [f].[PrisonerId], [f].[Relationship], [f].[UserId], [f].[VerifiedByAdminId], [p].[PrisonerId], [p].[CaseNumber], [p].[CellBlock], [p].[CellNumber], [p].[CreatedAt], [p].[CrimeCategory], [p].[DateOfBirth], [p].[FullName], [p].[Gender], [p].[PrisonerCode], [p].[SentenceEndDate], [p].[SentenceStartDate], [p].[Status], [p].[UpdatedAt]
FROM [FamilyPrisonerLinks] AS [f]
INNER JOIN [Prisoners] AS [p] ON [f].[PrisonerId] = [p].[PrisonerId]
WHERE [f].[UserId] = @userId AND [f].[IsVerified] = CAST(1 AS bit)
2026-03-17 11:25:31.428 +05:30 [INF] Executed DbCommand (32ms) [Parameters=[@userId='?' (Size = 450)], CommandType='"Text"', CommandTimeout='30']
SELECT [a].[AppointmentId], [a].[AdminNotes], [a].[AppointmentCode], [a].[BookedAt], [a].[NumVisitors], [a].[PrisonerId], [a].[Purpose], [a].[RejectionReason], [a].[SlotId], [a].[Status], [a].[UpdatedAt], [a].[UserId], [a].[VisitorNames], [p].[PrisonerId], [p].[CaseNumber], [p].[CellBlock], [p].[CellNumber], [p].[CreatedAt], [p].[CrimeCategory], [p].[DateOfBirth], [p].[FullName], [p].[Gender], [p].[PrisonerCode], [p].[SentenceEndDate], [p].[SentenceStartDate], [p].[Status], [p].[UpdatedAt], [v].[SlotId], [v].[CreatedAt], [v].[CreatedByAdminId], [v].[CurrentBookings], [v].[EndTime], [v].[IsActive], [v].[MaxCapacity], [v].[SlotDate], [v].[StartTime]
FROM [Appointments] AS [a]
INNER JOIN [Prisoners] AS [p] ON [a].[PrisonerId] = [p].[PrisonerId]
INNER JOIN [VisitSlots] AS [v] ON [a].[SlotId] = [v].[SlotId]
WHERE [a].[UserId] = @userId
ORDER BY [a].[BookedAt] DESC
2026-03-17 11:25:31.622 +05:30 [INF] Executed DbCommand (32ms) [Parameters=[@userId='?' (Size = 450)], CommandType='"Text"', CommandTimeout='30']
SELECT [s].[RequestId], [s].[AdminResponse], [s].[AssignedAdminId], [s].[Category], [s].[CreatedAt], [s].[Description], [s].[Priority], [s].[PrisonerId], [s].[RequestCode], [s].[ResolvedAt], [s].[Status], [s].[Subject], [s].[UpdatedAt], [s].[UserId], [p].[PrisonerId], [p].[CaseNumber], [p].[CellBlock], [p].[CellNumber], [p].[CreatedAt], [p].[CrimeCategory], [p].[DateOfBirth], [p].[FullName], [p].[Gender], [p].[PrisonerCode], [p].[SentenceEndDate], [p].[SentenceStartDate], [p].[Status], [p].[UpdatedAt]
FROM [SupportRequests] AS [s]
INNER JOIN [Prisoners] AS [p] ON [s].[PrisonerId] = [p].[PrisonerId]
WHERE [s].[UserId] = @userId
ORDER BY [s].[CreatedAt] DESC
2026-03-17 11:25:31.835 +05:30 [INF] Executing ViewResult, running view Dashboard.
2026-03-17 11:25:45.910 +05:30 [INF] Executed ViewResult - view Dashboard executed in 14121.427ms.
2026-03-17 11:25:45.928 +05:30 [INF] Executed action PrisonerPortal.Controllers.FamilyController.Dashboard (PrisonerPortal) in 15478.2522ms
2026-03-17 11:25:45.945 +05:30 [INF] Executed endpoint 'PrisonerPortal.Controllers.FamilyController.Dashboard (PrisonerPortal)'
2026-03-17 11:25:45.996 +05:30 [INF] Request finished HTTP/1.1 GET http://localhost:5050/Family/Dashboard - 200 null text/html; charset=utf-8 15704.2581ms
2026-03-17 11:25:46.027 +05:30 [INF] Request starting HTTP/1.1 GET http://localhost:5050/css/site.css?v=seqgy2E8WqM9es2uSck3zZTeEFYFhxuxOBVvoD-ron0 - null null
2026-03-17 11:25:46.028 +05:30 [INF] Request starting HTTP/1.1 GET http://localhost:5050/css/components.css?v=elf4DFhCVIE8d9eGP2egurRhUBwkdM7IqUaeO1X2ZPo - null null
2026-03-17 11:25:46.078 +05:30 [INF] The file /css/site.css was not modified
2026-03-17 11:25:46.078 +05:30 [INF] The file /css/components.css was not modified
2026-03-17 11:25:46.095 +05:30 [INF] Request finished HTTP/1.1 GET http://localhost:5050/css/site.css?v=seqgy2E8WqM9es2uSck3zZTeEFYFhxuxOBVvoD-ron0 - 304 null text/css 67.4475ms
2026-03-17 11:25:46.101 +05:30 [INF] Request finished HTTP/1.1 GET http://localhost:5050/css/components.css?v=elf4DFhCVIE8d9eGP2egurRhUBwkdM7IqUaeO1X2ZPo - 304 null text/css 72.3798ms
2026-03-17 11:25:46.192 +05:30 [INF] Request starting HTTP/1.1 GET http://localhost:5050/js/site.js?v=zIkpxiSb20xI1GzbX49ogguRCWNfYaxVh_KTD9brSds - null null
2026-03-17 11:25:46.216 +05:30 [INF] The file /js/site.js was not modified
2026-03-17 11:25:46.232 +05:30 [INF] Request finished HTTP/1.1 GET http://localhost:5050/js/site.js?v=zIkpxiSb20xI1GzbX49ogguRCWNfYaxVh_KTD9brSds - 304 null text/javascript 39.8315ms
2026-03-17 11:25:46.873 +05:30 [INF] Request starting HTTP/1.1 GET http://localhost:5050/Notifications/GetUnreadCount - null null
2026-03-17 11:25:47.000 +05:30 [INF] Executing endpoint 'PrisonerPortal.Controllers.NotificationsController.GetUnreadCount (PrisonerPortal)'
2026-03-17 11:25:47.016 +05:30 [INF] Route matched with {action = "GetUnreadCount", controller = "Notifications"}. Executing controller action with signature Microsoft.AspNetCore.Mvc.IActionResult GetUnreadCount() on controller PrisonerPortal.Controllers.NotificationsController (PrisonerPortal).
2026-03-17 11:25:47.468 +05:30 [INF] Executed DbCommand (26ms) [Parameters=[@userId='?' (Size = 450)], CommandType='"Text"', CommandTimeout='30']
SELECT COUNT(*)
FROM [Notifications] AS [n]
WHERE [n].[UserId] = @userId AND [n].[IsRead] = CAST(0 AS bit)
2026-03-17 11:25:47.513 +05:30 [INF] Executing JsonResult, writing value of type '<>f__AnonymousType1`1[[System.Int32, System.Private.CoreLib, Version=10.0.0.0, Culture=neutral, PublicKeyToken=7cec85d7bea7798e]]'.
2026-03-17 11:25:47.697 +05:30 [INF] Executed action PrisonerPortal.Controllers.NotificationsController.GetUnreadCount (PrisonerPortal) in 660.9086ms
2026-03-17 11:25:47.708 +05:30 [INF] Executed endpoint 'PrisonerPortal.Controllers.NotificationsController.GetUnreadCount (PrisonerPortal)'
2026-03-17 11:25:47.713 +05:30 [INF] Request finished HTTP/1.1 GET http://localhost:5050/Notifications/GetUnreadCount - 200 null application/json; charset=utf-8 839.7773ms
2026-03-17 11:26:02.517 +05:30 [INF] Request starting HTTP/1.1 GET http://localhost:5050/Account/Login - null null
2026-03-17 11:26:02.552 +05:30 [INF] Executing endpoint 'PrisonerPortal.Controllers.AccountController.Login (PrisonerPortal)'
2026-03-17 11:26:02.560 +05:30 [INF] Route matched with {action = "Login", controller = "Account"}. Executing controller action with signature Microsoft.AspNetCore.Mvc.IActionResult Login() on controller PrisonerPortal.Controllers.AccountController (PrisonerPortal).
2026-03-17 11:26:02.589 +05:30 [INF] Executing RedirectResult, redirecting to /Family/Dashboard.
2026-03-17 11:26:02.599 +05:30 [INF] Executed action PrisonerPortal.Controllers.AccountController.Login (PrisonerPortal) in 25.5167ms
2026-03-17 11:26:02.609 +05:30 [INF] Executed endpoint 'PrisonerPortal.Controllers.AccountController.Login (PrisonerPortal)'
2026-03-17 11:26:02.630 +05:30 [INF] Request finished HTTP/1.1 GET http://localhost:5050/Account/Login - 302 0 null 112.5125ms
2026-03-17 11:26:02.671 +05:30 [INF] Request starting HTTP/1.1 GET http://localhost:5050/Family/Dashboard - null null
2026-03-17 11:26:02.743 +05:30 [INF] Executing endpoint 'PrisonerPortal.Controllers.FamilyController.Dashboard (PrisonerPortal)'
2026-03-17 11:26:02.755 +05:30 [INF] Route matched with {action = "Dashboard", controller = "Family"}. Executing controller action with signature System.Threading.Tasks.Task`1[Microsoft.AspNetCore.Mvc.IActionResult] Dashboard() on controller PrisonerPortal.Controllers.FamilyController (PrisonerPortal).
2026-03-17 11:26:02.828 +05:30 [INF] Executed DbCommand (8ms) [Parameters=[@p='?' (Size = 450)], CommandType='"Text"', CommandTimeout='30']
SELECT TOP(1) [a].[Id], [a].[AccessFailedCount], [a].[Address], [a].[ConcurrencyStamp], [a].[CreatedAt], [a].[Email], [a].[EmailConfirmed], [a].[FullName], [a].[IsActive], [a].[LockoutEnabled], [a].[LockoutEnd], [a].[NormalizedEmail], [a].[NormalizedUserName], [a].[PasswordHash], [a].[PhoneNumber], [a].[PhoneNumberConfirmed], [a].[Role], [a].[SecurityStamp], [a].[TwoFactorEnabled], [a].[UserName]
FROM [AspNetUsers] AS [a]
WHERE [a].[Id] = @p
2026-03-17 11:26:02.883 +05:30 [INF] Executed DbCommand (28ms) [Parameters=[@userId='?' (Size = 450)], CommandType='"Text"', CommandTimeout='30']
SELECT [f].[LinkId], [f].[IsVerified], [f].[LinkedAt], [f].[PrisonerId], [f].[Relationship], [f].[UserId], [f].[VerifiedByAdminId], [p].[PrisonerId], [p].[CaseNumber], [p].[CellBlock], [p].[CellNumber], [p].[CreatedAt], [p].[CrimeCategory], [p].[DateOfBirth], [p].[FullName], [p].[Gender], [p].[PrisonerCode], [p].[SentenceEndDate], [p].[SentenceStartDate], [p].[Status], [p].[UpdatedAt]
FROM [FamilyPrisonerLinks] AS [f]
INNER JOIN [Prisoners] AS [p] ON [f].[PrisonerId] = [p].[PrisonerId]
WHERE [f].[UserId] = @userId AND [f].[IsVerified] = CAST(1 AS bit)
2026-03-17 11:26:02.943 +05:30 [INF] Executed DbCommand (37ms) [Parameters=[@userId='?' (Size = 450)], CommandType='"Text"', CommandTimeout='30']
SELECT [a].[AppointmentId], [a].[AdminNotes], [a].[AppointmentCode], [a].[BookedAt], [a].[NumVisitors], [a].[PrisonerId], [a].[Purpose], [a].[RejectionReason], [a].[SlotId], [a].[Status], [a].[UpdatedAt], [a].[UserId], [a].[VisitorNames], [p].[PrisonerId], [p].[CaseNumber], [p].[CellBlock], [p].[CellNumber], [p].[CreatedAt], [p].[CrimeCategory], [p].[DateOfBirth], [p].[FullName], [p].[Gender], [p].[PrisonerCode], [p].[SentenceEndDate], [p].[SentenceStartDate], [p].[Status], [p].[UpdatedAt], [v].[SlotId], [v].[CreatedAt], [v].[CreatedByAdminId], [v].[CurrentBookings], [v].[EndTime], [v].[IsActive], [v].[MaxCapacity], [v].[SlotDate], [v].[StartTime]
FROM [Appointments] AS [a]
INNER JOIN [Prisoners] AS [p] ON [a].[PrisonerId] = [p].[PrisonerId]
INNER JOIN [VisitSlots] AS [v] ON [a].[SlotId] = [v].[SlotId]
WHERE [a].[UserId] = @userId
ORDER BY [a].[BookedAt] DESC
2026-03-17 11:26:03.014 +05:30 [INF] Executed DbCommand (45ms) [Parameters=[@userId='?' (Size = 450)], CommandType='"Text"', CommandTimeout='30']
SELECT [s].[RequestId], [s].[AdminResponse], [s].[AssignedAdminId], [s].[Category], [s].[CreatedAt], [s].[Description], [s].[Priority], [s].[PrisonerId], [s].[RequestCode], [s].[ResolvedAt], [s].[Status], [s].[Subject], [s].[UpdatedAt], [s].[UserId], [p].[PrisonerId], [p].[CaseNumber], [p].[CellBlock], [p].[CellNumber], [p].[CreatedAt], [p].[CrimeCategory], [p].[DateOfBirth], [p].[FullName], [p].[Gender], [p].[PrisonerCode], [p].[SentenceEndDate], [p].[SentenceStartDate], [p].[Status], [p].[UpdatedAt]
FROM [SupportRequests] AS [s]
INNER JOIN [Prisoners] AS [p] ON [s].[PrisonerId] = [p].[PrisonerId]
WHERE [s].[UserId] = @userId
ORDER BY [s].[CreatedAt] DESC
2026-03-17 11:26:03.042 +05:30 [INF] Executing ViewResult, running view Dashboard.
2026-03-17 11:26:03.095 +05:30 [INF] Executed ViewResult - view Dashboard executed in 54.0914ms.
2026-03-17 11:26:03.109 +05:30 [INF] Executed action PrisonerPortal.Controllers.FamilyController.Dashboard (PrisonerPortal) in 334.7683ms
2026-03-17 11:26:03.123 +05:30 [INF] Executed endpoint 'PrisonerPortal.Controllers.FamilyController.Dashboard (PrisonerPortal)'
2026-03-17 11:26:03.138 +05:30 [INF] Request finished HTTP/1.1 GET http://localhost:5050/Family/Dashboard - 200 null text/html; charset=utf-8 467.1415ms
2026-03-17 11:26:03.585 +05:30 [INF] Request starting HTTP/1.1 GET http://localhost:5050/Notifications/GetUnreadCount - null null
2026-03-17 11:26:03.616 +05:30 [INF] Executing endpoint 'PrisonerPortal.Controllers.NotificationsController.GetUnreadCount (PrisonerPortal)'
2026-03-17 11:26:03.621 +05:30 [INF] Route matched with {action = "GetUnreadCount", controller = "Notifications"}. Executing controller action with signature Microsoft.AspNetCore.Mvc.IActionResult GetUnreadCount() on controller PrisonerPortal.Controllers.NotificationsController (PrisonerPortal).
2026-03-17 11:26:03.640 +05:30 [INF] Executed DbCommand (2ms) [Parameters=[@userId='?' (Size = 450)], CommandType='"Text"', CommandTimeout='30']
SELECT COUNT(*)
FROM [Notifications] AS [n]
WHERE [n].[UserId] = @userId AND [n].[IsRead] = CAST(0 AS bit)
2026-03-17 11:26:03.666 +05:30 [INF] Executing JsonResult, writing value of type '<>f__AnonymousType1`1[[System.Int32, System.Private.CoreLib, Version=10.0.0.0, Culture=neutral, PublicKeyToken=7cec85d7bea7798e]]'.
2026-03-17 11:26:03.673 +05:30 [INF] Executed action PrisonerPortal.Controllers.NotificationsController.GetUnreadCount (PrisonerPortal) in 38.2005ms
2026-03-17 11:26:03.687 +05:30 [INF] Executed endpoint 'PrisonerPortal.Controllers.NotificationsController.GetUnreadCount (PrisonerPortal)'
2026-03-17 11:26:03.699 +05:30 [INF] Request finished HTTP/1.1 GET http://localhost:5050/Notifications/GetUnreadCount - 200 null application/json; charset=utf-8 113.4333ms
2026-03-17 11:26:10.801 +05:30 [INF] Request starting HTTP/1.1 GET http://localhost:5050/Family/BookVisit - null null
2026-03-17 11:26:10.823 +05:30 [INF] Executing endpoint 'PrisonerPortal.Controllers.FamilyController.BookVisit (PrisonerPortal)'
2026-03-17 11:26:10.889 +05:30 [INF] Route matched with {action = "BookVisit", controller = "Family"}. Executing controller action with signature System.Threading.Tasks.Task`1[Microsoft.AspNetCore.Mvc.IActionResult] BookVisit(System.Nullable`1[System.Int32]) on controller PrisonerPortal.Controllers.FamilyController (PrisonerPortal).
2026-03-17 11:26:10.949 +05:30 [INF] Executed DbCommand (2ms) [Parameters=[@p='?' (Size = 450)], CommandType='"Text"', CommandTimeout='30']
SELECT TOP(1) [a].[Id], [a].[AccessFailedCount], [a].[Address], [a].[ConcurrencyStamp], [a].[CreatedAt], [a].[Email], [a].[EmailConfirmed], [a].[FullName], [a].[IsActive], [a].[LockoutEnabled], [a].[LockoutEnd], [a].[NormalizedEmail], [a].[NormalizedUserName], [a].[PasswordHash], [a].[PhoneNumber], [a].[PhoneNumberConfirmed], [a].[Role], [a].[SecurityStamp], [a].[TwoFactorEnabled], [a].[UserName]
FROM [AspNetUsers] AS [a]
WHERE [a].[Id] = @p
2026-03-17 11:26:10.971 +05:30 [INF] Executed DbCommand (2ms) [Parameters=[@userId='?' (Size = 450)], CommandType='"Text"', CommandTimeout='30']
SELECT [f].[LinkId], [f].[IsVerified], [f].[LinkedAt], [f].[PrisonerId], [f].[Relationship], [f].[UserId], [f].[VerifiedByAdminId], [p].[PrisonerId], [p].[CaseNumber], [p].[CellBlock], [p].[CellNumber], [p].[CreatedAt], [p].[CrimeCategory], [p].[DateOfBirth], [p].[FullName], [p].[Gender], [p].[PrisonerCode], [p].[SentenceEndDate], [p].[SentenceStartDate], [p].[Status], [p].[UpdatedAt]
FROM [FamilyPrisonerLinks] AS [f]
INNER JOIN [Prisoners] AS [p] ON [f].[PrisonerId] = [p].[PrisonerId]
WHERE [f].[UserId] = @userId AND [f].[IsVerified] = CAST(1 AS bit)
2026-03-17 11:26:10.990 +05:30 [INF] Executing RedirectResult, redirecting to /Family/SearchPrisoner.
2026-03-17 11:26:11.065 +05:30 [INF] Executed action PrisonerPortal.Controllers.FamilyController.BookVisit (PrisonerPortal) in 160.7736ms
2026-03-17 11:26:11.080 +05:30 [INF] Executed endpoint 'PrisonerPortal.Controllers.FamilyController.BookVisit (PrisonerPortal)'
2026-03-17 11:26:11.087 +05:30 [INF] Request finished HTTP/1.1 GET http://localhost:5050/Family/BookVisit - 302 0 null 285.1548ms
2026-03-17 11:26:11.114 +05:30 [INF] Request starting HTTP/1.1 GET http://localhost:5050/Family/SearchPrisoner - null null
2026-03-17 11:26:11.137 +05:30 [INF] Executing endpoint 'PrisonerPortal.Controllers.FamilyController.SearchPrisoner (PrisonerPortal)'
2026-03-17 11:26:11.183 +05:30 [INF] Route matched with {action = "SearchPrisoner", controller = "Family"}. Executing controller action with signature System.Threading.Tasks.Task`1[Microsoft.AspNetCore.Mvc.IActionResult] SearchPrisoner(System.String) on controller PrisonerPortal.Controllers.FamilyController (PrisonerPortal).
2026-03-17 11:26:11.259 +05:30 [INF] Executed DbCommand (1ms) [Parameters=[@p='?' (Size = 450)], CommandType='"Text"', CommandTimeout='30']
SELECT TOP(1) [a].[Id], [a].[AccessFailedCount], [a].[Address], [a].[ConcurrencyStamp], [a].[CreatedAt], [a].[Email], [a].[EmailConfirmed], [a].[FullName], [a].[IsActive], [a].[LockoutEnabled], [a].[LockoutEnd], [a].[NormalizedEmail], [a].[NormalizedUserName], [a].[PasswordHash], [a].[PhoneNumber], [a].[PhoneNumberConfirmed], [a].[Role], [a].[SecurityStamp], [a].[TwoFactorEnabled], [a].[UserName]
FROM [AspNetUsers] AS [a]
WHERE [a].[Id] = @p
2026-03-17 11:26:11.326 +05:30 [INF] Executed DbCommand (5ms) [Parameters=[@user_Id='?' (Size = 450)], CommandType='"Text"', CommandTimeout='30']
SELECT [f].[LinkId], [f].[IsVerified], [f].[LinkedAt], [f].[PrisonerId], [f].[Relationship], [f].[UserId], [f].[VerifiedByAdminId]
FROM [FamilyPrisonerLinks] AS [f]
WHERE [f].[UserId] = @user_Id
2026-03-17 11:26:11.361 +05:30 [INF] Executing ViewResult, running view SearchPrisoner.
2026-03-17 11:26:11.503 +05:30 [INF] Executed ViewResult - view SearchPrisoner executed in 153.4047ms.
2026-03-17 11:26:11.515 +05:30 [INF] Executed action PrisonerPortal.Controllers.FamilyController.SearchPrisoner (PrisonerPortal) in 319.6624ms
2026-03-17 11:26:11.524 +05:30 [INF] Executed endpoint 'PrisonerPortal.Controllers.FamilyController.SearchPrisoner (PrisonerPortal)'
2026-03-17 11:26:11.535 +05:30 [INF] Request finished HTTP/1.1 GET http://localhost:5050/Family/SearchPrisoner - 200 null text/html; charset=utf-8 421.6191ms
2026-03-17 11:26:11.661 +05:30 [INF] Request starting HTTP/1.1 GET http://localhost:5050/Notifications/GetUnreadCount - null null
2026-03-17 11:26:11.685 +05:30 [INF] Executing endpoint 'PrisonerPortal.Controllers.NotificationsController.GetUnreadCount (PrisonerPortal)'
2026-03-17 11:26:11.699 +05:30 [INF] Route matched with {action = "GetUnreadCount", controller = "Notifications"}. Executing controller action with signature Microsoft.AspNetCore.Mvc.IActionResult GetUnreadCount() on controller PrisonerPortal.Controllers.NotificationsController (PrisonerPortal).
2026-03-17 11:26:11.727 +05:30 [INF] Executed DbCommand (5ms) [Parameters=[@userId='?' (Size = 450)], CommandType='"Text"', CommandTimeout='30']
SELECT COUNT(*)
FROM [Notifications] AS [n]
WHERE [n].[UserId] = @userId AND [n].[IsRead] = CAST(0 AS bit)
2026-03-17 11:26:11.758 +05:30 [INF] Executing JsonResult, writing value of type '<>f__AnonymousType1`1[[System.Int32, System.Private.CoreLib, Version=10.0.0.0, Culture=neutral, PublicKeyToken=7cec85d7bea7798e]]'.
2026-03-17 11:26:11.767 +05:30 [INF] Executed action PrisonerPortal.Controllers.NotificationsController.GetUnreadCount (PrisonerPortal) in 49.581ms
2026-03-17 11:26:11.781 +05:30 [INF] Executed endpoint 'PrisonerPortal.Controllers.NotificationsController.GetUnreadCount (PrisonerPortal)'
2026-03-17 11:26:11.788 +05:30 [INF] Request finished HTTP/1.1 GET http://localhost:5050/Notifications/GetUnreadCount - 200 null application/json; charset=utf-8 126.542ms
2026-03-17 11:26:17.071 +05:30 [INF] Request starting HTTP/1.1 GET http://localhost:5050/Notifications/GetUnreadCount - null null
2026-03-17 11:26:17.095 +05:30 [INF] Executing endpoint 'PrisonerPortal.Controllers.NotificationsController.GetUnreadCount (PrisonerPortal)'
2026-03-17 11:26:17.103 +05:30 [INF] Route matched with {action = "GetUnreadCount", controller = "Notifications"}. Executing controller action with signature Microsoft.AspNetCore.Mvc.IActionResult GetUnreadCount() on controller PrisonerPortal.Controllers.NotificationsController (PrisonerPortal).
2026-03-17 11:26:17.130 +05:30 [INF] Executed DbCommand (11ms) [Parameters=[@userId='?' (Size = 450)], CommandType='"Text"', CommandTimeout='30']
SELECT COUNT(*)
FROM [Notifications] AS [n]
WHERE [n].[UserId] = @userId AND [n].[IsRead] = CAST(0 AS bit)
2026-03-17 11:26:17.147 +05:30 [INF] Executing JsonResult, writing value of type '<>f__AnonymousType1`1[[System.Int32, System.Private.CoreLib, Version=10.0.0.0, Culture=neutral, PublicKeyToken=7cec85d7bea7798e]]'.
2026-03-17 11:26:17.154 +05:30 [INF] Executed action PrisonerPortal.Controllers.NotificationsController.GetUnreadCount (PrisonerPortal) in 38.2236ms
2026-03-17 11:26:17.165 +05:30 [INF] Executed endpoint 'PrisonerPortal.Controllers.NotificationsController.GetUnreadCount (PrisonerPortal)'
2026-03-17 11:26:17.174 +05:30 [INF] Request finished HTTP/1.1 GET http://localhost:5050/Notifications/GetUnreadCount - 200 null application/json; charset=utf-8 103.6136ms
2026-03-17 11:26:28.881 +05:30 [INF] Request starting HTTP/1.1 GET http://localhost:5050/Family/BookVisit - null null
2026-03-17 11:26:28.912 +05:30 [INF] Executing endpoint 'PrisonerPortal.Controllers.FamilyController.BookVisit (PrisonerPortal)'
2026-03-17 11:26:28.926 +05:30 [INF] Route matched with {action = "BookVisit", controller = "Family"}. Executing controller action with signature System.Threading.Tasks.Task`1[Microsoft.AspNetCore.Mvc.IActionResult] BookVisit(System.Nullable`1[System.Int32]) on controller PrisonerPortal.Controllers.FamilyController (PrisonerPortal).
2026-03-17 11:26:28.963 +05:30 [INF] Executed DbCommand (12ms) [Parameters=[@p='?' (Size = 450)], CommandType='"Text"', CommandTimeout='30']
SELECT TOP(1) [a].[Id], [a].[AccessFailedCount], [a].[Address], [a].[ConcurrencyStamp], [a].[CreatedAt], [a].[Email], [a].[EmailConfirmed], [a].[FullName], [a].[IsActive], [a].[LockoutEnabled], [a].[LockoutEnd], [a].[NormalizedEmail], [a].[NormalizedUserName], [a].[PasswordHash], [a].[PhoneNumber], [a].[PhoneNumberConfirmed], [a].[Role], [a].[SecurityStamp], [a].[TwoFactorEnabled], [a].[UserName]
FROM [AspNetUsers] AS [a]
WHERE [a].[Id] = @p
2026-03-17 11:26:29.025 +05:30 [INF] Executed DbCommand (35ms) [Parameters=[@userId='?' (Size = 450)], CommandType='"Text"', CommandTimeout='30']
SELECT [f].[LinkId], [f].[IsVerified], [f].[LinkedAt], [f].[PrisonerId], [f].[Relationship], [f].[UserId], [f].[VerifiedByAdminId], [p].[PrisonerId], [p].[CaseNumber], [p].[CellBlock], [p].[CellNumber], [p].[CreatedAt], [p].[CrimeCategory], [p].[DateOfBirth], [p].[FullName], [p].[Gender], [p].[PrisonerCode], [p].[SentenceEndDate], [p].[SentenceStartDate], [p].[Status], [p].[UpdatedAt]
FROM [FamilyPrisonerLinks] AS [f]
INNER JOIN [Prisoners] AS [p] ON [f].[PrisonerId] = [p].[PrisonerId]
WHERE [f].[UserId] = @userId AND [f].[IsVerified] = CAST(1 AS bit)
2026-03-17 11:26:29.047 +05:30 [INF] Executing RedirectResult, redirecting to /Family/SearchPrisoner.
2026-03-17 11:26:29.060 +05:30 [INF] Executed action PrisonerPortal.Controllers.FamilyController.BookVisit (PrisonerPortal) in 114.0855ms
2026-03-17 11:26:29.074 +05:30 [INF] Executed endpoint 'PrisonerPortal.Controllers.FamilyController.BookVisit (PrisonerPortal)'
2026-03-17 11:26:29.082 +05:30 [INF] Request finished HTTP/1.1 GET http://localhost:5050/Family/BookVisit - 302 0 null 202.0162ms
2026-03-17 11:26:29.112 +05:30 [INF] Request starting HTTP/1.1 GET http://localhost:5050/Family/SearchPrisoner - null null
2026-03-17 11:26:29.132 +05:30 [INF] Executing endpoint 'PrisonerPortal.Controllers.FamilyController.SearchPrisoner (PrisonerPortal)'
2026-03-17 11:26:29.142 +05:30 [INF] Route matched with {action = "SearchPrisoner", controller = "Family"}. Executing controller action with signature System.Threading.Tasks.Task`1[Microsoft.AspNetCore.Mvc.IActionResult] SearchPrisoner(System.String) on controller PrisonerPortal.Controllers.FamilyController (PrisonerPortal).
2026-03-17 11:26:29.161 +05:30 [INF] Executed DbCommand (2ms) [Parameters=[@p='?' (Size = 450)], CommandType='"Text"', CommandTimeout='30']
SELECT TOP(1) [a].[Id], [a].[AccessFailedCount], [a].[Address], [a].[ConcurrencyStamp], [a].[CreatedAt], [a].[Email], [a].[EmailConfirmed], [a].[FullName], [a].[IsActive], [a].[LockoutEnabled], [a].[LockoutEnd], [a].[NormalizedEmail], [a].[NormalizedUserName], [a].[PasswordHash], [a].[PhoneNumber], [a].[PhoneNumberConfirmed], [a].[Role], [a].[SecurityStamp], [a].[TwoFactorEnabled], [a].[UserName]
FROM [AspNetUsers] AS [a]
WHERE [a].[Id] = @p
2026-03-17 11:26:29.191 +05:30 [INF] Executed DbCommand (9ms) [Parameters=[@user_Id='?' (Size = 450)], CommandType='"Text"', CommandTimeout='30']
SELECT [f].[LinkId], [f].[IsVerified], [f].[LinkedAt], [f].[PrisonerId], [f].[Relationship], [f].[UserId], [f].[VerifiedByAdminId]
FROM [FamilyPrisonerLinks] AS [f]
WHERE [f].[UserId] = @user_Id
2026-03-17 11:26:29.213 +05:30 [INF] Executing ViewResult, running view SearchPrisoner.
2026-03-17 11:26:29.229 +05:30 [INF] Executed ViewResult - view SearchPrisoner executed in 16.0155ms.
2026-03-17 11:26:29.243 +05:30 [INF] Executed action PrisonerPortal.Controllers.FamilyController.SearchPrisoner (PrisonerPortal) in 93.7253ms
2026-03-17 11:26:29.252 +05:30 [INF] Executed endpoint 'PrisonerPortal.Controllers.FamilyController.SearchPrisoner (PrisonerPortal)'
2026-03-17 11:26:29.264 +05:30 [INF] Request finished HTTP/1.1 GET http://localhost:5050/Family/SearchPrisoner - 200 null text/html; charset=utf-8 152.3834ms
2026-03-17 11:26:29.343 +05:30 [INF] Request starting HTTP/1.1 GET http://localhost:5050/Notifications/GetUnreadCount - null null
2026-03-17 11:26:29.363 +05:30 [INF] Executing endpoint 'PrisonerPortal.Controllers.NotificationsController.GetUnreadCount (PrisonerPortal)'
2026-03-17 11:26:29.373 +05:30 [INF] Route matched with {action = "GetUnreadCount", controller = "Notifications"}. Executing controller action with signature Microsoft.AspNetCore.Mvc.IActionResult GetUnreadCount() on controller PrisonerPortal.Controllers.NotificationsController (PrisonerPortal).
2026-03-17 11:26:29.430 +05:30 [INF] Executed DbCommand (37ms) [Parameters=[@userId='?' (Size = 450)], CommandType='"Text"', CommandTimeout='30']
SELECT COUNT(*)
FROM [Notifications] AS [n]
WHERE [n].[UserId] = @userId AND [n].[IsRead] = CAST(0 AS bit)
2026-03-17 11:26:29.447 +05:30 [INF] Executing JsonResult, writing value of type '<>f__AnonymousType1`1[[System.Int32, System.Private.CoreLib, Version=10.0.0.0, Culture=neutral, PublicKeyToken=7cec85d7bea7798e]]'.
2026-03-17 11:26:29.455 +05:30 [INF] Executed action PrisonerPortal.Controllers.NotificationsController.GetUnreadCount (PrisonerPortal) in 68.7446ms
2026-03-17 11:26:29.463 +05:30 [INF] Executed endpoint 'PrisonerPortal.Controllers.NotificationsController.GetUnreadCount (PrisonerPortal)'
2026-03-17 11:26:29.470 +05:30 [INF] Request finished HTTP/1.1 GET http://localhost:5050/Notifications/GetUnreadCount - 200 null application/json; charset=utf-8 127.236ms
2026-03-17 11:26:34.108 +05:30 [INF] Request starting HTTP/1.1 GET http://localhost:5050/Family/MyAppointments - null null
2026-03-17 11:26:34.140 +05:30 [INF] Executing endpoint 'PrisonerPortal.Controllers.FamilyController.MyAppointments (PrisonerPortal)'
2026-03-17 11:26:34.181 +05:30 [INF] Route matched with {action = "MyAppointments", controller = "Family"}. Executing controller action with signature System.Threading.Tasks.Task`1[Microsoft.AspNetCore.Mvc.IActionResult] MyAppointments() on controller PrisonerPortal.Controllers.FamilyController (PrisonerPortal).
2026-03-17 11:26:34.211 +05:30 [INF] Executed DbCommand (2ms) [Parameters=[@p='?' (Size = 450)], CommandType='"Text"', CommandTimeout='30']
SELECT TOP(1) [a].[Id], [a].[AccessFailedCount], [a].[Address], [a].[ConcurrencyStamp], [a].[CreatedAt], [a].[Email], [a].[EmailConfirmed], [a].[FullName], [a].[IsActive], [a].[LockoutEnabled], [a].[LockoutEnd], [a].[NormalizedEmail], [a].[NormalizedUserName], [a].[PasswordHash], [a].[PhoneNumber], [a].[PhoneNumberConfirmed], [a].[Role], [a].[SecurityStamp], [a].[TwoFactorEnabled], [a].[UserName]
FROM [AspNetUsers] AS [a]
WHERE [a].[Id] = @p
2026-03-17 11:26:34.246 +05:30 [INF] Executed DbCommand (18ms) [Parameters=[@userId='?' (Size = 450)], CommandType='"Text"', CommandTimeout='30']
SELECT [a].[AppointmentId], [a].[AdminNotes], [a].[AppointmentCode], [a].[BookedAt], [a].[NumVisitors], [a].[PrisonerId], [a].[Purpose], [a].[RejectionReason], [a].[SlotId], [a].[Status], [a].[UpdatedAt], [a].[UserId], [a].[VisitorNames], [p].[PrisonerId], [p].[CaseNumber], [p].[CellBlock], [p].[CellNumber], [p].[CreatedAt], [p].[CrimeCategory], [p].[DateOfBirth], [p].[FullName], [p].[Gender], [p].[PrisonerCode], [p].[SentenceEndDate], [p].[SentenceStartDate], [p].[Status], [p].[UpdatedAt], [v].[SlotId], [v].[CreatedAt], [v].[CreatedByAdminId], [v].[CurrentBookings], [v].[EndTime], [v].[IsActive], [v].[MaxCapacity], [v].[SlotDate], [v].[StartTime]
FROM [Appointments] AS [a]
INNER JOIN [Prisoners] AS [p] ON [a].[PrisonerId] = [p].[PrisonerId]
INNER JOIN [VisitSlots] AS [v] ON [a].[SlotId] = [v].[SlotId]
WHERE [a].[UserId] = @userId
ORDER BY [a].[BookedAt] DESC
2026-03-17 11:26:34.276 +05:30 [INF] Executing ViewResult, running view MyAppointments.
2026-03-17 11:26:34.314 +05:30 [INF] Executed ViewResult - view MyAppointments executed in 45.5763ms.
2026-03-17 11:26:34.328 +05:30 [INF] Executed action PrisonerPortal.Controllers.FamilyController.MyAppointments (PrisonerPortal) in 131.4532ms
2026-03-17 11:26:34.340 +05:30 [INF] Executed endpoint 'PrisonerPortal.Controllers.FamilyController.MyAppointments (PrisonerPortal)'
2026-03-17 11:26:34.350 +05:30 [INF] Request finished HTTP/1.1 GET http://localhost:5050/Family/MyAppointments - 200 null text/html; charset=utf-8 241.3182ms
2026-03-17 11:26:34.413 +05:30 [INF] Request starting HTTP/1.1 GET http://localhost:5050/Notifications/GetUnreadCount - null null
2026-03-17 11:26:34.436 +05:30 [INF] Executing endpoint 'PrisonerPortal.Controllers.NotificationsController.GetUnreadCount (PrisonerPortal)'
2026-03-17 11:26:34.445 +05:30 [INF] Route matched with {action = "GetUnreadCount", controller = "Notifications"}. Executing controller action with signature Microsoft.AspNetCore.Mvc.IActionResult GetUnreadCount() on controller PrisonerPortal.Controllers.NotificationsController (PrisonerPortal).
2026-03-17 11:26:34.465 +05:30 [INF] Executed DbCommand (2ms) [Parameters=[@userId='?' (Size = 450)], CommandType='"Text"', CommandTimeout='30']
SELECT COUNT(*)
FROM [Notifications] AS [n]
WHERE [n].[UserId] = @userId AND [n].[IsRead] = CAST(0 AS bit)
2026-03-17 11:26:34.489 +05:30 [INF] Executing JsonResult, writing value of type '<>f__AnonymousType1`1[[System.Int32, System.Private.CoreLib, Version=10.0.0.0, Culture=neutral, PublicKeyToken=7cec85d7bea7798e]]'.
2026-03-17 11:26:34.504 +05:30 [INF] Executed action PrisonerPortal.Controllers.NotificationsController.GetUnreadCount (PrisonerPortal) in 44.5447ms
2026-03-17 11:26:34.519 +05:30 [INF] Executed endpoint 'PrisonerPortal.Controllers.NotificationsController.GetUnreadCount (PrisonerPortal)'
2026-03-17 11:26:34.530 +05:30 [INF] Request finished HTTP/1.1 GET http://localhost:5050/Notifications/GetUnreadCount - 200 null application/json; charset=utf-8 116.0416ms
2026-03-17 11:26:36.497 +05:30 [INF] Request starting HTTP/1.1 GET http://localhost:5050/Family/SubmitRequest - null null
2026-03-17 11:26:36.524 +05:30 [INF] Executing endpoint 'PrisonerPortal.Controllers.FamilyController.SubmitRequest (PrisonerPortal)'
2026-03-17 11:26:36.565 +05:30 [INF] Route matched with {action = "SubmitRequest", controller = "Family"}. Executing controller action with signature System.Threading.Tasks.Task`1[Microsoft.AspNetCore.Mvc.IActionResult] SubmitRequest(System.Nullable`1[System.Int32]) on controller PrisonerPortal.Controllers.FamilyController (PrisonerPortal).
2026-03-17 11:26:36.593 +05:30 [INF] Executed DbCommand (1ms) [Parameters=[@p='?' (Size = 450)], CommandType='"Text"', CommandTimeout='30']
SELECT TOP(1) [a].[Id], [a].[AccessFailedCount], [a].[Address], [a].[ConcurrencyStamp], [a].[CreatedAt], [a].[Email], [a].[EmailConfirmed], [a].[FullName], [a].[IsActive], [a].[LockoutEnabled], [a].[LockoutEnd], [a].[NormalizedEmail], [a].[NormalizedUserName], [a].[PasswordHash], [a].[PhoneNumber], [a].[PhoneNumberConfirmed], [a].[Role], [a].[SecurityStamp], [a].[TwoFactorEnabled], [a].[UserName]
FROM [AspNetUsers] AS [a]
WHERE [a].[Id] = @p
2026-03-17 11:26:36.616 +05:30 [INF] Executed DbCommand (3ms) [Parameters=[@userId='?' (Size = 450)], CommandType='"Text"', CommandTimeout='30']
SELECT [f].[LinkId], [f].[IsVerified], [f].[LinkedAt], [f].[PrisonerId], [f].[Relationship], [f].[UserId], [f].[VerifiedByAdminId], [p].[PrisonerId], [p].[CaseNumber], [p].[CellBlock], [p].[CellNumber], [p].[CreatedAt], [p].[CrimeCategory], [p].[DateOfBirth], [p].[FullName], [p].[Gender], [p].[PrisonerCode], [p].[SentenceEndDate], [p].[SentenceStartDate], [p].[Status], [p].[UpdatedAt]
FROM [FamilyPrisonerLinks] AS [f]
INNER JOIN [Prisoners] AS [p] ON [f].[PrisonerId] = [p].[PrisonerId]
WHERE [f].[UserId] = @userId AND [f].[IsVerified] = CAST(1 AS bit)
2026-03-17 11:26:36.647 +05:30 [INF] Executing ViewResult, running view SubmitRequest.
2026-03-17 11:26:36.873 +05:30 [INF] Executed ViewResult - view SubmitRequest executed in 229.9658ms.
2026-03-17 11:26:36.886 +05:30 [INF] Executed action PrisonerPortal.Controllers.FamilyController.SubmitRequest (PrisonerPortal) in 300.3412ms
2026-03-17 11:26:36.898 +05:30 [INF] Executed endpoint 'PrisonerPortal.Controllers.FamilyController.SubmitRequest (PrisonerPortal)'
2026-03-17 11:26:36.910 +05:30 [INF] Request finished HTTP/1.1 GET http://localhost:5050/Family/SubmitRequest - 200 null text/html; charset=utf-8 413.819ms
2026-03-17 11:26:36.911 +05:30 [INF] Request starting HTTP/1.1 GET http://localhost:5050/lib/jquery-validation/dist/jquery.validate.min.js - null null
2026-03-17 11:26:36.911 +05:30 [INF] Request starting HTTP/1.1 GET http://localhost:5050/lib/jquery-validation-unobtrusive/dist/jquery.validate.unobtrusive.min.js - null null
2026-03-17 11:26:36.962 +05:30 [INF] The file /lib/jquery-validation/dist/jquery.validate.min.js was not modified
2026-03-17 11:26:36.980 +05:30 [INF] The file /lib/jquery-validation-unobtrusive/dist/jquery.validate.unobtrusive.min.js was not modified
2026-03-17 11:26:36.988 +05:30 [INF] Request finished HTTP/1.1 GET http://localhost:5050/lib/jquery-validation/dist/jquery.validate.min.js - 304 null text/javascript 77.2836ms
2026-03-17 11:26:36.995 +05:30 [INF] Request finished HTTP/1.1 GET http://localhost:5050/lib/jquery-validation-unobtrusive/dist/jquery.validate.unobtrusive.min.js - 304 null text/javascript 84.11ms
2026-03-17 11:26:37.051 +05:30 [INF] Request starting HTTP/1.1 GET http://localhost:5050/Notifications/GetUnreadCount - null null
2026-03-17 11:26:37.074 +05:30 [INF] Executing endpoint 'PrisonerPortal.Controllers.NotificationsController.GetUnreadCount (PrisonerPortal)'
2026-03-17 11:26:37.090 +05:30 [INF] Route matched with {action = "GetUnreadCount", controller = "Notifications"}. Executing controller action with signature Microsoft.AspNetCore.Mvc.IActionResult GetUnreadCount() on controller PrisonerPortal.Controllers.NotificationsController (PrisonerPortal).
2026-03-17 11:26:37.110 +05:30 [INF] Executed DbCommand (2ms) [Parameters=[@userId='?' (Size = 450)], CommandType='"Text"', CommandTimeout='30']
SELECT COUNT(*)
FROM [Notifications] AS [n]
WHERE [n].[UserId] = @userId AND [n].[IsRead] = CAST(0 AS bit)
2026-03-17 11:26:37.128 +05:30 [INF] Executing JsonResult, writing value of type '<>f__AnonymousType1`1[[System.Int32, System.Private.CoreLib, Version=10.0.0.0, Culture=neutral, PublicKeyToken=7cec85d7bea7798e]]'.
2026-03-17 11:26:37.143 +05:30 [INF] Executed action PrisonerPortal.Controllers.NotificationsController.GetUnreadCount (PrisonerPortal) in 39.551ms
2026-03-17 11:26:37.156 +05:30 [INF] Executed endpoint 'PrisonerPortal.Controllers.NotificationsController.GetUnreadCount (PrisonerPortal)'
2026-03-17 11:26:37.173 +05:30 [INF] Request finished HTTP/1.1 GET http://localhost:5050/Notifications/GetUnreadCount - 200 null application/json; charset=utf-8 120.9211ms
2026-03-17 11:26:38.442 +05:30 [INF] Request starting HTTP/1.1 GET http://localhost:5050/Family/Dashboard - null null
2026-03-17 11:26:38.462 +05:30 [INF] Executing endpoint 'PrisonerPortal.Controllers.FamilyController.Dashboard (PrisonerPortal)'
2026-03-17 11:26:38.470 +05:30 [INF] Route matched with {action = "Dashboard", controller = "Family"}. Executing controller action with signature System.Threading.Tasks.Task`1[Microsoft.AspNetCore.Mvc.IActionResult] Dashboard() on controller PrisonerPortal.Controllers.FamilyController (PrisonerPortal).
2026-03-17 11:26:38.496 +05:30 [INF] Executed DbCommand (2ms) [Parameters=[@p='?' (Size = 450)], CommandType='"Text"', CommandTimeout='30']
SELECT TOP(1) [a].[Id], [a].[AccessFailedCount], [a].[Address], [a].[ConcurrencyStamp], [a].[CreatedAt], [a].[Email], [a].[EmailConfirmed], [a].[FullName], [a].[IsActive], [a].[LockoutEnabled], [a].[LockoutEnd], [a].[NormalizedEmail], [a].[NormalizedUserName], [a].[PasswordHash], [a].[PhoneNumber], [a].[PhoneNumberConfirmed], [a].[Role], [a].[SecurityStamp], [a].[TwoFactorEnabled], [a].[UserName]
FROM [AspNetUsers] AS [a]
WHERE [a].[Id] = @p
2026-03-17 11:26:38.524 +05:30 [INF] Executed DbCommand (3ms) [Parameters=[@userId='?' (Size = 450)], CommandType='"Text"', CommandTimeout='30']
SELECT [f].[LinkId], [f].[IsVerified], [f].[LinkedAt], [f].[PrisonerId], [f].[Relationship], [f].[UserId], [f].[VerifiedByAdminId], [p].[PrisonerId], [p].[CaseNumber], [p].[CellBlock], [p].[CellNumber], [p].[CreatedAt], [p].[CrimeCategory], [p].[DateOfBirth], [p].[FullName], [p].[Gender], [p].[PrisonerCode], [p].[SentenceEndDate], [p].[SentenceStartDate], [p].[Status], [p].[UpdatedAt]
FROM [FamilyPrisonerLinks] AS [f]
INNER JOIN [Prisoners] AS [p] ON [f].[PrisonerId] = [p].[PrisonerId]
WHERE [f].[UserId] = @userId AND [f].[IsVerified] = CAST(1 AS bit)
2026-03-17 11:26:38.550 +05:30 [INF] Executed DbCommand (4ms) [Parameters=[@userId='?' (Size = 450)], CommandType='"Text"', CommandTimeout='30']
SELECT [a].[AppointmentId], [a].[AdminNotes], [a].[AppointmentCode], [a].[BookedAt], [a].[NumVisitors], [a].[PrisonerId], [a].[Purpose], [a].[RejectionReason], [a].[SlotId], [a].[Status], [a].[UpdatedAt], [a].[UserId], [a].[VisitorNames], [p].[PrisonerId], [p].[CaseNumber], [p].[CellBlock], [p].[CellNumber], [p].[CreatedAt], [p].[CrimeCategory], [p].[DateOfBirth], [p].[FullName], [p].[Gender], [p].[PrisonerCode], [p].[SentenceEndDate], [p].[SentenceStartDate], [p].[Status], [p].[UpdatedAt], [v].[SlotId], [v].[CreatedAt], [v].[CreatedByAdminId], [v].[CurrentBookings], [v].[EndTime], [v].[IsActive], [v].[MaxCapacity], [v].[SlotDate], [v].[StartTime]
FROM [Appointments] AS [a]
INNER JOIN [Prisoners] AS [p] ON [a].[PrisonerId] = [p].[PrisonerId]
INNER JOIN [VisitSlots] AS [v] ON [a].[SlotId] = [v].[SlotId]
WHERE [a].[UserId] = @userId
ORDER BY [a].[BookedAt] DESC
2026-03-17 11:26:38.580 +05:30 [INF] Executed DbCommand (10ms) [Parameters=[@userId='?' (Size = 450)], CommandType='"Text"', CommandTimeout='30']
SELECT [s].[RequestId], [s].[AdminResponse], [s].[AssignedAdminId], [s].[Category], [s].[CreatedAt], [s].[Description], [s].[Priority], [s].[PrisonerId], [s].[RequestCode], [s].[ResolvedAt], [s].[Status], [s].[Subject], [s].[UpdatedAt], [s].[UserId], [p].[PrisonerId], [p].[CaseNumber], [p].[CellBlock], [p].[CellNumber], [p].[CreatedAt], [p].[CrimeCategory], [p].[DateOfBirth], [p].[FullName], [p].[Gender], [p].[PrisonerCode], [p].[SentenceEndDate], [p].[SentenceStartDate], [p].[Status], [p].[UpdatedAt]
FROM [SupportRequests] AS [s]
INNER JOIN [Prisoners] AS [p] ON [s].[PrisonerId] = [p].[PrisonerId]
WHERE [s].[UserId] = @userId
ORDER BY [s].[CreatedAt] DESC
2026-03-17 11:26:38.601 +05:30 [INF] Executing ViewResult, running view Dashboard.
2026-03-17 11:26:38.612 +05:30 [INF] Executed ViewResult - view Dashboard executed in 11.529ms.
2026-03-17 11:26:38.624 +05:30 [INF] Executed action PrisonerPortal.Controllers.FamilyController.Dashboard (PrisonerPortal) in 131.8545ms
2026-03-17 11:26:38.639 +05:30 [INF] Executed endpoint 'PrisonerPortal.Controllers.FamilyController.Dashboard (PrisonerPortal)'
2026-03-17 11:26:38.649 +05:30 [INF] Request finished HTTP/1.1 GET http://localhost:5050/Family/Dashboard - 200 null text/html; charset=utf-8 207.3599ms
2026-03-17 11:26:38.732 +05:30 [INF] Request starting HTTP/1.1 GET http://localhost:5050/Notifications/GetUnreadCount - null null
2026-03-17 11:26:38.757 +05:30 [INF] Executing endpoint 'PrisonerPortal.Controllers.NotificationsController.GetUnreadCount (PrisonerPortal)'
2026-03-17 11:26:38.769 +05:30 [INF] Route matched with {action = "GetUnreadCount", controller = "Notifications"}. Executing controller action with signature Microsoft.AspNetCore.Mvc.IActionResult GetUnreadCount() on controller PrisonerPortal.Controllers.NotificationsController (PrisonerPortal).
2026-03-17 11:26:38.801 +05:30 [INF] Executed DbCommand (3ms) [Parameters=[@userId='?' (Size = 450)], CommandType='"Text"', CommandTimeout='30']
SELECT COUNT(*)
FROM [Notifications] AS [n]
WHERE [n].[UserId] = @userId AND [n].[IsRead] = CAST(0 AS bit)
2026-03-17 11:26:38.818 +05:30 [INF] Executing JsonResult, writing value of type '<>f__AnonymousType1`1[[System.Int32, System.Private.CoreLib, Version=10.0.0.0, Culture=neutral, PublicKeyToken=7cec85d7bea7798e]]'.
2026-03-17 11:26:38.826 +05:30 [INF] Executed action PrisonerPortal.Controllers.NotificationsController.GetUnreadCount (PrisonerPortal) in 35.5299ms
2026-03-17 11:26:38.837 +05:30 [INF] Executed endpoint 'PrisonerPortal.Controllers.NotificationsController.GetUnreadCount (PrisonerPortal)'
2026-03-17 11:26:38.843 +05:30 [INF] Request finished HTTP/1.1 GET http://localhost:5050/Notifications/GetUnreadCount - 200 null application/json; charset=utf-8 111.0213ms
2026-03-17 11:26:47.076 +05:30 [INF] Request starting HTTP/1.1 GET http://localhost:5050/Notifications/GetUnreadCount - null null
2026-03-17 11:26:47.102 +05:30 [INF] Executing endpoint 'PrisonerPortal.Controllers.NotificationsController.GetUnreadCount (PrisonerPortal)'
2026-03-17 11:26:47.110 +05:30 [INF] Route matched with {action = "GetUnreadCount", controller = "Notifications"}. Executing controller action with signature Microsoft.AspNetCore.Mvc.IActionResult GetUnreadCount() on controller PrisonerPortal.Controllers.NotificationsController (PrisonerPortal).
2026-03-17 11:26:47.139 +05:30 [INF] Executed DbCommand (15ms) [Parameters=[@userId='?' (Size = 450)], CommandType='"Text"', CommandTimeout='30']
SELECT COUNT(*)
FROM [Notifications] AS [n]
WHERE [n].[UserId] = @userId AND [n].[IsRead] = CAST(0 AS bit)
2026-03-17 11:26:47.158 +05:30 [INF] Executing JsonResult, writing value of type '<>f__AnonymousType1`1[[System.Int32, System.Private.CoreLib, Version=10.0.0.0, Culture=neutral, PublicKeyToken=7cec85d7bea7798e]]'.
2026-03-17 11:26:47.172 +05:30 [INF] Executed action PrisonerPortal.Controllers.NotificationsController.GetUnreadCount (PrisonerPortal) in 50.6559ms
2026-03-17 11:26:47.187 +05:30 [INF] Executed endpoint 'PrisonerPortal.Controllers.NotificationsController.GetUnreadCount (PrisonerPortal)'
2026-03-17 11:26:47.197 +05:30 [INF] Request finished HTTP/1.1 GET http://localhost:5050/Notifications/GetUnreadCount - 200 null application/json; charset=utf-8 120.6016ms
2026-03-17 11:26:47.359 +05:30 [INF] Request starting HTTP/1.1 POST http://localhost:5050/Account/Logout - application/x-www-form-urlencoded 225
2026-03-17 11:26:47.389 +05:30 [INF] Executing endpoint 'PrisonerPortal.Controllers.AccountController.Logout (PrisonerPortal)'
2026-03-17 11:26:47.429 +05:30 [INF] Route matched with {action = "Logout", controller = "Account"}. Executing controller action with signature System.Threading.Tasks.Task`1[Microsoft.AspNetCore.Mvc.IActionResult] Logout() on controller PrisonerPortal.Controllers.AccountController (PrisonerPortal).
2026-03-17 11:26:47.865 +05:30 [INF] Executed DbCommand (15ms) [Parameters=[@p0='?' (Size = 4000), @p1='?' (Size = 4000), @p2='?' (Size = 4000), @p3='?' (Size = 4000), @p4='?' (Size = 4000), @p5='?' (Size = 4000), @p6='?' (DbType = DateTime2), @p7='?' (Size = 450)], CommandType='"Text"', CommandTimeout='30']
SET IMPLICIT_TRANSACTIONS OFF;
SET NOCOUNT ON;
INSERT INTO [AuditLogs] ([Action], [EntityId], [EntityType], [IPAddress], [NewValues], [OldValues], [Timestamp], [UserId])
OUTPUT INSERTED.[LogId]
VALUES (@p0, @p1, @p2, @p3, @p4, @p5, @p6, @p7);
2026-03-17 11:26:47.998 +05:30 [INF] AuthenticationScheme: Identity.Application signed out.
2026-03-17 11:26:48.006 +05:30 [INF] AuthenticationScheme: Identity.External signed out.
2026-03-17 11:26:48.015 +05:30 [INF] AuthenticationScheme: Identity.TwoFactorUserId signed out.
2026-03-17 11:26:48.026 +05:30 [INF] Executing RedirectResult, redirecting to /.
2026-03-17 11:26:48.037 +05:30 [INF] Executed action PrisonerPortal.Controllers.AccountController.Logout (PrisonerPortal) in 594.1223ms
2026-03-17 11:26:48.048 +05:30 [INF] Executed endpoint 'PrisonerPortal.Controllers.AccountController.Logout (PrisonerPortal)'
2026-03-17 11:26:48.058 +05:30 [INF] Request finished HTTP/1.1 POST http://localhost:5050/Account/Logout - 302 0 null 698.9421ms
2026-03-17 11:26:48.077 +05:30 [INF] Request starting HTTP/1.1 GET http://localhost:5050/ - null null
2026-03-17 11:26:48.107 +05:30 [INF] Executing endpoint 'PrisonerPortal.Controllers.AccountController.Login (PrisonerPortal)'
2026-03-17 11:26:48.120 +05:30 [INF] Route matched with {action = "Login", controller = "Account"}. Executing controller action with signature Microsoft.AspNetCore.Mvc.IActionResult Login() on controller PrisonerPortal.Controllers.AccountController (PrisonerPortal).
2026-03-17 11:26:49.659 +05:30 [INF] Executing ViewResult, running view Login.
2026-03-17 11:26:49.768 +05:30 [INF] Executed ViewResult - view Login executed in 1627.5266ms.
2026-03-17 11:26:49.782 +05:30 [INF] Executed action PrisonerPortal.Controllers.AccountController.Login (PrisonerPortal) in 1642.0171ms
2026-03-17 11:26:49.795 +05:30 [INF] Executed endpoint 'PrisonerPortal.Controllers.AccountController.Login (PrisonerPortal)'
2026-03-17 11:26:49.805 +05:30 [INF] Request finished HTTP/1.1 GET http://localhost:5050/ - 200 null text/html; charset=utf-8 1728.774ms
2026-03-17 11:26:49.805 +05:30 [INF] Request starting HTTP/1.1 GET http://localhost:5050/js/auth.js?v=vFieu_vdInS-_NST3h1ILrWgllVMY1VPgyTgpG3Dmrc - null null
2026-03-17 11:26:49.859 +05:30 [INF] The file /js/auth.js was not modified
2026-03-17 11:26:49.869 +05:30 [INF] Request finished HTTP/1.1 GET http://localhost:5050/js/auth.js?v=vFieu_vdInS-_NST3h1ILrWgllVMY1VPgyTgpG3Dmrc - 304 null text/javascript 64.4559ms
2026-03-17 11:26:54.529 +05:30 [INF] Request starting HTTP/1.1 POST http://localhost:5050/ - application/x-www-form-urlencoded 256
2026-03-17 11:26:54.556 +05:30 [INF] Executing endpoint 'PrisonerPortal.Controllers.AccountController.Login (PrisonerPortal)'
2026-03-17 11:26:54.609 +05:30 [INF] Route matched with {action = "Login", controller = "Account"}. Executing controller action with signature System.Threading.Tasks.Task`1[Microsoft.AspNetCore.Mvc.IActionResult] Login(PrisonerPortal.Models.ViewModels.LoginViewModel) on controller PrisonerPortal.Controllers.AccountController (PrisonerPortal).
2026-03-17 11:26:54.663 +05:30 [INF] Executed DbCommand (6ms) [Parameters=[@normalizedEmail='?' (Size = 256)], CommandType='"Text"', CommandTimeout='30']
SELECT TOP(2) [a].[Id], [a].[AccessFailedCount], [a].[Address], [a].[ConcurrencyStamp], [a].[CreatedAt], [a].[Email], [a].[EmailConfirmed], [a].[FullName], [a].[IsActive], [a].[LockoutEnabled], [a].[LockoutEnd], [a].[NormalizedEmail], [a].[NormalizedUserName], [a].[PasswordHash], [a].[PhoneNumber], [a].[PhoneNumberConfirmed], [a].[Role], [a].[SecurityStamp], [a].[TwoFactorEnabled], [a].[UserName]
FROM [AspNetUsers] AS [a]
WHERE [a].[NormalizedEmail] = @normalizedEmail
2026-03-17 11:26:54.768 +05:30 [INF] Executed DbCommand (25ms) [Parameters=[@normalizedUserName='?' (Size = 256)], CommandType='"Text"', CommandTimeout='30']
SELECT TOP(1) [a].[Id], [a].[AccessFailedCount], [a].[Address], [a].[ConcurrencyStamp], [a].[CreatedAt], [a].[Email], [a].[EmailConfirmed], [a].[FullName], [a].[IsActive], [a].[LockoutEnabled], [a].[LockoutEnd], [a].[NormalizedEmail], [a].[NormalizedUserName], [a].[PasswordHash], [a].[PhoneNumber], [a].[PhoneNumberConfirmed], [a].[Role], [a].[SecurityStamp], [a].[TwoFactorEnabled], [a].[UserName]
FROM [AspNetUsers] AS [a]
WHERE [a].[NormalizedUserName] = @normalizedUserName
2026-03-17 11:26:55.203 +05:30 [INF] Executed DbCommand (6ms) [Parameters=[@user_Id='?' (Size = 450)], CommandType='"Text"', CommandTimeout='30']
SELECT [a].[Id], [a].[ClaimType], [a].[ClaimValue], [a].[UserId]
FROM [AspNetUserClaims] AS [a]
WHERE [a].[UserId] = @user_Id
2026-03-17 11:26:55.302 +05:30 [INF] Executed DbCommand (12ms) [Parameters=[@userId='?' (Size = 450)], CommandType='"Text"', CommandTimeout='30']
SELECT [a0].[Name]
FROM [AspNetUserRoles] AS [a]
INNER JOIN [AspNetRoles] AS [a0] ON [a].[RoleId] = [a0].[Id]
WHERE [a].[UserId] = @userId
2026-03-17 11:26:55.339 +05:30 [INF] Executed DbCommand (6ms) [Parameters=[@normalizedName='?' (Size = 256)], CommandType='"Text"', CommandTimeout='30']
SELECT TOP(1) [a].[Id], [a].[ConcurrencyStamp], [a].[Name], [a].[NormalizedName]
FROM [AspNetRoles] AS [a]
WHERE [a].[NormalizedName] = @normalizedName
2026-03-17 11:26:55.418 +05:30 [INF] Executed DbCommand (7ms) [Parameters=[@role_Id='?' (Size = 450)], CommandType='"Text"', CommandTimeout='30']
SELECT [a].[ClaimType], [a].[ClaimValue]
FROM [AspNetRoleClaims] AS [a]
WHERE [a].[RoleId] = @role_Id
2026-03-17 11:26:55.458 +05:30 [INF] AuthenticationScheme: Identity.Application signed in.
2026-03-17 11:26:55.521 +05:30 [INF] Executed DbCommand (19ms) [Parameters=[@p0='?' (Size = 4000), @p1='?' (Size = 4000), @p2='?' (Size = 4000), @p3='?' (Size = 4000), @p4='?' (Size = 4000), @p5='?' (Size = 4000), @p6='?' (DbType = DateTime2), @p7='?' (Size = 450)], CommandType='"Text"', CommandTimeout='30']
SET IMPLICIT_TRANSACTIONS OFF;
SET NOCOUNT ON;
INSERT INTO [AuditLogs] ([Action], [EntityId], [EntityType], [IPAddress], [NewValues], [OldValues], [Timestamp], [UserId])
OUTPUT INSERTED.[LogId]
VALUES (@p0, @p1, @p2, @p3, @p4, @p5, @p6, @p7);
2026-03-17 11:26:55.540 +05:30 [INF] Executing RedirectResult, redirecting to /Admin/Dashboard.
2026-03-17 11:26:55.550 +05:30 [INF] Executed action PrisonerPortal.Controllers.AccountController.Login (PrisonerPortal) in 921.1128ms
2026-03-17 11:26:55.561 +05:30 [INF] Executed endpoint 'PrisonerPortal.Controllers.AccountController.Login (PrisonerPortal)'
2026-03-17 11:26:55.569 +05:30 [INF] Request finished HTTP/1.1 POST http://localhost:5050/ - 302 0 null 1040.7418ms
2026-03-17 11:26:55.589 +05:30 [INF] Request starting HTTP/1.1 GET http://localhost:5050/Admin/Dashboard - null null
2026-03-17 11:26:55.616 +05:30 [INF] Executing endpoint 'PrisonerPortal.Controllers.AdminController.Dashboard (PrisonerPortal)'
2026-03-17 11:26:55.654 +05:30 [INF] Route matched with {action = "Dashboard", controller = "Admin"}. Executing controller action with signature System.Threading.Tasks.Task`1[Microsoft.AspNetCore.Mvc.IActionResult] Dashboard() on controller PrisonerPortal.Controllers.AdminController (PrisonerPortal).
2026-03-17 11:26:55.730 +05:30 [INF] Executed DbCommand (6ms) [Parameters=[@normalizedRoleName='?' (Size = 256)], CommandType='"Text"', CommandTimeout='30']
SELECT TOP(2) [a].[Id], [a].[ConcurrencyStamp], [a].[Name], [a].[NormalizedName]
FROM [AspNetRoles] AS [a]
WHERE [a].[NormalizedName] = @normalizedRoleName
2026-03-17 11:26:55.835 +05:30 [INF] Executed DbCommand (25ms) [Parameters=[@role_Id='?' (Size = 450)], CommandType='"Text"', CommandTimeout='30']
SELECT [a0].[Id], [a0].[AccessFailedCount], [a0].[Address], [a0].[ConcurrencyStamp], [a0].[CreatedAt], [a0].[Email], [a0].[EmailConfirmed], [a0].[FullName], [a0].[IsActive], [a0].[LockoutEnabled], [a0].[LockoutEnd], [a0].[NormalizedEmail], [a0].[NormalizedUserName], [a0].[PasswordHash], [a0].[PhoneNumber], [a0].[PhoneNumberConfirmed], [a0].[Role], [a0].[SecurityStamp], [a0].[TwoFactorEnabled], [a0].[UserName]
FROM [AspNetUserRoles] AS [a]
INNER JOIN [AspNetUsers] AS [a0] ON [a].[UserId] = [a0].[Id]
WHERE [a].[RoleId] = @role_Id
2026-03-17 11:26:55.927 +05:30 [INF] Executed DbCommand (6ms) [Parameters=[], CommandType='"Text"', CommandTimeout='30']
SELECT COUNT(*)
FROM [Prisoners] AS [p]
WHERE [p].[Status] = N'Active'
2026-03-17 11:26:56.054 +05:30 [INF] Executed DbCommand (10ms) [Parameters=[@today='?' (DbType = DateTime2)], CommandType='"Text"', CommandTimeout='30']
SELECT COUNT(*)
FROM [Appointments] AS [a]
INNER JOIN [VisitSlots] AS [v] ON [a].[SlotId] = [v].[SlotId]
WHERE [a].[Status] IN (N'Pending', N'Approved') AND [v].[SlotDate] = @today
2026-03-17 11:26:56.125 +05:30 [INF] Executed DbCommand (6ms) [Parameters=[], CommandType='"Text"', CommandTimeout='30']
SELECT COUNT(*)
FROM [SupportRequests] AS [s]
WHERE [s].[Status] IN (N'Open', N'InProgress')
2026-03-17 11:26:56.382 +05:30 [INF] Executed DbCommand (15ms) [Parameters=[@p='?' (DbType = Int32)], CommandType='"Text"', CommandTimeout='30']
SELECT [a0].[AppointmentId], [a0].[AdminNotes], [a0].[AppointmentCode], [a0].[BookedAt], [a0].[NumVisitors], [a0].[PrisonerId], [a0].[Purpose], [a0].[RejectionReason], [a0].[SlotId], [a0].[Status], [a0].[UpdatedAt], [a0].[UserId], [a0].[VisitorNames], [p].[PrisonerId], [p].[CaseNumber], [p].[CellBlock], [p].[CellNumber], [p].[CreatedAt], [p].[CrimeCategory], [p].[DateOfBirth], [p].[FullName], [p].[Gender], [p].[PrisonerCode], [p].[SentenceEndDate], [p].[SentenceStartDate], [p].[Status], [p].[UpdatedAt], [a1].[Id], [a1].[AccessFailedCount], [a1].[Address], [a1].[ConcurrencyStamp], [a1].[CreatedAt], [a1].[Email], [a1].[EmailConfirmed], [a1].[FullName], [a1].[IsActive], [a1].[LockoutEnabled], [a1].[LockoutEnd], [a1].[NormalizedEmail], [a1].[NormalizedUserName], [a1].[PasswordHash], [a1].[PhoneNumber], [a1].[PhoneNumberConfirmed], [a1].[Role], [a1].[SecurityStamp], [a1].[TwoFactorEnabled], [a1].[UserName], [v].[SlotId], [v].[CreatedAt], [v].[CreatedByAdminId], [v].[CurrentBookings], [v].[EndTime], [v].[IsActive], [v].[MaxCapacity], [v].[SlotDate], [v].[StartTime]
FROM (
    SELECT TOP(@p) [a].[AppointmentId], [a].[AdminNotes], [a].[AppointmentCode], [a].[BookedAt], [a].[NumVisitors], [a].[PrisonerId], [a].[Purpose], [a].[RejectionReason], [a].[SlotId], [a].[Status], [a].[UpdatedAt], [a].[UserId], [a].[VisitorNames]
    FROM [Appointments] AS [a]
    WHERE [a].[Status] = N'Pending'
    ORDER BY [a].[BookedAt]
) AS [a0]
INNER JOIN [Prisoners] AS [p] ON [a0].[PrisonerId] = [p].[PrisonerId]
INNER JOIN [AspNetUsers] AS [a1] ON [a0].[UserId] = [a1].[Id]
INNER JOIN [VisitSlots] AS [v] ON [a0].[SlotId] = [v].[SlotId]
ORDER BY [a0].[BookedAt]
2026-03-17 11:26:56.539 +05:30 [INF] Executed DbCommand (16ms) [Parameters=[@p='?' (DbType = Int32)], CommandType='"Text"', CommandTimeout='30']
SELECT [s0].[RequestId], [s0].[AdminResponse], [s0].[AssignedAdminId], [s0].[Category], [s0].[CreatedAt], [s0].[Description], [s0].[Priority], [s0].[PrisonerId], [s0].[RequestCode], [s0].[ResolvedAt], [s0].[Status], [s0].[Subject], [s0].[UpdatedAt], [s0].[UserId], [a].[Id], [a].[AccessFailedCount], [a].[Address], [a].[ConcurrencyStamp], [a].[CreatedAt], [a].[Email], [a].[EmailConfirmed], [a].[FullName], [a].[IsActive], [a].[LockoutEnabled], [a].[LockoutEnd], [a].[NormalizedEmail], [a].[NormalizedUserName], [a].[PasswordHash], [a].[PhoneNumber], [a].[PhoneNumberConfirmed], [a].[Role], [a].[SecurityStamp], [a].[TwoFactorEnabled], [a].[UserName], [p].[PrisonerId], [p].[CaseNumber], [p].[CellBlock], [p].[CellNumber], [p].[CreatedAt], [p].[CrimeCategory], [p].[DateOfBirth], [p].[FullName], [p].[Gender], [p].[PrisonerCode], [p].[SentenceEndDate], [p].[SentenceStartDate], [p].[Status], [p].[UpdatedAt]
FROM (
    SELECT TOP(@p) [s].[RequestId], [s].[AdminResponse], [s].[AssignedAdminId], [s].[Category], [s].[CreatedAt], [s].[Description], [s].[Priority], [s].[PrisonerId], [s].[RequestCode], [s].[ResolvedAt], [s].[Status], [s].[Subject], [s].[UpdatedAt], [s].[UserId]
    FROM [SupportRequests] AS [s]
    ORDER BY [s].[CreatedAt] DESC
) AS [s0]
INNER JOIN [AspNetUsers] AS [a] ON [s0].[UserId] = [a].[Id]
INNER JOIN [Prisoners] AS [p] ON [s0].[PrisonerId] = [p].[PrisonerId]
ORDER BY [s0].[CreatedAt] DESC
2026-03-17 11:26:56.976 +05:30 [INF] Executed DbCommand (45ms) [Parameters=[], CommandType='"Text"', CommandTimeout='30']
SELECT [f].[LinkId], [f].[IsVerified], [f].[LinkedAt], [f].[PrisonerId], [f].[Relationship], [f].[UserId], [f].[VerifiedByAdminId], [a].[Id], [a].[AccessFailedCount], [a].[Address], [a].[ConcurrencyStamp], [a].[CreatedAt], [a].[Email], [a].[EmailConfirmed], [a].[FullName], [a].[IsActive], [a].[LockoutEnabled], [a].[LockoutEnd], [a].[NormalizedEmail], [a].[NormalizedUserName], [a].[PasswordHash], [a].[PhoneNumber], [a].[PhoneNumberConfirmed], [a].[Role], [a].[SecurityStamp], [a].[TwoFactorEnabled], [a].[UserName], [p].[PrisonerId], [p].[CaseNumber], [p].[CellBlock], [p].[CellNumber], [p].[CreatedAt], [p].[CrimeCategory], [p].[DateOfBirth], [p].[FullName], [p].[Gender], [p].[PrisonerCode], [p].[SentenceEndDate], [p].[SentenceStartDate], [p].[Status], [p].[UpdatedAt]
FROM [FamilyPrisonerLinks] AS [f]
INNER JOIN [AspNetUsers] AS [a] ON [f].[UserId] = [a].[Id]
INNER JOIN [Prisoners] AS [p] ON [f].[PrisonerId] = [p].[PrisonerId]
WHERE [f].[IsVerified] = CAST(0 AS bit)
ORDER BY [f].[LinkedAt]
2026-03-17 11:26:57.023 +05:30 [INF] Executing ViewResult, running view Dashboard.
2026-03-17 11:26:57.273 +05:30 [INF] Executed ViewResult - view Dashboard executed in 260.0196ms.
2026-03-17 11:26:57.283 +05:30 [INF] Executed action PrisonerPortal.Controllers.AdminController.Dashboard (PrisonerPortal) in 1615.0801ms
2026-03-17 11:26:57.290 +05:30 [INF] Executed endpoint 'PrisonerPortal.Controllers.AdminController.Dashboard (PrisonerPortal)'
2026-03-17 11:26:57.300 +05:30 [INF] Request finished HTTP/1.1 GET http://localhost:5050/Admin/Dashboard - 200 null text/html; charset=utf-8 1711.5953ms
2026-03-17 11:26:57.458 +05:30 [INF] Request starting HTTP/1.1 GET http://localhost:5050/Notifications/GetUnreadCount - null null
2026-03-17 11:26:57.487 +05:30 [INF] Executing endpoint 'PrisonerPortal.Controllers.NotificationsController.GetUnreadCount (PrisonerPortal)'
2026-03-17 11:26:57.497 +05:30 [INF] Route matched with {action = "GetUnreadCount", controller = "Notifications"}. Executing controller action with signature Microsoft.AspNetCore.Mvc.IActionResult GetUnreadCount() on controller PrisonerPortal.Controllers.NotificationsController (PrisonerPortal).
2026-03-17 11:26:57.523 +05:30 [INF] Executed DbCommand (1ms) [Parameters=[@userId='?' (Size = 450)], CommandType='"Text"', CommandTimeout='30']
SELECT COUNT(*)
FROM [Notifications] AS [n]
WHERE [n].[UserId] = @userId AND [n].[IsRead] = CAST(0 AS bit)
2026-03-17 11:26:57.553 +05:30 [INF] Executing JsonResult, writing value of type '<>f__AnonymousType1`1[[System.Int32, System.Private.CoreLib, Version=10.0.0.0, Culture=neutral, PublicKeyToken=7cec85d7bea7798e]]'.
2026-03-17 11:26:57.568 +05:30 [INF] Executed action PrisonerPortal.Controllers.NotificationsController.GetUnreadCount (PrisonerPortal) in 49.5264ms
2026-03-17 11:26:57.581 +05:30 [INF] Executed endpoint 'PrisonerPortal.Controllers.NotificationsController.GetUnreadCount (PrisonerPortal)'
2026-03-17 11:26:57.591 +05:30 [INF] Request finished HTTP/1.1 GET http://localhost:5050/Notifications/GetUnreadCount - 200 null application/json; charset=utf-8 132.9437ms
2026-03-17 11:27:01.335 +05:30 [INF] Request starting HTTP/1.1 GET http://localhost:5050/Admin/Prisoners - null null
2026-03-17 11:27:01.376 +05:30 [INF] Executing endpoint 'PrisonerPortal.Controllers.AdminController.Prisoners (PrisonerPortal)'
2026-03-17 11:27:01.410 +05:30 [INF] Route matched with {action = "Prisoners", controller = "Admin"}. Executing controller action with signature System.Threading.Tasks.Task`1[Microsoft.AspNetCore.Mvc.IActionResult] Prisoners() on controller PrisonerPortal.Controllers.AdminController (PrisonerPortal).
2026-03-17 11:27:01.481 +05:30 [INF] Executed DbCommand (5ms) [Parameters=[], CommandType='"Text"', CommandTimeout='30']
SELECT [p].[PrisonerId], [p].[CaseNumber], [p].[CellBlock], [p].[CellNumber], [p].[CreatedAt], [p].[CrimeCategory], [p].[DateOfBirth], [p].[FullName], [p].[Gender], [p].[PrisonerCode], [p].[SentenceEndDate], [p].[SentenceStartDate], [p].[Status], [p].[UpdatedAt]
FROM [Prisoners] AS [p]
ORDER BY [p].[FullName]
2026-03-17 11:27:01.593 +05:30 [INF] Executing ViewResult, running view Prisoners.
2026-03-17 11:27:01.680 +05:30 [INF] Executed ViewResult - view Prisoners executed in 90.5181ms.
2026-03-17 11:27:01.693 +05:30 [INF] Executed action PrisonerPortal.Controllers.AdminController.Prisoners (PrisonerPortal) in 267.0213ms
2026-03-17 11:27:01.702 +05:30 [INF] Executed endpoint 'PrisonerPortal.Controllers.AdminController.Prisoners (PrisonerPortal)'
2026-03-17 11:27:01.714 +05:30 [INF] Request finished HTTP/1.1 GET http://localhost:5050/Admin/Prisoners - 200 null text/html; charset=utf-8 379.0987ms
2026-03-17 11:27:01.772 +05:30 [INF] Request starting HTTP/1.1 GET http://localhost:5050/Notifications/GetUnreadCount - null null
2026-03-17 11:27:01.795 +05:30 [INF] Executing endpoint 'PrisonerPortal.Controllers.NotificationsController.GetUnreadCount (PrisonerPortal)'
2026-03-17 11:27:01.802 +05:30 [INF] Route matched with {action = "GetUnreadCount", controller = "Notifications"}. Executing controller action with signature Microsoft.AspNetCore.Mvc.IActionResult GetUnreadCount() on controller PrisonerPortal.Controllers.NotificationsController (PrisonerPortal).
2026-03-17 11:27:01.827 +05:30 [INF] Executed DbCommand (2ms) [Parameters=[@userId='?' (Size = 450)], CommandType='"Text"', CommandTimeout='30']
SELECT COUNT(*)
FROM [Notifications] AS [n]
WHERE [n].[UserId] = @userId AND [n].[IsRead] = CAST(0 AS bit)
2026-03-17 11:27:01.852 +05:30 [INF] Executing JsonResult, writing value of type '<>f__AnonymousType1`1[[System.Int32, System.Private.CoreLib, Version=10.0.0.0, Culture=neutral, PublicKeyToken=7cec85d7bea7798e]]'.
2026-03-17 11:27:01.865 +05:30 [INF] Executed action PrisonerPortal.Controllers.NotificationsController.GetUnreadCount (PrisonerPortal) in 45.3605ms
2026-03-17 11:27:01.875 +05:30 [INF] Executed endpoint 'PrisonerPortal.Controllers.NotificationsController.GetUnreadCount (PrisonerPortal)'
2026-03-17 11:27:01.886 +05:30 [INF] Request finished HTTP/1.1 GET http://localhost:5050/Notifications/GetUnreadCount - 200 null application/json; charset=utf-8 113.6711ms
2026-03-17 11:27:10.908 +05:30 [INF] Request starting HTTP/1.1 GET http://localhost:5050/Admin/ViewPrisoner/3 - null null
2026-03-17 11:27:10.939 +05:30 [INF] Executing endpoint 'PrisonerPortal.Controllers.AdminController.ViewPrisoner (PrisonerPortal)'
2026-03-17 11:27:10.991 +05:30 [INF] Route matched with {action = "ViewPrisoner", controller = "Admin"}. Executing controller action with signature System.Threading.Tasks.Task`1[Microsoft.AspNetCore.Mvc.IActionResult] ViewPrisoner(Int32) on controller PrisonerPortal.Controllers.AdminController (PrisonerPortal).
2026-03-17 11:27:11.161 +05:30 [WRN] Compiling a query which loads related collections for more than one collection navigation, either via 'Include' or through projection, but no 'QuerySplittingBehavior' has been configured. By default, Entity Framework will use 'QuerySplittingBehavior.SingleQuery', which can potentially result in slow query performance. See https://go.microsoft.com/fwlink/?linkid=2134277 for more information. To identify the query that's triggering this warning call 'ConfigureWarnings(w => w.Throw(RelationalEventId.MultipleCollectionIncludeWarning))'.
2026-03-17 11:27:11.453 +05:30 [INF] Executed DbCommand (56ms) [Parameters=[@id='?' (DbType = Int32)], CommandType='"Text"', CommandTimeout='30']
SELECT [p0].[PrisonerId], [p0].[CaseNumber], [p0].[CellBlock], [p0].[CellNumber], [p0].[CreatedAt], [p0].[CrimeCategory], [p0].[DateOfBirth], [p0].[FullName], [p0].[Gender], [p0].[PrisonerCode], [p0].[SentenceEndDate], [p0].[SentenceStartDate], [p0].[Status], [p0].[UpdatedAt], [s0].[LinkId], [s0].[IsVerified], [s0].[LinkedAt], [s0].[PrisonerId], [s0].[Relationship], [s0].[UserId], [s0].[VerifiedByAdminId], [s0].[Id], [s0].[AccessFailedCount], [s0].[Address], [s0].[ConcurrencyStamp], [s0].[CreatedAt], [s0].[Email], [s0].[EmailConfirmed], [s0].[FullName], [s0].[IsActive], [s0].[LockoutEnabled], [s0].[LockoutEnd], [s0].[NormalizedEmail], [s0].[NormalizedUserName], [s0].[PasswordHash], [s0].[PhoneNumber], [s0].[PhoneNumberConfirmed], [s0].[Role], [s0].[SecurityStamp], [s0].[TwoFactorEnabled], [s0].[UserName], [s1].[AppointmentId], [s1].[AdminNotes], [s1].[AppointmentCode], [s1].[BookedAt], [s1].[NumVisitors], [s1].[PrisonerId], [s1].[Purpose], [s1].[RejectionReason], [s1].[SlotId], [s1].[Status], [s1].[UpdatedAt], [s1].[UserId], [s1].[VisitorNames], [s1].[Id], [s1].[AccessFailedCount], [s1].[Address], [s1].[ConcurrencyStamp], [s1].[CreatedAt], [s1].[Email], [s1].[EmailConfirmed], [s1].[FullName], [s1].[IsActive], [s1].[LockoutEnabled], [s1].[LockoutEnd], [s1].[NormalizedEmail], [s1].[NormalizedUserName], [s1].[PasswordHash], [s1].[PhoneNumber], [s1].[PhoneNumberConfirmed], [s1].[Role], [s1].[SecurityStamp], [s1].[TwoFactorEnabled], [s1].[UserName], [s].[RequestId], [s].[AdminResponse], [s].[AssignedAdminId], [s].[Category], [s].[CreatedAt], [s].[Description], [s].[Priority], [s].[PrisonerId], [s].[RequestCode], [s].[ResolvedAt], [s].[Status], [s].[Subject], [s].[UpdatedAt], [s].[UserId]
FROM (
    SELECT TOP(1) [p].[PrisonerId], [p].[CaseNumber], [p].[CellBlock], [p].[CellNumber], [p].[CreatedAt], [p].[CrimeCategory], [p].[DateOfBirth], [p].[FullName], [p].[Gender], [p].[PrisonerCode], [p].[SentenceEndDate], [p].[SentenceStartDate], [p].[Status], [p].[UpdatedAt]
    FROM [Prisoners] AS [p]
    WHERE [p].[PrisonerId] = @id
) AS [p0]
LEFT JOIN (
    SELECT [f].[LinkId], [f].[IsVerified], [f].[LinkedAt], [f].[PrisonerId], [f].[Relationship], [f].[UserId], [f].[VerifiedByAdminId], [a].[Id], [a].[AccessFailedCount], [a].[Address], [a].[ConcurrencyStamp], [a].[CreatedAt], [a].[Email], [a].[EmailConfirmed], [a].[FullName], [a].[IsActive], [a].[LockoutEnabled], [a].[LockoutEnd], [a].[NormalizedEmail], [a].[NormalizedUserName], [a].[PasswordHash], [a].[PhoneNumber], [a].[PhoneNumberConfirmed], [a].[Role], [a].[SecurityStamp], [a].[TwoFactorEnabled], [a].[UserName]
    FROM [FamilyPrisonerLinks] AS [f]
    INNER JOIN [AspNetUsers] AS [a] ON [f].[UserId] = [a].[Id]
) AS [s0] ON [p0].[PrisonerId] = [s0].[PrisonerId]
LEFT JOIN (
    SELECT [a0].[AppointmentId], [a0].[AdminNotes], [a0].[AppointmentCode], [a0].[BookedAt], [a0].[NumVisitors], [a0].[PrisonerId], [a0].[Purpose], [a0].[RejectionReason], [a0].[SlotId], [a0].[Status], [a0].[UpdatedAt], [a0].[UserId], [a0].[VisitorNames], [a1].[Id], [a1].[AccessFailedCount], [a1].[Address], [a1].[ConcurrencyStamp], [a1].[CreatedAt], [a1].[Email], [a1].[EmailConfirmed], [a1].[FullName], [a1].[IsActive], [a1].[LockoutEnabled], [a1].[LockoutEnd], [a1].[NormalizedEmail], [a1].[NormalizedUserName], [a1].[PasswordHash], [a1].[PhoneNumber], [a1].[PhoneNumberConfirmed], [a1].[Role], [a1].[SecurityStamp], [a1].[TwoFactorEnabled], [a1].[UserName]
    FROM [Appointments] AS [a0]
    INNER JOIN [AspNetUsers] AS [a1] ON [a0].[UserId] = [a1].[Id]
) AS [s1] ON [p0].[PrisonerId] = [s1].[PrisonerId]
LEFT JOIN [SupportRequests] AS [s] ON [p0].[PrisonerId] = [s].[PrisonerId]
ORDER BY [p0].[PrisonerId], [s0].[LinkId], [s0].[Id], [s1].[AppointmentId], [s1].[Id]
2026-03-17 11:27:11.527 +05:30 [INF] Executing ViewResult, running view ViewPrisoner.
2026-03-17 11:27:11.578 +05:30 [INF] Executed ViewResult - view ViewPrisoner executed in 55.7664ms.
2026-03-17 11:27:11.590 +05:30 [INF] Executed action PrisonerPortal.Controllers.AdminController.ViewPrisoner (PrisonerPortal) in 578.9446ms
2026-03-17 11:27:11.603 +05:30 [INF] Executed endpoint 'PrisonerPortal.Controllers.AdminController.ViewPrisoner (PrisonerPortal)'
2026-03-17 11:27:11.614 +05:30 [INF] Request finished HTTP/1.1 GET http://localhost:5050/Admin/ViewPrisoner/3 - 200 null text/html; charset=utf-8 704.9308ms
2026-03-17 11:27:11.665 +05:30 [INF] Request starting HTTP/1.1 GET http://localhost:5050/Notifications/GetUnreadCount - null null
2026-03-17 11:27:11.687 +05:30 [INF] Executing endpoint 'PrisonerPortal.Controllers.NotificationsController.GetUnreadCount (PrisonerPortal)'
2026-03-17 11:27:11.695 +05:30 [INF] Route matched with {action = "GetUnreadCount", controller = "Notifications"}. Executing controller action with signature Microsoft.AspNetCore.Mvc.IActionResult GetUnreadCount() on controller PrisonerPortal.Controllers.NotificationsController (PrisonerPortal).
2026-03-17 11:27:11.713 +05:30 [INF] Executed DbCommand (1ms) [Parameters=[@userId='?' (Size = 450)], CommandType='"Text"', CommandTimeout='30']
SELECT COUNT(*)
FROM [Notifications] AS [n]
WHERE [n].[UserId] = @userId AND [n].[IsRead] = CAST(0 AS bit)
2026-03-17 11:27:11.729 +05:30 [INF] Executing JsonResult, writing value of type '<>f__AnonymousType1`1[[System.Int32, System.Private.CoreLib, Version=10.0.0.0, Culture=neutral, PublicKeyToken=7cec85d7bea7798e]]'.
2026-03-17 11:27:11.736 +05:30 [INF] Executed action PrisonerPortal.Controllers.NotificationsController.GetUnreadCount (PrisonerPortal) in 25.5801ms
2026-03-17 11:27:11.751 +05:30 [INF] Executed endpoint 'PrisonerPortal.Controllers.NotificationsController.GetUnreadCount (PrisonerPortal)'
2026-03-17 11:27:11.763 +05:30 [INF] Request finished HTTP/1.1 GET http://localhost:5050/Notifications/GetUnreadCount - 200 null application/json; charset=utf-8 98.2034ms
2026-03-17 11:27:17.069 +05:30 [INF] Request starting HTTP/1.1 GET http://localhost:5050/Notifications/GetUnreadCount - null null
2026-03-17 11:27:17.092 +05:30 [INF] Executing endpoint 'PrisonerPortal.Controllers.NotificationsController.GetUnreadCount (PrisonerPortal)'
2026-03-17 11:27:17.095 +05:30 [INF] Route matched with {action = "GetUnreadCount", controller = "Notifications"}. Executing controller action with signature Microsoft.AspNetCore.Mvc.IActionResult GetUnreadCount() on controller PrisonerPortal.Controllers.NotificationsController (PrisonerPortal).
2026-03-17 11:27:17.115 +05:30 [INF] Executed DbCommand (1ms) [Parameters=[@userId='?' (Size = 450)], CommandType='"Text"', CommandTimeout='30']
SELECT COUNT(*)
FROM [Notifications] AS [n]
WHERE [n].[UserId] = @userId AND [n].[IsRead] = CAST(0 AS bit)
2026-03-17 11:27:17.138 +05:30 [INF] Executing JsonResult, writing value of type '<>f__AnonymousType1`1[[System.Int32, System.Private.CoreLib, Version=10.0.0.0, Culture=neutral, PublicKeyToken=7cec85d7bea7798e]]'.
2026-03-17 11:27:17.150 +05:30 [INF] Executed action PrisonerPortal.Controllers.NotificationsController.GetUnreadCount (PrisonerPortal) in 40.5129ms
2026-03-17 11:27:17.162 +05:30 [INF] Executed endpoint 'PrisonerPortal.Controllers.NotificationsController.GetUnreadCount (PrisonerPortal)'
2026-03-17 11:27:17.172 +05:30 [INF] Request finished HTTP/1.1 GET http://localhost:5050/Notifications/GetUnreadCount - 200 null application/json; charset=utf-8 102.4763ms
2026-03-17 11:27:20.089 +05:30 [INF] Request starting HTTP/1.1 GET http://localhost:5050/Admin/Prisoners - null null
2026-03-17 11:27:20.116 +05:30 [INF] Executing endpoint 'PrisonerPortal.Controllers.AdminController.Prisoners (PrisonerPortal)'
2026-03-17 11:27:20.126 +05:30 [INF] Route matched with {action = "Prisoners", controller = "Admin"}. Executing controller action with signature System.Threading.Tasks.Task`1[Microsoft.AspNetCore.Mvc.IActionResult] Prisoners() on controller PrisonerPortal.Controllers.AdminController (PrisonerPortal).
2026-03-17 11:27:20.162 +05:30 [INF] Executed DbCommand (10ms) [Parameters=[], CommandType='"Text"', CommandTimeout='30']
SELECT [p].[PrisonerId], [p].[CaseNumber], [p].[CellBlock], [p].[CellNumber], [p].[CreatedAt], [p].[CrimeCategory], [p].[DateOfBirth], [p].[FullName], [p].[Gender], [p].[PrisonerCode], [p].[SentenceEndDate], [p].[SentenceStartDate], [p].[Status], [p].[UpdatedAt]
FROM [Prisoners] AS [p]
ORDER BY [p].[FullName]
2026-03-17 11:27:20.184 +05:30 [INF] Executing ViewResult, running view Prisoners.
2026-03-17 11:27:20.200 +05:30 [INF] Executed ViewResult - view Prisoners executed in 15.6488ms.
2026-03-17 11:27:20.211 +05:30 [INF] Executed action PrisonerPortal.Controllers.AdminController.Prisoners (PrisonerPortal) in 63.7287ms
2026-03-17 11:27:20.226 +05:30 [INF] Executed endpoint 'PrisonerPortal.Controllers.AdminController.Prisoners (PrisonerPortal)'
2026-03-17 11:27:20.239 +05:30 [INF] Request finished HTTP/1.1 GET http://localhost:5050/Admin/Prisoners - 200 null text/html; charset=utf-8 149.8455ms
2026-03-17 11:27:20.311 +05:30 [INF] Request starting HTTP/1.1 GET http://localhost:5050/Notifications/GetUnreadCount - null null
2026-03-17 11:27:20.331 +05:30 [INF] Executing endpoint 'PrisonerPortal.Controllers.NotificationsController.GetUnreadCount (PrisonerPortal)'
2026-03-17 11:27:20.342 +05:30 [INF] Route matched with {action = "GetUnreadCount", controller = "Notifications"}. Executing controller action with signature Microsoft.AspNetCore.Mvc.IActionResult GetUnreadCount() on controller PrisonerPortal.Controllers.NotificationsController (PrisonerPortal).
2026-03-17 11:27:20.373 +05:30 [INF] Executed DbCommand (14ms) [Parameters=[@userId='?' (Size = 450)], CommandType='"Text"', CommandTimeout='30']
SELECT COUNT(*)
FROM [Notifications] AS [n]
WHERE [n].[UserId] = @userId AND [n].[IsRead] = CAST(0 AS bit)
2026-03-17 11:27:20.391 +05:30 [INF] Executing JsonResult, writing value of type '<>f__AnonymousType1`1[[System.Int32, System.Private.CoreLib, Version=10.0.0.0, Culture=neutral, PublicKeyToken=7cec85d7bea7798e]]'.
2026-03-17 11:27:20.397 +05:30 [INF] Executed action PrisonerPortal.Controllers.NotificationsController.GetUnreadCount (PrisonerPortal) in 39.6802ms
2026-03-17 11:27:20.409 +05:30 [INF] Executed endpoint 'PrisonerPortal.Controllers.NotificationsController.GetUnreadCount (PrisonerPortal)'
2026-03-17 11:27:20.436 +05:30 [INF] Request finished HTTP/1.1 GET http://localhost:5050/Notifications/GetUnreadCount - 200 null application/json; charset=utf-8 117.508ms
2026-03-17 11:27:25.741 +05:30 [INF] Request starting HTTP/1.1 GET http://localhost:5050/Admin/ViewPrisoner/3 - null null
2026-03-17 11:27:25.772 +05:30 [INF] Executing endpoint 'PrisonerPortal.Controllers.AdminController.ViewPrisoner (PrisonerPortal)'
2026-03-17 11:27:25.782 +05:30 [INF] Route matched with {action = "ViewPrisoner", controller = "Admin"}. Executing controller action with signature System.Threading.Tasks.Task`1[Microsoft.AspNetCore.Mvc.IActionResult] ViewPrisoner(Int32) on controller PrisonerPortal.Controllers.AdminController (PrisonerPortal).
2026-03-17 11:27:25.877 +05:30 [INF] Executed DbCommand (73ms) [Parameters=[@id='?' (DbType = Int32)], CommandType='"Text"', CommandTimeout='30']
SELECT [p0].[PrisonerId], [p0].[CaseNumber], [p0].[CellBlock], [p0].[CellNumber], [p0].[CreatedAt], [p0].[CrimeCategory], [p0].[DateOfBirth], [p0].[FullName], [p0].[Gender], [p0].[PrisonerCode], [p0].[SentenceEndDate], [p0].[SentenceStartDate], [p0].[Status], [p0].[UpdatedAt], [s0].[LinkId], [s0].[IsVerified], [s0].[LinkedAt], [s0].[PrisonerId], [s0].[Relationship], [s0].[UserId], [s0].[VerifiedByAdminId], [s0].[Id], [s0].[AccessFailedCount], [s0].[Address], [s0].[ConcurrencyStamp], [s0].[CreatedAt], [s0].[Email], [s0].[EmailConfirmed], [s0].[FullName], [s0].[IsActive], [s0].[LockoutEnabled], [s0].[LockoutEnd], [s0].[NormalizedEmail], [s0].[NormalizedUserName], [s0].[PasswordHash], [s0].[PhoneNumber], [s0].[PhoneNumberConfirmed], [s0].[Role], [s0].[SecurityStamp], [s0].[TwoFactorEnabled], [s0].[UserName], [s1].[AppointmentId], [s1].[AdminNotes], [s1].[AppointmentCode], [s1].[BookedAt], [s1].[NumVisitors], [s1].[PrisonerId], [s1].[Purpose], [s1].[RejectionReason], [s1].[SlotId], [s1].[Status], [s1].[UpdatedAt], [s1].[UserId], [s1].[VisitorNames], [s1].[Id], [s1].[AccessFailedCount], [s1].[Address], [s1].[ConcurrencyStamp], [s1].[CreatedAt], [s1].[Email], [s1].[EmailConfirmed], [s1].[FullName], [s1].[IsActive], [s1].[LockoutEnabled], [s1].[LockoutEnd], [s1].[NormalizedEmail], [s1].[NormalizedUserName], [s1].[PasswordHash], [s1].[PhoneNumber], [s1].[PhoneNumberConfirmed], [s1].[Role], [s1].[SecurityStamp], [s1].[TwoFactorEnabled], [s1].[UserName], [s].[RequestId], [s].[AdminResponse], [s].[AssignedAdminId], [s].[Category], [s].[CreatedAt], [s].[Description], [s].[Priority], [s].[PrisonerId], [s].[RequestCode], [s].[ResolvedAt], [s].[Status], [s].[Subject], [s].[UpdatedAt], [s].[UserId]
FROM (
    SELECT TOP(1) [p].[PrisonerId], [p].[CaseNumber], [p].[CellBlock], [p].[CellNumber], [p].[CreatedAt], [p].[CrimeCategory], [p].[DateOfBirth], [p].[FullName], [p].[Gender], [p].[PrisonerCode], [p].[SentenceEndDate], [p].[SentenceStartDate], [p].[Status], [p].[UpdatedAt]
    FROM [Prisoners] AS [p]
    WHERE [p].[PrisonerId] = @id
) AS [p0]
LEFT JOIN (
    SELECT [f].[LinkId], [f].[IsVerified], [f].[LinkedAt], [f].[PrisonerId], [f].[Relationship], [f].[UserId], [f].[VerifiedByAdminId], [a].[Id], [a].[AccessFailedCount], [a].[Address], [a].[ConcurrencyStamp], [a].[CreatedAt], [a].[Email], [a].[EmailConfirmed], [a].[FullName], [a].[IsActive], [a].[LockoutEnabled], [a].[LockoutEnd], [a].[NormalizedEmail], [a].[NormalizedUserName], [a].[PasswordHash], [a].[PhoneNumber], [a].[PhoneNumberConfirmed], [a].[Role], [a].[SecurityStamp], [a].[TwoFactorEnabled], [a].[UserName]
    FROM [FamilyPrisonerLinks] AS [f]
    INNER JOIN [AspNetUsers] AS [a] ON [f].[UserId] = [a].[Id]
) AS [s0] ON [p0].[PrisonerId] = [s0].[PrisonerId]
LEFT JOIN (
    SELECT [a0].[AppointmentId], [a0].[AdminNotes], [a0].[AppointmentCode], [a0].[BookedAt], [a0].[NumVisitors], [a0].[PrisonerId], [a0].[Purpose], [a0].[RejectionReason], [a0].[SlotId], [a0].[Status], [a0].[UpdatedAt], [a0].[UserId], [a0].[VisitorNames], [a1].[Id], [a1].[AccessFailedCount], [a1].[Address], [a1].[ConcurrencyStamp], [a1].[CreatedAt], [a1].[Email], [a1].[EmailConfirmed], [a1].[FullName], [a1].[IsActive], [a1].[LockoutEnabled], [a1].[LockoutEnd], [a1].[NormalizedEmail], [a1].[NormalizedUserName], [a1].[PasswordHash], [a1].[PhoneNumber], [a1].[PhoneNumberConfirmed], [a1].[Role], [a1].[SecurityStamp], [a1].[TwoFactorEnabled], [a1].[UserName]
    FROM [Appointments] AS [a0]
    INNER JOIN [AspNetUsers] AS [a1] ON [a0].[UserId] = [a1].[Id]
) AS [s1] ON [p0].[PrisonerId] = [s1].[PrisonerId]
LEFT JOIN [SupportRequests] AS [s] ON [p0].[PrisonerId] = [s].[PrisonerId]
ORDER BY [p0].[PrisonerId], [s0].[LinkId], [s0].[Id], [s1].[AppointmentId], [s1].[Id]
2026-03-17 11:27:25.894 +05:30 [INF] Executing ViewResult, running view ViewPrisoner.
2026-03-17 11:27:25.906 +05:30 [INF] Executed ViewResult - view ViewPrisoner executed in 11.9764ms.
2026-03-17 11:27:25.911 +05:30 [INF] Executed action PrisonerPortal.Controllers.AdminController.ViewPrisoner (PrisonerPortal) in 112.6921ms
2026-03-17 11:27:25.922 +05:30 [INF] Executed endpoint 'PrisonerPortal.Controllers.AdminController.ViewPrisoner (PrisonerPortal)'
2026-03-17 11:27:25.932 +05:30 [INF] Request finished HTTP/1.1 GET http://localhost:5050/Admin/ViewPrisoner/3 - 200 null text/html; charset=utf-8 190.4394ms
2026-03-17 11:27:25.991 +05:30 [INF] Request starting HTTP/1.1 GET http://localhost:5050/Notifications/GetUnreadCount - null null
2026-03-17 11:27:26.010 +05:30 [INF] Executing endpoint 'PrisonerPortal.Controllers.NotificationsController.GetUnreadCount (PrisonerPortal)'
2026-03-17 11:27:26.021 +05:30 [INF] Route matched with {action = "GetUnreadCount", controller = "Notifications"}. Executing controller action with signature Microsoft.AspNetCore.Mvc.IActionResult GetUnreadCount() on controller PrisonerPortal.Controllers.NotificationsController (PrisonerPortal).
2026-03-17 11:27:26.044 +05:30 [INF] Executed DbCommand (8ms) [Parameters=[@userId='?' (Size = 450)], CommandType='"Text"', CommandTimeout='30']
SELECT COUNT(*)
FROM [Notifications] AS [n]
WHERE [n].[UserId] = @userId AND [n].[IsRead] = CAST(0 AS bit)
2026-03-17 11:27:26.060 +05:30 [INF] Executing JsonResult, writing value of type '<>f__AnonymousType1`1[[System.Int32, System.Private.CoreLib, Version=10.0.0.0, Culture=neutral, PublicKeyToken=7cec85d7bea7798e]]'.
2026-03-17 11:27:26.069 +05:30 [INF] Executed action PrisonerPortal.Controllers.NotificationsController.GetUnreadCount (PrisonerPortal) in 37.7542ms
2026-03-17 11:27:26.078 +05:30 [INF] Executed endpoint 'PrisonerPortal.Controllers.NotificationsController.GetUnreadCount (PrisonerPortal)'
2026-03-17 11:27:26.088 +05:30 [INF] Request finished HTTP/1.1 GET http://localhost:5050/Notifications/GetUnreadCount - 200 null application/json; charset=utf-8 97.0072ms
2026-03-17 11:27:30.683 +05:30 [INF] Request starting HTTP/1.1 GET http://localhost:5050/Admin/Prisoners - null null
2026-03-17 11:27:30.701 +05:30 [INF] Executing endpoint 'PrisonerPortal.Controllers.AdminController.Prisoners (PrisonerPortal)'
2026-03-17 11:27:30.706 +05:30 [INF] Route matched with {action = "Prisoners", controller = "Admin"}. Executing controller action with signature System.Threading.Tasks.Task`1[Microsoft.AspNetCore.Mvc.IActionResult] Prisoners() on controller PrisonerPortal.Controllers.AdminController (PrisonerPortal).
2026-03-17 11:27:30.732 +05:30 [INF] Executed DbCommand (10ms) [Parameters=[], CommandType='"Text"', CommandTimeout='30']
SELECT [p].[PrisonerId], [p].[CaseNumber], [p].[CellBlock], [p].[CellNumber], [p].[CreatedAt], [p].[CrimeCategory], [p].[DateOfBirth], [p].[FullName], [p].[Gender], [p].[PrisonerCode], [p].[SentenceEndDate], [p].[SentenceStartDate], [p].[Status], [p].[UpdatedAt]
FROM [Prisoners] AS [p]
ORDER BY [p].[FullName]
2026-03-17 11:27:30.755 +05:30 [INF] Executing ViewResult, running view Prisoners.
2026-03-17 11:27:30.772 +05:30 [INF] Executed ViewResult - view Prisoners executed in 17.8781ms.
2026-03-17 11:27:30.787 +05:30 [INF] Executed action PrisonerPortal.Controllers.AdminController.Prisoners (PrisonerPortal) in 72.0079ms
2026-03-17 11:27:30.801 +05:30 [INF] Executed endpoint 'PrisonerPortal.Controllers.AdminController.Prisoners (PrisonerPortal)'
2026-03-17 11:27:30.814 +05:30 [INF] Request finished HTTP/1.1 GET http://localhost:5050/Admin/Prisoners - 200 null text/html; charset=utf-8 130.236ms
2026-03-17 11:27:30.878 +05:30 [INF] Request starting HTTP/1.1 GET http://localhost:5050/Notifications/GetUnreadCount - null null
2026-03-17 11:27:30.900 +05:30 [INF] Executing endpoint 'PrisonerPortal.Controllers.NotificationsController.GetUnreadCount (PrisonerPortal)'
2026-03-17 11:27:30.909 +05:30 [INF] Route matched with {action = "GetUnreadCount", controller = "Notifications"}. Executing controller action with signature Microsoft.AspNetCore.Mvc.IActionResult GetUnreadCount() on controller PrisonerPortal.Controllers.NotificationsController (PrisonerPortal).
2026-03-17 11:27:30.927 +05:30 [INF] Executed DbCommand (1ms) [Parameters=[@userId='?' (Size = 450)], CommandType='"Text"', CommandTimeout='30']
SELECT COUNT(*)
FROM [Notifications] AS [n]
WHERE [n].[UserId] = @userId AND [n].[IsRead] = CAST(0 AS bit)
2026-03-17 11:27:30.942 +05:30 [INF] Executing JsonResult, writing value of type '<>f__AnonymousType1`1[[System.Int32, System.Private.CoreLib, Version=10.0.0.0, Culture=neutral, PublicKeyToken=7cec85d7bea7798e]]'.
2026-03-17 11:27:30.954 +05:30 [INF] Executed action PrisonerPortal.Controllers.NotificationsController.GetUnreadCount (PrisonerPortal) in 30.2257ms
2026-03-17 11:27:30.962 +05:30 [INF] Executed endpoint 'PrisonerPortal.Controllers.NotificationsController.GetUnreadCount (PrisonerPortal)'
2026-03-17 11:27:30.974 +05:30 [INF] Request finished HTTP/1.1 GET http://localhost:5050/Notifications/GetUnreadCount - 200 null application/json; charset=utf-8 96.0824ms
2026-03-17 11:27:35.931 +05:30 [INF] Request starting HTTP/1.1 GET http://localhost:5050/Admin/ViewPrisoner/3 - null null
2026-03-17 11:27:35.961 +05:30 [INF] Executing endpoint 'PrisonerPortal.Controllers.AdminController.ViewPrisoner (PrisonerPortal)'
2026-03-17 11:27:35.974 +05:30 [INF] Route matched with {action = "ViewPrisoner", controller = "Admin"}. Executing controller action with signature System.Threading.Tasks.Task`1[Microsoft.AspNetCore.Mvc.IActionResult] ViewPrisoner(Int32) on controller PrisonerPortal.Controllers.AdminController (PrisonerPortal).
2026-03-17 11:27:36.001 +05:30 [INF] Executed DbCommand (3ms) [Parameters=[@id='?' (DbType = Int32)], CommandType='"Text"', CommandTimeout='30']
SELECT [p0].[PrisonerId], [p0].[CaseNumber], [p0].[CellBlock], [p0].[CellNumber], [p0].[CreatedAt], [p0].[CrimeCategory], [p0].[DateOfBirth], [p0].[FullName], [p0].[Gender], [p0].[PrisonerCode], [p0].[SentenceEndDate], [p0].[SentenceStartDate], [p0].[Status], [p0].[UpdatedAt], [s0].[LinkId], [s0].[IsVerified], [s0].[LinkedAt], [s0].[PrisonerId], [s0].[Relationship], [s0].[UserId], [s0].[VerifiedByAdminId], [s0].[Id], [s0].[AccessFailedCount], [s0].[Address], [s0].[ConcurrencyStamp], [s0].[CreatedAt], [s0].[Email], [s0].[EmailConfirmed], [s0].[FullName], [s0].[IsActive], [s0].[LockoutEnabled], [s0].[LockoutEnd], [s0].[NormalizedEmail], [s0].[NormalizedUserName], [s0].[PasswordHash], [s0].[PhoneNumber], [s0].[PhoneNumberConfirmed], [s0].[Role], [s0].[SecurityStamp], [s0].[TwoFactorEnabled], [s0].[UserName], [s1].[AppointmentId], [s1].[AdminNotes], [s1].[AppointmentCode], [s1].[BookedAt], [s1].[NumVisitors], [s1].[PrisonerId], [s1].[Purpose], [s1].[RejectionReason], [s1].[SlotId], [s1].[Status], [s1].[UpdatedAt], [s1].[UserId], [s1].[VisitorNames], [s1].[Id], [s1].[AccessFailedCount], [s1].[Address], [s1].[ConcurrencyStamp], [s1].[CreatedAt], [s1].[Email], [s1].[EmailConfirmed], [s1].[FullName], [s1].[IsActive], [s1].[LockoutEnabled], [s1].[LockoutEnd], [s1].[NormalizedEmail], [s1].[NormalizedUserName], [s1].[PasswordHash], [s1].[PhoneNumber], [s1].[PhoneNumberConfirmed], [s1].[Role], [s1].[SecurityStamp], [s1].[TwoFactorEnabled], [s1].[UserName], [s].[RequestId], [s].[AdminResponse], [s].[AssignedAdminId], [s].[Category], [s].[CreatedAt], [s].[Description], [s].[Priority], [s].[PrisonerId], [s].[RequestCode], [s].[ResolvedAt], [s].[Status], [s].[Subject], [s].[UpdatedAt], [s].[UserId]
FROM (
    SELECT TOP(1) [p].[PrisonerId], [p].[CaseNumber], [p].[CellBlock], [p].[CellNumber], [p].[CreatedAt], [p].[CrimeCategory], [p].[DateOfBirth], [p].[FullName], [p].[Gender], [p].[PrisonerCode], [p].[SentenceEndDate], [p].[SentenceStartDate], [p].[Status], [p].[UpdatedAt]
    FROM [Prisoners] AS [p]
    WHERE [p].[PrisonerId] = @id
) AS [p0]
LEFT JOIN (
    SELECT [f].[LinkId], [f].[IsVerified], [f].[LinkedAt], [f].[PrisonerId], [f].[Relationship], [f].[UserId], [f].[VerifiedByAdminId], [a].[Id], [a].[AccessFailedCount], [a].[Address], [a].[ConcurrencyStamp], [a].[CreatedAt], [a].[Email], [a].[EmailConfirmed], [a].[FullName], [a].[IsActive], [a].[LockoutEnabled], [a].[LockoutEnd], [a].[NormalizedEmail], [a].[NormalizedUserName], [a].[PasswordHash], [a].[PhoneNumber], [a].[PhoneNumberConfirmed], [a].[Role], [a].[SecurityStamp], [a].[TwoFactorEnabled], [a].[UserName]
    FROM [FamilyPrisonerLinks] AS [f]
    INNER JOIN [AspNetUsers] AS [a] ON [f].[UserId] = [a].[Id]
) AS [s0] ON [p0].[PrisonerId] = [s0].[PrisonerId]
LEFT JOIN (
    SELECT [a0].[AppointmentId], [a0].[AdminNotes], [a0].[AppointmentCode], [a0].[BookedAt], [a0].[NumVisitors], [a0].[PrisonerId], [a0].[Purpose], [a0].[RejectionReason], [a0].[SlotId], [a0].[Status], [a0].[UpdatedAt], [a0].[UserId], [a0].[VisitorNames], [a1].[Id], [a1].[AccessFailedCount], [a1].[Address], [a1].[ConcurrencyStamp], [a1].[CreatedAt], [a1].[Email], [a1].[EmailConfirmed], [a1].[FullName], [a1].[IsActive], [a1].[LockoutEnabled], [a1].[LockoutEnd], [a1].[NormalizedEmail], [a1].[NormalizedUserName], [a1].[PasswordHash], [a1].[PhoneNumber], [a1].[PhoneNumberConfirmed], [a1].[Role], [a1].[SecurityStamp], [a1].[TwoFactorEnabled], [a1].[UserName]
    FROM [Appointments] AS [a0]
    INNER JOIN [AspNetUsers] AS [a1] ON [a0].[UserId] = [a1].[Id]
) AS [s1] ON [p0].[PrisonerId] = [s1].[PrisonerId]
LEFT JOIN [SupportRequests] AS [s] ON [p0].[PrisonerId] = [s].[PrisonerId]
ORDER BY [p0].[PrisonerId], [s0].[LinkId], [s0].[Id], [s1].[AppointmentId], [s1].[Id]
2026-03-17 11:27:36.032 +05:30 [INF] Executing ViewResult, running view ViewPrisoner.
2026-03-17 11:27:36.060 +05:30 [INF] Executed ViewResult - view ViewPrisoner executed in 28.4541ms.
2026-03-17 11:27:36.079 +05:30 [INF] Executed action PrisonerPortal.Controllers.AdminController.ViewPrisoner (PrisonerPortal) in 85.6367ms
2026-03-17 11:27:36.093 +05:30 [INF] Executed endpoint 'PrisonerPortal.Controllers.AdminController.ViewPrisoner (PrisonerPortal)'
2026-03-17 11:27:36.104 +05:30 [INF] Request finished HTTP/1.1 GET http://localhost:5050/Admin/ViewPrisoner/3 - 200 null text/html; charset=utf-8 173.0768ms
2026-03-17 11:27:36.154 +05:30 [INF] Request starting HTTP/1.1 GET http://localhost:5050/Notifications/GetUnreadCount - null null
2026-03-17 11:27:36.175 +05:30 [INF] Executing endpoint 'PrisonerPortal.Controllers.NotificationsController.GetUnreadCount (PrisonerPortal)'
2026-03-17 11:27:36.185 +05:30 [INF] Route matched with {action = "GetUnreadCount", controller = "Notifications"}. Executing controller action with signature Microsoft.AspNetCore.Mvc.IActionResult GetUnreadCount() on controller PrisonerPortal.Controllers.NotificationsController (PrisonerPortal).
2026-03-17 11:27:36.207 +05:30 [INF] Executed DbCommand (4ms) [Parameters=[@userId='?' (Size = 450)], CommandType='"Text"', CommandTimeout='30']
SELECT COUNT(*)
FROM [Notifications] AS [n]
WHERE [n].[UserId] = @userId AND [n].[IsRead] = CAST(0 AS bit)
2026-03-17 11:27:36.223 +05:30 [INF] Executing JsonResult, writing value of type '<>f__AnonymousType1`1[[System.Int32, System.Private.CoreLib, Version=10.0.0.0, Culture=neutral, PublicKeyToken=7cec85d7bea7798e]]'.
2026-03-17 11:27:36.234 +05:30 [INF] Executed action PrisonerPortal.Controllers.NotificationsController.GetUnreadCount (PrisonerPortal) in 37.2067ms
2026-03-17 11:27:36.244 +05:30 [INF] Executed endpoint 'PrisonerPortal.Controllers.NotificationsController.GetUnreadCount (PrisonerPortal)'
2026-03-17 11:27:36.253 +05:30 [INF] Request finished HTTP/1.1 GET http://localhost:5050/Notifications/GetUnreadCount - 200 null application/json; charset=utf-8 99.6195ms
2026-03-17 11:27:40.836 +05:30 [INF] Request starting HTTP/1.1 GET http://localhost:5050/Admin/Prisoners - null null
2026-03-17 11:27:40.862 +05:30 [INF] Executing endpoint 'PrisonerPortal.Controllers.AdminController.Prisoners (PrisonerPortal)'
2026-03-17 11:27:40.877 +05:30 [INF] Route matched with {action = "Prisoners", controller = "Admin"}. Executing controller action with signature System.Threading.Tasks.Task`1[Microsoft.AspNetCore.Mvc.IActionResult] Prisoners() on controller PrisonerPortal.Controllers.AdminController (PrisonerPortal).
2026-03-17 11:27:40.904 +05:30 [INF] Executed DbCommand (2ms) [Parameters=[], CommandType='"Text"', CommandTimeout='30']
SELECT [p].[PrisonerId], [p].[CaseNumber], [p].[CellBlock], [p].[CellNumber], [p].[CreatedAt], [p].[CrimeCategory], [p].[DateOfBirth], [p].[FullName], [p].[Gender], [p].[PrisonerCode], [p].[SentenceEndDate], [p].[SentenceStartDate], [p].[Status], [p].[UpdatedAt]
FROM [Prisoners] AS [p]
ORDER BY [p].[FullName]
2026-03-17 11:27:40.925 +05:30 [INF] Executing ViewResult, running view Prisoners.
2026-03-17 11:27:40.939 +05:30 [INF] Executed ViewResult - view Prisoners executed in 14.253ms.
2026-03-17 11:27:40.950 +05:30 [INF] Executed action PrisonerPortal.Controllers.AdminController.Prisoners (PrisonerPortal) in 52.552ms
2026-03-17 11:27:40.958 +05:30 [INF] Executed endpoint 'PrisonerPortal.Controllers.AdminController.Prisoners (PrisonerPortal)'
2026-03-17 11:27:40.968 +05:30 [INF] Request finished HTTP/1.1 GET http://localhost:5050/Admin/Prisoners - 200 null text/html; charset=utf-8 132.3892ms
2026-03-17 11:27:41.014 +05:30 [INF] Request starting HTTP/1.1 GET http://localhost:5050/Notifications/GetUnreadCount - null null
2026-03-17 11:27:41.036 +05:30 [INF] Executing endpoint 'PrisonerPortal.Controllers.NotificationsController.GetUnreadCount (PrisonerPortal)'
2026-03-17 11:27:41.044 +05:30 [INF] Route matched with {action = "GetUnreadCount", controller = "Notifications"}. Executing controller action with signature Microsoft.AspNetCore.Mvc.IActionResult GetUnreadCount() on controller PrisonerPortal.Controllers.NotificationsController (PrisonerPortal).
2026-03-17 11:27:41.069 +05:30 [INF] Executed DbCommand (2ms) [Parameters=[@userId='?' (Size = 450)], CommandType='"Text"', CommandTimeout='30']
SELECT COUNT(*)
FROM [Notifications] AS [n]
WHERE [n].[UserId] = @userId AND [n].[IsRead] = CAST(0 AS bit)
2026-03-17 11:27:41.088 +05:30 [INF] Executing JsonResult, writing value of type '<>f__AnonymousType1`1[[System.Int32, System.Private.CoreLib, Version=10.0.0.0, Culture=neutral, PublicKeyToken=7cec85d7bea7798e]]'.
2026-03-17 11:27:41.098 +05:30 [INF] Executed action PrisonerPortal.Controllers.NotificationsController.GetUnreadCount (PrisonerPortal) in 32.9785ms
2026-03-17 11:27:41.106 +05:30 [INF] Executed endpoint 'PrisonerPortal.Controllers.NotificationsController.GetUnreadCount (PrisonerPortal)'
2026-03-17 11:27:41.113 +05:30 [INF] Request finished HTTP/1.1 GET http://localhost:5050/Notifications/GetUnreadCount - 200 null application/json; charset=utf-8 99.7314ms
2026-03-17 11:27:47.071 +05:30 [INF] Request starting HTTP/1.1 GET http://localhost:5050/Notifications/GetUnreadCount - null null
2026-03-17 11:27:47.103 +05:30 [INF] Executing endpoint 'PrisonerPortal.Controllers.NotificationsController.GetUnreadCount (PrisonerPortal)'
2026-03-17 11:27:47.112 +05:30 [INF] Route matched with {action = "GetUnreadCount", controller = "Notifications"}. Executing controller action with signature Microsoft.AspNetCore.Mvc.IActionResult GetUnreadCount() on controller PrisonerPortal.Controllers.NotificationsController (PrisonerPortal).
2026-03-17 11:27:47.151 +05:30 [INF] Executed DbCommand (16ms) [Parameters=[@userId='?' (Size = 450)], CommandType='"Text"', CommandTimeout='30']
SELECT COUNT(*)
FROM [Notifications] AS [n]
WHERE [n].[UserId] = @userId AND [n].[IsRead] = CAST(0 AS bit)
2026-03-17 11:27:47.170 +05:30 [INF] Executing JsonResult, writing value of type '<>f__AnonymousType1`1[[System.Int32, System.Private.CoreLib, Version=10.0.0.0, Culture=neutral, PublicKeyToken=7cec85d7bea7798e]]'.
2026-03-17 11:27:47.180 +05:30 [INF] Executed action PrisonerPortal.Controllers.NotificationsController.GetUnreadCount (PrisonerPortal) in 47.3243ms
2026-03-17 11:27:47.188 +05:30 [INF] Executed endpoint 'PrisonerPortal.Controllers.NotificationsController.GetUnreadCount (PrisonerPortal)'
2026-03-17 11:27:47.199 +05:30 [INF] Request finished HTTP/1.1 GET http://localhost:5050/Notifications/GetUnreadCount - 200 null application/json; charset=utf-8 127.8772ms
2026-03-17 11:27:48.373 +05:30 [INF] Request starting HTTP/1.1 GET http://localhost:5050/Admin/ViewPrisoner/3 - null null
2026-03-17 11:27:48.398 +05:30 [INF] Executing endpoint 'PrisonerPortal.Controllers.AdminController.ViewPrisoner (PrisonerPortal)'
2026-03-17 11:27:48.405 +05:30 [INF] Route matched with {action = "ViewPrisoner", controller = "Admin"}. Executing controller action with signature System.Threading.Tasks.Task`1[Microsoft.AspNetCore.Mvc.IActionResult] ViewPrisoner(Int32) on controller PrisonerPortal.Controllers.AdminController (PrisonerPortal).
2026-03-17 11:27:48.511 +05:30 [INF] Executed DbCommand (88ms) [Parameters=[@id='?' (DbType = Int32)], CommandType='"Text"', CommandTimeout='30']
SELECT [p0].[PrisonerId], [p0].[CaseNumber], [p0].[CellBlock], [p0].[CellNumber], [p0].[CreatedAt], [p0].[CrimeCategory], [p0].[DateOfBirth], [p0].[FullName], [p0].[Gender], [p0].[PrisonerCode], [p0].[SentenceEndDate], [p0].[SentenceStartDate], [p0].[Status], [p0].[UpdatedAt], [s0].[LinkId], [s0].[IsVerified], [s0].[LinkedAt], [s0].[PrisonerId], [s0].[Relationship], [s0].[UserId], [s0].[VerifiedByAdminId], [s0].[Id], [s0].[AccessFailedCount], [s0].[Address], [s0].[ConcurrencyStamp], [s0].[CreatedAt], [s0].[Email], [s0].[EmailConfirmed], [s0].[FullName], [s0].[IsActive], [s0].[LockoutEnabled], [s0].[LockoutEnd], [s0].[NormalizedEmail], [s0].[NormalizedUserName], [s0].[PasswordHash], [s0].[PhoneNumber], [s0].[PhoneNumberConfirmed], [s0].[Role], [s0].[SecurityStamp], [s0].[TwoFactorEnabled], [s0].[UserName], [s1].[AppointmentId], [s1].[AdminNotes], [s1].[AppointmentCode], [s1].[BookedAt], [s1].[NumVisitors], [s1].[PrisonerId], [s1].[Purpose], [s1].[RejectionReason], [s1].[SlotId], [s1].[Status], [s1].[UpdatedAt], [s1].[UserId], [s1].[VisitorNames], [s1].[Id], [s1].[AccessFailedCount], [s1].[Address], [s1].[ConcurrencyStamp], [s1].[CreatedAt], [s1].[Email], [s1].[EmailConfirmed], [s1].[FullName], [s1].[IsActive], [s1].[LockoutEnabled], [s1].[LockoutEnd], [s1].[NormalizedEmail], [s1].[NormalizedUserName], [s1].[PasswordHash], [s1].[PhoneNumber], [s1].[PhoneNumberConfirmed], [s1].[Role], [s1].[SecurityStamp], [s1].[TwoFactorEnabled], [s1].[UserName], [s].[RequestId], [s].[AdminResponse], [s].[AssignedAdminId], [s].[Category], [s].[CreatedAt], [s].[Description], [s].[Priority], [s].[PrisonerId], [s].[RequestCode], [s].[ResolvedAt], [s].[Status], [s].[Subject], [s].[UpdatedAt], [s].[UserId]
FROM (
    SELECT TOP(1) [p].[PrisonerId], [p].[CaseNumber], [p].[CellBlock], [p].[CellNumber], [p].[CreatedAt], [p].[CrimeCategory], [p].[DateOfBirth], [p].[FullName], [p].[Gender], [p].[PrisonerCode], [p].[SentenceEndDate], [p].[SentenceStartDate], [p].[Status], [p].[UpdatedAt]
    FROM [Prisoners] AS [p]
    WHERE [p].[PrisonerId] = @id
) AS [p0]
LEFT JOIN (
    SELECT [f].[LinkId], [f].[IsVerified], [f].[LinkedAt], [f].[PrisonerId], [f].[Relationship], [f].[UserId], [f].[VerifiedByAdminId], [a].[Id], [a].[AccessFailedCount], [a].[Address], [a].[ConcurrencyStamp], [a].[CreatedAt], [a].[Email], [a].[EmailConfirmed], [a].[FullName], [a].[IsActive], [a].[LockoutEnabled], [a].[LockoutEnd], [a].[NormalizedEmail], [a].[NormalizedUserName], [a].[PasswordHash], [a].[PhoneNumber], [a].[PhoneNumberConfirmed], [a].[Role], [a].[SecurityStamp], [a].[TwoFactorEnabled], [a].[UserName]
    FROM [FamilyPrisonerLinks] AS [f]
    INNER JOIN [AspNetUsers] AS [a] ON [f].[UserId] = [a].[Id]
) AS [s0] ON [p0].[PrisonerId] = [s0].[PrisonerId]
LEFT JOIN (
    SELECT [a0].[AppointmentId], [a0].[AdminNotes], [a0].[AppointmentCode], [a0].[BookedAt], [a0].[NumVisitors], [a0].[PrisonerId], [a0].[Purpose], [a0].[RejectionReason], [a0].[SlotId], [a0].[Status], [a0].[UpdatedAt], [a0].[UserId], [a0].[VisitorNames], [a1].[Id], [a1].[AccessFailedCount], [a1].[Address], [a1].[ConcurrencyStamp], [a1].[CreatedAt], [a1].[Email], [a1].[EmailConfirmed], [a1].[FullName], [a1].[IsActive], [a1].[LockoutEnabled], [a1].[LockoutEnd], [a1].[NormalizedEmail], [a1].[NormalizedUserName], [a1].[PasswordHash], [a1].[PhoneNumber], [a1].[PhoneNumberConfirmed], [a1].[Role], [a1].[SecurityStamp], [a1].[TwoFactorEnabled], [a1].[UserName]
    FROM [Appointments] AS [a0]
    INNER JOIN [AspNetUsers] AS [a1] ON [a0].[UserId] = [a1].[Id]
) AS [s1] ON [p0].[PrisonerId] = [s1].[PrisonerId]
LEFT JOIN [SupportRequests] AS [s] ON [p0].[PrisonerId] = [s].[PrisonerId]
ORDER BY [p0].[PrisonerId], [s0].[LinkId], [s0].[Id], [s1].[AppointmentId], [s1].[Id]
2026-03-17 11:27:48.532 +05:30 [INF] Executing ViewResult, running view ViewPrisoner.
2026-03-17 11:27:48.538 +05:30 [INF] Executed ViewResult - view ViewPrisoner executed in 5.4191ms.
2026-03-17 11:27:48.547 +05:30 [INF] Executed action PrisonerPortal.Controllers.AdminController.ViewPrisoner (PrisonerPortal) in 127.1ms
2026-03-17 11:27:48.554 +05:30 [INF] Executed endpoint 'PrisonerPortal.Controllers.AdminController.ViewPrisoner (PrisonerPortal)'
2026-03-17 11:27:48.565 +05:30 [INF] Request finished HTTP/1.1 GET http://localhost:5050/Admin/ViewPrisoner/3 - 200 null text/html; charset=utf-8 192.6956ms
2026-03-17 11:27:48.602 +05:30 [INF] Request starting HTTP/1.1 GET http://localhost:5050/css/site.css?v=seqgy2E8WqM9es2uSck3zZTeEFYFhxuxOBVvoD-ron0 - null null
2026-03-17 11:27:48.623 +05:30 [INF] The file /css/site.css was not modified
2026-03-17 11:27:48.634 +05:30 [INF] Request finished HTTP/1.1 GET http://localhost:5050/css/site.css?v=seqgy2E8WqM9es2uSck3zZTeEFYFhxuxOBVvoD-ron0 - 304 null text/css 32.1914ms
2026-03-17 11:27:48.721 +05:30 [INF] Request starting HTTP/1.1 GET http://localhost:5050/Notifications/GetUnreadCount - null null
2026-03-17 11:27:48.757 +05:30 [INF] Executing endpoint 'PrisonerPortal.Controllers.NotificationsController.GetUnreadCount (PrisonerPortal)'
2026-03-17 11:27:48.768 +05:30 [INF] Route matched with {action = "GetUnreadCount", controller = "Notifications"}. Executing controller action with signature Microsoft.AspNetCore.Mvc.IActionResult GetUnreadCount() on controller PrisonerPortal.Controllers.NotificationsController (PrisonerPortal).
2026-03-17 11:27:48.801 +05:30 [INF] Executed DbCommand (15ms) [Parameters=[@userId='?' (Size = 450)], CommandType='"Text"', CommandTimeout='30']
SELECT COUNT(*)
FROM [Notifications] AS [n]
WHERE [n].[UserId] = @userId AND [n].[IsRead] = CAST(0 AS bit)
2026-03-17 11:27:48.815 +05:30 [INF] Executing JsonResult, writing value of type '<>f__AnonymousType1`1[[System.Int32, System.Private.CoreLib, Version=10.0.0.0, Culture=neutral, PublicKeyToken=7cec85d7bea7798e]]'.
2026-03-17 11:27:48.820 +05:30 [INF] Executed action PrisonerPortal.Controllers.NotificationsController.GetUnreadCount (PrisonerPortal) in 36.9643ms
2026-03-17 11:27:48.829 +05:30 [INF] Executed endpoint 'PrisonerPortal.Controllers.NotificationsController.GetUnreadCount (PrisonerPortal)'
2026-03-17 11:27:48.835 +05:30 [INF] Request finished HTTP/1.1 GET http://localhost:5050/Notifications/GetUnreadCount - 200 null application/json; charset=utf-8 113.0247ms
2026-03-17 11:28:10.030 +05:30 [INF] Request starting HTTP/1.1 POST http://localhost:5050/Account/Logout - application/x-www-form-urlencoded 225
2026-03-17 11:28:10.057 +05:30 [INF] Executing endpoint 'PrisonerPortal.Controllers.AccountController.Logout (PrisonerPortal)'
2026-03-17 11:28:10.071 +05:30 [INF] Route matched with {action = "Logout", controller = "Account"}. Executing controller action with signature System.Threading.Tasks.Task`1[Microsoft.AspNetCore.Mvc.IActionResult] Logout() on controller PrisonerPortal.Controllers.AccountController (PrisonerPortal).
2026-03-17 11:28:10.137 +05:30 [INF] Executed DbCommand (39ms) [Parameters=[@p0='?' (Size = 4000), @p1='?' (Size = 4000), @p2='?' (Size = 4000), @p3='?' (Size = 4000), @p4='?' (Size = 4000), @p5='?' (Size = 4000), @p6='?' (DbType = DateTime2), @p7='?' (Size = 450)], CommandType='"Text"', CommandTimeout='30']
SET IMPLICIT_TRANSACTIONS OFF;
SET NOCOUNT ON;
INSERT INTO [AuditLogs] ([Action], [EntityId], [EntityType], [IPAddress], [NewValues], [OldValues], [Timestamp], [UserId])
OUTPUT INSERTED.[LogId]
VALUES (@p0, @p1, @p2, @p3, @p4, @p5, @p6, @p7);
2026-03-17 11:28:10.160 +05:30 [INF] AuthenticationScheme: Identity.Application signed out.
2026-03-17 11:28:10.166 +05:30 [INF] AuthenticationScheme: Identity.External signed out.
2026-03-17 11:28:10.179 +05:30 [INF] AuthenticationScheme: Identity.TwoFactorUserId signed out.
2026-03-17 11:28:10.189 +05:30 [INF] Executing RedirectResult, redirecting to /.
2026-03-17 11:28:10.197 +05:30 [INF] Executed action PrisonerPortal.Controllers.AccountController.Logout (PrisonerPortal) in 102.9769ms
2026-03-17 11:28:10.211 +05:30 [INF] Executed endpoint 'PrisonerPortal.Controllers.AccountController.Logout (PrisonerPortal)'
2026-03-17 11:28:10.222 +05:30 [INF] Request finished HTTP/1.1 POST http://localhost:5050/Account/Logout - 302 0 null 191.9226ms
2026-03-17 11:28:10.258 +05:30 [INF] Request starting HTTP/1.1 GET http://localhost:5050/ - null null
2026-03-17 11:28:10.283 +05:30 [INF] Executing endpoint 'PrisonerPortal.Controllers.AccountController.Login (PrisonerPortal)'
2026-03-17 11:28:10.296 +05:30 [INF] Route matched with {action = "Login", controller = "Account"}. Executing controller action with signature Microsoft.AspNetCore.Mvc.IActionResult Login() on controller PrisonerPortal.Controllers.AccountController (PrisonerPortal).
2026-03-17 11:28:10.316 +05:30 [INF] Executing ViewResult, running view Login.
2026-03-17 11:28:10.334 +05:30 [INF] Executed ViewResult - view Login executed in 17.4636ms.
2026-03-17 11:28:10.347 +05:30 [INF] Executed action PrisonerPortal.Controllers.AccountController.Login (PrisonerPortal) in 31.2867ms
2026-03-17 11:28:10.363 +05:30 [INF] Executed endpoint 'PrisonerPortal.Controllers.AccountController.Login (PrisonerPortal)'
2026-03-17 11:28:10.377 +05:30 [INF] Request finished HTTP/1.1 GET http://localhost:5050/ - 200 null text/html; charset=utf-8 118.6374ms
2026-03-17 11:28:17.076 +05:30 [INF] Request starting HTTP/1.1 GET http://localhost:5050/Notifications/GetUnreadCount - null null
2026-03-17 11:28:17.107 +05:30 [INF] Authorization failed. These requirements were not met:
DenyAnonymousAuthorizationRequirement: Requires an authenticated user.
2026-03-17 11:28:17.130 +05:30 [INF] AuthenticationScheme: Identity.Application was challenged.
2026-03-17 11:28:17.144 +05:30 [INF] Request finished HTTP/1.1 GET http://localhost:5050/Notifications/GetUnreadCount - 302 0 null 67.0995ms
2026-03-17 11:28:17.179 +05:30 [INF] Request starting HTTP/1.1 GET http://localhost:5050/Account/Login?ReturnUrl=%2FNotifications%2FGetUnreadCount - null null
2026-03-17 11:28:17.207 +05:30 [INF] Executing endpoint 'PrisonerPortal.Controllers.AccountController.Login (PrisonerPortal)'
2026-03-17 11:28:17.219 +05:30 [INF] Route matched with {action = "Login", controller = "Account"}. Executing controller action with signature Microsoft.AspNetCore.Mvc.IActionResult Login() on controller PrisonerPortal.Controllers.AccountController (PrisonerPortal).
2026-03-17 11:28:17.236 +05:30 [INF] Executing ViewResult, running view Login.
2026-03-17 11:28:17.252 +05:30 [INF] Executed ViewResult - view Login executed in 15.7519ms.
2026-03-17 11:28:17.264 +05:30 [INF] Executed action PrisonerPortal.Controllers.AccountController.Login (PrisonerPortal) in 29.7802ms
2026-03-17 11:28:17.277 +05:30 [INF] Executed endpoint 'PrisonerPortal.Controllers.AccountController.Login (PrisonerPortal)'
2026-03-17 11:28:17.286 +05:30 [INF] Request finished HTTP/1.1 GET http://localhost:5050/Account/Login?ReturnUrl=%2FNotifications%2FGetUnreadCount - 200 null text/html; charset=utf-8 106.7163ms
2026-03-17 11:28:45.638 +05:30 [INF] Request starting HTTP/1.1 POST http://localhost:5050/ - application/x-www-form-urlencoded 264
2026-03-17 11:28:45.664 +05:30 [INF] Executing endpoint 'PrisonerPortal.Controllers.AccountController.Login (PrisonerPortal)'
2026-03-17 11:28:45.670 +05:30 [INF] Route matched with {action = "Login", controller = "Account"}. Executing controller action with signature System.Threading.Tasks.Task`1[Microsoft.AspNetCore.Mvc.IActionResult] Login(PrisonerPortal.Models.ViewModels.LoginViewModel) on controller PrisonerPortal.Controllers.AccountController (PrisonerPortal).
2026-03-17 11:28:45.718 +05:30 [INF] Executed DbCommand (17ms) [Parameters=[@normalizedEmail='?' (Size = 256)], CommandType='"Text"', CommandTimeout='30']
SELECT TOP(2) [a].[Id], [a].[AccessFailedCount], [a].[Address], [a].[ConcurrencyStamp], [a].[CreatedAt], [a].[Email], [a].[EmailConfirmed], [a].[FullName], [a].[IsActive], [a].[LockoutEnabled], [a].[LockoutEnd], [a].[NormalizedEmail], [a].[NormalizedUserName], [a].[PasswordHash], [a].[PhoneNumber], [a].[PhoneNumberConfirmed], [a].[Role], [a].[SecurityStamp], [a].[TwoFactorEnabled], [a].[UserName]
FROM [AspNetUsers] AS [a]
WHERE [a].[NormalizedEmail] = @normalizedEmail
2026-03-17 11:28:45.746 +05:30 [INF] Executed DbCommand (11ms) [Parameters=[@normalizedUserName='?' (Size = 256)], CommandType='"Text"', CommandTimeout='30']
SELECT TOP(1) [a].[Id], [a].[AccessFailedCount], [a].[Address], [a].[ConcurrencyStamp], [a].[CreatedAt], [a].[Email], [a].[EmailConfirmed], [a].[FullName], [a].[IsActive], [a].[LockoutEnabled], [a].[LockoutEnd], [a].[NormalizedEmail], [a].[NormalizedUserName], [a].[PasswordHash], [a].[PhoneNumber], [a].[PhoneNumberConfirmed], [a].[Role], [a].[SecurityStamp], [a].[TwoFactorEnabled], [a].[UserName]
FROM [AspNetUsers] AS [a]
WHERE [a].[NormalizedUserName] = @normalizedUserName
2026-03-17 11:28:46.067 +05:30 [INF] Executed DbCommand (4ms) [Parameters=[@user_Id='?' (Size = 450)], CommandType='"Text"', CommandTimeout='30']
SELECT [a].[Id], [a].[ClaimType], [a].[ClaimValue], [a].[UserId]
FROM [AspNetUserClaims] AS [a]
WHERE [a].[UserId] = @user_Id
2026-03-17 11:28:46.096 +05:30 [INF] Executed DbCommand (11ms) [Parameters=[@userId='?' (Size = 450)], CommandType='"Text"', CommandTimeout='30']
SELECT [a0].[Name]
FROM [AspNetUserRoles] AS [a]
INNER JOIN [AspNetRoles] AS [a0] ON [a].[RoleId] = [a0].[Id]
WHERE [a].[UserId] = @userId
2026-03-17 11:28:46.127 +05:30 [INF] Executed DbCommand (9ms) [Parameters=[@normalizedName='?' (Size = 256)], CommandType='"Text"', CommandTimeout='30']
SELECT TOP(1) [a].[Id], [a].[ConcurrencyStamp], [a].[Name], [a].[NormalizedName]
FROM [AspNetRoles] AS [a]
WHERE [a].[NormalizedName] = @normalizedName
2026-03-17 11:28:46.176 +05:30 [INF] Executed DbCommand (25ms) [Parameters=[@role_Id='?' (Size = 450)], CommandType='"Text"', CommandTimeout='30']
SELECT [a].[ClaimType], [a].[ClaimValue]
FROM [AspNetRoleClaims] AS [a]
WHERE [a].[RoleId] = @role_Id
2026-03-17 11:28:46.201 +05:30 [INF] AuthenticationScheme: Identity.Application signed in.
2026-03-17 11:28:46.220 +05:30 [INF] Executed DbCommand (6ms) [Parameters=[@p0='?' (Size = 4000), @p1='?' (Size = 4000), @p2='?' (Size = 4000), @p3='?' (Size = 4000), @p4='?' (Size = 4000), @p5='?' (Size = 4000), @p6='?' (DbType = DateTime2), @p7='?' (Size = 450)], CommandType='"Text"', CommandTimeout='30']
SET IMPLICIT_TRANSACTIONS OFF;
SET NOCOUNT ON;
INSERT INTO [AuditLogs] ([Action], [EntityId], [EntityType], [IPAddress], [NewValues], [OldValues], [Timestamp], [UserId])
OUTPUT INSERTED.[LogId]
VALUES (@p0, @p1, @p2, @p3, @p4, @p5, @p6, @p7);
2026-03-17 11:28:46.244 +05:30 [INF] Executing RedirectResult, redirecting to /Family/Dashboard.
2026-03-17 11:28:46.254 +05:30 [INF] Executed action PrisonerPortal.Controllers.AccountController.Login (PrisonerPortal) in 568.3008ms
2026-03-17 11:28:46.267 +05:30 [INF] Executed endpoint 'PrisonerPortal.Controllers.AccountController.Login (PrisonerPortal)'
2026-03-17 11:28:46.279 +05:30 [INF] Request finished HTTP/1.1 POST http://localhost:5050/ - 302 0 null 640.5232ms
2026-03-17 11:28:46.306 +05:30 [INF] Request starting HTTP/1.1 GET http://localhost:5050/Family/Dashboard - null null
2026-03-17 11:28:46.328 +05:30 [INF] Executing endpoint 'PrisonerPortal.Controllers.FamilyController.Dashboard (PrisonerPortal)'
2026-03-17 11:28:46.339 +05:30 [INF] Route matched with {action = "Dashboard", controller = "Family"}. Executing controller action with signature System.Threading.Tasks.Task`1[Microsoft.AspNetCore.Mvc.IActionResult] Dashboard() on controller PrisonerPortal.Controllers.FamilyController (PrisonerPortal).
2026-03-17 11:28:46.366 +05:30 [INF] Executed DbCommand (5ms) [Parameters=[@p='?' (Size = 450)], CommandType='"Text"', CommandTimeout='30']
SELECT TOP(1) [a].[Id], [a].[AccessFailedCount], [a].[Address], [a].[ConcurrencyStamp], [a].[CreatedAt], [a].[Email], [a].[EmailConfirmed], [a].[FullName], [a].[IsActive], [a].[LockoutEnabled], [a].[LockoutEnd], [a].[NormalizedEmail], [a].[NormalizedUserName], [a].[PasswordHash], [a].[PhoneNumber], [a].[PhoneNumberConfirmed], [a].[Role], [a].[SecurityStamp], [a].[TwoFactorEnabled], [a].[UserName]
FROM [AspNetUsers] AS [a]
WHERE [a].[Id] = @p
2026-03-17 11:28:46.401 +05:30 [INF] Executed DbCommand (15ms) [Parameters=[@userId='?' (Size = 450)], CommandType='"Text"', CommandTimeout='30']
SELECT [f].[LinkId], [f].[IsVerified], [f].[LinkedAt], [f].[PrisonerId], [f].[Relationship], [f].[UserId], [f].[VerifiedByAdminId], [p].[PrisonerId], [p].[CaseNumber], [p].[CellBlock], [p].[CellNumber], [p].[CreatedAt], [p].[CrimeCategory], [p].[DateOfBirth], [p].[FullName], [p].[Gender], [p].[PrisonerCode], [p].[SentenceEndDate], [p].[SentenceStartDate], [p].[Status], [p].[UpdatedAt]
FROM [FamilyPrisonerLinks] AS [f]
INNER JOIN [Prisoners] AS [p] ON [f].[PrisonerId] = [p].[PrisonerId]
WHERE [f].[UserId] = @userId AND [f].[IsVerified] = CAST(1 AS bit)
2026-03-17 11:28:46.435 +05:30 [INF] Executed DbCommand (19ms) [Parameters=[@userId='?' (Size = 450)], CommandType='"Text"', CommandTimeout='30']
SELECT [a].[AppointmentId], [a].[AdminNotes], [a].[AppointmentCode], [a].[BookedAt], [a].[NumVisitors], [a].[PrisonerId], [a].[Purpose], [a].[RejectionReason], [a].[SlotId], [a].[Status], [a].[UpdatedAt], [a].[UserId], [a].[VisitorNames], [p].[PrisonerId], [p].[CaseNumber], [p].[CellBlock], [p].[CellNumber], [p].[CreatedAt], [p].[CrimeCategory], [p].[DateOfBirth], [p].[FullName], [p].[Gender], [p].[PrisonerCode], [p].[SentenceEndDate], [p].[SentenceStartDate], [p].[Status], [p].[UpdatedAt], [v].[SlotId], [v].[CreatedAt], [v].[CreatedByAdminId], [v].[CurrentBookings], [v].[EndTime], [v].[IsActive], [v].[MaxCapacity], [v].[SlotDate], [v].[StartTime]
FROM [Appointments] AS [a]
INNER JOIN [Prisoners] AS [p] ON [a].[PrisonerId] = [p].[PrisonerId]
INNER JOIN [VisitSlots] AS [v] ON [a].[SlotId] = [v].[SlotId]
WHERE [a].[UserId] = @userId
ORDER BY [a].[BookedAt] DESC
2026-03-17 11:28:46.470 +05:30 [INF] Executed DbCommand (14ms) [Parameters=[@userId='?' (Size = 450)], CommandType='"Text"', CommandTimeout='30']
SELECT [s].[RequestId], [s].[AdminResponse], [s].[AssignedAdminId], [s].[Category], [s].[CreatedAt], [s].[Description], [s].[Priority], [s].[PrisonerId], [s].[RequestCode], [s].[ResolvedAt], [s].[Status], [s].[Subject], [s].[UpdatedAt], [s].[UserId], [p].[PrisonerId], [p].[CaseNumber], [p].[CellBlock], [p].[CellNumber], [p].[CreatedAt], [p].[CrimeCategory], [p].[DateOfBirth], [p].[FullName], [p].[Gender], [p].[PrisonerCode], [p].[SentenceEndDate], [p].[SentenceStartDate], [p].[Status], [p].[UpdatedAt]
FROM [SupportRequests] AS [s]
INNER JOIN [Prisoners] AS [p] ON [s].[PrisonerId] = [p].[PrisonerId]
WHERE [s].[UserId] = @userId
ORDER BY [s].[CreatedAt] DESC
2026-03-17 11:28:46.485 +05:30 [INF] Executing ViewResult, running view Dashboard.
2026-03-17 11:28:46.497 +05:30 [INF] Executed ViewResult - view Dashboard executed in 11.7142ms.
2026-03-17 11:28:46.505 +05:30 [INF] Executed action PrisonerPortal.Controllers.FamilyController.Dashboard (PrisonerPortal) in 148.9827ms
2026-03-17 11:28:46.518 +05:30 [INF] Executed endpoint 'PrisonerPortal.Controllers.FamilyController.Dashboard (PrisonerPortal)'
2026-03-17 11:28:46.528 +05:30 [INF] Request finished HTTP/1.1 GET http://localhost:5050/Family/Dashboard - 200 null text/html; charset=utf-8 221.8282ms
2026-03-17 11:28:46.603 +05:30 [INF] Request starting HTTP/1.1 GET http://localhost:5050/Notifications/GetUnreadCount - null null
2026-03-17 11:28:46.635 +05:30 [INF] Executing endpoint 'PrisonerPortal.Controllers.NotificationsController.GetUnreadCount (PrisonerPortal)'
2026-03-17 11:28:46.645 +05:30 [INF] Route matched with {action = "GetUnreadCount", controller = "Notifications"}. Executing controller action with signature Microsoft.AspNetCore.Mvc.IActionResult GetUnreadCount() on controller PrisonerPortal.Controllers.NotificationsController (PrisonerPortal).
2026-03-17 11:28:46.677 +05:30 [INF] Executed DbCommand (14ms) [Parameters=[@userId='?' (Size = 450)], CommandType='"Text"', CommandTimeout='30']
SELECT COUNT(*)
FROM [Notifications] AS [n]
WHERE [n].[UserId] = @userId AND [n].[IsRead] = CAST(0 AS bit)
2026-03-17 11:28:46.694 +05:30 [INF] Executing JsonResult, writing value of type '<>f__AnonymousType1`1[[System.Int32, System.Private.CoreLib, Version=10.0.0.0, Culture=neutral, PublicKeyToken=7cec85d7bea7798e]]'.
2026-03-17 11:28:46.701 +05:30 [INF] Executed action PrisonerPortal.Controllers.NotificationsController.GetUnreadCount (PrisonerPortal) in 40.269ms
2026-03-17 11:28:46.716 +05:30 [INF] Executed endpoint 'PrisonerPortal.Controllers.NotificationsController.GetUnreadCount (PrisonerPortal)'
2026-03-17 11:28:46.727 +05:30 [INF] Request finished HTTP/1.1 GET http://localhost:5050/Notifications/GetUnreadCount - 200 null application/json; charset=utf-8 123.7061ms
2026-03-17 11:28:47.074 +05:30 [INF] Request starting HTTP/1.1 GET http://localhost:5050/Notifications/GetUnreadCount - null null
2026-03-17 11:28:47.124 +05:30 [INF] Executing endpoint 'PrisonerPortal.Controllers.NotificationsController.GetUnreadCount (PrisonerPortal)'
2026-03-17 11:28:47.135 +05:30 [INF] Route matched with {action = "GetUnreadCount", controller = "Notifications"}. Executing controller action with signature Microsoft.AspNetCore.Mvc.IActionResult GetUnreadCount() on controller PrisonerPortal.Controllers.NotificationsController (PrisonerPortal).
2026-03-17 11:28:47.164 +05:30 [INF] Executed DbCommand (2ms) [Parameters=[@userId='?' (Size = 450)], CommandType='"Text"', CommandTimeout='30']
SELECT COUNT(*)
FROM [Notifications] AS [n]
WHERE [n].[UserId] = @userId AND [n].[IsRead] = CAST(0 AS bit)
2026-03-17 11:28:47.179 +05:30 [INF] Executing JsonResult, writing value of type '<>f__AnonymousType1`1[[System.Int32, System.Private.CoreLib, Version=10.0.0.0, Culture=neutral, PublicKeyToken=7cec85d7bea7798e]]'.
2026-03-17 11:28:47.186 +05:30 [INF] Executed action PrisonerPortal.Controllers.NotificationsController.GetUnreadCount (PrisonerPortal) in 26.9737ms
2026-03-17 11:28:47.197 +05:30 [INF] Executed endpoint 'PrisonerPortal.Controllers.NotificationsController.GetUnreadCount (PrisonerPortal)'
2026-03-17 11:28:47.202 +05:30 [INF] Request finished HTTP/1.1 GET http://localhost:5050/Notifications/GetUnreadCount - 200 null application/json; charset=utf-8 128.5542ms
2026-03-17 11:28:52.199 +05:30 [INF] Request starting HTTP/1.1 GET http://localhost:5050/Family/BookVisit - null null
2026-03-17 11:28:52.226 +05:30 [INF] Executing endpoint 'PrisonerPortal.Controllers.FamilyController.BookVisit (PrisonerPortal)'
2026-03-17 11:28:52.233 +05:30 [INF] Route matched with {action = "BookVisit", controller = "Family"}. Executing controller action with signature System.Threading.Tasks.Task`1[Microsoft.AspNetCore.Mvc.IActionResult] BookVisit(System.Nullable`1[System.Int32]) on controller PrisonerPortal.Controllers.FamilyController (PrisonerPortal).
2026-03-17 11:28:52.265 +05:30 [INF] Executed DbCommand (6ms) [Parameters=[@p='?' (Size = 450)], CommandType='"Text"', CommandTimeout='30']
SELECT TOP(1) [a].[Id], [a].[AccessFailedCount], [a].[Address], [a].[ConcurrencyStamp], [a].[CreatedAt], [a].[Email], [a].[EmailConfirmed], [a].[FullName], [a].[IsActive], [a].[LockoutEnabled], [a].[LockoutEnd], [a].[NormalizedEmail], [a].[NormalizedUserName], [a].[PasswordHash], [a].[PhoneNumber], [a].[PhoneNumberConfirmed], [a].[Role], [a].[SecurityStamp], [a].[TwoFactorEnabled], [a].[UserName]
FROM [AspNetUsers] AS [a]
WHERE [a].[Id] = @p
2026-03-17 11:28:52.301 +05:30 [INF] Executed DbCommand (17ms) [Parameters=[@userId='?' (Size = 450)], CommandType='"Text"', CommandTimeout='30']
SELECT [f].[LinkId], [f].[IsVerified], [f].[LinkedAt], [f].[PrisonerId], [f].[Relationship], [f].[UserId], [f].[VerifiedByAdminId], [p].[PrisonerId], [p].[CaseNumber], [p].[CellBlock], [p].[CellNumber], [p].[CreatedAt], [p].[CrimeCategory], [p].[DateOfBirth], [p].[FullName], [p].[Gender], [p].[PrisonerCode], [p].[SentenceEndDate], [p].[SentenceStartDate], [p].[Status], [p].[UpdatedAt]
FROM [FamilyPrisonerLinks] AS [f]
INNER JOIN [Prisoners] AS [p] ON [f].[PrisonerId] = [p].[PrisonerId]
WHERE [f].[UserId] = @userId AND [f].[IsVerified] = CAST(1 AS bit)
2026-03-17 11:28:52.318 +05:30 [INF] Executing RedirectResult, redirecting to /Family/SearchPrisoner.
2026-03-17 11:28:52.328 +05:30 [INF] Executed action PrisonerPortal.Controllers.FamilyController.BookVisit (PrisonerPortal) in 74.4322ms
2026-03-17 11:28:52.335 +05:30 [INF] Executed endpoint 'PrisonerPortal.Controllers.FamilyController.BookVisit (PrisonerPortal)'
2026-03-17 11:28:52.347 +05:30 [INF] Request finished HTTP/1.1 GET http://localhost:5050/Family/BookVisit - 302 0 null 147.727ms
2026-03-17 11:28:52.372 +05:30 [INF] Request starting HTTP/1.1 GET http://localhost:5050/Family/SearchPrisoner - null null
2026-03-17 11:28:52.395 +05:30 [INF] Executing endpoint 'PrisonerPortal.Controllers.FamilyController.SearchPrisoner (PrisonerPortal)'
2026-03-17 11:28:52.400 +05:30 [INF] Route matched with {action = "SearchPrisoner", controller = "Family"}. Executing controller action with signature System.Threading.Tasks.Task`1[Microsoft.AspNetCore.Mvc.IActionResult] SearchPrisoner(System.String) on controller PrisonerPortal.Controllers.FamilyController (PrisonerPortal).
2026-03-17 11:28:52.436 +05:30 [INF] Executed DbCommand (1ms) [Parameters=[@p='?' (Size = 450)], CommandType='"Text"', CommandTimeout='30']
SELECT TOP(1) [a].[Id], [a].[AccessFailedCount], [a].[Address], [a].[ConcurrencyStamp], [a].[CreatedAt], [a].[Email], [a].[EmailConfirmed], [a].[FullName], [a].[IsActive], [a].[LockoutEnabled], [a].[LockoutEnd], [a].[NormalizedEmail], [a].[NormalizedUserName], [a].[PasswordHash], [a].[PhoneNumber], [a].[PhoneNumberConfirmed], [a].[Role], [a].[SecurityStamp], [a].[TwoFactorEnabled], [a].[UserName]
FROM [AspNetUsers] AS [a]
WHERE [a].[Id] = @p
2026-03-17 11:28:52.463 +05:30 [INF] Executed DbCommand (9ms) [Parameters=[@user_Id='?' (Size = 450)], CommandType='"Text"', CommandTimeout='30']
SELECT [f].[LinkId], [f].[IsVerified], [f].[LinkedAt], [f].[PrisonerId], [f].[Relationship], [f].[UserId], [f].[VerifiedByAdminId]
FROM [FamilyPrisonerLinks] AS [f]
WHERE [f].[UserId] = @user_Id
2026-03-17 11:28:52.480 +05:30 [INF] Executing ViewResult, running view SearchPrisoner.
2026-03-17 11:28:52.490 +05:30 [INF] Executed ViewResult - view SearchPrisoner executed in 10.7951ms.
2026-03-17 11:28:52.501 +05:30 [INF] Executed action PrisonerPortal.Controllers.FamilyController.SearchPrisoner (PrisonerPortal) in 87.7988ms
2026-03-17 11:28:52.512 +05:30 [INF] Executed endpoint 'PrisonerPortal.Controllers.FamilyController.SearchPrisoner (PrisonerPortal)'
2026-03-17 11:28:52.519 +05:30 [INF] Request finished HTTP/1.1 GET http://localhost:5050/Family/SearchPrisoner - 200 null text/html; charset=utf-8 147.0377ms
2026-03-17 11:28:52.612 +05:30 [INF] Request starting HTTP/1.1 GET http://localhost:5050/Notifications/GetUnreadCount - null null
2026-03-17 11:28:52.630 +05:30 [INF] Executing endpoint 'PrisonerPortal.Controllers.NotificationsController.GetUnreadCount (PrisonerPortal)'
2026-03-17 11:28:52.640 +05:30 [INF] Route matched with {action = "GetUnreadCount", controller = "Notifications"}. Executing controller action with signature Microsoft.AspNetCore.Mvc.IActionResult GetUnreadCount() on controller PrisonerPortal.Controllers.NotificationsController (PrisonerPortal).
2026-03-17 11:28:52.671 +05:30 [INF] Executed DbCommand (15ms) [Parameters=[@userId='?' (Size = 450)], CommandType='"Text"', CommandTimeout='30']
SELECT COUNT(*)
FROM [Notifications] AS [n]
WHERE [n].[UserId] = @userId AND [n].[IsRead] = CAST(0 AS bit)
2026-03-17 11:28:52.694 +05:30 [INF] Executing JsonResult, writing value of type '<>f__AnonymousType1`1[[System.Int32, System.Private.CoreLib, Version=10.0.0.0, Culture=neutral, PublicKeyToken=7cec85d7bea7798e]]'.
2026-03-17 11:28:52.705 +05:30 [INF] Executed action PrisonerPortal.Controllers.NotificationsController.GetUnreadCount (PrisonerPortal) in 53.8544ms
2026-03-17 11:28:52.717 +05:30 [INF] Executed endpoint 'PrisonerPortal.Controllers.NotificationsController.GetUnreadCount (PrisonerPortal)'
2026-03-17 11:28:52.733 +05:30 [INF] Request finished HTTP/1.1 GET http://localhost:5050/Notifications/GetUnreadCount - 200 null application/json; charset=utf-8 121.7938ms
2026-03-17 11:28:57.106 +05:30 [INF] Request starting HTTP/1.1 GET http://localhost:5050/Family/SearchPrisoner?q=CASE-2024-003 - null null
2026-03-17 11:28:57.133 +05:30 [INF] Executing endpoint 'PrisonerPortal.Controllers.FamilyController.SearchPrisoner (PrisonerPortal)'
2026-03-17 11:28:57.144 +05:30 [INF] Route matched with {action = "SearchPrisoner", controller = "Family"}. Executing controller action with signature System.Threading.Tasks.Task`1[Microsoft.AspNetCore.Mvc.IActionResult] SearchPrisoner(System.String) on controller PrisonerPortal.Controllers.FamilyController (PrisonerPortal).
2026-03-17 11:28:57.197 +05:30 [WRN] The query uses a row limiting operator ('Skip'/'Take') without an 'OrderBy' operator. This may lead to unpredictable results. If the 'Distinct' operator is used after 'OrderBy', then make sure to use the 'OrderBy' operator after 'Distinct' as the ordering would otherwise get erased.
2026-03-17 11:28:57.294 +05:30 [INF] Executed DbCommand (34ms) [Parameters=[@p='?' (DbType = Int32), @searchTerm_contains='?' (Size = 150), @searchTerm_contains0='?' (Size = 20), @searchTerm_contains1='?' (Size = 450)], CommandType='"Text"', CommandTimeout='30']
SELECT TOP(@p) [p].[PrisonerId], [p].[CaseNumber], [p].[CellBlock], [p].[CellNumber], [p].[CreatedAt], [p].[CrimeCategory], [p].[DateOfBirth], [p].[FullName], [p].[Gender], [p].[PrisonerCode], [p].[SentenceEndDate], [p].[SentenceStartDate], [p].[Status], [p].[UpdatedAt]
FROM [Prisoners] AS [p]
WHERE LOWER([p].[FullName]) LIKE @searchTerm_contains ESCAPE N'\' OR LOWER([p].[PrisonerCode]) LIKE @searchTerm_contains0 ESCAPE N'\' OR LOWER([p].[CaseNumber]) LIKE @searchTerm_contains1 ESCAPE N'\'
2026-03-17 11:28:57.327 +05:30 [INF] Executed DbCommand (10ms) [Parameters=[@p='?' (Size = 450)], CommandType='"Text"', CommandTimeout='30']
SELECT TOP(1) [a].[Id], [a].[AccessFailedCount], [a].[Address], [a].[ConcurrencyStamp], [a].[CreatedAt], [a].[Email], [a].[EmailConfirmed], [a].[FullName], [a].[IsActive], [a].[LockoutEnabled], [a].[LockoutEnd], [a].[NormalizedEmail], [a].[NormalizedUserName], [a].[PasswordHash], [a].[PhoneNumber], [a].[PhoneNumberConfirmed], [a].[Role], [a].[SecurityStamp], [a].[TwoFactorEnabled], [a].[UserName]
FROM [AspNetUsers] AS [a]
WHERE [a].[Id] = @p
2026-03-17 11:28:57.360 +05:30 [INF] Executed DbCommand (8ms) [Parameters=[@user_Id='?' (Size = 450)], CommandType='"Text"', CommandTimeout='30']
SELECT [f].[LinkId], [f].[IsVerified], [f].[LinkedAt], [f].[PrisonerId], [f].[Relationship], [f].[UserId], [f].[VerifiedByAdminId]
FROM [FamilyPrisonerLinks] AS [f]
WHERE [f].[UserId] = @user_Id
2026-03-17 11:28:57.383 +05:30 [INF] Executing ViewResult, running view SearchPrisoner.
2026-03-17 11:28:57.423 +05:30 [INF] Executed ViewResult - view SearchPrisoner executed in 39.6183ms.
2026-03-17 11:28:57.434 +05:30 [INF] Executed action PrisonerPortal.Controllers.FamilyController.SearchPrisoner (PrisonerPortal) in 271.7219ms
2026-03-17 11:28:57.448 +05:30 [INF] Executed endpoint 'PrisonerPortal.Controllers.FamilyController.SearchPrisoner (PrisonerPortal)'
2026-03-17 11:28:57.458 +05:30 [INF] Request finished HTTP/1.1 GET http://localhost:5050/Family/SearchPrisoner?q=CASE-2024-003 - 200 null text/html; charset=utf-8 352.445ms
2026-03-17 11:28:57.543 +05:30 [INF] Request starting HTTP/1.1 GET http://localhost:5050/Notifications/GetUnreadCount - null null
2026-03-17 11:28:57.562 +05:30 [INF] Executing endpoint 'PrisonerPortal.Controllers.NotificationsController.GetUnreadCount (PrisonerPortal)'
2026-03-17 11:28:57.571 +05:30 [INF] Route matched with {action = "GetUnreadCount", controller = "Notifications"}. Executing controller action with signature Microsoft.AspNetCore.Mvc.IActionResult GetUnreadCount() on controller PrisonerPortal.Controllers.NotificationsController (PrisonerPortal).
2026-03-17 11:28:57.622 +05:30 [INF] Executed DbCommand (34ms) [Parameters=[@userId='?' (Size = 450)], CommandType='"Text"', CommandTimeout='30']
SELECT COUNT(*)
FROM [Notifications] AS [n]
WHERE [n].[UserId] = @userId AND [n].[IsRead] = CAST(0 AS bit)
2026-03-17 11:28:57.644 +05:30 [INF] Executing JsonResult, writing value of type '<>f__AnonymousType1`1[[System.Int32, System.Private.CoreLib, Version=10.0.0.0, Culture=neutral, PublicKeyToken=7cec85d7bea7798e]]'.
2026-03-17 11:28:57.650 +05:30 [INF] Executed action PrisonerPortal.Controllers.NotificationsController.GetUnreadCount (PrisonerPortal) in 66.0269ms
2026-03-17 11:28:57.659 +05:30 [INF] Executed endpoint 'PrisonerPortal.Controllers.NotificationsController.GetUnreadCount (PrisonerPortal)'
2026-03-17 11:28:57.664 +05:30 [INF] Request finished HTTP/1.1 GET http://localhost:5050/Notifications/GetUnreadCount - 200 null application/json; charset=utf-8 120.2388ms
2026-03-17 11:29:09.168 +05:30 [INF] Request starting HTTP/1.1 POST http://localhost:5050/Family/RequestLink - application/x-www-form-urlencoded 257
2026-03-17 11:29:09.194 +05:30 [INF] Executing endpoint 'PrisonerPortal.Controllers.FamilyController.RequestLink (PrisonerPortal)'
2026-03-17 11:29:09.239 +05:30 [INF] Route matched with {action = "RequestLink", controller = "Family"}. Executing controller action with signature System.Threading.Tasks.Task`1[Microsoft.AspNetCore.Mvc.IActionResult] RequestLink(PrisonerPortal.Models.ViewModels.LinkRequestViewModel) on controller PrisonerPortal.Controllers.FamilyController (PrisonerPortal).
2026-03-17 11:29:09.277 +05:30 [INF] Executed DbCommand (2ms) [Parameters=[@p='?' (Size = 450)], CommandType='"Text"', CommandTimeout='30']
SELECT TOP(1) [a].[Id], [a].[AccessFailedCount], [a].[Address], [a].[ConcurrencyStamp], [a].[CreatedAt], [a].[Email], [a].[EmailConfirmed], [a].[FullName], [a].[IsActive], [a].[LockoutEnabled], [a].[LockoutEnd], [a].[NormalizedEmail], [a].[NormalizedUserName], [a].[PasswordHash], [a].[PhoneNumber], [a].[PhoneNumberConfirmed], [a].[Role], [a].[SecurityStamp], [a].[TwoFactorEnabled], [a].[UserName]
FROM [AspNetUsers] AS [a]
WHERE [a].[Id] = @p
2026-03-17 11:29:09.344 +05:30 [INF] Executed DbCommand (4ms) [Parameters=[@userId='?' (Size = 450), @prisonerId='?' (DbType = Int32)], CommandType='"Text"', CommandTimeout='30']
SELECT TOP(1) [f].[LinkId], [f].[IsVerified], [f].[LinkedAt], [f].[PrisonerId], [f].[Relationship], [f].[UserId], [f].[VerifiedByAdminId]
FROM [FamilyPrisonerLinks] AS [f]
WHERE [f].[UserId] = @userId AND [f].[PrisonerId] = @prisonerId
2026-03-17 11:29:09.486 +05:30 [INF] Executed DbCommand (28ms) [Parameters=[@p0='?' (DbType = Boolean), @p1='?' (DbType = DateTime2), @p2='?' (DbType = Int32), @p3='?' (Size = 4000), @p4='?' (Size = 450), @p5='?' (Size = 450)], CommandType='"Text"', CommandTimeout='30']
SET IMPLICIT_TRANSACTIONS OFF;
SET NOCOUNT ON;
INSERT INTO [FamilyPrisonerLinks] ([IsVerified], [LinkedAt], [PrisonerId], [Relationship], [UserId], [VerifiedByAdminId])
OUTPUT INSERTED.[LinkId]
VALUES (@p0, @p1, @p2, @p3, @p4, @p5);
2026-03-17 11:29:09.521 +05:30 [INF] Executing RedirectResult, redirecting to /Family/SearchPrisoner.
2026-03-17 11:29:09.527 +05:30 [INF] Executed action PrisonerPortal.Controllers.FamilyController.RequestLink (PrisonerPortal) in 268.8706ms
2026-03-17 11:29:09.542 +05:30 [INF] Executed endpoint 'PrisonerPortal.Controllers.FamilyController.RequestLink (PrisonerPortal)'
2026-03-17 11:29:09.555 +05:30 [INF] Request finished HTTP/1.1 POST http://localhost:5050/Family/RequestLink - 302 0 null 387.6789ms
2026-03-17 11:29:09.583 +05:30 [INF] Request starting HTTP/1.1 GET http://localhost:5050/Family/SearchPrisoner - null null
2026-03-17 11:29:09.610 +05:30 [INF] Executing endpoint 'PrisonerPortal.Controllers.FamilyController.SearchPrisoner (PrisonerPortal)'
2026-03-17 11:29:09.624 +05:30 [INF] Route matched with {action = "SearchPrisoner", controller = "Family"}. Executing controller action with signature System.Threading.Tasks.Task`1[Microsoft.AspNetCore.Mvc.IActionResult] SearchPrisoner(System.String) on controller PrisonerPortal.Controllers.FamilyController (PrisonerPortal).
2026-03-17 11:29:09.647 +05:30 [INF] Executed DbCommand (2ms) [Parameters=[@p='?' (Size = 450)], CommandType='"Text"', CommandTimeout='30']
SELECT TOP(1) [a].[Id], [a].[AccessFailedCount], [a].[Address], [a].[ConcurrencyStamp], [a].[CreatedAt], [a].[Email], [a].[EmailConfirmed], [a].[FullName], [a].[IsActive], [a].[LockoutEnabled], [a].[LockoutEnd], [a].[NormalizedEmail], [a].[NormalizedUserName], [a].[PasswordHash], [a].[PhoneNumber], [a].[PhoneNumberConfirmed], [a].[Role], [a].[SecurityStamp], [a].[TwoFactorEnabled], [a].[UserName]
FROM [AspNetUsers] AS [a]
WHERE [a].[Id] = @p
2026-03-17 11:29:09.699 +05:30 [INF] Executed DbCommand (27ms) [Parameters=[@user_Id='?' (Size = 450)], CommandType='"Text"', CommandTimeout='30']
SELECT [f].[LinkId], [f].[IsVerified], [f].[LinkedAt], [f].[PrisonerId], [f].[Relationship], [f].[UserId], [f].[VerifiedByAdminId]
FROM [FamilyPrisonerLinks] AS [f]
WHERE [f].[UserId] = @user_Id
2026-03-17 11:29:09.726 +05:30 [INF] Executing ViewResult, running view SearchPrisoner.
2026-03-17 11:29:09.740 +05:30 [INF] Executed ViewResult - view SearchPrisoner executed in 13.6409ms.
2026-03-17 11:29:09.750 +05:30 [INF] Executed action PrisonerPortal.Controllers.FamilyController.SearchPrisoner (PrisonerPortal) in 106.8632ms
2026-03-17 11:29:09.762 +05:30 [INF] Executed endpoint 'PrisonerPortal.Controllers.FamilyController.SearchPrisoner (PrisonerPortal)'
2026-03-17 11:29:09.771 +05:30 [INF] Request finished HTTP/1.1 GET http://localhost:5050/Family/SearchPrisoner - 200 null text/html; charset=utf-8 187.3846ms
2026-03-17 11:29:09.862 +05:30 [INF] Request starting HTTP/1.1 GET http://localhost:5050/Notifications/GetUnreadCount - null null
2026-03-17 11:29:09.883 +05:30 [INF] Executing endpoint 'PrisonerPortal.Controllers.NotificationsController.GetUnreadCount (PrisonerPortal)'
2026-03-17 11:29:09.891 +05:30 [INF] Route matched with {action = "GetUnreadCount", controller = "Notifications"}. Executing controller action with signature Microsoft.AspNetCore.Mvc.IActionResult GetUnreadCount() on controller PrisonerPortal.Controllers.NotificationsController (PrisonerPortal).
2026-03-17 11:29:09.913 +05:30 [INF] Executed DbCommand (3ms) [Parameters=[@userId='?' (Size = 450)], CommandType='"Text"', CommandTimeout='30']
SELECT COUNT(*)
FROM [Notifications] AS [n]
WHERE [n].[UserId] = @userId AND [n].[IsRead] = CAST(0 AS bit)
2026-03-17 11:29:09.937 +05:30 [INF] Executing JsonResult, writing value of type '<>f__AnonymousType1`1[[System.Int32, System.Private.CoreLib, Version=10.0.0.0, Culture=neutral, PublicKeyToken=7cec85d7bea7798e]]'.
2026-03-17 11:29:09.949 +05:30 [INF] Executed action PrisonerPortal.Controllers.NotificationsController.GetUnreadCount (PrisonerPortal) in 42.889ms
2026-03-17 11:29:09.964 +05:30 [INF] Executed endpoint 'PrisonerPortal.Controllers.NotificationsController.GetUnreadCount (PrisonerPortal)'
2026-03-17 11:29:09.975 +05:30 [INF] Request finished HTTP/1.1 GET http://localhost:5050/Notifications/GetUnreadCount - 200 null application/json; charset=utf-8 112.0701ms
2026-03-17 11:29:13.424 +05:30 [INF] Request starting HTTP/1.1 GET http://localhost:5050/Family/MyRequests - null null
2026-03-17 11:29:13.443 +05:30 [INF] Executing endpoint 'PrisonerPortal.Controllers.FamilyController.MyRequests (PrisonerPortal)'
2026-03-17 11:29:13.487 +05:30 [INF] Route matched with {action = "MyRequests", controller = "Family"}. Executing controller action with signature System.Threading.Tasks.Task`1[Microsoft.AspNetCore.Mvc.IActionResult] MyRequests() on controller PrisonerPortal.Controllers.FamilyController (PrisonerPortal).
2026-03-17 11:29:13.515 +05:30 [INF] Executed DbCommand (3ms) [Parameters=[@p='?' (Size = 450)], CommandType='"Text"', CommandTimeout='30']
SELECT TOP(1) [a].[Id], [a].[AccessFailedCount], [a].[Address], [a].[ConcurrencyStamp], [a].[CreatedAt], [a].[Email], [a].[EmailConfirmed], [a].[FullName], [a].[IsActive], [a].[LockoutEnabled], [a].[LockoutEnd], [a].[NormalizedEmail], [a].[NormalizedUserName], [a].[PasswordHash], [a].[PhoneNumber], [a].[PhoneNumberConfirmed], [a].[Role], [a].[SecurityStamp], [a].[TwoFactorEnabled], [a].[UserName]
FROM [AspNetUsers] AS [a]
WHERE [a].[Id] = @p
2026-03-17 11:29:13.552 +05:30 [INF] Executed DbCommand (14ms) [Parameters=[@userId='?' (Size = 450)], CommandType='"Text"', CommandTimeout='30']
SELECT [s].[RequestId], [s].[AdminResponse], [s].[AssignedAdminId], [s].[Category], [s].[CreatedAt], [s].[Description], [s].[Priority], [s].[PrisonerId], [s].[RequestCode], [s].[ResolvedAt], [s].[Status], [s].[Subject], [s].[UpdatedAt], [s].[UserId], [p].[PrisonerId], [p].[CaseNumber], [p].[CellBlock], [p].[CellNumber], [p].[CreatedAt], [p].[CrimeCategory], [p].[DateOfBirth], [p].[FullName], [p].[Gender], [p].[PrisonerCode], [p].[SentenceEndDate], [p].[SentenceStartDate], [p].[Status], [p].[UpdatedAt]
FROM [SupportRequests] AS [s]
INNER JOIN [Prisoners] AS [p] ON [s].[PrisonerId] = [p].[PrisonerId]
WHERE [s].[UserId] = @userId
ORDER BY [s].[CreatedAt] DESC
2026-03-17 11:29:13.583 +05:30 [INF] Executing ViewResult, running view MyRequests.
2026-03-17 11:29:13.640 +05:30 [INF] Executed ViewResult - view MyRequests executed in 65.3163ms.
2026-03-17 11:29:13.652 +05:30 [INF] Executed action PrisonerPortal.Controllers.FamilyController.MyRequests (PrisonerPortal) in 145.2119ms
2026-03-17 11:29:13.660 +05:30 [INF] Executed endpoint 'PrisonerPortal.Controllers.FamilyController.MyRequests (PrisonerPortal)'
2026-03-17 11:29:13.671 +05:30 [INF] Request finished HTTP/1.1 GET http://localhost:5050/Family/MyRequests - 200 null text/html; charset=utf-8 247.1182ms
2026-03-17 11:29:13.726 +05:30 [INF] Request starting HTTP/1.1 GET http://localhost:5050/Notifications/GetUnreadCount - null null
2026-03-17 11:29:13.748 +05:30 [INF] Executing endpoint 'PrisonerPortal.Controllers.NotificationsController.GetUnreadCount (PrisonerPortal)'
2026-03-17 11:29:13.756 +05:30 [INF] Route matched with {action = "GetUnreadCount", controller = "Notifications"}. Executing controller action with signature Microsoft.AspNetCore.Mvc.IActionResult GetUnreadCount() on controller PrisonerPortal.Controllers.NotificationsController (PrisonerPortal).
2026-03-17 11:29:13.774 +05:30 [INF] Executed DbCommand (1ms) [Parameters=[@userId='?' (Size = 450)], CommandType='"Text"', CommandTimeout='30']
SELECT COUNT(*)
FROM [Notifications] AS [n]
WHERE [n].[UserId] = @userId AND [n].[IsRead] = CAST(0 AS bit)
2026-03-17 11:29:13.793 +05:30 [INF] Executing JsonResult, writing value of type '<>f__AnonymousType1`1[[System.Int32, System.Private.CoreLib, Version=10.0.0.0, Culture=neutral, PublicKeyToken=7cec85d7bea7798e]]'.
2026-03-17 11:29:13.803 +05:30 [INF] Executed action PrisonerPortal.Controllers.NotificationsController.GetUnreadCount (PrisonerPortal) in 31.8945ms
2026-03-17 11:29:13.812 +05:30 [INF] Executed endpoint 'PrisonerPortal.Controllers.NotificationsController.GetUnreadCount (PrisonerPortal)'
2026-03-17 11:29:13.826 +05:30 [INF] Request finished HTTP/1.1 GET http://localhost:5050/Notifications/GetUnreadCount - 200 null application/json; charset=utf-8 99.9157ms
2026-03-17 11:29:17.075 +05:30 [INF] Request starting HTTP/1.1 GET http://localhost:5050/Notifications/GetUnreadCount - null null
2026-03-17 11:29:17.089 +05:30 [INF] Executing endpoint 'PrisonerPortal.Controllers.NotificationsController.GetUnreadCount (PrisonerPortal)'
2026-03-17 11:29:17.093 +05:30 [INF] Route matched with {action = "GetUnreadCount", controller = "Notifications"}. Executing controller action with signature Microsoft.AspNetCore.Mvc.IActionResult GetUnreadCount() on controller PrisonerPortal.Controllers.NotificationsController (PrisonerPortal).
2026-03-17 11:29:17.109 +05:30 [INF] Executed DbCommand (2ms) [Parameters=[@userId='?' (Size = 450)], CommandType='"Text"', CommandTimeout='30']
SELECT COUNT(*)
FROM [Notifications] AS [n]
WHERE [n].[UserId] = @userId AND [n].[IsRead] = CAST(0 AS bit)
2026-03-17 11:29:17.125 +05:30 [INF] Executing JsonResult, writing value of type '<>f__AnonymousType1`1[[System.Int32, System.Private.CoreLib, Version=10.0.0.0, Culture=neutral, PublicKeyToken=7cec85d7bea7798e]]'.
2026-03-17 11:29:17.136 +05:30 [INF] Executed action PrisonerPortal.Controllers.NotificationsController.GetUnreadCount (PrisonerPortal) in 30.0973ms
2026-03-17 11:29:17.146 +05:30 [INF] Executed endpoint 'PrisonerPortal.Controllers.NotificationsController.GetUnreadCount (PrisonerPortal)'
2026-03-17 11:29:17.155 +05:30 [INF] Request finished HTTP/1.1 GET http://localhost:5050/Notifications/GetUnreadCount - 200 null application/json; charset=utf-8 79.8801ms
2026-03-17 11:29:22.471 +05:30 [INF] Request starting HTTP/1.1 GET http://localhost:5050/Family/SubmitRequest - null null
2026-03-17 11:29:22.497 +05:30 [INF] Executing endpoint 'PrisonerPortal.Controllers.FamilyController.SubmitRequest (PrisonerPortal)'
2026-03-17 11:29:22.504 +05:30 [INF] Route matched with {action = "SubmitRequest", controller = "Family"}. Executing controller action with signature System.Threading.Tasks.Task`1[Microsoft.AspNetCore.Mvc.IActionResult] SubmitRequest(System.Nullable`1[System.Int32]) on controller PrisonerPortal.Controllers.FamilyController (PrisonerPortal).
2026-03-17 11:29:22.528 +05:30 [INF] Executed DbCommand (3ms) [Parameters=[@p='?' (Size = 450)], CommandType='"Text"', CommandTimeout='30']
SELECT TOP(1) [a].[Id], [a].[AccessFailedCount], [a].[Address], [a].[ConcurrencyStamp], [a].[CreatedAt], [a].[Email], [a].[EmailConfirmed], [a].[FullName], [a].[IsActive], [a].[LockoutEnabled], [a].[LockoutEnd], [a].[NormalizedEmail], [a].[NormalizedUserName], [a].[PasswordHash], [a].[PhoneNumber], [a].[PhoneNumberConfirmed], [a].[Role], [a].[SecurityStamp], [a].[TwoFactorEnabled], [a].[UserName]
FROM [AspNetUsers] AS [a]
WHERE [a].[Id] = @p
2026-03-17 11:29:22.588 +05:30 [INF] Executed DbCommand (35ms) [Parameters=[@userId='?' (Size = 450)], CommandType='"Text"', CommandTimeout='30']
SELECT [f].[LinkId], [f].[IsVerified], [f].[LinkedAt], [f].[PrisonerId], [f].[Relationship], [f].[UserId], [f].[VerifiedByAdminId], [p].[PrisonerId], [p].[CaseNumber], [p].[CellBlock], [p].[CellNumber], [p].[CreatedAt], [p].[CrimeCategory], [p].[DateOfBirth], [p].[FullName], [p].[Gender], [p].[PrisonerCode], [p].[SentenceEndDate], [p].[SentenceStartDate], [p].[Status], [p].[UpdatedAt]
FROM [FamilyPrisonerLinks] AS [f]
INNER JOIN [Prisoners] AS [p] ON [f].[PrisonerId] = [p].[PrisonerId]
WHERE [f].[UserId] = @userId AND [f].[IsVerified] = CAST(1 AS bit)
2026-03-17 11:29:22.605 +05:30 [INF] Executing ViewResult, running view SubmitRequest.
2026-03-17 11:29:22.623 +05:30 [INF] Executed ViewResult - view SubmitRequest executed in 18.0952ms.
2026-03-17 11:29:22.634 +05:30 [INF] Executed action PrisonerPortal.Controllers.FamilyController.SubmitRequest (PrisonerPortal) in 112.9677ms
2026-03-17 11:29:22.644 +05:30 [INF] Executed endpoint 'PrisonerPortal.Controllers.FamilyController.SubmitRequest (PrisonerPortal)'
2026-03-17 11:29:22.652 +05:30 [INF] Request finished HTTP/1.1 GET http://localhost:5050/Family/SubmitRequest - 200 null text/html; charset=utf-8 181.5164ms
2026-03-17 11:29:22.715 +05:30 [INF] Request starting HTTP/1.1 GET http://localhost:5050/Notifications/GetUnreadCount - null null
2026-03-17 11:29:22.738 +05:30 [INF] Executing endpoint 'PrisonerPortal.Controllers.NotificationsController.GetUnreadCount (PrisonerPortal)'
2026-03-17 11:29:22.745 +05:30 [INF] Route matched with {action = "GetUnreadCount", controller = "Notifications"}. Executing controller action with signature Microsoft.AspNetCore.Mvc.IActionResult GetUnreadCount() on controller PrisonerPortal.Controllers.NotificationsController (PrisonerPortal).
2026-03-17 11:29:22.758 +05:30 [INF] Executed DbCommand (1ms) [Parameters=[@userId='?' (Size = 450)], CommandType='"Text"', CommandTimeout='30']
SELECT COUNT(*)
FROM [Notifications] AS [n]
WHERE [n].[UserId] = @userId AND [n].[IsRead] = CAST(0 AS bit)
2026-03-17 11:29:22.774 +05:30 [INF] Executing JsonResult, writing value of type '<>f__AnonymousType1`1[[System.Int32, System.Private.CoreLib, Version=10.0.0.0, Culture=neutral, PublicKeyToken=7cec85d7bea7798e]]'.
2026-03-17 11:29:22.783 +05:30 [INF] Executed action PrisonerPortal.Controllers.NotificationsController.GetUnreadCount (PrisonerPortal) in 27.004ms
2026-03-17 11:29:22.794 +05:30 [INF] Executed endpoint 'PrisonerPortal.Controllers.NotificationsController.GetUnreadCount (PrisonerPortal)'
2026-03-17 11:29:22.802 +05:30 [INF] Request finished HTTP/1.1 GET http://localhost:5050/Notifications/GetUnreadCount - 200 null application/json; charset=utf-8 87.611ms
2026-03-17 11:29:28.528 +05:30 [INF] Request starting HTTP/1.1 GET http://localhost:5050/Family/MyAppointments - null null
2026-03-17 11:29:28.551 +05:30 [INF] Executing endpoint 'PrisonerPortal.Controllers.FamilyController.MyAppointments (PrisonerPortal)'
2026-03-17 11:29:28.563 +05:30 [INF] Route matched with {action = "MyAppointments", controller = "Family"}. Executing controller action with signature System.Threading.Tasks.Task`1[Microsoft.AspNetCore.Mvc.IActionResult] MyAppointments() on controller PrisonerPortal.Controllers.FamilyController (PrisonerPortal).
2026-03-17 11:29:28.596 +05:30 [INF] Executed DbCommand (3ms) [Parameters=[@p='?' (Size = 450)], CommandType='"Text"', CommandTimeout='30']
SELECT TOP(1) [a].[Id], [a].[AccessFailedCount], [a].[Address], [a].[ConcurrencyStamp], [a].[CreatedAt], [a].[Email], [a].[EmailConfirmed], [a].[FullName], [a].[IsActive], [a].[LockoutEnabled], [a].[LockoutEnd], [a].[NormalizedEmail], [a].[NormalizedUserName], [a].[PasswordHash], [a].[PhoneNumber], [a].[PhoneNumberConfirmed], [a].[Role], [a].[SecurityStamp], [a].[TwoFactorEnabled], [a].[UserName]
FROM [AspNetUsers] AS [a]
WHERE [a].[Id] = @p
2026-03-17 11:29:28.639 +05:30 [INF] Executed DbCommand (21ms) [Parameters=[@userId='?' (Size = 450)], CommandType='"Text"', CommandTimeout='30']
SELECT [a].[AppointmentId], [a].[AdminNotes], [a].[AppointmentCode], [a].[BookedAt], [a].[NumVisitors], [a].[PrisonerId], [a].[Purpose], [a].[RejectionReason], [a].[SlotId], [a].[Status], [a].[UpdatedAt], [a].[UserId], [a].[VisitorNames], [p].[PrisonerId], [p].[CaseNumber], [p].[CellBlock], [p].[CellNumber], [p].[CreatedAt], [p].[CrimeCategory], [p].[DateOfBirth], [p].[FullName], [p].[Gender], [p].[PrisonerCode], [p].[SentenceEndDate], [p].[SentenceStartDate], [p].[Status], [p].[UpdatedAt], [v].[SlotId], [v].[CreatedAt], [v].[CreatedByAdminId], [v].[CurrentBookings], [v].[EndTime], [v].[IsActive], [v].[MaxCapacity], [v].[SlotDate], [v].[StartTime]
FROM [Appointments] AS [a]
INNER JOIN [Prisoners] AS [p] ON [a].[PrisonerId] = [p].[PrisonerId]
INNER JOIN [VisitSlots] AS [v] ON [a].[SlotId] = [v].[SlotId]
WHERE [a].[UserId] = @userId
ORDER BY [a].[BookedAt] DESC
2026-03-17 11:29:28.659 +05:30 [INF] Executing ViewResult, running view MyAppointments.
2026-03-17 11:29:28.673 +05:30 [INF] Executed ViewResult - view MyAppointments executed in 13.9787ms.
2026-03-17 11:29:28.685 +05:30 [INF] Executed action PrisonerPortal.Controllers.FamilyController.MyAppointments (PrisonerPortal) in 97.7541ms
2026-03-17 11:29:28.698 +05:30 [INF] Executed endpoint 'PrisonerPortal.Controllers.FamilyController.MyAppointments (PrisonerPortal)'
2026-03-17 11:29:28.708 +05:30 [INF] Request finished HTTP/1.1 GET http://localhost:5050/Family/MyAppointments - 200 null text/html; charset=utf-8 179.0996ms
2026-03-17 11:29:28.777 +05:30 [INF] Request starting HTTP/1.1 GET http://localhost:5050/Notifications/GetUnreadCount - null null
2026-03-17 11:29:28.799 +05:30 [INF] Executing endpoint 'PrisonerPortal.Controllers.NotificationsController.GetUnreadCount (PrisonerPortal)'
2026-03-17 11:29:28.806 +05:30 [INF] Route matched with {action = "GetUnreadCount", controller = "Notifications"}. Executing controller action with signature Microsoft.AspNetCore.Mvc.IActionResult GetUnreadCount() on controller PrisonerPortal.Controllers.NotificationsController (PrisonerPortal).
2026-03-17 11:29:28.821 +05:30 [INF] Executed DbCommand (1ms) [Parameters=[@userId='?' (Size = 450)], CommandType='"Text"', CommandTimeout='30']
SELECT COUNT(*)
FROM [Notifications] AS [n]
WHERE [n].[UserId] = @userId AND [n].[IsRead] = CAST(0 AS bit)
2026-03-17 11:29:28.837 +05:30 [INF] Executing JsonResult, writing value of type '<>f__AnonymousType1`1[[System.Int32, System.Private.CoreLib, Version=10.0.0.0, Culture=neutral, PublicKeyToken=7cec85d7bea7798e]]'.
2026-03-17 11:29:28.847 +05:30 [INF] Executed action PrisonerPortal.Controllers.NotificationsController.GetUnreadCount (PrisonerPortal) in 28.1803ms
2026-03-17 11:29:28.864 +05:30 [INF] Executed endpoint 'PrisonerPortal.Controllers.NotificationsController.GetUnreadCount (PrisonerPortal)'
2026-03-17 11:29:28.878 +05:30 [INF] Request finished HTTP/1.1 GET http://localhost:5050/Notifications/GetUnreadCount - 200 null application/json; charset=utf-8 100.473ms
2026-03-17 11:29:30.494 +05:30 [INF] Request starting HTTP/1.1 GET http://localhost:5050/Family/MyRequests - null null
2026-03-17 11:29:30.518 +05:30 [INF] Executing endpoint 'PrisonerPortal.Controllers.FamilyController.MyRequests (PrisonerPortal)'
2026-03-17 11:29:30.525 +05:30 [INF] Route matched with {action = "MyRequests", controller = "Family"}. Executing controller action with signature System.Threading.Tasks.Task`1[Microsoft.AspNetCore.Mvc.IActionResult] MyRequests() on controller PrisonerPortal.Controllers.FamilyController (PrisonerPortal).
2026-03-17 11:29:30.555 +05:30 [INF] Executed DbCommand (2ms) [Parameters=[@p='?' (Size = 450)], CommandType='"Text"', CommandTimeout='30']
SELECT TOP(1) [a].[Id], [a].[AccessFailedCount], [a].[Address], [a].[ConcurrencyStamp], [a].[CreatedAt], [a].[Email], [a].[EmailConfirmed], [a].[FullName], [a].[IsActive], [a].[LockoutEnabled], [a].[LockoutEnd], [a].[NormalizedEmail], [a].[NormalizedUserName], [a].[PasswordHash], [a].[PhoneNumber], [a].[PhoneNumberConfirmed], [a].[Role], [a].[SecurityStamp], [a].[TwoFactorEnabled], [a].[UserName]
FROM [AspNetUsers] AS [a]
WHERE [a].[Id] = @p
2026-03-17 11:29:30.571 +05:30 [INF] Executed DbCommand (2ms) [Parameters=[@userId='?' (Size = 450)], CommandType='"Text"', CommandTimeout='30']
SELECT [s].[RequestId], [s].[AdminResponse], [s].[AssignedAdminId], [s].[Category], [s].[CreatedAt], [s].[Description], [s].[Priority], [s].[PrisonerId], [s].[RequestCode], [s].[ResolvedAt], [s].[Status], [s].[Subject], [s].[UpdatedAt], [s].[UserId], [p].[PrisonerId], [p].[CaseNumber], [p].[CellBlock], [p].[CellNumber], [p].[CreatedAt], [p].[CrimeCategory], [p].[DateOfBirth], [p].[FullName], [p].[Gender], [p].[PrisonerCode], [p].[SentenceEndDate], [p].[SentenceStartDate], [p].[Status], [p].[UpdatedAt]
FROM [SupportRequests] AS [s]
INNER JOIN [Prisoners] AS [p] ON [s].[PrisonerId] = [p].[PrisonerId]
WHERE [s].[UserId] = @userId
ORDER BY [s].[CreatedAt] DESC
2026-03-17 11:29:30.587 +05:30 [INF] Executing ViewResult, running view MyRequests.
2026-03-17 11:29:30.603 +05:30 [INF] Executed ViewResult - view MyRequests executed in 15.5302ms.
2026-03-17 11:29:30.617 +05:30 [INF] Executed action PrisonerPortal.Controllers.FamilyController.MyRequests (PrisonerPortal) in 66.5691ms
2026-03-17 11:29:30.629 +05:30 [INF] Executed endpoint 'PrisonerPortal.Controllers.FamilyController.MyRequests (PrisonerPortal)'
2026-03-17 11:29:30.638 +05:30 [INF] Request finished HTTP/1.1 GET http://localhost:5050/Family/MyRequests - 200 null text/html; charset=utf-8 143.7843ms
2026-03-17 11:29:30.720 +05:30 [INF] Request starting HTTP/1.1 GET http://localhost:5050/Notifications/GetUnreadCount - null null
2026-03-17 11:29:30.744 +05:30 [INF] Executing endpoint 'PrisonerPortal.Controllers.NotificationsController.GetUnreadCount (PrisonerPortal)'
2026-03-17 11:29:30.752 +05:30 [INF] Route matched with {action = "GetUnreadCount", controller = "Notifications"}. Executing controller action with signature Microsoft.AspNetCore.Mvc.IActionResult GetUnreadCount() on controller PrisonerPortal.Controllers.NotificationsController (PrisonerPortal).
2026-03-17 11:29:30.787 +05:30 [INF] Executed DbCommand (13ms) [Parameters=[@userId='?' (Size = 450)], CommandType='"Text"', CommandTimeout='30']
SELECT COUNT(*)
FROM [Notifications] AS [n]
WHERE [n].[UserId] = @userId AND [n].[IsRead] = CAST(0 AS bit)
2026-03-17 11:29:30.814 +05:30 [INF] Executing JsonResult, writing value of type '<>f__AnonymousType1`1[[System.Int32, System.Private.CoreLib, Version=10.0.0.0, Culture=neutral, PublicKeyToken=7cec85d7bea7798e]]'.
2026-03-17 11:29:30.820 +05:30 [INF] Executed action PrisonerPortal.Controllers.NotificationsController.GetUnreadCount (PrisonerPortal) in 51.5469ms
2026-03-17 11:29:30.833 +05:30 [INF] Executed endpoint 'PrisonerPortal.Controllers.NotificationsController.GetUnreadCount (PrisonerPortal)'
2026-03-17 11:29:30.841 +05:30 [INF] Request finished HTTP/1.1 GET http://localhost:5050/Notifications/GetUnreadCount - 200 null application/json; charset=utf-8 120.2005ms
2026-03-17 11:29:31.583 +05:30 [INF] Request starting HTTP/1.1 GET http://localhost:5050/Family/MyRequests - null null
2026-03-17 11:29:31.600 +05:30 [INF] Executing endpoint 'PrisonerPortal.Controllers.FamilyController.MyRequests (PrisonerPortal)'
2026-03-17 11:29:31.606 +05:30 [INF] Route matched with {action = "MyRequests", controller = "Family"}. Executing controller action with signature System.Threading.Tasks.Task`1[Microsoft.AspNetCore.Mvc.IActionResult] MyRequests() on controller PrisonerPortal.Controllers.FamilyController (PrisonerPortal).
2026-03-17 11:29:31.646 +05:30 [INF] Executed DbCommand (14ms) [Parameters=[@p='?' (Size = 450)], CommandType='"Text"', CommandTimeout='30']
SELECT TOP(1) [a].[Id], [a].[AccessFailedCount], [a].[Address], [a].[ConcurrencyStamp], [a].[CreatedAt], [a].[Email], [a].[EmailConfirmed], [a].[FullName], [a].[IsActive], [a].[LockoutEnabled], [a].[LockoutEnd], [a].[NormalizedEmail], [a].[NormalizedUserName], [a].[PasswordHash], [a].[PhoneNumber], [a].[PhoneNumberConfirmed], [a].[Role], [a].[SecurityStamp], [a].[TwoFactorEnabled], [a].[UserName]
FROM [AspNetUsers] AS [a]
WHERE [a].[Id] = @p
2026-03-17 11:29:31.684 +05:30 [INF] Executed DbCommand (19ms) [Parameters=[@userId='?' (Size = 450)], CommandType='"Text"', CommandTimeout='30']
SELECT [s].[RequestId], [s].[AdminResponse], [s].[AssignedAdminId], [s].[Category], [s].[CreatedAt], [s].[Description], [s].[Priority], [s].[PrisonerId], [s].[RequestCode], [s].[ResolvedAt], [s].[Status], [s].[Subject], [s].[UpdatedAt], [s].[UserId], [p].[PrisonerId], [p].[CaseNumber], [p].[CellBlock], [p].[CellNumber], [p].[CreatedAt], [p].[CrimeCategory], [p].[DateOfBirth], [p].[FullName], [p].[Gender], [p].[PrisonerCode], [p].[SentenceEndDate], [p].[SentenceStartDate], [p].[Status], [p].[UpdatedAt]
FROM [SupportRequests] AS [s]
INNER JOIN [Prisoners] AS [p] ON [s].[PrisonerId] = [p].[PrisonerId]
WHERE [s].[UserId] = @userId
ORDER BY [s].[CreatedAt] DESC
2026-03-17 11:29:31.702 +05:30 [INF] Executing ViewResult, running view MyRequests.
2026-03-17 11:29:31.718 +05:30 [INF] Executed ViewResult - view MyRequests executed in 15.6426ms.
2026-03-17 11:29:31.730 +05:30 [INF] Executed action PrisonerPortal.Controllers.FamilyController.MyRequests (PrisonerPortal) in 99.8495ms
2026-03-17 11:29:31.738 +05:30 [INF] Executed endpoint 'PrisonerPortal.Controllers.FamilyController.MyRequests (PrisonerPortal)'
2026-03-17 11:29:31.750 +05:30 [INF] Request finished HTTP/1.1 GET http://localhost:5050/Family/MyRequests - 200 null text/html; charset=utf-8 166.7138ms
2026-03-17 11:29:31.808 +05:30 [INF] Request starting HTTP/1.1 GET http://localhost:5050/Notifications/GetUnreadCount - null null
2026-03-17 11:29:31.831 +05:30 [INF] Executing endpoint 'PrisonerPortal.Controllers.NotificationsController.GetUnreadCount (PrisonerPortal)'
2026-03-17 11:29:31.839 +05:30 [INF] Route matched with {action = "GetUnreadCount", controller = "Notifications"}. Executing controller action with signature Microsoft.AspNetCore.Mvc.IActionResult GetUnreadCount() on controller PrisonerPortal.Controllers.NotificationsController (PrisonerPortal).
2026-03-17 11:29:31.892 +05:30 [INF] Executed DbCommand (35ms) [Parameters=[@userId='?' (Size = 450)], CommandType='"Text"', CommandTimeout='30']
SELECT COUNT(*)
FROM [Notifications] AS [n]
WHERE [n].[UserId] = @userId AND [n].[IsRead] = CAST(0 AS bit)
2026-03-17 11:29:31.915 +05:30 [INF] Executing JsonResult, writing value of type '<>f__AnonymousType1`1[[System.Int32, System.Private.CoreLib, Version=10.0.0.0, Culture=neutral, PublicKeyToken=7cec85d7bea7798e]]'.
2026-03-17 11:29:31.922 +05:30 [INF] Executed action PrisonerPortal.Controllers.NotificationsController.GetUnreadCount (PrisonerPortal) in 68.454ms
2026-03-17 11:29:31.932 +05:30 [INF] Executed endpoint 'PrisonerPortal.Controllers.NotificationsController.GetUnreadCount (PrisonerPortal)'
2026-03-17 11:29:31.937 +05:30 [INF] Request finished HTTP/1.1 GET http://localhost:5050/Notifications/GetUnreadCount - 200 null application/json; charset=utf-8 128.9002ms
2026-03-17 11:29:33.197 +05:30 [INF] Request starting HTTP/1.1 GET http://localhost:5050/Family/MyAppointments - null null
2026-03-17 11:29:33.217 +05:30 [INF] Executing endpoint 'PrisonerPortal.Controllers.FamilyController.MyAppointments (PrisonerPortal)'
2026-03-17 11:29:33.231 +05:30 [INF] Route matched with {action = "MyAppointments", controller = "Family"}. Executing controller action with signature System.Threading.Tasks.Task`1[Microsoft.AspNetCore.Mvc.IActionResult] MyAppointments() on controller PrisonerPortal.Controllers.FamilyController (PrisonerPortal).
2026-03-17 11:29:33.260 +05:30 [INF] Executed DbCommand (10ms) [Parameters=[@p='?' (Size = 450)], CommandType='"Text"', CommandTimeout='30']
SELECT TOP(1) [a].[Id], [a].[AccessFailedCount], [a].[Address], [a].[ConcurrencyStamp], [a].[CreatedAt], [a].[Email], [a].[EmailConfirmed], [a].[FullName], [a].[IsActive], [a].[LockoutEnabled], [a].[LockoutEnd], [a].[NormalizedEmail], [a].[NormalizedUserName], [a].[PasswordHash], [a].[PhoneNumber], [a].[PhoneNumberConfirmed], [a].[Role], [a].[SecurityStamp], [a].[TwoFactorEnabled], [a].[UserName]
FROM [AspNetUsers] AS [a]
WHERE [a].[Id] = @p
2026-03-17 11:29:33.299 +05:30 [INF] Executed DbCommand (28ms) [Parameters=[@userId='?' (Size = 450)], CommandType='"Text"', CommandTimeout='30']
SELECT [a].[AppointmentId], [a].[AdminNotes], [a].[AppointmentCode], [a].[BookedAt], [a].[NumVisitors], [a].[PrisonerId], [a].[Purpose], [a].[RejectionReason], [a].[SlotId], [a].[Status], [a].[UpdatedAt], [a].[UserId], [a].[VisitorNames], [p].[PrisonerId], [p].[CaseNumber], [p].[CellBlock], [p].[CellNumber], [p].[CreatedAt], [p].[CrimeCategory], [p].[DateOfBirth], [p].[FullName], [p].[Gender], [p].[PrisonerCode], [p].[SentenceEndDate], [p].[SentenceStartDate], [p].[Status], [p].[UpdatedAt], [v].[SlotId], [v].[CreatedAt], [v].[CreatedByAdminId], [v].[CurrentBookings], [v].[EndTime], [v].[IsActive], [v].[MaxCapacity], [v].[SlotDate], [v].[StartTime]
FROM [Appointments] AS [a]
INNER JOIN [Prisoners] AS [p] ON [a].[PrisonerId] = [p].[PrisonerId]
INNER JOIN [VisitSlots] AS [v] ON [a].[SlotId] = [v].[SlotId]
WHERE [a].[UserId] = @userId
ORDER BY [a].[BookedAt] DESC
2026-03-17 11:29:33.314 +05:30 [INF] Executing ViewResult, running view MyAppointments.
2026-03-17 11:29:33.329 +05:30 [INF] Executed ViewResult - view MyAppointments executed in 14.5441ms.
2026-03-17 11:29:33.336 +05:30 [INF] Executed action PrisonerPortal.Controllers.FamilyController.MyAppointments (PrisonerPortal) in 88.9592ms
2026-03-17 11:29:33.348 +05:30 [INF] Executed endpoint 'PrisonerPortal.Controllers.FamilyController.MyAppointments (PrisonerPortal)'
2026-03-17 11:29:33.360 +05:30 [INF] Request finished HTTP/1.1 GET http://localhost:5050/Family/MyAppointments - 200 null text/html; charset=utf-8 162.0208ms
2026-03-17 11:29:33.419 +05:30 [INF] Request starting HTTP/1.1 GET http://localhost:5050/Notifications/GetUnreadCount - null null
2026-03-17 11:29:33.445 +05:30 [INF] Executing endpoint 'PrisonerPortal.Controllers.NotificationsController.GetUnreadCount (PrisonerPortal)'
2026-03-17 11:29:33.453 +05:30 [INF] Route matched with {action = "GetUnreadCount", controller = "Notifications"}. Executing controller action with signature Microsoft.AspNetCore.Mvc.IActionResult GetUnreadCount() on controller PrisonerPortal.Controllers.NotificationsController (PrisonerPortal).
2026-03-17 11:29:33.492 +05:30 [INF] Executed DbCommand (11ms) [Parameters=[@userId='?' (Size = 450)], CommandType='"Text"', CommandTimeout='30']
SELECT COUNT(*)
FROM [Notifications] AS [n]
WHERE [n].[UserId] = @userId AND [n].[IsRead] = CAST(0 AS bit)
2026-03-17 11:29:33.514 +05:30 [INF] Executing JsonResult, writing value of type '<>f__AnonymousType1`1[[System.Int32, System.Private.CoreLib, Version=10.0.0.0, Culture=neutral, PublicKeyToken=7cec85d7bea7798e]]'.
2026-03-17 11:29:33.545 +05:30 [INF] Executed action PrisonerPortal.Controllers.NotificationsController.GetUnreadCount (PrisonerPortal) in 68.3254ms
2026-03-17 11:29:33.566 +05:30 [INF] Executed endpoint 'PrisonerPortal.Controllers.NotificationsController.GetUnreadCount (PrisonerPortal)'
2026-03-17 11:29:33.576 +05:30 [INF] Request finished HTTP/1.1 GET http://localhost:5050/Notifications/GetUnreadCount - 200 null application/json; charset=utf-8 156.7874ms
2026-03-17 11:29:33.852 +05:30 [INF] Request starting HTTP/1.1 GET http://localhost:5050/Family/MyAppointments - null null
2026-03-17 11:29:33.876 +05:30 [INF] Executing endpoint 'PrisonerPortal.Controllers.FamilyController.MyAppointments (PrisonerPortal)'
2026-03-17 11:29:33.886 +05:30 [INF] Route matched with {action = "MyAppointments", controller = "Family"}. Executing controller action with signature System.Threading.Tasks.Task`1[Microsoft.AspNetCore.Mvc.IActionResult] MyAppointments() on controller PrisonerPortal.Controllers.FamilyController (PrisonerPortal).
2026-03-17 11:29:33.917 +05:30 [INF] Executed DbCommand (16ms) [Parameters=[@p='?' (Size = 450)], CommandType='"Text"', CommandTimeout='30']
SELECT TOP(1) [a].[Id], [a].[AccessFailedCount], [a].[Address], [a].[ConcurrencyStamp], [a].[CreatedAt], [a].[Email], [a].[EmailConfirmed], [a].[FullName], [a].[IsActive], [a].[LockoutEnabled], [a].[LockoutEnd], [a].[NormalizedEmail], [a].[NormalizedUserName], [a].[PasswordHash], [a].[PhoneNumber], [a].[PhoneNumberConfirmed], [a].[Role], [a].[SecurityStamp], [a].[TwoFactorEnabled], [a].[UserName]
FROM [AspNetUsers] AS [a]
WHERE [a].[Id] = @p
2026-03-17 11:29:33.961 +05:30 [INF] Executed DbCommand (24ms) [Parameters=[@userId='?' (Size = 450)], CommandType='"Text"', CommandTimeout='30']
SELECT [a].[AppointmentId], [a].[AdminNotes], [a].[AppointmentCode], [a].[BookedAt], [a].[NumVisitors], [a].[PrisonerId], [a].[Purpose], [a].[RejectionReason], [a].[SlotId], [a].[Status], [a].[UpdatedAt], [a].[UserId], [a].[VisitorNames], [p].[PrisonerId], [p].[CaseNumber], [p].[CellBlock], [p].[CellNumber], [p].[CreatedAt], [p].[CrimeCategory], [p].[DateOfBirth], [p].[FullName], [p].[Gender], [p].[PrisonerCode], [p].[SentenceEndDate], [p].[SentenceStartDate], [p].[Status], [p].[UpdatedAt], [v].[SlotId], [v].[CreatedAt], [v].[CreatedByAdminId], [v].[CurrentBookings], [v].[EndTime], [v].[IsActive], [v].[MaxCapacity], [v].[SlotDate], [v].[StartTime]
FROM [Appointments] AS [a]
INNER JOIN [Prisoners] AS [p] ON [a].[PrisonerId] = [p].[PrisonerId]
INNER JOIN [VisitSlots] AS [v] ON [a].[SlotId] = [v].[SlotId]
WHERE [a].[UserId] = @userId
ORDER BY [a].[BookedAt] DESC
2026-03-17 11:29:33.984 +05:30 [INF] Executing ViewResult, running view MyAppointments.
2026-03-17 11:29:33.997 +05:30 [INF] Executed ViewResult - view MyAppointments executed in 13.8367ms.
2026-03-17 11:29:34.008 +05:30 [INF] Executed action PrisonerPortal.Controllers.FamilyController.MyAppointments (PrisonerPortal) in 108.3149ms
2026-03-17 11:29:34.019 +05:30 [INF] Executed endpoint 'PrisonerPortal.Controllers.FamilyController.MyAppointments (PrisonerPortal)'
2026-03-17 11:29:34.033 +05:30 [INF] Request finished HTTP/1.1 GET http://localhost:5050/Family/MyAppointments - 200 null text/html; charset=utf-8 180.8745ms
2026-03-17 11:29:34.108 +05:30 [INF] Request starting HTTP/1.1 GET http://localhost:5050/Notifications/GetUnreadCount - null null
2026-03-17 11:29:34.135 +05:30 [INF] Executing endpoint 'PrisonerPortal.Controllers.NotificationsController.GetUnreadCount (PrisonerPortal)'
2026-03-17 11:29:34.144 +05:30 [INF] Route matched with {action = "GetUnreadCount", controller = "Notifications"}. Executing controller action with signature Microsoft.AspNetCore.Mvc.IActionResult GetUnreadCount() on controller PrisonerPortal.Controllers.NotificationsController (PrisonerPortal).
2026-03-17 11:29:34.179 +05:30 [INF] Executed DbCommand (19ms) [Parameters=[@userId='?' (Size = 450)], CommandType='"Text"', CommandTimeout='30']
SELECT COUNT(*)
FROM [Notifications] AS [n]
WHERE [n].[UserId] = @userId AND [n].[IsRead] = CAST(0 AS bit)
2026-03-17 11:29:34.208 +05:30 [INF] Executing JsonResult, writing value of type '<>f__AnonymousType1`1[[System.Int32, System.Private.CoreLib, Version=10.0.0.0, Culture=neutral, PublicKeyToken=7cec85d7bea7798e]]'.
2026-03-17 11:29:34.216 +05:30 [INF] Executed action PrisonerPortal.Controllers.NotificationsController.GetUnreadCount (PrisonerPortal) in 59.6554ms
2026-03-17 11:29:34.254 +05:30 [INF] Executed endpoint 'PrisonerPortal.Controllers.NotificationsController.GetUnreadCount (PrisonerPortal)'
2026-03-17 11:29:34.273 +05:30 [INF] Request finished HTTP/1.1 GET http://localhost:5050/Notifications/GetUnreadCount - 200 null application/json; charset=utf-8 165.3176ms
2026-03-17 11:29:41.546 +05:30 [INF] Request starting HTTP/1.1 GET http://localhost:5050/Family/MyRequests - null null
2026-03-17 11:29:41.562 +05:30 [INF] Executing endpoint 'PrisonerPortal.Controllers.FamilyController.MyRequests (PrisonerPortal)'
2026-03-17 11:29:41.568 +05:30 [INF] Route matched with {action = "MyRequests", controller = "Family"}. Executing controller action with signature System.Threading.Tasks.Task`1[Microsoft.AspNetCore.Mvc.IActionResult] MyRequests() on controller PrisonerPortal.Controllers.FamilyController (PrisonerPortal).
2026-03-17 11:29:41.610 +05:30 [INF] Executed DbCommand (15ms) [Parameters=[@p='?' (Size = 450)], CommandType='"Text"', CommandTimeout='30']
SELECT TOP(1) [a].[Id], [a].[AccessFailedCount], [a].[Address], [a].[ConcurrencyStamp], [a].[CreatedAt], [a].[Email], [a].[EmailConfirmed], [a].[FullName], [a].[IsActive], [a].[LockoutEnabled], [a].[LockoutEnd], [a].[NormalizedEmail], [a].[NormalizedUserName], [a].[PasswordHash], [a].[PhoneNumber], [a].[PhoneNumberConfirmed], [a].[Role], [a].[SecurityStamp], [a].[TwoFactorEnabled], [a].[UserName]
FROM [AspNetUsers] AS [a]
WHERE [a].[Id] = @p
2026-03-17 11:29:41.651 +05:30 [INF] Executed DbCommand (13ms) [Parameters=[@userId='?' (Size = 450)], CommandType='"Text"', CommandTimeout='30']
SELECT [s].[RequestId], [s].[AdminResponse], [s].[AssignedAdminId], [s].[Category], [s].[CreatedAt], [s].[Description], [s].[Priority], [s].[PrisonerId], [s].[RequestCode], [s].[ResolvedAt], [s].[Status], [s].[Subject], [s].[UpdatedAt], [s].[UserId], [p].[PrisonerId], [p].[CaseNumber], [p].[CellBlock], [p].[CellNumber], [p].[CreatedAt], [p].[CrimeCategory], [p].[DateOfBirth], [p].[FullName], [p].[Gender], [p].[PrisonerCode], [p].[SentenceEndDate], [p].[SentenceStartDate], [p].[Status], [p].[UpdatedAt]
FROM [SupportRequests] AS [s]
INNER JOIN [Prisoners] AS [p] ON [s].[PrisonerId] = [p].[PrisonerId]
WHERE [s].[UserId] = @userId
ORDER BY [s].[CreatedAt] DESC
2026-03-17 11:29:41.678 +05:30 [INF] Executing ViewResult, running view MyRequests.
2026-03-17 11:29:41.687 +05:30 [INF] Executed ViewResult - view MyRequests executed in 9.018ms.
2026-03-17 11:29:41.701 +05:30 [INF] Executed action PrisonerPortal.Controllers.FamilyController.MyRequests (PrisonerPortal) in 109.2303ms
2026-03-17 11:29:41.718 +05:30 [INF] Executed endpoint 'PrisonerPortal.Controllers.FamilyController.MyRequests (PrisonerPortal)'
2026-03-17 11:29:41.732 +05:30 [INF] Request finished HTTP/1.1 GET http://localhost:5050/Family/MyRequests - 200 null text/html; charset=utf-8 186.3166ms
2026-03-17 11:29:41.781 +05:30 [INF] Request starting HTTP/1.1 GET http://localhost:5050/Notifications/GetUnreadCount - null null
2026-03-17 11:29:41.804 +05:30 [INF] Executing endpoint 'PrisonerPortal.Controllers.NotificationsController.GetUnreadCount (PrisonerPortal)'
2026-03-17 11:29:41.812 +05:30 [INF] Route matched with {action = "GetUnreadCount", controller = "Notifications"}. Executing controller action with signature Microsoft.AspNetCore.Mvc.IActionResult GetUnreadCount() on controller PrisonerPortal.Controllers.NotificationsController (PrisonerPortal).
2026-03-17 11:29:41.841 +05:30 [INF] Executed DbCommand (12ms) [Parameters=[@userId='?' (Size = 450)], CommandType='"Text"', CommandTimeout='30']
SELECT COUNT(*)
FROM [Notifications] AS [n]
WHERE [n].[UserId] = @userId AND [n].[IsRead] = CAST(0 AS bit)
2026-03-17 11:29:41.858 +05:30 [INF] Executing JsonResult, writing value of type '<>f__AnonymousType1`1[[System.Int32, System.Private.CoreLib, Version=10.0.0.0, Culture=neutral, PublicKeyToken=7cec85d7bea7798e]]'.
2026-03-17 11:29:41.866 +05:30 [INF] Executed action PrisonerPortal.Controllers.NotificationsController.GetUnreadCount (PrisonerPortal) in 39.8184ms
2026-03-17 11:29:41.880 +05:30 [INF] Executed endpoint 'PrisonerPortal.Controllers.NotificationsController.GetUnreadCount (PrisonerPortal)'
2026-03-17 11:29:41.893 +05:30 [INF] Request finished HTTP/1.1 GET http://localhost:5050/Notifications/GetUnreadCount - 200 null application/json; charset=utf-8 112.4704ms
2026-03-17 11:29:47.079 +05:30 [INF] Request starting HTTP/1.1 GET http://localhost:5050/Notifications/GetUnreadCount - null null
2026-03-17 11:29:47.090 +05:30 [INF] Executing endpoint 'PrisonerPortal.Controllers.NotificationsController.GetUnreadCount (PrisonerPortal)'
2026-03-17 11:29:47.095 +05:30 [INF] Route matched with {action = "GetUnreadCount", controller = "Notifications"}. Executing controller action with signature Microsoft.AspNetCore.Mvc.IActionResult GetUnreadCount() on controller PrisonerPortal.Controllers.NotificationsController (PrisonerPortal).
2026-03-17 11:29:47.109 +05:30 [INF] Executed DbCommand (2ms) [Parameters=[@userId='?' (Size = 450)], CommandType='"Text"', CommandTimeout='30']
SELECT COUNT(*)
FROM [Notifications] AS [n]
WHERE [n].[UserId] = @userId AND [n].[IsRead] = CAST(0 AS bit)
2026-03-17 11:29:47.128 +05:30 [INF] Executing JsonResult, writing value of type '<>f__AnonymousType1`1[[System.Int32, System.Private.CoreLib, Version=10.0.0.0, Culture=neutral, PublicKeyToken=7cec85d7bea7798e]]'.
2026-03-17 11:29:47.133 +05:30 [INF] Executed action PrisonerPortal.Controllers.NotificationsController.GetUnreadCount (PrisonerPortal) in 29.2807ms
2026-03-17 11:29:47.145 +05:30 [INF] Executed endpoint 'PrisonerPortal.Controllers.NotificationsController.GetUnreadCount (PrisonerPortal)'
2026-03-17 11:29:47.156 +05:30 [INF] Request finished HTTP/1.1 GET http://localhost:5050/Notifications/GetUnreadCount - 200 null application/json; charset=utf-8 76.5737ms
2026-03-17 11:30:12.068 +05:30 [INF] Request starting HTTP/1.1 GET http://localhost:5050/Notifications/GetUnreadCount - null null
2026-03-17 11:30:12.090 +05:30 [INF] Executing endpoint 'PrisonerPortal.Controllers.NotificationsController.GetUnreadCount (PrisonerPortal)'
2026-03-17 11:30:12.101 +05:30 [INF] Route matched with {action = "GetUnreadCount", controller = "Notifications"}. Executing controller action with signature Microsoft.AspNetCore.Mvc.IActionResult GetUnreadCount() on controller PrisonerPortal.Controllers.NotificationsController (PrisonerPortal).
2026-03-17 11:30:12.148 +05:30 [INF] Executed DbCommand (29ms) [Parameters=[@userId='?' (Size = 450)], CommandType='"Text"', CommandTimeout='30']
SELECT COUNT(*)
FROM [Notifications] AS [n]
WHERE [n].[UserId] = @userId AND [n].[IsRead] = CAST(0 AS bit)
2026-03-17 11:30:12.167 +05:30 [INF] Executing JsonResult, writing value of type '<>f__AnonymousType1`1[[System.Int32, System.Private.CoreLib, Version=10.0.0.0, Culture=neutral, PublicKeyToken=7cec85d7bea7798e]]'.
2026-03-17 11:30:12.178 +05:30 [INF] Executed action PrisonerPortal.Controllers.NotificationsController.GetUnreadCount (PrisonerPortal) in 60.1635ms
2026-03-17 11:30:12.191 +05:30 [INF] Executed endpoint 'PrisonerPortal.Controllers.NotificationsController.GetUnreadCount (PrisonerPortal)'
2026-03-17 11:30:12.201 +05:30 [INF] Request finished HTTP/1.1 GET http://localhost:5050/Notifications/GetUnreadCount - 200 null application/json; charset=utf-8 133.1401ms
2026-03-17 11:30:17.077 +05:30 [INF] Request starting HTTP/1.1 GET http://localhost:5050/Notifications/GetUnreadCount - null null
2026-03-17 11:30:17.103 +05:30 [INF] Executing endpoint 'PrisonerPortal.Controllers.NotificationsController.GetUnreadCount (PrisonerPortal)'
2026-03-17 11:30:17.110 +05:30 [INF] Route matched with {action = "GetUnreadCount", controller = "Notifications"}. Executing controller action with signature Microsoft.AspNetCore.Mvc.IActionResult GetUnreadCount() on controller PrisonerPortal.Controllers.NotificationsController (PrisonerPortal).
2026-03-17 11:30:17.138 +05:30 [INF] Executed DbCommand (2ms) [Parameters=[@userId='?' (Size = 450)], CommandType='"Text"', CommandTimeout='30']
SELECT COUNT(*)
FROM [Notifications] AS [n]
WHERE [n].[UserId] = @userId AND [n].[IsRead] = CAST(0 AS bit)
2026-03-17 11:30:17.164 +05:30 [INF] Executing JsonResult, writing value of type '<>f__AnonymousType1`1[[System.Int32, System.Private.CoreLib, Version=10.0.0.0, Culture=neutral, PublicKeyToken=7cec85d7bea7798e]]'.
2026-03-17 11:30:17.178 +05:30 [INF] Executed action PrisonerPortal.Controllers.NotificationsController.GetUnreadCount (PrisonerPortal) in 42.8729ms
2026-03-17 11:30:17.189 +05:30 [INF] Executed endpoint 'PrisonerPortal.Controllers.NotificationsController.GetUnreadCount (PrisonerPortal)'
2026-03-17 11:30:17.200 +05:30 [INF] Request finished HTTP/1.1 GET http://localhost:5050/Notifications/GetUnreadCount - 200 null application/json; charset=utf-8 123.0124ms
